relation_id,source_node_id,source_node_type,target_node_id,target_node_type,relation_type,description,target_citation,check_source_node,check_target_node,check_relation_type,check_evidence_source,review_status,corrected_field,original_value,corrected_value,reviewer_id,review_date,reason,notes
REL_00001,SHL_SONGBEN_0001,clause,SHL_SONGBEN_0002,clause,sequence,同篇相鄰條文（並列/遞進語境）,,,,,,,,,,,,,
REL_00002,SHL_SONGBEN_0002,clause,SHL_SONGBEN_0003,clause,sequence,同篇相鄰條文（並列/遞進語境）,,,,,,,,,,,,,
REL_00003,SHL_SONGBEN_0003,clause,SHL_SONGBEN_0004,clause,sequence,同篇相鄰條文（並列/遞進語境）,,,,,,,,,,,,,
REL_00004,SHL_SONGBEN_0004,clause,SHL_SONGBEN_0005,clause,sequence,同篇相鄰條文（並列/遞進語境）,,,,,,,,,,,,,
REL_00005,SHL_SONGBEN_0005,clause,SHL_SONGBEN_0006,clause,sequence,同篇相鄰條文（並列/遞進語境）,,,,,,,,,,,,,
REL_00006,SHL_SONGBEN_0006,clause,SHL_SONGBEN_0007,clause,sequence,同篇相鄰條文（並列/遞進語境）,,,,,,,,,,,,,
REL_00007,SHL_SONGBEN_0007,clause,SHL_SONGBEN_0008,clause,sequence,同篇相鄰條文（並列/遞進語境）,,,,,,,,,,,,,
REL_00008,SHL_SONGBEN_0008,clause,SHL_SONGBEN_0009,clause,sequence,同篇相鄰條文（並列/遞進語境）,,,,,,,,,,,,,
REL_00009,SHL_SONGBEN_0009,clause,SHL_SONGBEN_0010,clause,sequence,同篇相鄰條文（並列/遞進語境）,,,,,,,,,,,,,
REL_00010,SHL_SONGBEN_0010,clause,SHL_SONGBEN_0011,clause,sequence,同篇相鄰條文（並列/遞進語境）,,,,,,,,,,,,,
REL_00011,SHL_SONGBEN_0011,clause,SHL_SONGBEN_0012,clause,sequence,同篇相鄰條文（並列/遞進語境）,,,,,,,,,,,,,
REL_00012,SHL_SONGBEN_0012,clause,SHL_SONGBEN_0013,clause,sequence,同篇相鄰條文（並列/遞進語境）,,,,,,,,,,,,,
REL_00013,SHL_SONGBEN_0013,clause,SHL_SONGBEN_0014,clause,sequence,同篇相鄰條文（並列/遞進語境）,,,,,,,,,,,,,
REL_00014,SHL_SONGBEN_0014,clause,SHL_SONGBEN_0015,clause,sequence,同篇相鄰條文（並列/遞進語境）,,,,,,,,,,,,,
REL_00015,SHL_SONGBEN_0015,clause,SHL_SONGBEN_0016,clause,sequence,同篇相鄰條文（並列/遞進語境）,,,,,,,,,,,,,
REL_00016,SHL_SONGBEN_0016,clause,SHL_SONGBEN_0017,clause,sequence,同篇相鄰條文（並列/遞進語境）,,,,,,,,,,,,,
REL_00017,SHL_SONGBEN_0017,clause,SHL_SONGBEN_0018,clause,sequence,同篇相鄰條文（並列/遞進語境）,,,,,,,,,,,,,
REL_00018,SHL_SONGBEN_0018,clause,SHL_SONGBEN_0019,clause,sequence,同篇相鄰條文（並列/遞進語境）,,,,,,,,,,,,,
REL_00019,SHL_SONGBEN_0019,clause,SHL_SONGBEN_0020,clause,sequence,同篇相鄰條文（並列/遞進語境）,,,,,,,,,,,,,
REL_00020,SHL_SONGBEN_0020,clause,SHL_SONGBEN_0021,clause,sequence,同篇相鄰條文（並列/遞進語境）,,,,,,,,,,,,,
REL_00021,SHL_SONGBEN_0021,clause,SHL_SONGBEN_0022,clause,sequence,同篇相鄰條文（並列/遞進語境）,,,,,,,,,,,,,
REL_00022,SHL_SONGBEN_0022,clause,SHL_SONGBEN_0023,clause,sequence,同篇相鄰條文（並列/遞進語境）,,,,,,,,,,,,,
REL_00023,SHL_SONGBEN_0023,clause,SHL_SONGBEN_0024,clause,sequence,同篇相鄰條文（並列/遞進語境）,,,,,,,,,,,,,
REL_00024,SHL_SONGBEN_0024,clause,SHL_SONGBEN_0025,clause,sequence,同篇相鄰條文（並列/遞進語境）,,,,,,,,,,,,,
REL_00025,SHL_SONGBEN_0025,clause,SHL_SONGBEN_0026,clause,sequence,同篇相鄰條文（並列/遞進語境）,,,,,,,,,,,,,
REL_00026,SHL_SONGBEN_0026,clause,SHL_SONGBEN_0027,clause,sequence,同篇相鄰條文（並列/遞進語境）,,,,,,,,,,,,,
REL_00027,SHL_SONGBEN_0027,clause,SHL_SONGBEN_0028,clause,sequence,同篇相鄰條文（並列/遞進語境）,,,,,,,,,,,,,
REL_00028,SHL_SONGBEN_0028,clause,SHL_SONGBEN_0029,clause,sequence,同篇相鄰條文（並列/遞進語境）,,,,,,,,,,,,,
REL_00029,SHL_SONGBEN_0029,clause,SHL_SONGBEN_0030,clause,sequence,同篇相鄰條文（並列/遞進語境）,,,,,,,,,,,,,
REL_00030,SHL_SONGBEN_0031,clause,SHL_SONGBEN_0032,clause,sequence,同篇相鄰條文（並列/遞進語境）,,,,,,,,,,,,,
REL_00031,SHL_SONGBEN_0032,clause,SHL_SONGBEN_0033,clause,sequence,同篇相鄰條文（並列/遞進語境）,,,,,,,,,,,,,
REL_00032,SHL_SONGBEN_0033,clause,SHL_SONGBEN_0034,clause,sequence,同篇相鄰條文（並列/遞進語境）,,,,,,,,,,,,,
REL_00033,SHL_SONGBEN_0034,clause,SHL_SONGBEN_0035,clause,sequence,同篇相鄰條文（並列/遞進語境）,,,,,,,,,,,,,
REL_00034,SHL_SONGBEN_0035,clause,SHL_SONGBEN_0036,clause,sequence,同篇相鄰條文（並列/遞進語境）,,,,,,,,,,,,,
REL_00035,SHL_SONGBEN_0036,clause,SHL_SONGBEN_0037,clause,sequence,同篇相鄰條文（並列/遞進語境）,,,,,,,,,,,,,
REL_00036,SHL_SONGBEN_0037,clause,SHL_SONGBEN_0038,clause,sequence,同篇相鄰條文（並列/遞進語境）,,,,,,,,,,,,,
REL_00037,SHL_SONGBEN_0038,clause,SHL_SONGBEN_0039,clause,sequence,同篇相鄰條文（並列/遞進語境）,,,,,,,,,,,,,
REL_00038,SHL_SONGBEN_0039,clause,SHL_SONGBEN_0040,clause,sequence,同篇相鄰條文（並列/遞進語境）,,,,,,,,,,,,,
REL_00039,SHL_SONGBEN_0040,clause,SHL_SONGBEN_0041,clause,sequence,同篇相鄰條文（並列/遞進語境）,,,,,,,,,,,,,
REL_00040,SHL_SONGBEN_0041,clause,SHL_SONGBEN_0042,clause,sequence,同篇相鄰條文（並列/遞進語境）,,,,,,,,,,,,,
REL_00041,SHL_SONGBEN_0042,clause,SHL_SONGBEN_0043,clause,sequence,同篇相鄰條文（並列/遞進語境）,,,,,,,,,,,,,
REL_00042,SHL_SONGBEN_0043,clause,SHL_SONGBEN_0044,clause,sequence,同篇相鄰條文（並列/遞進語境）,,,,,,,,,,,,,
REL_00043,SHL_SONGBEN_0044,clause,SHL_SONGBEN_0045,clause,sequence,同篇相鄰條文（並列/遞進語境）,,,,,,,,,,,,,
REL_00044,SHL_SONGBEN_0045,clause,SHL_SONGBEN_0046,clause,sequence,同篇相鄰條文（並列/遞進語境）,,,,,,,,,,,,,
REL_00045,SHL_SONGBEN_0046,clause,SHL_SONGBEN_0047,clause,sequence,同篇相鄰條文（並列/遞進語境）,,,,,,,,,,,,,
REL_00046,SHL_SONGBEN_0047,clause,SHL_SONGBEN_0048,clause,sequence,同篇相鄰條文（並列/遞進語境）,,,,,,,,,,,,,
REL_00047,SHL_SONGBEN_0048,clause,SHL_SONGBEN_0049,clause,sequence,同篇相鄰條文（並列/遞進語境）,,,,,,,,,,,,,
REL_00048,SHL_SONGBEN_0049,clause,SHL_SONGBEN_0050,clause,sequence,同篇相鄰條文（並列/遞進語境）,,,,,,,,,,,,,
REL_00049,SHL_SONGBEN_0050,clause,SHL_SONGBEN_0051,clause,sequence,同篇相鄰條文（並列/遞進語境）,,,,,,,,,,,,,
REL_00050,SHL_SONGBEN_0051,clause,SHL_SONGBEN_0052,clause,sequence,同篇相鄰條文（並列/遞進語境）,,,,,,,,,,,,,
REL_00051,SHL_SONGBEN_0052,clause,SHL_SONGBEN_0053,clause,sequence,同篇相鄰條文（並列/遞進語境）,,,,,,,,,,,,,
REL_00052,SHL_SONGBEN_0053,clause,SHL_SONGBEN_0054,clause,sequence,同篇相鄰條文（並列/遞進語境）,,,,,,,,,,,,,
REL_00053,SHL_SONGBEN_0054,clause,SHL_SONGBEN_0055,clause,sequence,同篇相鄰條文（並列/遞進語境）,,,,,,,,,,,,,
REL_00054,SHL_SONGBEN_0055,clause,SHL_SONGBEN_0056,clause,sequence,同篇相鄰條文（並列/遞進語境）,,,,,,,,,,,,,
REL_00055,SHL_SONGBEN_0056,clause,SHL_SONGBEN_0057,clause,sequence,同篇相鄰條文（並列/遞進語境）,,,,,,,,,,,,,
REL_00056,SHL_SONGBEN_0057,clause,SHL_SONGBEN_0058,clause,sequence,同篇相鄰條文（並列/遞進語境）,,,,,,,,,,,,,
REL_00057,SHL_SONGBEN_0058,clause,SHL_SONGBEN_0059,clause,sequence,同篇相鄰條文（並列/遞進語境）,,,,,,,,,,,,,
REL_00058,SHL_SONGBEN_0059,clause,SHL_SONGBEN_0060,clause,sequence,同篇相鄰條文（並列/遞進語境）,,,,,,,,,,,,,
REL_00059,SHL_SONGBEN_0060,clause,SHL_SONGBEN_0061,clause,sequence,同篇相鄰條文（並列/遞進語境）,,,,,,,,,,,,,
REL_00060,SHL_SONGBEN_0061,clause,SHL_SONGBEN_0062,clause,sequence,同篇相鄰條文（並列/遞進語境）,,,,,,,,,,,,,
REL_00061,SHL_SONGBEN_0062,clause,SHL_SONGBEN_0063,clause,sequence,同篇相鄰條文（並列/遞進語境）,,,,,,,,,,,,,
REL_00062,SHL_SONGBEN_0063,clause,SHL_SONGBEN_0064,clause,sequence,同篇相鄰條文（並列/遞進語境）,,,,,,,,,,,,,
REL_00063,SHL_SONGBEN_0064,clause,SHL_SONGBEN_0065,clause,sequence,同篇相鄰條文（並列/遞進語境）,,,,,,,,,,,,,
REL_00064,SHL_SONGBEN_0065,clause,SHL_SONGBEN_0066,clause,sequence,同篇相鄰條文（並列/遞進語境）,,,,,,,,,,,,,
REL_00065,SHL_SONGBEN_0066,clause,SHL_SONGBEN_0067,clause,sequence,同篇相鄰條文（並列/遞進語境）,,,,,,,,,,,,,
REL_00066,SHL_SONGBEN_0067,clause,SHL_SONGBEN_0068,clause,sequence,同篇相鄰條文（並列/遞進語境）,,,,,,,,,,,,,
REL_00067,SHL_SONGBEN_0068,clause,SHL_SONGBEN_0069,clause,sequence,同篇相鄰條文（並列/遞進語境）,,,,,,,,,,,,,
REL_00068,SHL_SONGBEN_0069,clause,SHL_SONGBEN_0070,clause,sequence,同篇相鄰條文（並列/遞進語境）,,,,,,,,,,,,,
REL_00069,SHL_SONGBEN_0070,clause,SHL_SONGBEN_0071,clause,sequence,同篇相鄰條文（並列/遞進語境）,,,,,,,,,,,,,
REL_00070,SHL_SONGBEN_0071,clause,SHL_SONGBEN_0072,clause,sequence,同篇相鄰條文（並列/遞進語境）,,,,,,,,,,,,,
REL_00071,SHL_SONGBEN_0072,clause,SHL_SONGBEN_0073,clause,sequence,同篇相鄰條文（並列/遞進語境）,,,,,,,,,,,,,
REL_00072,SHL_SONGBEN_0073,clause,SHL_SONGBEN_0074,clause,sequence,同篇相鄰條文（並列/遞進語境）,,,,,,,,,,,,,
REL_00073,SHL_SONGBEN_0074,clause,SHL_SONGBEN_0075,clause,sequence,同篇相鄰條文（並列/遞進語境）,,,,,,,,,,,,,
REL_00074,SHL_SONGBEN_0075,clause,SHL_SONGBEN_0076,clause,sequence,同篇相鄰條文（並列/遞進語境）,,,,,,,,,,,,,
REL_00075,SHL_SONGBEN_0076,clause,SHL_SONGBEN_0077,clause,sequence,同篇相鄰條文（並列/遞進語境）,,,,,,,,,,,,,
REL_00076,SHL_SONGBEN_0077,clause,SHL_SONGBEN_0078,clause,sequence,同篇相鄰條文（並列/遞進語境）,,,,,,,,,,,,,
REL_00077,SHL_SONGBEN_0078,clause,SHL_SONGBEN_0079,clause,sequence,同篇相鄰條文（並列/遞進語境）,,,,,,,,,,,,,
REL_00078,SHL_SONGBEN_0079,clause,SHL_SONGBEN_0080,clause,sequence,同篇相鄰條文（並列/遞進語境）,,,,,,,,,,,,,
REL_00079,SHL_SONGBEN_0080,clause,SHL_SONGBEN_0081,clause,sequence,同篇相鄰條文（並列/遞進語境）,,,,,,,,,,,,,
REL_00080,SHL_SONGBEN_0081,clause,SHL_SONGBEN_0082,clause,sequence,同篇相鄰條文（並列/遞進語境）,,,,,,,,,,,,,
REL_00081,SHL_SONGBEN_0082,clause,SHL_SONGBEN_0083,clause,sequence,同篇相鄰條文（並列/遞進語境）,,,,,,,,,,,,,
REL_00082,SHL_SONGBEN_0083,clause,SHL_SONGBEN_0084,clause,sequence,同篇相鄰條文（並列/遞進語境）,,,,,,,,,,,,,
REL_00083,SHL_SONGBEN_0084,clause,SHL_SONGBEN_0085,clause,sequence,同篇相鄰條文（並列/遞進語境）,,,,,,,,,,,,,
REL_00084,SHL_SONGBEN_0085,clause,SHL_SONGBEN_0086,clause,sequence,同篇相鄰條文（並列/遞進語境）,,,,,,,,,,,,,
REL_00085,SHL_SONGBEN_0086,clause,SHL_SONGBEN_0087,clause,sequence,同篇相鄰條文（並列/遞進語境）,,,,,,,,,,,,,
REL_00086,SHL_SONGBEN_0087,clause,SHL_SONGBEN_0088,clause,sequence,同篇相鄰條文（並列/遞進語境）,,,,,,,,,,,,,
REL_00087,SHL_SONGBEN_0088,clause,SHL_SONGBEN_0089,clause,sequence,同篇相鄰條文（並列/遞進語境）,,,,,,,,,,,,,
REL_00088,SHL_SONGBEN_0089,clause,SHL_SONGBEN_0090,clause,sequence,同篇相鄰條文（並列/遞進語境）,,,,,,,,,,,,,
REL_00089,SHL_SONGBEN_0090,clause,SHL_SONGBEN_0091,clause,sequence,同篇相鄰條文（並列/遞進語境）,,,,,,,,,,,,,
REL_00090,SHL_SONGBEN_0091,clause,SHL_SONGBEN_0092,clause,sequence,同篇相鄰條文（並列/遞進語境）,,,,,,,,,,,,,
REL_00091,SHL_SONGBEN_0092,clause,SHL_SONGBEN_0093,clause,sequence,同篇相鄰條文（並列/遞進語境）,,,,,,,,,,,,,
REL_00092,SHL_SONGBEN_0093,clause,SHL_SONGBEN_0094,clause,sequence,同篇相鄰條文（並列/遞進語境）,,,,,,,,,,,,,
REL_00093,SHL_SONGBEN_0094,clause,SHL_SONGBEN_0095,clause,sequence,同篇相鄰條文（並列/遞進語境）,,,,,,,,,,,,,
REL_00094,SHL_SONGBEN_0095,clause,SHL_SONGBEN_0096,clause,sequence,同篇相鄰條文（並列/遞進語境）,,,,,,,,,,,,,
REL_00095,SHL_SONGBEN_0096,clause,SHL_SONGBEN_0097,clause,sequence,同篇相鄰條文（並列/遞進語境）,,,,,,,,,,,,,
REL_00096,SHL_SONGBEN_0097,clause,SHL_SONGBEN_0098,clause,sequence,同篇相鄰條文（並列/遞進語境）,,,,,,,,,,,,,
REL_00097,SHL_SONGBEN_0098,clause,SHL_SONGBEN_0099,clause,sequence,同篇相鄰條文（並列/遞進語境）,,,,,,,,,,,,,
REL_00098,SHL_SONGBEN_0099,clause,SHL_SONGBEN_0100,clause,sequence,同篇相鄰條文（並列/遞進語境）,,,,,,,,,,,,,
REL_00099,SHL_SONGBEN_0100,clause,SHL_SONGBEN_0101,clause,sequence,同篇相鄰條文（並列/遞進語境）,,,,,,,,,,,,,
REL_00100,SHL_SONGBEN_0101,clause,SHL_SONGBEN_0102,clause,sequence,同篇相鄰條文（並列/遞進語境）,,,,,,,,,,,,,
REL_00101,SHL_SONGBEN_0102,clause,SHL_SONGBEN_0103,clause,sequence,同篇相鄰條文（並列/遞進語境）,,,,,,,,,,,,,
REL_00102,SHL_SONGBEN_0103,clause,SHL_SONGBEN_0104,clause,sequence,同篇相鄰條文（並列/遞進語境）,,,,,,,,,,,,,
REL_00103,SHL_SONGBEN_0104,clause,SHL_SONGBEN_0105,clause,sequence,同篇相鄰條文（並列/遞進語境）,,,,,,,,,,,,,
REL_00104,SHL_SONGBEN_0105,clause,SHL_SONGBEN_0106,clause,sequence,同篇相鄰條文（並列/遞進語境）,,,,,,,,,,,,,
REL_00105,SHL_SONGBEN_0106,clause,SHL_SONGBEN_0107,clause,sequence,同篇相鄰條文（並列/遞進語境）,,,,,,,,,,,,,
REL_00106,SHL_SONGBEN_0107,clause,SHL_SONGBEN_0108,clause,sequence,同篇相鄰條文（並列/遞進語境）,,,,,,,,,,,,,
REL_00107,SHL_SONGBEN_0108,clause,SHL_SONGBEN_0109,clause,sequence,同篇相鄰條文（並列/遞進語境）,,,,,,,,,,,,,
REL_00108,SHL_SONGBEN_0109,clause,SHL_SONGBEN_0110,clause,sequence,同篇相鄰條文（並列/遞進語境）,,,,,,,,,,,,,
REL_00109,SHL_SONGBEN_0110,clause,SHL_SONGBEN_0111,clause,sequence,同篇相鄰條文（並列/遞進語境）,,,,,,,,,,,,,
REL_00110,SHL_SONGBEN_0111,clause,SHL_SONGBEN_0112,clause,sequence,同篇相鄰條文（並列/遞進語境）,,,,,,,,,,,,,
REL_00111,SHL_SONGBEN_0112,clause,SHL_SONGBEN_0113,clause,sequence,同篇相鄰條文（並列/遞進語境）,,,,,,,,,,,,,
REL_00112,SHL_SONGBEN_0113,clause,SHL_SONGBEN_0114,clause,sequence,同篇相鄰條文（並列/遞進語境）,,,,,,,,,,,,,
REL_00113,SHL_SONGBEN_0114,clause,SHL_SONGBEN_0115,clause,sequence,同篇相鄰條文（並列/遞進語境）,,,,,,,,,,,,,
REL_00114,SHL_SONGBEN_0115,clause,SHL_SONGBEN_0116,clause,sequence,同篇相鄰條文（並列/遞進語境）,,,,,,,,,,,,,
REL_00115,SHL_SONGBEN_0116,clause,SHL_SONGBEN_0117,clause,sequence,同篇相鄰條文（並列/遞進語境）,,,,,,,,,,,,,
REL_00116,SHL_SONGBEN_0117,clause,SHL_SONGBEN_0118,clause,sequence,同篇相鄰條文（並列/遞進語境）,,,,,,,,,,,,,
REL_00117,SHL_SONGBEN_0118,clause,SHL_SONGBEN_0119,clause,sequence,同篇相鄰條文（並列/遞進語境）,,,,,,,,,,,,,
REL_00118,SHL_SONGBEN_0119,clause,SHL_SONGBEN_0120,clause,sequence,同篇相鄰條文（並列/遞進語境）,,,,,,,,,,,,,
REL_00119,SHL_SONGBEN_0120,clause,SHL_SONGBEN_0121,clause,sequence,同篇相鄰條文（並列/遞進語境）,,,,,,,,,,,,,
REL_00120,SHL_SONGBEN_0121,clause,SHL_SONGBEN_0122,clause,sequence,同篇相鄰條文（並列/遞進語境）,,,,,,,,,,,,,
REL_00121,SHL_SONGBEN_0122,clause,SHL_SONGBEN_0123,clause,sequence,同篇相鄰條文（並列/遞進語境）,,,,,,,,,,,,,
REL_00122,SHL_SONGBEN_0123,clause,SHL_SONGBEN_0124,clause,sequence,同篇相鄰條文（並列/遞進語境）,,,,,,,,,,,,,
REL_00123,SHL_SONGBEN_0124,clause,SHL_SONGBEN_0125,clause,sequence,同篇相鄰條文（並列/遞進語境）,,,,,,,,,,,,,
REL_00124,SHL_SONGBEN_0125,clause,SHL_SONGBEN_0126,clause,sequence,同篇相鄰條文（並列/遞進語境）,,,,,,,,,,,,,
REL_00125,SHL_SONGBEN_0126,clause,SHL_SONGBEN_0127,clause,sequence,同篇相鄰條文（並列/遞進語境）,,,,,,,,,,,,,
REL_00126,SHL_SONGBEN_0128,clause,SHL_SONGBEN_0129,clause,sequence,同篇相鄰條文（並列/遞進語境）,,,,,,,,,,,,,
REL_00127,SHL_SONGBEN_0129,clause,SHL_SONGBEN_0130,clause,sequence,同篇相鄰條文（並列/遞進語境）,,,,,,,,,,,,,
REL_00128,SHL_SONGBEN_0130,clause,SHL_SONGBEN_0131,clause,sequence,同篇相鄰條文（並列/遞進語境）,,,,,,,,,,,,,
REL_00129,SHL_SONGBEN_0131,clause,SHL_SONGBEN_0132,clause,sequence,同篇相鄰條文（並列/遞進語境）,,,,,,,,,,,,,
REL_00130,SHL_SONGBEN_0132,clause,SHL_SONGBEN_0133,clause,sequence,同篇相鄰條文（並列/遞進語境）,,,,,,,,,,,,,
REL_00131,SHL_SONGBEN_0133,clause,SHL_SONGBEN_0134,clause,sequence,同篇相鄰條文（並列/遞進語境）,,,,,,,,,,,,,
REL_00132,SHL_SONGBEN_0134,clause,SHL_SONGBEN_0135,clause,sequence,同篇相鄰條文（並列/遞進語境）,,,,,,,,,,,,,
REL_00133,SHL_SONGBEN_0135,clause,SHL_SONGBEN_0136,clause,sequence,同篇相鄰條文（並列/遞進語境）,,,,,,,,,,,,,
REL_00134,SHL_SONGBEN_0136,clause,SHL_SONGBEN_0137,clause,sequence,同篇相鄰條文（並列/遞進語境）,,,,,,,,,,,,,
REL_00135,SHL_SONGBEN_0137,clause,SHL_SONGBEN_0138,clause,sequence,同篇相鄰條文（並列/遞進語境）,,,,,,,,,,,,,
REL_00136,SHL_SONGBEN_0138,clause,SHL_SONGBEN_0139,clause,sequence,同篇相鄰條文（並列/遞進語境）,,,,,,,,,,,,,
REL_00137,SHL_SONGBEN_0139,clause,SHL_SONGBEN_0140,clause,sequence,同篇相鄰條文（並列/遞進語境）,,,,,,,,,,,,,
REL_00138,SHL_SONGBEN_0140,clause,SHL_SONGBEN_0141,clause,sequence,同篇相鄰條文（並列/遞進語境）,,,,,,,,,,,,,
REL_00139,SHL_SONGBEN_0141,clause,SHL_SONGBEN_0142,clause,sequence,同篇相鄰條文（並列/遞進語境）,,,,,,,,,,,,,
REL_00140,SHL_SONGBEN_0142,clause,SHL_SONGBEN_0143,clause,sequence,同篇相鄰條文（並列/遞進語境）,,,,,,,,,,,,,
REL_00141,SHL_SONGBEN_0143,clause,SHL_SONGBEN_0144,clause,sequence,同篇相鄰條文（並列/遞進語境）,,,,,,,,,,,,,
REL_00142,SHL_SONGBEN_0144,clause,SHL_SONGBEN_0145,clause,sequence,同篇相鄰條文（並列/遞進語境）,,,,,,,,,,,,,
REL_00143,SHL_SONGBEN_0145,clause,SHL_SONGBEN_0146,clause,sequence,同篇相鄰條文（並列/遞進語境）,,,,,,,,,,,,,
REL_00144,SHL_SONGBEN_0146,clause,SHL_SONGBEN_0147,clause,sequence,同篇相鄰條文（並列/遞進語境）,,,,,,,,,,,,,
REL_00145,SHL_SONGBEN_0147,clause,SHL_SONGBEN_0148,clause,sequence,同篇相鄰條文（並列/遞進語境）,,,,,,,,,,,,,
REL_00146,SHL_SONGBEN_0148,clause,SHL_SONGBEN_0149,clause,sequence,同篇相鄰條文（並列/遞進語境）,,,,,,,,,,,,,
REL_00147,SHL_SONGBEN_0149,clause,SHL_SONGBEN_0150,clause,sequence,同篇相鄰條文（並列/遞進語境）,,,,,,,,,,,,,
REL_00148,SHL_SONGBEN_0150,clause,SHL_SONGBEN_0151,clause,sequence,同篇相鄰條文（並列/遞進語境）,,,,,,,,,,,,,
REL_00149,SHL_SONGBEN_0151,clause,SHL_SONGBEN_0152,clause,sequence,同篇相鄰條文（並列/遞進語境）,,,,,,,,,,,,,
REL_00150,SHL_SONGBEN_0152,clause,SHL_SONGBEN_0153,clause,sequence,同篇相鄰條文（並列/遞進語境）,,,,,,,,,,,,,
REL_00151,SHL_SONGBEN_0153,clause,SHL_SONGBEN_0154,clause,sequence,同篇相鄰條文（並列/遞進語境）,,,,,,,,,,,,,
REL_00152,SHL_SONGBEN_0154,clause,SHL_SONGBEN_0155,clause,sequence,同篇相鄰條文（並列/遞進語境）,,,,,,,,,,,,,
REL_00153,SHL_SONGBEN_0155,clause,SHL_SONGBEN_0156,clause,sequence,同篇相鄰條文（並列/遞進語境）,,,,,,,,,,,,,
REL_00154,SHL_SONGBEN_0156,clause,SHL_SONGBEN_0157,clause,sequence,同篇相鄰條文（並列/遞進語境）,,,,,,,,,,,,,
REL_00155,SHL_SONGBEN_0157,clause,SHL_SONGBEN_0158,clause,sequence,同篇相鄰條文（並列/遞進語境）,,,,,,,,,,,,,
REL_00156,SHL_SONGBEN_0158,clause,SHL_SONGBEN_0159,clause,sequence,同篇相鄰條文（並列/遞進語境）,,,,,,,,,,,,,
REL_00157,SHL_SONGBEN_0159,clause,SHL_SONGBEN_0160,clause,sequence,同篇相鄰條文（並列/遞進語境）,,,,,,,,,,,,,
REL_00158,SHL_SONGBEN_0160,clause,SHL_SONGBEN_0161,clause,sequence,同篇相鄰條文（並列/遞進語境）,,,,,,,,,,,,,
REL_00159,SHL_SONGBEN_0161,clause,SHL_SONGBEN_0162,clause,sequence,同篇相鄰條文（並列/遞進語境）,,,,,,,,,,,,,
REL_00160,SHL_SONGBEN_0162,clause,SHL_SONGBEN_0163,clause,sequence,同篇相鄰條文（並列/遞進語境）,,,,,,,,,,,,,
REL_00161,SHL_SONGBEN_0163,clause,SHL_SONGBEN_0164,clause,sequence,同篇相鄰條文（並列/遞進語境）,,,,,,,,,,,,,
REL_00162,SHL_SONGBEN_0164,clause,SHL_SONGBEN_0165,clause,sequence,同篇相鄰條文（並列/遞進語境）,,,,,,,,,,,,,
REL_00163,SHL_SONGBEN_0165,clause,SHL_SONGBEN_0166,clause,sequence,同篇相鄰條文（並列/遞進語境）,,,,,,,,,,,,,
REL_00164,SHL_SONGBEN_0166,clause,SHL_SONGBEN_0167,clause,sequence,同篇相鄰條文（並列/遞進語境）,,,,,,,,,,,,,
REL_00165,SHL_SONGBEN_0167,clause,SHL_SONGBEN_0168,clause,sequence,同篇相鄰條文（並列/遞進語境）,,,,,,,,,,,,,
REL_00166,SHL_SONGBEN_0168,clause,SHL_SONGBEN_0169,clause,sequence,同篇相鄰條文（並列/遞進語境）,,,,,,,,,,,,,
REL_00167,SHL_SONGBEN_0169,clause,SHL_SONGBEN_0170,clause,sequence,同篇相鄰條文（並列/遞進語境）,,,,,,,,,,,,,
REL_00168,SHL_SONGBEN_0170,clause,SHL_SONGBEN_0171,clause,sequence,同篇相鄰條文（並列/遞進語境）,,,,,,,,,,,,,
REL_00169,SHL_SONGBEN_0171,clause,SHL_SONGBEN_0172,clause,sequence,同篇相鄰條文（並列/遞進語境）,,,,,,,,,,,,,
REL_00170,SHL_SONGBEN_0172,clause,SHL_SONGBEN_0173,clause,sequence,同篇相鄰條文（並列/遞進語境）,,,,,,,,,,,,,
REL_00171,SHL_SONGBEN_0173,clause,SHL_SONGBEN_0174,clause,sequence,同篇相鄰條文（並列/遞進語境）,,,,,,,,,,,,,
REL_00172,SHL_SONGBEN_0174,clause,SHL_SONGBEN_0175,clause,sequence,同篇相鄰條文（並列/遞進語境）,,,,,,,,,,,,,
REL_00173,SHL_SONGBEN_0175,clause,SHL_SONGBEN_0176,clause,sequence,同篇相鄰條文（並列/遞進語境）,,,,,,,,,,,,,
REL_00174,SHL_SONGBEN_0176,clause,SHL_SONGBEN_0177,clause,sequence,同篇相鄰條文（並列/遞進語境）,,,,,,,,,,,,,
REL_00175,SHL_SONGBEN_0177,clause,SHL_SONGBEN_0178,clause,sequence,同篇相鄰條文（並列/遞進語境）,,,,,,,,,,,,,
REL_00176,SHL_SONGBEN_0179,clause,SHL_SONGBEN_0180,clause,sequence,同篇相鄰條文（並列/遞進語境）,,,,,,,,,,,,,
REL_00177,SHL_SONGBEN_0180,clause,SHL_SONGBEN_0181,clause,sequence,同篇相鄰條文（並列/遞進語境）,,,,,,,,,,,,,
REL_00178,SHL_SONGBEN_0181,clause,SHL_SONGBEN_0182,clause,sequence,同篇相鄰條文（並列/遞進語境）,,,,,,,,,,,,,
REL_00179,SHL_SONGBEN_0182,clause,SHL_SONGBEN_0183,clause,sequence,同篇相鄰條文（並列/遞進語境）,,,,,,,,,,,,,
REL_00180,SHL_SONGBEN_0183,clause,SHL_SONGBEN_0184,clause,sequence,同篇相鄰條文（並列/遞進語境）,,,,,,,,,,,,,
REL_00181,SHL_SONGBEN_0184,clause,SHL_SONGBEN_0185,clause,sequence,同篇相鄰條文（並列/遞進語境）,,,,,,,,,,,,,
REL_00182,SHL_SONGBEN_0185,clause,SHL_SONGBEN_0186,clause,sequence,同篇相鄰條文（並列/遞進語境）,,,,,,,,,,,,,
REL_00183,SHL_SONGBEN_0186,clause,SHL_SONGBEN_0187,clause,sequence,同篇相鄰條文（並列/遞進語境）,,,,,,,,,,,,,
REL_00184,SHL_SONGBEN_0187,clause,SHL_SONGBEN_0188,clause,sequence,同篇相鄰條文（並列/遞進語境）,,,,,,,,,,,,,
REL_00185,SHL_SONGBEN_0188,clause,SHL_SONGBEN_0189,clause,sequence,同篇相鄰條文（並列/遞進語境）,,,,,,,,,,,,,
REL_00186,SHL_SONGBEN_0189,clause,SHL_SONGBEN_0190,clause,sequence,同篇相鄰條文（並列/遞進語境）,,,,,,,,,,,,,
REL_00187,SHL_SONGBEN_0190,clause,SHL_SONGBEN_0191,clause,sequence,同篇相鄰條文（並列/遞進語境）,,,,,,,,,,,,,
REL_00188,SHL_SONGBEN_0191,clause,SHL_SONGBEN_0192,clause,sequence,同篇相鄰條文（並列/遞進語境）,,,,,,,,,,,,,
REL_00189,SHL_SONGBEN_0192,clause,SHL_SONGBEN_0193,clause,sequence,同篇相鄰條文（並列/遞進語境）,,,,,,,,,,,,,
REL_00190,SHL_SONGBEN_0193,clause,SHL_SONGBEN_0194,clause,sequence,同篇相鄰條文（並列/遞進語境）,,,,,,,,,,,,,
REL_00191,SHL_SONGBEN_0194,clause,SHL_SONGBEN_0195,clause,sequence,同篇相鄰條文（並列/遞進語境）,,,,,,,,,,,,,
REL_00192,SHL_SONGBEN_0195,clause,SHL_SONGBEN_0196,clause,sequence,同篇相鄰條文（並列/遞進語境）,,,,,,,,,,,,,
REL_00193,SHL_SONGBEN_0196,clause,SHL_SONGBEN_0197,clause,sequence,同篇相鄰條文（並列/遞進語境）,,,,,,,,,,,,,
REL_00194,SHL_SONGBEN_0197,clause,SHL_SONGBEN_0198,clause,sequence,同篇相鄰條文（並列/遞進語境）,,,,,,,,,,,,,
REL_00195,SHL_SONGBEN_0198,clause,SHL_SONGBEN_0199,clause,sequence,同篇相鄰條文（並列/遞進語境）,,,,,,,,,,,,,
REL_00196,SHL_SONGBEN_0199,clause,SHL_SONGBEN_0200,clause,sequence,同篇相鄰條文（並列/遞進語境）,,,,,,,,,,,,,
REL_00197,SHL_SONGBEN_0200,clause,SHL_SONGBEN_0201,clause,sequence,同篇相鄰條文（並列/遞進語境）,,,,,,,,,,,,,
REL_00198,SHL_SONGBEN_0201,clause,SHL_SONGBEN_0202,clause,sequence,同篇相鄰條文（並列/遞進語境）,,,,,,,,,,,,,
REL_00199,SHL_SONGBEN_0202,clause,SHL_SONGBEN_0203,clause,sequence,同篇相鄰條文（並列/遞進語境）,,,,,,,,,,,,,
REL_00200,SHL_SONGBEN_0203,clause,SHL_SONGBEN_0204,clause,sequence,同篇相鄰條文（並列/遞進語境）,,,,,,,,,,,,,
REL_00201,SHL_SONGBEN_0204,clause,SHL_SONGBEN_0205,clause,sequence,同篇相鄰條文（並列/遞進語境）,,,,,,,,,,,,,
REL_00202,SHL_SONGBEN_0205,clause,SHL_SONGBEN_0206,clause,sequence,同篇相鄰條文（並列/遞進語境）,,,,,,,,,,,,,
REL_00203,SHL_SONGBEN_0206,clause,SHL_SONGBEN_0207,clause,sequence,同篇相鄰條文（並列/遞進語境）,,,,,,,,,,,,,
REL_00204,SHL_SONGBEN_0207,clause,SHL_SONGBEN_0208,clause,sequence,同篇相鄰條文（並列/遞進語境）,,,,,,,,,,,,,
REL_00205,SHL_SONGBEN_0208,clause,SHL_SONGBEN_0209,clause,sequence,同篇相鄰條文（並列/遞進語境）,,,,,,,,,,,,,
REL_00206,SHL_SONGBEN_0209,clause,SHL_SONGBEN_0210,clause,sequence,同篇相鄰條文（並列/遞進語境）,,,,,,,,,,,,,
REL_00207,SHL_SONGBEN_0210,clause,SHL_SONGBEN_0211,clause,sequence,同篇相鄰條文（並列/遞進語境）,,,,,,,,,,,,,
REL_00208,SHL_SONGBEN_0211,clause,SHL_SONGBEN_0212,clause,sequence,同篇相鄰條文（並列/遞進語境）,,,,,,,,,,,,,
REL_00209,SHL_SONGBEN_0212,clause,SHL_SONGBEN_0213,clause,sequence,同篇相鄰條文（並列/遞進語境）,,,,,,,,,,,,,
REL_00210,SHL_SONGBEN_0213,clause,SHL_SONGBEN_0214,clause,sequence,同篇相鄰條文（並列/遞進語境）,,,,,,,,,,,,,
REL_00211,SHL_SONGBEN_0214,clause,SHL_SONGBEN_0215,clause,sequence,同篇相鄰條文（並列/遞進語境）,,,,,,,,,,,,,
REL_00212,SHL_SONGBEN_0215,clause,SHL_SONGBEN_0216,clause,sequence,同篇相鄰條文（並列/遞進語境）,,,,,,,,,,,,,
REL_00213,SHL_SONGBEN_0216,clause,SHL_SONGBEN_0217,clause,sequence,同篇相鄰條文（並列/遞進語境）,,,,,,,,,,,,,
REL_00214,SHL_SONGBEN_0217,clause,SHL_SONGBEN_0218,clause,sequence,同篇相鄰條文（並列/遞進語境）,,,,,,,,,,,,,
REL_00215,SHL_SONGBEN_0218,clause,SHL_SONGBEN_0219,clause,sequence,同篇相鄰條文（並列/遞進語境）,,,,,,,,,,,,,
REL_00216,SHL_SONGBEN_0219,clause,SHL_SONGBEN_0220,clause,sequence,同篇相鄰條文（並列/遞進語境）,,,,,,,,,,,,,
REL_00217,SHL_SONGBEN_0220,clause,SHL_SONGBEN_0221,clause,sequence,同篇相鄰條文（並列/遞進語境）,,,,,,,,,,,,,
REL_00218,SHL_SONGBEN_0221,clause,SHL_SONGBEN_0222,clause,sequence,同篇相鄰條文（並列/遞進語境）,,,,,,,,,,,,,
REL_00219,SHL_SONGBEN_0222,clause,SHL_SONGBEN_0223,clause,sequence,同篇相鄰條文（並列/遞進語境）,,,,,,,,,,,,,
REL_00220,SHL_SONGBEN_0223,clause,SHL_SONGBEN_0224,clause,sequence,同篇相鄰條文（並列/遞進語境）,,,,,,,,,,,,,
REL_00221,SHL_SONGBEN_0224,clause,SHL_SONGBEN_0225,clause,sequence,同篇相鄰條文（並列/遞進語境）,,,,,,,,,,,,,
REL_00222,SHL_SONGBEN_0225,clause,SHL_SONGBEN_0226,clause,sequence,同篇相鄰條文（並列/遞進語境）,,,,,,,,,,,,,
REL_00223,SHL_SONGBEN_0226,clause,SHL_SONGBEN_0227,clause,sequence,同篇相鄰條文（並列/遞進語境）,,,,,,,,,,,,,
REL_00224,SHL_SONGBEN_0227,clause,SHL_SONGBEN_0228,clause,sequence,同篇相鄰條文（並列/遞進語境）,,,,,,,,,,,,,
REL_00225,SHL_SONGBEN_0228,clause,SHL_SONGBEN_0229,clause,sequence,同篇相鄰條文（並列/遞進語境）,,,,,,,,,,,,,
REL_00226,SHL_SONGBEN_0229,clause,SHL_SONGBEN_0230,clause,sequence,同篇相鄰條文（並列/遞進語境）,,,,,,,,,,,,,
REL_00227,SHL_SONGBEN_0230,clause,SHL_SONGBEN_0231,clause,sequence,同篇相鄰條文（並列/遞進語境）,,,,,,,,,,,,,
REL_00228,SHL_SONGBEN_0231,clause,SHL_SONGBEN_0232,clause,sequence,同篇相鄰條文（並列/遞進語境）,,,,,,,,,,,,,
REL_00229,SHL_SONGBEN_0232,clause,SHL_SONGBEN_0233,clause,sequence,同篇相鄰條文（並列/遞進語境）,,,,,,,,,,,,,
REL_00230,SHL_SONGBEN_0233,clause,SHL_SONGBEN_0234,clause,sequence,同篇相鄰條文（並列/遞進語境）,,,,,,,,,,,,,
REL_00231,SHL_SONGBEN_0234,clause,SHL_SONGBEN_0235,clause,sequence,同篇相鄰條文（並列/遞進語境）,,,,,,,,,,,,,
REL_00232,SHL_SONGBEN_0235,clause,SHL_SONGBEN_0236,clause,sequence,同篇相鄰條文（並列/遞進語境）,,,,,,,,,,,,,
REL_00233,SHL_SONGBEN_0236,clause,SHL_SONGBEN_0237,clause,sequence,同篇相鄰條文（並列/遞進語境）,,,,,,,,,,,,,
REL_00234,SHL_SONGBEN_0237,clause,SHL_SONGBEN_0238,clause,sequence,同篇相鄰條文（並列/遞進語境）,,,,,,,,,,,,,
REL_00235,SHL_SONGBEN_0238,clause,SHL_SONGBEN_0239,clause,sequence,同篇相鄰條文（並列/遞進語境）,,,,,,,,,,,,,
REL_00236,SHL_SONGBEN_0239,clause,SHL_SONGBEN_0240,clause,sequence,同篇相鄰條文（並列/遞進語境）,,,,,,,,,,,,,
REL_00237,SHL_SONGBEN_0240,clause,SHL_SONGBEN_0241,clause,sequence,同篇相鄰條文（並列/遞進語境）,,,,,,,,,,,,,
REL_00238,SHL_SONGBEN_0241,clause,SHL_SONGBEN_0242,clause,sequence,同篇相鄰條文（並列/遞進語境）,,,,,,,,,,,,,
REL_00239,SHL_SONGBEN_0242,clause,SHL_SONGBEN_0243,clause,sequence,同篇相鄰條文（並列/遞進語境）,,,,,,,,,,,,,
REL_00240,SHL_SONGBEN_0243,clause,SHL_SONGBEN_0244,clause,sequence,同篇相鄰條文（並列/遞進語境）,,,,,,,,,,,,,
REL_00241,SHL_SONGBEN_0244,clause,SHL_SONGBEN_0245,clause,sequence,同篇相鄰條文（並列/遞進語境）,,,,,,,,,,,,,
REL_00242,SHL_SONGBEN_0245,clause,SHL_SONGBEN_0246,clause,sequence,同篇相鄰條文（並列/遞進語境）,,,,,,,,,,,,,
REL_00243,SHL_SONGBEN_0246,clause,SHL_SONGBEN_0247,clause,sequence,同篇相鄰條文（並列/遞進語境）,,,,,,,,,,,,,
REL_00244,SHL_SONGBEN_0247,clause,SHL_SONGBEN_0248,clause,sequence,同篇相鄰條文（並列/遞進語境）,,,,,,,,,,,,,
REL_00245,SHL_SONGBEN_0248,clause,SHL_SONGBEN_0249,clause,sequence,同篇相鄰條文（並列/遞進語境）,,,,,,,,,,,,,
REL_00246,SHL_SONGBEN_0249,clause,SHL_SONGBEN_0250,clause,sequence,同篇相鄰條文（並列/遞進語境）,,,,,,,,,,,,,
REL_00247,SHL_SONGBEN_0250,clause,SHL_SONGBEN_0251,clause,sequence,同篇相鄰條文（並列/遞進語境）,,,,,,,,,,,,,
REL_00248,SHL_SONGBEN_0251,clause,SHL_SONGBEN_0252,clause,sequence,同篇相鄰條文（並列/遞進語境）,,,,,,,,,,,,,
REL_00249,SHL_SONGBEN_0252,clause,SHL_SONGBEN_0253,clause,sequence,同篇相鄰條文（並列/遞進語境）,,,,,,,,,,,,,
REL_00250,SHL_SONGBEN_0253,clause,SHL_SONGBEN_0254,clause,sequence,同篇相鄰條文（並列/遞進語境）,,,,,,,,,,,,,
REL_00251,SHL_SONGBEN_0254,clause,SHL_SONGBEN_0255,clause,sequence,同篇相鄰條文（並列/遞進語境）,,,,,,,,,,,,,
REL_00252,SHL_SONGBEN_0255,clause,SHL_SONGBEN_0256,clause,sequence,同篇相鄰條文（並列/遞進語境）,,,,,,,,,,,,,
REL_00253,SHL_SONGBEN_0256,clause,SHL_SONGBEN_0257,clause,sequence,同篇相鄰條文（並列/遞進語境）,,,,,,,,,,,,,
REL_00254,SHL_SONGBEN_0257,clause,SHL_SONGBEN_0258,clause,sequence,同篇相鄰條文（並列/遞進語境）,,,,,,,,,,,,,
REL_00255,SHL_SONGBEN_0258,clause,SHL_SONGBEN_0259,clause,sequence,同篇相鄰條文（並列/遞進語境）,,,,,,,,,,,,,
REL_00256,SHL_SONGBEN_0259,clause,SHL_SONGBEN_0260,clause,sequence,同篇相鄰條文（並列/遞進語境）,,,,,,,,,,,,,
REL_00257,SHL_SONGBEN_0260,clause,SHL_SONGBEN_0261,clause,sequence,同篇相鄰條文（並列/遞進語境）,,,,,,,,,,,,,
REL_00258,SHL_SONGBEN_0261,clause,SHL_SONGBEN_0262,clause,sequence,同篇相鄰條文（並列/遞進語境）,,,,,,,,,,,,,
REL_00259,SHL_SONGBEN_0263,clause,SHL_SONGBEN_0264,clause,sequence,同篇相鄰條文（並列/遞進語境）,,,,,,,,,,,,,
REL_00260,SHL_SONGBEN_0264,clause,SHL_SONGBEN_0265,clause,sequence,同篇相鄰條文（並列/遞進語境）,,,,,,,,,,,,,
REL_00261,SHL_SONGBEN_0265,clause,SHL_SONGBEN_0266,clause,sequence,同篇相鄰條文（並列/遞進語境）,,,,,,,,,,,,,
REL_00262,SHL_SONGBEN_0266,clause,SHL_SONGBEN_0267,clause,sequence,同篇相鄰條文（並列/遞進語境）,,,,,,,,,,,,,
REL_00263,SHL_SONGBEN_0267,clause,SHL_SONGBEN_0268,clause,sequence,同篇相鄰條文（並列/遞進語境）,,,,,,,,,,,,,
REL_00264,SHL_SONGBEN_0268,clause,SHL_SONGBEN_0269,clause,sequence,同篇相鄰條文（並列/遞進語境）,,,,,,,,,,,,,
REL_00265,SHL_SONGBEN_0269,clause,SHL_SONGBEN_0270,clause,sequence,同篇相鄰條文（並列/遞進語境）,,,,,,,,,,,,,
REL_00266,SHL_SONGBEN_0270,clause,SHL_SONGBEN_0271,clause,sequence,同篇相鄰條文（並列/遞進語境）,,,,,,,,,,,,,
REL_00267,SHL_SONGBEN_0271,clause,SHL_SONGBEN_0272,clause,sequence,同篇相鄰條文（並列/遞進語境）,,,,,,,,,,,,,
REL_00268,SHL_SONGBEN_0273,clause,SHL_SONGBEN_0274,clause,sequence,同篇相鄰條文（並列/遞進語境）,,,,,,,,,,,,,
REL_00269,SHL_SONGBEN_0274,clause,SHL_SONGBEN_0275,clause,sequence,同篇相鄰條文（並列/遞進語境）,,,,,,,,,,,,,
REL_00270,SHL_SONGBEN_0275,clause,SHL_SONGBEN_0276,clause,sequence,同篇相鄰條文（並列/遞進語境）,,,,,,,,,,,,,
REL_00271,SHL_SONGBEN_0276,clause,SHL_SONGBEN_0277,clause,sequence,同篇相鄰條文（並列/遞進語境）,,,,,,,,,,,,,
REL_00272,SHL_SONGBEN_0277,clause,SHL_SONGBEN_0278,clause,sequence,同篇相鄰條文（並列/遞進語境）,,,,,,,,,,,,,
REL_00273,SHL_SONGBEN_0278,clause,SHL_SONGBEN_0279,clause,sequence,同篇相鄰條文（並列/遞進語境）,,,,,,,,,,,,,
REL_00274,SHL_SONGBEN_0279,clause,SHL_SONGBEN_0280,clause,sequence,同篇相鄰條文（並列/遞進語境）,,,,,,,,,,,,,
REL_00275,SHL_SONGBEN_0281,clause,SHL_SONGBEN_0282,clause,sequence,同篇相鄰條文（並列/遞進語境）,,,,,,,,,,,,,
REL_00276,SHL_SONGBEN_0282,clause,SHL_SONGBEN_0283,clause,sequence,同篇相鄰條文（並列/遞進語境）,,,,,,,,,,,,,
REL_00277,SHL_SONGBEN_0283,clause,SHL_SONGBEN_0284,clause,sequence,同篇相鄰條文（並列/遞進語境）,,,,,,,,,,,,,
REL_00278,SHL_SONGBEN_0284,clause,SHL_SONGBEN_0285,clause,sequence,同篇相鄰條文（並列/遞進語境）,,,,,,,,,,,,,
REL_00279,SHL_SONGBEN_0285,clause,SHL_SONGBEN_0286,clause,sequence,同篇相鄰條文（並列/遞進語境）,,,,,,,,,,,,,
REL_00280,SHL_SONGBEN_0286,clause,SHL_SONGBEN_0287,clause,sequence,同篇相鄰條文（並列/遞進語境）,,,,,,,,,,,,,
REL_00281,SHL_SONGBEN_0287,clause,SHL_SONGBEN_0288,clause,sequence,同篇相鄰條文（並列/遞進語境）,,,,,,,,,,,,,
REL_00282,SHL_SONGBEN_0288,clause,SHL_SONGBEN_0289,clause,sequence,同篇相鄰條文（並列/遞進語境）,,,,,,,,,,,,,
REL_00283,SHL_SONGBEN_0289,clause,SHL_SONGBEN_0290,clause,sequence,同篇相鄰條文（並列/遞進語境）,,,,,,,,,,,,,
REL_00284,SHL_SONGBEN_0290,clause,SHL_SONGBEN_0291,clause,sequence,同篇相鄰條文（並列/遞進語境）,,,,,,,,,,,,,
REL_00285,SHL_SONGBEN_0291,clause,SHL_SONGBEN_0292,clause,sequence,同篇相鄰條文（並列/遞進語境）,,,,,,,,,,,,,
REL_00286,SHL_SONGBEN_0292,clause,SHL_SONGBEN_0293,clause,sequence,同篇相鄰條文（並列/遞進語境）,,,,,,,,,,,,,
REL_00287,SHL_SONGBEN_0293,clause,SHL_SONGBEN_0294,clause,sequence,同篇相鄰條文（並列/遞進語境）,,,,,,,,,,,,,
REL_00288,SHL_SONGBEN_0294,clause,SHL_SONGBEN_0295,clause,sequence,同篇相鄰條文（並列/遞進語境）,,,,,,,,,,,,,
REL_00289,SHL_SONGBEN_0295,clause,SHL_SONGBEN_0296,clause,sequence,同篇相鄰條文（並列/遞進語境）,,,,,,,,,,,,,
REL_00290,SHL_SONGBEN_0296,clause,SHL_SONGBEN_0297,clause,sequence,同篇相鄰條文（並列/遞進語境）,,,,,,,,,,,,,
REL_00291,SHL_SONGBEN_0297,clause,SHL_SONGBEN_0298,clause,sequence,同篇相鄰條文（並列/遞進語境）,,,,,,,,,,,,,
REL_00292,SHL_SONGBEN_0298,clause,SHL_SONGBEN_0299,clause,sequence,同篇相鄰條文（並列/遞進語境）,,,,,,,,,,,,,
REL_00293,SHL_SONGBEN_0299,clause,SHL_SONGBEN_0300,clause,sequence,同篇相鄰條文（並列/遞進語境）,,,,,,,,,,,,,
REL_00294,SHL_SONGBEN_0300,clause,SHL_SONGBEN_0301,clause,sequence,同篇相鄰條文（並列/遞進語境）,,,,,,,,,,,,,
REL_00295,SHL_SONGBEN_0301,clause,SHL_SONGBEN_0302,clause,sequence,同篇相鄰條文（並列/遞進語境）,,,,,,,,,,,,,
REL_00296,SHL_SONGBEN_0302,clause,SHL_SONGBEN_0303,clause,sequence,同篇相鄰條文（並列/遞進語境）,,,,,,,,,,,,,
REL_00297,SHL_SONGBEN_0303,clause,SHL_SONGBEN_0304,clause,sequence,同篇相鄰條文（並列/遞進語境）,,,,,,,,,,,,,
REL_00298,SHL_SONGBEN_0304,clause,SHL_SONGBEN_0305,clause,sequence,同篇相鄰條文（並列/遞進語境）,,,,,,,,,,,,,
REL_00299,SHL_SONGBEN_0305,clause,SHL_SONGBEN_0306,clause,sequence,同篇相鄰條文（並列/遞進語境）,,,,,,,,,,,,,
REL_00300,SHL_SONGBEN_0306,clause,SHL_SONGBEN_0307,clause,sequence,同篇相鄰條文（並列/遞進語境）,,,,,,,,,,,,,
REL_00301,SHL_SONGBEN_0307,clause,SHL_SONGBEN_0308,clause,sequence,同篇相鄰條文（並列/遞進語境）,,,,,,,,,,,,,
REL_00302,SHL_SONGBEN_0308,clause,SHL_SONGBEN_0309,clause,sequence,同篇相鄰條文（並列/遞進語境）,,,,,,,,,,,,,
REL_00303,SHL_SONGBEN_0309,clause,SHL_SONGBEN_0310,clause,sequence,同篇相鄰條文（並列/遞進語境）,,,,,,,,,,,,,
REL_00304,SHL_SONGBEN_0310,clause,SHL_SONGBEN_0311,clause,sequence,同篇相鄰條文（並列/遞進語境）,,,,,,,,,,,,,
REL_00305,SHL_SONGBEN_0311,clause,SHL_SONGBEN_0312,clause,sequence,同篇相鄰條文（並列/遞進語境）,,,,,,,,,,,,,
REL_00306,SHL_SONGBEN_0312,clause,SHL_SONGBEN_0313,clause,sequence,同篇相鄰條文（並列/遞進語境）,,,,,,,,,,,,,
REL_00307,SHL_SONGBEN_0313,clause,SHL_SONGBEN_0314,clause,sequence,同篇相鄰條文（並列/遞進語境）,,,,,,,,,,,,,
REL_00308,SHL_SONGBEN_0314,clause,SHL_SONGBEN_0315,clause,sequence,同篇相鄰條文（並列/遞進語境）,,,,,,,,,,,,,
REL_00309,SHL_SONGBEN_0315,clause,SHL_SONGBEN_0316,clause,sequence,同篇相鄰條文（並列/遞進語境）,,,,,,,,,,,,,
REL_00310,SHL_SONGBEN_0316,clause,SHL_SONGBEN_0317,clause,sequence,同篇相鄰條文（並列/遞進語境）,,,,,,,,,,,,,
REL_00311,SHL_SONGBEN_0317,clause,SHL_SONGBEN_0318,clause,sequence,同篇相鄰條文（並列/遞進語境）,,,,,,,,,,,,,
REL_00312,SHL_SONGBEN_0318,clause,SHL_SONGBEN_0319,clause,sequence,同篇相鄰條文（並列/遞進語境）,,,,,,,,,,,,,
REL_00313,SHL_SONGBEN_0319,clause,SHL_SONGBEN_0320,clause,sequence,同篇相鄰條文（並列/遞進語境）,,,,,,,,,,,,,
REL_00314,SHL_SONGBEN_0320,clause,SHL_SONGBEN_0321,clause,sequence,同篇相鄰條文（並列/遞進語境）,,,,,,,,,,,,,
REL_00315,SHL_SONGBEN_0321,clause,SHL_SONGBEN_0322,clause,sequence,同篇相鄰條文（並列/遞進語境）,,,,,,,,,,,,,
REL_00316,SHL_SONGBEN_0322,clause,SHL_SONGBEN_0323,clause,sequence,同篇相鄰條文（並列/遞進語境）,,,,,,,,,,,,,
REL_00317,SHL_SONGBEN_0323,clause,SHL_SONGBEN_0324,clause,sequence,同篇相鄰條文（並列/遞進語境）,,,,,,,,,,,,,
REL_00318,SHL_SONGBEN_0324,clause,SHL_SONGBEN_0325,clause,sequence,同篇相鄰條文（並列/遞進語境）,,,,,,,,,,,,,
REL_00319,SHL_SONGBEN_0326,clause,SHL_SONGBEN_0327,clause,sequence,同篇相鄰條文（並列/遞進語境）,,,,,,,,,,,,,
REL_00320,SHL_SONGBEN_0327,clause,SHL_SONGBEN_0328,clause,sequence,同篇相鄰條文（並列/遞進語境）,,,,,,,,,,,,,
REL_00321,SHL_SONGBEN_0328,clause,SHL_SONGBEN_0329,clause,sequence,同篇相鄰條文（並列/遞進語境）,,,,,,,,,,,,,
REL_00322,SHL_SONGBEN_0329,clause,SHL_SONGBEN_0330,clause,sequence,同篇相鄰條文（並列/遞進語境）,,,,,,,,,,,,,
REL_00323,SHL_SONGBEN_0330,clause,SHL_SONGBEN_0331,clause,sequence,同篇相鄰條文（並列/遞進語境）,,,,,,,,,,,,,
REL_00324,SHL_SONGBEN_0331,clause,SHL_SONGBEN_0332,clause,sequence,同篇相鄰條文（並列/遞進語境）,,,,,,,,,,,,,
REL_00325,SHL_SONGBEN_0332,clause,SHL_SONGBEN_0333,clause,sequence,同篇相鄰條文（並列/遞進語境）,,,,,,,,,,,,,
REL_00326,SHL_SONGBEN_0333,clause,SHL_SONGBEN_0334,clause,sequence,同篇相鄰條文（並列/遞進語境）,,,,,,,,,,,,,
REL_00327,SHL_SONGBEN_0334,clause,SHL_SONGBEN_0335,clause,sequence,同篇相鄰條文（並列/遞進語境）,,,,,,,,,,,,,
REL_00328,SHL_SONGBEN_0335,clause,SHL_SONGBEN_0336,clause,sequence,同篇相鄰條文（並列/遞進語境）,,,,,,,,,,,,,
REL_00329,SHL_SONGBEN_0336,clause,SHL_SONGBEN_0337,clause,sequence,同篇相鄰條文（並列/遞進語境）,,,,,,,,,,,,,
REL_00330,SHL_SONGBEN_0337,clause,SHL_SONGBEN_0338,clause,sequence,同篇相鄰條文（並列/遞進語境）,,,,,,,,,,,,,
REL_00331,SHL_SONGBEN_0338,clause,SHL_SONGBEN_0339,clause,sequence,同篇相鄰條文（並列/遞進語境）,,,,,,,,,,,,,
REL_00332,SHL_SONGBEN_0339,clause,SHL_SONGBEN_0340,clause,sequence,同篇相鄰條文（並列/遞進語境）,,,,,,,,,,,,,
REL_00333,SHL_SONGBEN_0340,clause,SHL_SONGBEN_0341,clause,sequence,同篇相鄰條文（並列/遞進語境）,,,,,,,,,,,,,
REL_00334,SHL_SONGBEN_0341,clause,SHL_SONGBEN_0342,clause,sequence,同篇相鄰條文（並列/遞進語境）,,,,,,,,,,,,,
REL_00335,SHL_SONGBEN_0342,clause,SHL_SONGBEN_0343,clause,sequence,同篇相鄰條文（並列/遞進語境）,,,,,,,,,,,,,
REL_00336,SHL_SONGBEN_0343,clause,SHL_SONGBEN_0344,clause,sequence,同篇相鄰條文（並列/遞進語境）,,,,,,,,,,,,,
REL_00337,SHL_SONGBEN_0344,clause,SHL_SONGBEN_0345,clause,sequence,同篇相鄰條文（並列/遞進語境）,,,,,,,,,,,,,
REL_00338,SHL_SONGBEN_0345,clause,SHL_SONGBEN_0346,clause,sequence,同篇相鄰條文（並列/遞進語境）,,,,,,,,,,,,,
REL_00339,SHL_SONGBEN_0346,clause,SHL_SONGBEN_0347,clause,sequence,同篇相鄰條文（並列/遞進語境）,,,,,,,,,,,,,
REL_00340,SHL_SONGBEN_0347,clause,SHL_SONGBEN_0348,clause,sequence,同篇相鄰條文（並列/遞進語境）,,,,,,,,,,,,,
REL_00341,SHL_SONGBEN_0348,clause,SHL_SONGBEN_0349,clause,sequence,同篇相鄰條文（並列/遞進語境）,,,,,,,,,,,,,
REL_00342,SHL_SONGBEN_0349,clause,SHL_SONGBEN_0350,clause,sequence,同篇相鄰條文（並列/遞進語境）,,,,,,,,,,,,,
REL_00343,SHL_SONGBEN_0350,clause,SHL_SONGBEN_0351,clause,sequence,同篇相鄰條文（並列/遞進語境）,,,,,,,,,,,,,
REL_00344,SHL_SONGBEN_0351,clause,SHL_SONGBEN_0352,clause,sequence,同篇相鄰條文（並列/遞進語境）,,,,,,,,,,,,,
REL_00345,SHL_SONGBEN_0352,clause,SHL_SONGBEN_0353,clause,sequence,同篇相鄰條文（並列/遞進語境）,,,,,,,,,,,,,
REL_00346,SHL_SONGBEN_0353,clause,SHL_SONGBEN_0354,clause,sequence,同篇相鄰條文（並列/遞進語境）,,,,,,,,,,,,,
REL_00347,SHL_SONGBEN_0354,clause,SHL_SONGBEN_0355,clause,sequence,同篇相鄰條文（並列/遞進語境）,,,,,,,,,,,,,
REL_00348,SHL_SONGBEN_0355,clause,SHL_SONGBEN_0356,clause,sequence,同篇相鄰條文（並列/遞進語境）,,,,,,,,,,,,,
REL_00349,SHL_SONGBEN_0356,clause,SHL_SONGBEN_0357,clause,sequence,同篇相鄰條文（並列/遞進語境）,,,,,,,,,,,,,
REL_00350,SHL_SONGBEN_0357,clause,SHL_SONGBEN_0358,clause,sequence,同篇相鄰條文（並列/遞進語境）,,,,,,,,,,,,,
REL_00351,SHL_SONGBEN_0358,clause,SHL_SONGBEN_0359,clause,sequence,同篇相鄰條文（並列/遞進語境）,,,,,,,,,,,,,
REL_00352,SHL_SONGBEN_0359,clause,SHL_SONGBEN_0360,clause,sequence,同篇相鄰條文（並列/遞進語境）,,,,,,,,,,,,,
REL_00353,SHL_SONGBEN_0360,clause,SHL_SONGBEN_0361,clause,sequence,同篇相鄰條文（並列/遞進語境）,,,,,,,,,,,,,
REL_00354,SHL_SONGBEN_0361,clause,SHL_SONGBEN_0362,clause,sequence,同篇相鄰條文（並列/遞進語境）,,,,,,,,,,,,,
REL_00355,SHL_SONGBEN_0362,clause,SHL_SONGBEN_0363,clause,sequence,同篇相鄰條文（並列/遞進語境）,,,,,,,,,,,,,
REL_00356,SHL_SONGBEN_0363,clause,SHL_SONGBEN_0364,clause,sequence,同篇相鄰條文（並列/遞進語境）,,,,,,,,,,,,,
REL_00357,SHL_SONGBEN_0364,clause,SHL_SONGBEN_0365,clause,sequence,同篇相鄰條文（並列/遞進語境）,,,,,,,,,,,,,
REL_00358,SHL_SONGBEN_0365,clause,SHL_SONGBEN_0366,clause,sequence,同篇相鄰條文（並列/遞進語境）,,,,,,,,,,,,,
REL_00359,SHL_SONGBEN_0366,clause,SHL_SONGBEN_0367,clause,sequence,同篇相鄰條文（並列/遞進語境）,,,,,,,,,,,,,
REL_00360,SHL_SONGBEN_0367,clause,SHL_SONGBEN_0368,clause,sequence,同篇相鄰條文（並列/遞進語境）,,,,,,,,,,,,,
REL_00361,SHL_SONGBEN_0368,clause,SHL_SONGBEN_0369,clause,sequence,同篇相鄰條文（並列/遞進語境）,,,,,,,,,,,,,
REL_00362,SHL_SONGBEN_0369,clause,SHL_SONGBEN_0370,clause,sequence,同篇相鄰條文（並列/遞進語境）,,,,,,,,,,,,,
REL_00363,SHL_SONGBEN_0370,clause,SHL_SONGBEN_0371,clause,sequence,同篇相鄰條文（並列/遞進語境）,,,,,,,,,,,,,
REL_00364,SHL_SONGBEN_0371,clause,SHL_SONGBEN_0372,clause,sequence,同篇相鄰條文（並列/遞進語境）,,,,,,,,,,,,,
REL_00365,SHL_SONGBEN_0372,clause,SHL_SONGBEN_0373,clause,sequence,同篇相鄰條文（並列/遞進語境）,,,,,,,,,,,,,
REL_00366,SHL_SONGBEN_0373,clause,SHL_SONGBEN_0374,clause,sequence,同篇相鄰條文（並列/遞進語境）,,,,,,,,,,,,,
REL_00367,SHL_SONGBEN_0374,clause,SHL_SONGBEN_0375,clause,sequence,同篇相鄰條文（並列/遞進語境）,,,,,,,,,,,,,
REL_00368,SHL_SONGBEN_0375,clause,SHL_SONGBEN_0376,clause,sequence,同篇相鄰條文（並列/遞進語境）,,,,,,,,,,,,,
REL_00369,SHL_SONGBEN_0376,clause,SHL_SONGBEN_0377,clause,sequence,同篇相鄰條文（並列/遞進語境）,,,,,,,,,,,,,
REL_00370,SHL_SONGBEN_0377,clause,SHL_SONGBEN_0378,clause,sequence,同篇相鄰條文（並列/遞進語境）,,,,,,,,,,,,,
REL_00371,SHL_SONGBEN_0378,clause,SHL_SONGBEN_0379,clause,sequence,同篇相鄰條文（並列/遞進語境）,,,,,,,,,,,,,
REL_00372,SHL_SONGBEN_0379,clause,SHL_SONGBEN_0380,clause,sequence,同篇相鄰條文（並列/遞進語境）,,,,,,,,,,,,,
REL_00373,SHL_SONGBEN_0380,clause,SHL_SONGBEN_0381,clause,sequence,同篇相鄰條文（並列/遞進語境）,,,,,,,,,,,,,
REL_00374,SHL_SONGBEN_0382,clause,SHL_SONGBEN_0383,clause,sequence,同篇相鄰條文（並列/遞進語境）,,,,,,,,,,,,,
REL_00375,SHL_SONGBEN_0383,clause,SHL_SONGBEN_0384,clause,sequence,同篇相鄰條文（並列/遞進語境）,,,,,,,,,,,,,
REL_00376,SHL_SONGBEN_0384,clause,SHL_SONGBEN_0385,clause,sequence,同篇相鄰條文（並列/遞進語境）,,,,,,,,,,,,,
REL_00377,SHL_SONGBEN_0385,clause,SHL_SONGBEN_0386,clause,sequence,同篇相鄰條文（並列/遞進語境）,,,,,,,,,,,,,
REL_00378,SHL_SONGBEN_0386,clause,SHL_SONGBEN_0387,clause,sequence,同篇相鄰條文（並列/遞進語境）,,,,,,,,,,,,,
REL_00379,SHL_SONGBEN_0387,clause,SHL_SONGBEN_0388,clause,sequence,同篇相鄰條文（並列/遞進語境）,,,,,,,,,,,,,
REL_00380,SHL_SONGBEN_0388,clause,SHL_SONGBEN_0389,clause,sequence,同篇相鄰條文（並列/遞進語境）,,,,,,,,,,,,,
REL_00381,SHL_SONGBEN_0389,clause,SHL_SONGBEN_0390,clause,sequence,同篇相鄰條文（並列/遞進語境）,,,,,,,,,,,,,
REL_00382,SHL_SONGBEN_0390,clause,SHL_SONGBEN_0391,clause,sequence,同篇相鄰條文（並列/遞進語境）,,,,,,,,,,,,,
REL_00383,SHL_SONGBEN_0392,clause,SHL_SONGBEN_0393,clause,sequence,同篇相鄰條文（並列/遞進語境）,,,,,,,,,,,,,
REL_00384,SHL_SONGBEN_0393,clause,SHL_SONGBEN_0394,clause,sequence,同篇相鄰條文（並列/遞進語境）,,,,,,,,,,,,,
REL_00385,SHL_SONGBEN_0394,clause,SHL_SONGBEN_0395,clause,sequence,同篇相鄰條文（並列/遞進語境）,,,,,,,,,,,,,
REL_00386,SHL_SONGBEN_0395,clause,SHL_SONGBEN_0396,clause,sequence,同篇相鄰條文（並列/遞進語境）,,,,,,,,,,,,,
REL_00387,SHL_SONGBEN_0396,clause,SHL_SONGBEN_0397,clause,sequence,同篇相鄰條文（並列/遞進語境）,,,,,,,,,,,,,
REL_00388,SHL_SONGBEN_0397,clause,SHL_SONGBEN_0398,clause,sequence,同篇相鄰條文（並列/遞進語境）,,,,,,,,,,,,,
REL_00389,SHL_SONGBEN_0012,clause,SHL_SONGBEN_0013,clause,same_formula_family,兩條均涉及桂枝湯方證，但症狀條件不同。,,,,,,,,,,,,,
REL_00390,SHL_SONGBEN_0013,clause,SHL_SONGBEN_0015,clause,same_formula_family,兩條均涉及桂枝湯方證，但症狀條件不同。,,,,,,,,,,,,,
REL_00391,SHL_SONGBEN_0015,clause,SHL_SONGBEN_0018,clause,same_formula_family,兩條均涉及桂枝湯方證，但症狀條件不同。,,,,,,,,,,,,,
REL_00392,SHL_SONGBEN_0018,clause,SHL_SONGBEN_0019,clause,same_formula_family,兩條均涉及桂枝湯方證，但症狀條件不同。,,,,,,,,,,,,,
REL_00393,SHL_SONGBEN_0019,clause,SHL_SONGBEN_0024,clause,same_formula_family,兩條均涉及桂枝湯方證，但症狀條件不同。,,,,,,,,,,,,,
REL_00394,SHL_SONGBEN_0024,clause,SHL_SONGBEN_0025,clause,same_formula_family,兩條均涉及桂枝湯方證，但症狀條件不同。,,,,,,,,,,,,,
REL_00395,SHL_SONGBEN_0025,clause,SHL_SONGBEN_0026,clause,same_formula_family,兩條均涉及桂枝湯方證，但症狀條件不同。,,,,,,,,,,,,,
REL_00396,SHL_SONGBEN_0026,clause,SHL_SONGBEN_0028,clause,same_formula_family,兩條均涉及桂枝湯方證，但症狀條件不同。,,,,,,,,,,,,,
REL_00397,SHL_SONGBEN_0028,clause,SHL_SONGBEN_0042,clause,same_formula_family,兩條均涉及桂枝湯方證，但症狀條件不同。,,,,,,,,,,,,,
REL_00398,SHL_SONGBEN_0042,clause,SHL_SONGBEN_0044,clause,same_formula_family,兩條均涉及桂枝湯方證，但症狀條件不同。,,,,,,,,,,,,,
REL_00399,SHL_SONGBEN_0044,clause,SHL_SONGBEN_0045,clause,same_formula_family,兩條均涉及桂枝湯方證，但症狀條件不同。,,,,,,,,,,,,,
REL_00400,SHL_SONGBEN_0045,clause,SHL_SONGBEN_0053,clause,same_formula_family,兩條均涉及桂枝湯方證，但症狀條件不同。,,,,,,,,,,,,,
REL_00401,SHL_SONGBEN_0053,clause,SHL_SONGBEN_0054,clause,same_formula_family,兩條均涉及桂枝湯方證，但症狀條件不同。,,,,,,,,,,,,,
REL_00402,SHL_SONGBEN_0054,clause,SHL_SONGBEN_0056,clause,same_formula_family,兩條均涉及桂枝湯方證，但症狀條件不同。,,,,,,,,,,,,,
REL_00403,SHL_SONGBEN_0056,clause,SHL_SONGBEN_0057,clause,same_formula_family,兩條均涉及桂枝湯方證，但症狀條件不同。,,,,,,,,,,,,,
REL_00404,SHL_SONGBEN_0057,clause,SHL_SONGBEN_0063,clause,same_formula_family,兩條均涉及桂枝湯方證，但症狀條件不同。,,,,,,,,,,,,,
REL_00405,SHL_SONGBEN_0063,clause,SHL_SONGBEN_0091,clause,same_formula_family,兩條均涉及桂枝湯方證，但症狀條件不同。,,,,,,,,,,,,,
REL_00406,SHL_SONGBEN_0091,clause,SHL_SONGBEN_0095,clause,same_formula_family,兩條均涉及桂枝湯方證，但症狀條件不同。,,,,,,,,,,,,,
REL_00407,SHL_SONGBEN_0095,clause,SHL_SONGBEN_0162,clause,same_formula_family,兩條均涉及桂枝湯方證，但症狀條件不同。,,,,,,,,,,,,,
REL_00408,SHL_SONGBEN_0162,clause,SHL_SONGBEN_0164,clause,same_formula_family,兩條均涉及桂枝湯方證，但症狀條件不同。,,,,,,,,,,,,,
REL_00409,SHL_SONGBEN_0164,clause,SHL_SONGBEN_0234,clause,same_formula_family,兩條均涉及桂枝湯方證，但症狀條件不同。,,,,,,,,,,,,,
REL_00410,SHL_SONGBEN_0234,clause,SHL_SONGBEN_0240,clause,same_formula_family,兩條均涉及桂枝湯方證，但症狀條件不同。,,,,,,,,,,,,,
REL_00411,SHL_SONGBEN_0240,clause,SHL_SONGBEN_0276,clause,same_formula_family,兩條均涉及桂枝湯方證，但症狀條件不同。,,,,,,,,,,,,,
REL_00412,SHL_SONGBEN_0276,clause,SHL_SONGBEN_0372,clause,same_formula_family,兩條均涉及桂枝湯方證，但症狀條件不同。,,,,,,,,,,,,,
REL_00413,SHL_SONGBEN_0372,clause,SHL_SONGBEN_0387,clause,same_formula_family,兩條均涉及桂枝湯方證，但症狀條件不同。,,,,,,,,,,,,,
REL_00414,SHL_SONGBEN_0026,clause,SHL_SONGBEN_0168,clause,same_formula_family,兩條均涉及白虎加人參湯方證，但症狀條件不同。,,,,,,,,,,,,,
REL_00415,SHL_SONGBEN_0168,clause,SHL_SONGBEN_0169,clause,same_formula_family,兩條均涉及白虎加人參湯方證，但症狀條件不同。,,,,,,,,,,,,,
REL_00416,SHL_SONGBEN_0169,clause,SHL_SONGBEN_0170,clause,same_formula_family,兩條均涉及白虎加人參湯方證，但症狀條件不同。,,,,,,,,,,,,,
REL_00417,SHL_SONGBEN_0170,clause,SHL_SONGBEN_0222,clause,same_formula_family,兩條均涉及白虎加人參湯方證，但症狀條件不同。,,,,,,,,,,,,,
REL_00418,SHL_SONGBEN_0029,clause,SHL_SONGBEN_0030,clause,same_formula_family,兩條均涉及甘草乾薑湯方證，但症狀條件不同。,,,,,,,,,,,,,
REL_00419,SHL_SONGBEN_0029,clause,SHL_SONGBEN_0030,clause,same_formula_family,兩條均涉及芍藥甘草湯方證，但症狀條件不同。,,,,,,,,,,,,,
REL_00420,SHL_SONGBEN_0029,clause,SHL_SONGBEN_0070,clause,same_formula_family,兩條均涉及調胃承氣湯方證，但症狀條件不同。,,,,,,,,,,,,,
REL_00421,SHL_SONGBEN_0070,clause,SHL_SONGBEN_0094,clause,same_formula_family,兩條均涉及調胃承氣湯方證，但症狀條件不同。,,,,,,,,,,,,,
REL_00422,SHL_SONGBEN_0094,clause,SHL_SONGBEN_0105,clause,same_formula_family,兩條均涉及調胃承氣湯方證，但症狀條件不同。,,,,,,,,,,,,,
REL_00423,SHL_SONGBEN_0105,clause,SHL_SONGBEN_0123,clause,same_formula_family,兩條均涉及調胃承氣湯方證，但症狀條件不同。,,,,,,,,,,,,,
REL_00424,SHL_SONGBEN_0123,clause,SHL_SONGBEN_0207,clause,same_formula_family,兩條均涉及調胃承氣湯方證，但症狀條件不同。,,,,,,,,,,,,,
REL_00425,SHL_SONGBEN_0207,clause,SHL_SONGBEN_0248,clause,same_formula_family,兩條均涉及調胃承氣湯方證，但症狀條件不同。,,,,,,,,,,,,,
REL_00426,SHL_SONGBEN_0248,clause,SHL_SONGBEN_0249,clause,same_formula_family,兩條均涉及調胃承氣湯方證，但症狀條件不同。,,,,,,,,,,,,,
REL_00427,SHL_SONGBEN_0029,clause,SHL_SONGBEN_0091,clause,same_formula_family,兩條均涉及四逆湯方證，但症狀條件不同。,,,,,,,,,,,,,
REL_00428,SHL_SONGBEN_0091,clause,SHL_SONGBEN_0092,clause,same_formula_family,兩條均涉及四逆湯方證，但症狀條件不同。,,,,,,,,,,,,,
REL_00429,SHL_SONGBEN_0092,clause,SHL_SONGBEN_0225,clause,same_formula_family,兩條均涉及四逆湯方證，但症狀條件不同。,,,,,,,,,,,,,
REL_00430,SHL_SONGBEN_0225,clause,SHL_SONGBEN_0323,clause,same_formula_family,兩條均涉及四逆湯方證，但症狀條件不同。,,,,,,,,,,,,,
REL_00431,SHL_SONGBEN_0323,clause,SHL_SONGBEN_0324,clause,same_formula_family,兩條均涉及四逆湯方證，但症狀條件不同。,,,,,,,,,,,,,
REL_00432,SHL_SONGBEN_0324,clause,SHL_SONGBEN_0353,clause,same_formula_family,兩條均涉及四逆湯方證，但症狀條件不同。,,,,,,,,,,,,,
REL_00433,SHL_SONGBEN_0353,clause,SHL_SONGBEN_0354,clause,same_formula_family,兩條均涉及四逆湯方證，但症狀條件不同。,,,,,,,,,,,,,
REL_00434,SHL_SONGBEN_0354,clause,SHL_SONGBEN_0372,clause,same_formula_family,兩條均涉及四逆湯方證，但症狀條件不同。,,,,,,,,,,,,,
REL_00435,SHL_SONGBEN_0372,clause,SHL_SONGBEN_0377,clause,same_formula_family,兩條均涉及四逆湯方證，但症狀條件不同。,,,,,,,,,,,,,
REL_00436,SHL_SONGBEN_0377,clause,SHL_SONGBEN_0388,clause,same_formula_family,兩條均涉及四逆湯方證，但症狀條件不同。,,,,,,,,,,,,,
REL_00437,SHL_SONGBEN_0388,clause,SHL_SONGBEN_0389,clause,same_formula_family,兩條均涉及四逆湯方證，但症狀條件不同。,,,,,,,,,,,,,
REL_00438,SHL_SONGBEN_0031,clause,SHL_SONGBEN_0032,clause,same_formula_family,兩條均涉及葛根湯方證，但症狀條件不同。,,,,,,,,,,,,,
REL_00439,SHL_SONGBEN_0035,clause,SHL_SONGBEN_0036,clause,same_formula_family,兩條均涉及麻黃湯方證，但症狀條件不同。,,,,,,,,,,,,,
REL_00440,SHL_SONGBEN_0036,clause,SHL_SONGBEN_0037,clause,same_formula_family,兩條均涉及麻黃湯方證，但症狀條件不同。,,,,,,,,,,,,,
REL_00441,SHL_SONGBEN_0037,clause,SHL_SONGBEN_0046,clause,same_formula_family,兩條均涉及麻黃湯方證，但症狀條件不同。,,,,,,,,,,,,,
REL_00442,SHL_SONGBEN_0046,clause,SHL_SONGBEN_0051,clause,same_formula_family,兩條均涉及麻黃湯方證，但症狀條件不同。,,,,,,,,,,,,,
REL_00443,SHL_SONGBEN_0051,clause,SHL_SONGBEN_0052,clause,same_formula_family,兩條均涉及麻黃湯方證，但症狀條件不同。,,,,,,,,,,,,,
REL_00444,SHL_SONGBEN_0052,clause,SHL_SONGBEN_0055,clause,same_formula_family,兩條均涉及麻黃湯方證，但症狀條件不同。,,,,,,,,,,,,,
REL_00445,SHL_SONGBEN_0055,clause,SHL_SONGBEN_0232,clause,same_formula_family,兩條均涉及麻黃湯方證，但症狀條件不同。,,,,,,,,,,,,,
REL_00446,SHL_SONGBEN_0232,clause,SHL_SONGBEN_0235,clause,same_formula_family,兩條均涉及麻黃湯方證，但症狀條件不同。,,,,,,,,,,,,,
REL_00447,SHL_SONGBEN_0037,clause,SHL_SONGBEN_0096,clause,same_formula_family,兩條均涉及小柴胡湯方證，但症狀條件不同。,,,,,,,,,,,,,
REL_00448,SHL_SONGBEN_0096,clause,SHL_SONGBEN_0097,clause,same_formula_family,兩條均涉及小柴胡湯方證，但症狀條件不同。,,,,,,,,,,,,,
REL_00449,SHL_SONGBEN_0097,clause,SHL_SONGBEN_0098,clause,same_formula_family,兩條均涉及小柴胡湯方證，但症狀條件不同。,,,,,,,,,,,,,
REL_00450,SHL_SONGBEN_0098,clause,SHL_SONGBEN_0099,clause,same_formula_family,兩條均涉及小柴胡湯方證，但症狀條件不同。,,,,,,,,,,,,,
REL_00451,SHL_SONGBEN_0099,clause,SHL_SONGBEN_0100,clause,same_formula_family,兩條均涉及小柴胡湯方證，但症狀條件不同。,,,,,,,,,,,,,
REL_00452,SHL_SONGBEN_0100,clause,SHL_SONGBEN_0101,clause,same_formula_family,兩條均涉及小柴胡湯方證，但症狀條件不同。,,,,,,,,,,,,,
REL_00453,SHL_SONGBEN_0101,clause,SHL_SONGBEN_0103,clause,same_formula_family,兩條均涉及小柴胡湯方證，但症狀條件不同。,,,,,,,,,,,,,
REL_00454,SHL_SONGBEN_0103,clause,SHL_SONGBEN_0104,clause,same_formula_family,兩條均涉及小柴胡湯方證，但症狀條件不同。,,,,,,,,,,,,,
REL_00455,SHL_SONGBEN_0104,clause,SHL_SONGBEN_0123,clause,same_formula_family,兩條均涉及小柴胡湯方證，但症狀條件不同。,,,,,,,,,,,,,
REL_00456,SHL_SONGBEN_0123,clause,SHL_SONGBEN_0144,clause,same_formula_family,兩條均涉及小柴胡湯方證，但症狀條件不同。,,,,,,,,,,,,,
REL_00457,SHL_SONGBEN_0144,clause,SHL_SONGBEN_0148,clause,same_formula_family,兩條均涉及小柴胡湯方證，但症狀條件不同。,,,,,,,,,,,,,
REL_00458,SHL_SONGBEN_0148,clause,SHL_SONGBEN_0149,clause,same_formula_family,兩條均涉及小柴胡湯方證，但症狀條件不同。,,,,,,,,,,,,,
REL_00459,SHL_SONGBEN_0149,clause,SHL_SONGBEN_0229,clause,same_formula_family,兩條均涉及小柴胡湯方證，但症狀條件不同。,,,,,,,,,,,,,
REL_00460,SHL_SONGBEN_0229,clause,SHL_SONGBEN_0230,clause,same_formula_family,兩條均涉及小柴胡湯方證，但症狀條件不同。,,,,,,,,,,,,,
REL_00461,SHL_SONGBEN_0230,clause,SHL_SONGBEN_0231,clause,same_formula_family,兩條均涉及小柴胡湯方證，但症狀條件不同。,,,,,,,,,,,,,
REL_00462,SHL_SONGBEN_0231,clause,SHL_SONGBEN_0266,clause,same_formula_family,兩條均涉及小柴胡湯方證，但症狀條件不同。,,,,,,,,,,,,,
REL_00463,SHL_SONGBEN_0266,clause,SHL_SONGBEN_0267,clause,same_formula_family,兩條均涉及小柴胡湯方證，但症狀條件不同。,,,,,,,,,,,,,
REL_00464,SHL_SONGBEN_0267,clause,SHL_SONGBEN_0379,clause,same_formula_family,兩條均涉及小柴胡湯方證，但症狀條件不同。,,,,,,,,,,,,,
REL_00465,SHL_SONGBEN_0379,clause,SHL_SONGBEN_0394,clause,same_formula_family,兩條均涉及小柴胡湯方證，但症狀條件不同。,,,,,,,,,,,,,
REL_00466,SHL_SONGBEN_0038,clause,SHL_SONGBEN_0039,clause,same_formula_family,兩條均涉及大青龍湯方證，但症狀條件不同。,,,,,,,,,,,,,
REL_00467,SHL_SONGBEN_0040,clause,SHL_SONGBEN_0041,clause,same_formula_family,兩條均涉及小青龍湯方證，但症狀條件不同。,,,,,,,,,,,,,
REL_00468,SHL_SONGBEN_0063,clause,SHL_SONGBEN_0162,clause,same_formula_family,兩條均涉及麻黃杏仁甘草石膏湯方證，但症狀條件不同。,,,,,,,,,,,,,
REL_00469,SHL_SONGBEN_0071,clause,SHL_SONGBEN_0072,clause,same_formula_family,兩條均涉及五苓散方證，但症狀條件不同。,,,,,,,,,,,,,
REL_00470,SHL_SONGBEN_0072,clause,SHL_SONGBEN_0073,clause,same_formula_family,兩條均涉及五苓散方證，但症狀條件不同。,,,,,,,,,,,,,
REL_00471,SHL_SONGBEN_0073,clause,SHL_SONGBEN_0074,clause,same_formula_family,兩條均涉及五苓散方證，但症狀條件不同。,,,,,,,,,,,,,
REL_00472,SHL_SONGBEN_0074,clause,SHL_SONGBEN_0141,clause,same_formula_family,兩條均涉及五苓散方證，但症狀條件不同。,,,,,,,,,,,,,
REL_00473,SHL_SONGBEN_0141,clause,SHL_SONGBEN_0156,clause,same_formula_family,兩條均涉及五苓散方證，但症狀條件不同。,,,,,,,,,,,,,
REL_00474,SHL_SONGBEN_0156,clause,SHL_SONGBEN_0244,clause,same_formula_family,兩條均涉及五苓散方證，但症狀條件不同。,,,,,,,,,,,,,
REL_00475,SHL_SONGBEN_0244,clause,SHL_SONGBEN_0386,clause,same_formula_family,兩條均涉及五苓散方證，但症狀條件不同。,,,,,,,,,,,,,
REL_00476,SHL_SONGBEN_0073,clause,SHL_SONGBEN_0356,clause,same_formula_family,兩條均涉及茯苓甘草湯方證，但症狀條件不同。,,,,,,,,,,,,,
REL_00477,SHL_SONGBEN_0076,clause,SHL_SONGBEN_0077,clause,same_formula_family,兩條均涉及梔子豉湯方證，但症狀條件不同。,,,,,,,,,,,,,
REL_00478,SHL_SONGBEN_0077,clause,SHL_SONGBEN_0078,clause,same_formula_family,兩條均涉及梔子豉湯方證，但症狀條件不同。,,,,,,,,,,,,,
REL_00479,SHL_SONGBEN_0078,clause,SHL_SONGBEN_0221,clause,same_formula_family,兩條均涉及梔子豉湯方證，但症狀條件不同。,,,,,,,,,,,,,
REL_00480,SHL_SONGBEN_0221,clause,SHL_SONGBEN_0228,clause,same_formula_family,兩條均涉及梔子豉湯方證，但症狀條件不同。,,,,,,,,,,,,,
REL_00481,SHL_SONGBEN_0228,clause,SHL_SONGBEN_0375,clause,same_formula_family,兩條均涉及梔子豉湯方證，但症狀條件不同。,,,,,,,,,,,,,
REL_00482,SHL_SONGBEN_0082,clause,SHL_SONGBEN_0316,clause,same_formula_family,兩條均涉及真武湯方證，但症狀條件不同。,,,,,,,,,,,,,
REL_00483,SHL_SONGBEN_0100,clause,SHL_SONGBEN_0102,clause,same_formula_family,兩條均涉及小建中湯方證，但症狀條件不同。,,,,,,,,,,,,,
REL_00484,SHL_SONGBEN_0103,clause,SHL_SONGBEN_0136,clause,same_formula_family,兩條均涉及大柴胡湯方證，但症狀條件不同。,,,,,,,,,,,,,
REL_00485,SHL_SONGBEN_0136,clause,SHL_SONGBEN_0165,clause,same_formula_family,兩條均涉及大柴胡湯方證，但症狀條件不同。,,,,,,,,,,,,,
REL_00486,SHL_SONGBEN_0124,clause,SHL_SONGBEN_0125,clause,same_formula_family,兩條均涉及抵當湯方證，但症狀條件不同。,,,,,,,,,,,,,
REL_00487,SHL_SONGBEN_0125,clause,SHL_SONGBEN_0237,clause,same_formula_family,兩條均涉及抵當湯方證，但症狀條件不同。,,,,,,,,,,,,,
REL_00488,SHL_SONGBEN_0237,clause,SHL_SONGBEN_0257,clause,same_formula_family,兩條均涉及抵當湯方證，但症狀條件不同。,,,,,,,,,,,,,
REL_00489,SHL_SONGBEN_0134,clause,SHL_SONGBEN_0135,clause,same_formula_family,兩條均涉及大陷胸湯方證，但症狀條件不同。,,,,,,,,,,,,,
REL_00490,SHL_SONGBEN_0135,clause,SHL_SONGBEN_0136,clause,same_formula_family,兩條均涉及大陷胸湯方證，但症狀條件不同。,,,,,,,,,,,,,
REL_00491,SHL_SONGBEN_0136,clause,SHL_SONGBEN_0137,clause,same_formula_family,兩條均涉及大陷胸湯方證，但症狀條件不同。,,,,,,,,,,,,,
REL_00492,SHL_SONGBEN_0137,clause,SHL_SONGBEN_0149,clause,same_formula_family,兩條均涉及大陷胸湯方證，但症狀條件不同。,,,,,,,,,,,,,
REL_00493,SHL_SONGBEN_0138,clause,SHL_SONGBEN_0141,clause,same_formula_family,兩條均涉及小陷胸湯方證，但症狀條件不同。,,,,,,,,,,,,,
REL_00494,SHL_SONGBEN_0149,clause,SHL_SONGBEN_0157,clause,same_formula_family,兩條均涉及半夏瀉心湯方證，但症狀條件不同。,,,,,,,,,,,,,
REL_00495,SHL_SONGBEN_0154,clause,SHL_SONGBEN_0164,clause,same_formula_family,兩條均涉及大黃黃連瀉心湯方證，但症狀條件不同。,,,,,,,,,,,,,
REL_00496,SHL_SONGBEN_0155,clause,SHL_SONGBEN_0157,clause,same_formula_family,兩條均涉及附子瀉心湯方證，但症狀條件不同。,,,,,,,,,,,,,
REL_00497,SHL_SONGBEN_0157,clause,SHL_SONGBEN_0158,clause,same_formula_family,兩條均涉及甘草瀉心湯方證，但症狀條件不同。,,,,,,,,,,,,,
REL_00498,SHL_SONGBEN_0157,clause,SHL_SONGBEN_0159,clause,same_formula_family,兩條均涉及理中丸方證，但症狀條件不同。,,,,,,,,,,,,,
REL_00499,SHL_SONGBEN_0159,clause,SHL_SONGBEN_0386,clause,same_formula_family,兩條均涉及理中丸方證，但症狀條件不同。,,,,,,,,,,,,,
REL_00500,SHL_SONGBEN_0386,clause,SHL_SONGBEN_0396,clause,same_formula_family,兩條均涉及理中丸方證，但症狀條件不同。,,,,,,,,,,,,,
REL_00501,SHL_SONGBEN_0166,clause,SHL_SONGBEN_0355,clause,same_formula_family,兩條均涉及瓜蒂散方證，但症狀條件不同。,,,,,,,,,,,,,
REL_00502,SHL_SONGBEN_0172,clause,SHL_SONGBEN_0333,clause,same_formula_family,兩條均涉及黃芩湯方證，但症狀條件不同。,,,,,,,,,,,,,
REL_00503,SHL_SONGBEN_0176,clause,SHL_SONGBEN_0219,clause,same_formula_family,兩條均涉及白虎湯方證，但症狀條件不同。,,,,,,,,,,,,,
REL_00504,SHL_SONGBEN_0219,clause,SHL_SONGBEN_0350,clause,same_formula_family,兩條均涉及白虎湯方證，但症狀條件不同。,,,,,,,,,,,,,
REL_00505,SHL_SONGBEN_0208,clause,SHL_SONGBEN_0209,clause,same_formula_family,兩條均涉及大承氣湯方證，但症狀條件不同。,,,,,,,,,,,,,
REL_00506,SHL_SONGBEN_0209,clause,SHL_SONGBEN_0212,clause,same_formula_family,兩條均涉及大承氣湯方證，但症狀條件不同。,,,,,,,,,,,,,
REL_00507,SHL_SONGBEN_0212,clause,SHL_SONGBEN_0215,clause,same_formula_family,兩條均涉及大承氣湯方證，但症狀條件不同。,,,,,,,,,,,,,
REL_00508,SHL_SONGBEN_0215,clause,SHL_SONGBEN_0217,clause,same_formula_family,兩條均涉及大承氣湯方證，但症狀條件不同。,,,,,,,,,,,,,
REL_00509,SHL_SONGBEN_0217,clause,SHL_SONGBEN_0220,clause,same_formula_family,兩條均涉及大承氣湯方證，但症狀條件不同。,,,,,,,,,,,,,
REL_00510,SHL_SONGBEN_0220,clause,SHL_SONGBEN_0238,clause,same_formula_family,兩條均涉及大承氣湯方證，但症狀條件不同。,,,,,,,,,,,,,
REL_00511,SHL_SONGBEN_0238,clause,SHL_SONGBEN_0240,clause,same_formula_family,兩條均涉及大承氣湯方證，但症狀條件不同。,,,,,,,,,,,,,
REL_00512,SHL_SONGBEN_0240,clause,SHL_SONGBEN_0241,clause,same_formula_family,兩條均涉及大承氣湯方證，但症狀條件不同。,,,,,,,,,,,,,
REL_00513,SHL_SONGBEN_0241,clause,SHL_SONGBEN_0242,clause,same_formula_family,兩條均涉及大承氣湯方證，但症狀條件不同。,,,,,,,,,,,,,
REL_00514,SHL_SONGBEN_0242,clause,SHL_SONGBEN_0251,clause,same_formula_family,兩條均涉及大承氣湯方證，但症狀條件不同。,,,,,,,,,,,,,
REL_00515,SHL_SONGBEN_0251,clause,SHL_SONGBEN_0252,clause,same_formula_family,兩條均涉及大承氣湯方證，但症狀條件不同。,,,,,,,,,,,,,
REL_00516,SHL_SONGBEN_0252,clause,SHL_SONGBEN_0253,clause,same_formula_family,兩條均涉及大承氣湯方證，但症狀條件不同。,,,,,,,,,,,,,
REL_00517,SHL_SONGBEN_0253,clause,SHL_SONGBEN_0254,clause,same_formula_family,兩條均涉及大承氣湯方證，但症狀條件不同。,,,,,,,,,,,,,
REL_00518,SHL_SONGBEN_0254,clause,SHL_SONGBEN_0255,clause,same_formula_family,兩條均涉及大承氣湯方證，但症狀條件不同。,,,,,,,,,,,,,
REL_00519,SHL_SONGBEN_0255,clause,SHL_SONGBEN_0256,clause,same_formula_family,兩條均涉及大承氣湯方證，但症狀條件不同。,,,,,,,,,,,,,
REL_00520,SHL_SONGBEN_0256,clause,SHL_SONGBEN_0320,clause,same_formula_family,兩條均涉及大承氣湯方證，但症狀條件不同。,,,,,,,,,,,,,
REL_00521,SHL_SONGBEN_0320,clause,SHL_SONGBEN_0321,clause,same_formula_family,兩條均涉及大承氣湯方證，但症狀條件不同。,,,,,,,,,,,,,
REL_00522,SHL_SONGBEN_0321,clause,SHL_SONGBEN_0322,clause,same_formula_family,兩條均涉及大承氣湯方證，但症狀條件不同。,,,,,,,,,,,,,
REL_00523,SHL_SONGBEN_0208,clause,SHL_SONGBEN_0209,clause,same_formula_family,兩條均涉及小承氣湯方證，但症狀條件不同。,,,,,,,,,,,,,
REL_00524,SHL_SONGBEN_0209,clause,SHL_SONGBEN_0213,clause,same_formula_family,兩條均涉及小承氣湯方證，但症狀條件不同。,,,,,,,,,,,,,
REL_00525,SHL_SONGBEN_0213,clause,SHL_SONGBEN_0214,clause,same_formula_family,兩條均涉及小承氣湯方證，但症狀條件不同。,,,,,,,,,,,,,
REL_00526,SHL_SONGBEN_0214,clause,SHL_SONGBEN_0250,clause,same_formula_family,兩條均涉及小承氣湯方證，但症狀條件不同。,,,,,,,,,,,,,
REL_00527,SHL_SONGBEN_0250,clause,SHL_SONGBEN_0251,clause,same_formula_family,兩條均涉及小承氣湯方證，但症狀條件不同。,,,,,,,,,,,,,
REL_00528,SHL_SONGBEN_0251,clause,SHL_SONGBEN_0374,clause,same_formula_family,兩條均涉及小承氣湯方證，但症狀條件不同。,,,,,,,,,,,,,
REL_00529,SHL_SONGBEN_0223,clause,SHL_SONGBEN_0224,clause,same_formula_family,兩條均涉及豬苓湯方證，但症狀條件不同。,,,,,,,,,,,,,
REL_00530,SHL_SONGBEN_0224,clause,SHL_SONGBEN_0319,clause,same_formula_family,兩條均涉及豬苓湯方證，但症狀條件不同。,,,,,,,,,,,,,
REL_00531,SHL_SONGBEN_0236,clause,SHL_SONGBEN_0260,clause,same_formula_family,兩條均涉及茵陳蒿湯方證，但症狀條件不同。,,,,,,,,,,,,,
REL_00532,SHL_SONGBEN_0243,clause,SHL_SONGBEN_0309,clause,same_formula_family,兩條均涉及吳茱萸湯方證，但症狀條件不同。,,,,,,,,,,,,,
REL_00533,SHL_SONGBEN_0309,clause,SHL_SONGBEN_0378,clause,same_formula_family,兩條均涉及吳茱萸湯方證，但症狀條件不同。,,,,,,,,,,,,,
REL_00534,SHL_SONGBEN_0304,clause,SHL_SONGBEN_0305,clause,same_formula_family,兩條均涉及附子湯方證，但症狀條件不同。,,,,,,,,,,,,,
REL_00535,SHL_SONGBEN_0306,clause,SHL_SONGBEN_0307,clause,same_formula_family,兩條均涉及桃花湯方證，但症狀條件不同。,,,,,,,,,,,,,
REL_00536,SHL_SONGBEN_0314,clause,SHL_SONGBEN_0315,clause,same_formula_family,兩條均涉及白通湯方證，但症狀條件不同。,,,,,,,,,,,,,
REL_00537,SHL_SONGBEN_0317,clause,SHL_SONGBEN_0370,clause,same_formula_family,兩條均涉及通脈四逆湯方證，但症狀條件不同。,,,,,,,,,,,,,
REL_00538,SHL_SONGBEN_0351,clause,SHL_SONGBEN_0352,clause,same_formula_family,兩條均涉及當歸四逆湯方證，但症狀條件不同。,,,,,,,,,,,,,
REL_00539,SHL_SONGBEN_0371,clause,SHL_SONGBEN_0373,clause,same_formula_family,兩條均涉及白頭翁湯方證，但症狀條件不同。,,,,,,,,,,,,,
REL_00540,SHL_SONGBEN_0015,clause,SHL_SONGBEN_0012,clause,mistreatment_transformation,誤治變證（下之後）以桂枝湯救治，與該方主證條互參。,,,,,,,,,,,,,
REL_00541,SHL_SONGBEN_0028,clause,SHL_SONGBEN_0012,clause,mistreatment_transformation,誤治變證（下之）以桂枝湯救治，與該方主證條互參。,,,,,,,,,,,,,
REL_00542,SHL_SONGBEN_0029,clause,SHL_SONGBEN_0105,clause,mistreatment_transformation,誤治變證（重發汗、燒針）以調胃承氣湯救治，與該方主證條互參。,,,,,,,,,,,,,
REL_00543,SHL_SONGBEN_0044,clause,SHL_SONGBEN_0012,clause,mistreatment_transformation,誤治變證（下之）以桂枝湯救治，與該方主證條互參。,,,,,,,,,,,,,
REL_00544,SHL_SONGBEN_0045,clause,SHL_SONGBEN_0012,clause,mistreatment_transformation,誤治變證（而反下之）以桂枝湯救治，與該方主證條互參。,,,,,,,,,,,,,
REL_00545,SHL_SONGBEN_0063,clause,SHL_SONGBEN_0012,clause,mistreatment_transformation,誤治變證（發汗後）以桂枝湯救治，與該方主證條互參。,,,,,,,,,,,,,
REL_00546,SHL_SONGBEN_0070,clause,SHL_SONGBEN_0105,clause,mistreatment_transformation,誤治變證（發汗後）以調胃承氣湯救治，與該方主證條互參。,,,,,,,,,,,,,
REL_00547,SHL_SONGBEN_0077,clause,SHL_SONGBEN_0076,clause,mistreatment_transformation,誤治變證（若下之）以梔子豉湯救治，與該方主證條互參。,,,,,,,,,,,,,
REL_00548,SHL_SONGBEN_0078,clause,SHL_SONGBEN_0076,clause,mistreatment_transformation,誤治變證（大下之後）以梔子豉湯救治，與該方主證條互參。,,,,,,,,,,,,,
REL_00549,SHL_SONGBEN_0091,clause,SHL_SONGBEN_0029,clause,mistreatment_transformation,誤治變證（醫下之）以四逆湯救治，與該方主證條互參。,,,,,,,,,,,,,
REL_00550,SHL_SONGBEN_0091,clause,SHL_SONGBEN_0012,clause,mistreatment_transformation,誤治變證（醫下之）以桂枝湯救治，與該方主證條互參。,,,,,,,,,,,,,
REL_00551,SHL_SONGBEN_0094,clause,SHL_SONGBEN_0105,clause,mistreatment_transformation,誤治變證（下之）以調胃承氣湯救治，與該方主證條互參。,,,,,,,,,,,,,
REL_00552,SHL_SONGBEN_0098,clause,SHL_SONGBEN_0096,clause,mistreatment_transformation,誤治變證（下之）以小柴胡湯救治，與該方主證條互參。,,,,,,,,,,,,,
REL_00553,SHL_SONGBEN_0101,clause,SHL_SONGBEN_0096,clause,mistreatment_transformation,誤治變證（下之）以小柴胡湯救治，與該方主證條互參。,,,,,,,,,,,,,
REL_00554,SHL_SONGBEN_0103,clause,SHL_SONGBEN_0165,clause,mistreatment_transformation,誤治變證（下之）以大柴胡湯救治，與該方主證條互參。,,,,,,,,,,,,,
REL_00555,SHL_SONGBEN_0103,clause,SHL_SONGBEN_0096,clause,mistreatment_transformation,誤治變證（下之）以小柴胡湯救治，與該方主證條互參。,,,,,,,,,,,,,
REL_00556,SHL_SONGBEN_0104,clause,SHL_SONGBEN_0096,clause,mistreatment_transformation,誤治變證（下之）以小柴胡湯救治，與該方主證條互參。,,,,,,,,,,,,,
REL_00557,SHL_SONGBEN_0137,clause,SHL_SONGBEN_0134,clause,mistreatment_transformation,誤治變證（復下之、重發汗）以大陷胸湯救治，與該方主證條互參。,,,,,,,,,,,,,
REL_00558,SHL_SONGBEN_0149,clause,SHL_SONGBEN_0096,clause,mistreatment_transformation,誤治變證（下之）以小柴胡湯救治，與該方主證條互參。,,,,,,,,,,,,,
REL_00559,SHL_SONGBEN_0149,clause,SHL_SONGBEN_0134,clause,mistreatment_transformation,誤治變證（下之）以大陷胸湯救治，與該方主證條互參。,,,,,,,,,,,,,
REL_00560,SHL_SONGBEN_0156,clause,SHL_SONGBEN_0071,clause,mistreatment_transformation,誤治變證（下之）以五苓散救治，與該方主證條互參。,,,,,,,,,,,,,
REL_00561,SHL_SONGBEN_0159,clause,SHL_SONGBEN_0386,clause,mistreatment_transformation,誤治變證（下之）以理中丸救治，與該方主證條互參。,,,,,,,,,,,,,
REL_00562,SHL_SONGBEN_0162,clause,SHL_SONGBEN_0012,clause,mistreatment_transformation,誤治變證（下後）以桂枝湯救治，與該方主證條互參。,,,,,,,,,,,,,
REL_00563,SHL_SONGBEN_0162,clause,SHL_SONGBEN_0063,clause,mistreatment_transformation,誤治變證（下後）以麻黃杏仁甘草石膏湯救治，與該方主證條互參。,,,,,,,,,,,,,
REL_00564,SHL_SONGBEN_0164,clause,SHL_SONGBEN_0012,clause,mistreatment_transformation,誤治變證（大下後、復發汗）以桂枝湯救治，與該方主證條互參。,,,,,,,,,,,,,
REL_00565,SHL_SONGBEN_0164,clause,SHL_SONGBEN_0154,clause,mistreatment_transformation,誤治變證（大下後、復發汗）以大黃黃連瀉心湯救治，與該方主證條互參。,,,,,,,,,,,,,
REL_00566,SHL_SONGBEN_0168,clause,SHL_SONGBEN_0026,clause,mistreatment_transformation,誤治變證（下後、若吐）以白虎加人參湯救治，與該方主證條互參。,,,,,,,,,,,,,
REL_00567,SHL_SONGBEN_0212,clause,SHL_SONGBEN_0208,clause,mistreatment_transformation,誤治變證（下後、若吐）以大承氣湯救治，與該方主證條互參。,,,,,,,,,,,,,
REL_00568,SHL_SONGBEN_0215,clause,SHL_SONGBEN_0208,clause,mistreatment_transformation,誤治變證（下之）以大承氣湯救治，與該方主證條互參。,,,,,,,,,,,,,
REL_00569,SHL_SONGBEN_0217,clause,SHL_SONGBEN_0208,clause,mistreatment_transformation,誤治變證（下之）以大承氣湯救治，與該方主證條互參。,,,,,,,,,,,,,
REL_00570,SHL_SONGBEN_0219,clause,SHL_SONGBEN_0176,clause,mistreatment_transformation,誤治變證（下之）以白虎湯救治，與該方主證條互參。,,,,,,,,,,,,,
REL_00571,SHL_SONGBEN_0220,clause,SHL_SONGBEN_0208,clause,mistreatment_transformation,誤治變證（下之）以大承氣湯救治，與該方主證條互參。,,,,,,,,,,,,,
REL_00572,SHL_SONGBEN_0221,clause,SHL_SONGBEN_0076,clause,mistreatment_transformation,誤治變證（若下之、加溫針）以梔子豉湯救治，與該方主證條互參。,,,,,,,,,,,,,
REL_00573,SHL_SONGBEN_0228,clause,SHL_SONGBEN_0076,clause,mistreatment_transformation,誤治變證（下之）以梔子豉湯救治，與該方主證條互參。,,,,,,,,,,,,,
REL_00574,SHL_SONGBEN_0237,clause,SHL_SONGBEN_0124,clause,mistreatment_transformation,誤治變證（下之）以抵當湯救治，與該方主證條互參。,,,,,,,,,,,,,
REL_00575,SHL_SONGBEN_0238,clause,SHL_SONGBEN_0208,clause,mistreatment_transformation,誤治變證（下之）以大承氣湯救治，與該方主證條互參。,,,,,,,,,,,,,
REL_00576,SHL_SONGBEN_0240,clause,SHL_SONGBEN_0208,clause,mistreatment_transformation,誤治變證（下之）以大承氣湯救治，與該方主證條互參。,,,,,,,,,,,,,
REL_00577,SHL_SONGBEN_0240,clause,SHL_SONGBEN_0012,clause,mistreatment_transformation,誤治變證（下之）以桂枝湯救治，與該方主證條互參。,,,,,,,,,,,,,
REL_00578,SHL_SONGBEN_0241,clause,SHL_SONGBEN_0208,clause,mistreatment_transformation,誤治變證（大下後）以大承氣湯救治，與該方主證條互參。,,,,,,,,,,,,,
REL_00579,SHL_SONGBEN_0244,clause,SHL_SONGBEN_0071,clause,mistreatment_transformation,誤治變證（醫下之）以五苓散救治，與該方主證條互參。,,,,,,,,,,,,,
REL_00580,SHL_SONGBEN_0249,clause,SHL_SONGBEN_0105,clause,mistreatment_transformation,誤治變證（吐後）以調胃承氣湯救治，與該方主證條互參。,,,,,,,,,,,,,
REL_00581,SHL_SONGBEN_0250,clause,SHL_SONGBEN_0213,clause,mistreatment_transformation,誤治變證（發汗後、若吐）以小承氣湯救治，與該方主證條互參。,,,,,,,,,,,,,
REL_00582,SHL_SONGBEN_0252,clause,SHL_SONGBEN_0208,clause,mistreatment_transformation,誤治變證（下之）以大承氣湯救治，與該方主證條互參。,,,,,,,,,,,,,
REL_00583,SHL_SONGBEN_0253,clause,SHL_SONGBEN_0208,clause,mistreatment_transformation,誤治變證（下之）以大承氣湯救治，與該方主證條互參。,,,,,,,,,,,,,
REL_00584,SHL_SONGBEN_0254,clause,SHL_SONGBEN_0208,clause,mistreatment_transformation,誤治變證（下之）以大承氣湯救治，與該方主證條互參。,,,,,,,,,,,,,
REL_00585,SHL_SONGBEN_0255,clause,SHL_SONGBEN_0208,clause,mistreatment_transformation,誤治變證（下之）以大承氣湯救治，與該方主證條互參。,,,,,,,,,,,,,
REL_00586,SHL_SONGBEN_0256,clause,SHL_SONGBEN_0208,clause,mistreatment_transformation,誤治變證（下之）以大承氣湯救治，與該方主證條互參。,,,,,,,,,,,,,
REL_00587,SHL_SONGBEN_0257,clause,SHL_SONGBEN_0124,clause,mistreatment_transformation,誤治變證（下之）以抵當湯救治，與該方主證條互參。,,,,,,,,,,,,,
REL_00588,SHL_SONGBEN_0267,clause,SHL_SONGBEN_0096,clause,mistreatment_transformation,誤治變證（溫針）以小柴胡湯救治，與該方主證條互參。,,,,,,,,,,,,,
REL_00589,SHL_SONGBEN_0320,clause,SHL_SONGBEN_0208,clause,mistreatment_transformation,誤治變證（下之）以大承氣湯救治，與該方主證條互參。,,,,,,,,,,,,,
REL_00590,SHL_SONGBEN_0321,clause,SHL_SONGBEN_0208,clause,mistreatment_transformation,誤治變證（下之）以大承氣湯救治，與該方主證條互參。,,,,,,,,,,,,,
REL_00591,SHL_SONGBEN_0322,clause,SHL_SONGBEN_0208,clause,mistreatment_transformation,誤治變證（下之）以大承氣湯救治，與該方主證條互參。,,,,,,,,,,,,,
REL_00592,SHL_SONGBEN_0224,clause,SHL_SONGBEN_0223,clause,contraindication,本條為豬苓湯之禁例，與其主證條對勘。,,,,,,,,,,,,,
REL_00593,SHL_SONGBEN_0013,clause,SHL_SONGBEN_0023,clause,differential,二條共見汗出、發熱而結論方不同（桂枝湯 vs 桂枝麻黃各半湯），構成鑒別。,,,,,,,,,,,,,
REL_00594,SHL_SONGBEN_0013,clause,SHL_SONGBEN_0035,clause,differential,二條共見惡風、發熱、頭痛而結論方不同（桂枝湯 vs 麻黃湯），構成鑒別。,,,,,,,,,,,,,
REL_00595,SHL_SONGBEN_0013,clause,SHL_SONGBEN_0038,clause,differential,二條共見惡風、汗出、發熱而結論方不同（桂枝湯 vs 大青龍湯），構成鑒別。,,,,,,,,,,,,,
REL_00596,SHL_SONGBEN_0013,clause,SHL_SONGBEN_0082,clause,differential,二條共見汗出、發熱而結論方不同（桂枝湯 vs 真武湯），構成鑒別。,,,,,,,,,,,,,
REL_00597,SHL_SONGBEN_0013,clause,SHL_SONGBEN_0092,clause,differential,二條共見發熱、頭痛而結論方不同（桂枝湯 vs 四逆湯），構成鑒別。,,,,,,,,,,,,,
REL_00598,SHL_SONGBEN_0013,clause,SHL_SONGBEN_0101,clause,differential,二條共見汗出、發熱而結論方不同（桂枝湯 vs 小柴胡湯），構成鑒別。,,,,,,,,,,,,,
REL_00599,SHL_SONGBEN_0013,clause,SHL_SONGBEN_0134,clause,differential,二條共見發熱、頭痛而結論方不同（桂枝湯 vs 大陷胸湯），構成鑒別。,,,,,,,,,,,,,
REL_00600,SHL_SONGBEN_0013,clause,SHL_SONGBEN_0149,clause,differential,二條共見汗出、發熱而結論方不同（桂枝湯 vs 半夏瀉心湯），構成鑒別。,,,,,,,,,,,,,
REL_00601,SHL_SONGBEN_0013,clause,SHL_SONGBEN_0152,clause,differential,二條共見汗出、頭痛而結論方不同（桂枝湯 vs 十棗湯），構成鑒別。,,,,,,,,,,,,,
REL_00602,SHL_SONGBEN_0013,clause,SHL_SONGBEN_0165,clause,differential,二條共見汗出、發熱而結論方不同（桂枝湯 vs 大柴胡湯），構成鑒別。,,,,,,,,,,,,,
REL_00603,SHL_SONGBEN_0013,clause,SHL_SONGBEN_0175,clause,differential,二條共見惡風、汗出而結論方不同（桂枝湯 vs 甘草附子湯），構成鑒別。,,,,,,,,,,,,,
REL_00604,SHL_SONGBEN_0014,clause,SHL_SONGBEN_0031,clause,differential,二條共見惡風、項背強几几而結論方不同（桂枝加葛根湯 vs 葛根湯），構成鑒別。,,,,,,,,,,,,,
REL_00605,SHL_SONGBEN_0020,clause,SHL_SONGBEN_0098,clause,differential,二條共見小便難、惡風而結論方不同（桂枝加附子湯 vs 小柴胡湯），構成鑒別。,,,,,,,,,,,,,
REL_00606,SHL_SONGBEN_0023,clause,SHL_SONGBEN_0027,clause,differential,二條共見惡寒、發熱而結論方不同（桂枝麻黃各半湯 vs 桂枝二越婢一湯），構成鑒別。,,,,,,,,,,,,,
REL_00607,SHL_SONGBEN_0023,clause,SHL_SONGBEN_0038,clause,differential,二條共見惡寒、汗出、發熱而結論方不同（桂枝麻黃各半湯 vs 大青龍湯），構成鑒別。,,,,,,,,,,,,,
REL_00608,SHL_SONGBEN_0023,clause,SHL_SONGBEN_0082,clause,differential,二條共見汗出、發熱而結論方不同（桂枝麻黃各半湯 vs 真武湯），構成鑒別。,,,,,,,,,,,,,
REL_00609,SHL_SONGBEN_0023,clause,SHL_SONGBEN_0095,clause,differential,二條共見汗出、發熱而結論方不同（桂枝麻黃各半湯 vs 桂枝湯），構成鑒別。,,,,,,,,,,,,,
REL_00610,SHL_SONGBEN_0023,clause,SHL_SONGBEN_0101,clause,differential,二條共見汗出、發熱而結論方不同（桂枝麻黃各半湯 vs 小柴胡湯），構成鑒別。,,,,,,,,,,,,,
REL_00611,SHL_SONGBEN_0023,clause,SHL_SONGBEN_0149,clause,differential,二條共見汗出、發熱而結論方不同（桂枝麻黃各半湯 vs 半夏瀉心湯），構成鑒別。,,,,,,,,,,,,,
REL_00612,SHL_SONGBEN_0023,clause,SHL_SONGBEN_0155,clause,differential,二條共見惡寒、汗出而結論方不同（桂枝麻黃各半湯 vs 附子瀉心湯），構成鑒別。,,,,,,,,,,,,,
REL_00613,SHL_SONGBEN_0023,clause,SHL_SONGBEN_0165,clause,differential,二條共見汗出、發熱而結論方不同（桂枝麻黃各半湯 vs 大柴胡湯），構成鑒別。,,,,,,,,,,,,,
REL_00614,SHL_SONGBEN_0027,clause,SHL_SONGBEN_0038,clause,differential,二條共見惡寒、發熱而結論方不同（桂枝二越婢一湯 vs 大青龍湯），構成鑒別。,,,,,,,,,,,,,
REL_00615,SHL_SONGBEN_0028,clause,SHL_SONGBEN_0134,clause,differential,二條共見小便不利、無汗而結論方不同（桂枝去桂加茯苓白朮湯 vs 大陷胸湯），構成鑒別。,,,,,,,,,,,,,
REL_00616,SHL_SONGBEN_0029,clause,SHL_SONGBEN_0030,clause,differential,二條共見咽中乾、煩躁、譫語而結論方不同（甘草乾薑湯 vs 甘草乾薑湯），構成鑒別。,,,,,,,,,,,,,
REL_00617,SHL_SONGBEN_0029,clause,SHL_SONGBEN_0105,clause,differential,二條共見厥、譫語而結論方不同（甘草乾薑湯 vs 調胃承氣湯），構成鑒別。,,,,,,,,,,,,,
REL_00618,SHL_SONGBEN_0029,clause,SHL_SONGBEN_0169,clause,differential,二條共見微惡寒、心煩而結論方不同（甘草乾薑湯 vs 白虎加人參湯），構成鑒別。,,,,,,,,,,,,,
REL_00619,SHL_SONGBEN_0030,clause,SHL_SONGBEN_0038,clause,differential,二條共見厥逆、汗出、煩躁而結論方不同（甘草乾薑湯 vs 大青龍湯），構成鑒別。,,,,,,,,,,,,,
REL_00620,SHL_SONGBEN_0035,clause,SHL_SONGBEN_0038,clause,differential,二條共見惡風、發熱而結論方不同（麻黃湯 vs 大青龍湯），構成鑒別。,,,,,,,,,,,,,
REL_00621,SHL_SONGBEN_0035,clause,SHL_SONGBEN_0092,clause,differential,二條共見發熱、頭痛而結論方不同（麻黃湯 vs 四逆湯），構成鑒別。,,,,,,,,,,,,,
REL_00622,SHL_SONGBEN_0035,clause,SHL_SONGBEN_0134,clause,differential,二條共見發熱、頭痛而結論方不同（麻黃湯 vs 大陷胸湯），構成鑒別。,,,,,,,,,,,,,
REL_00623,SHL_SONGBEN_0038,clause,SHL_SONGBEN_0046,clause,differential,二條共見發熱、身疼痛而結論方不同（大青龍湯 vs 麻黃湯），構成鑒別。,,,,,,,,,,,,,
REL_00624,SHL_SONGBEN_0038,clause,SHL_SONGBEN_0082,clause,differential,二條共見汗出、發熱而結論方不同（大青龍湯 vs 真武湯），構成鑒別。,,,,,,,,,,,,,
REL_00625,SHL_SONGBEN_0038,clause,SHL_SONGBEN_0095,clause,differential,二條共見汗出、發熱而結論方不同（大青龍湯 vs 桂枝湯），構成鑒別。,,,,,,,,,,,,,
REL_00626,SHL_SONGBEN_0038,clause,SHL_SONGBEN_0101,clause,differential,二條共見汗出、發熱而結論方不同（大青龍湯 vs 小柴胡湯），構成鑒別。,,,,,,,,,,,,,
REL_00627,SHL_SONGBEN_0038,clause,SHL_SONGBEN_0149,clause,differential,二條共見汗出、發熱而結論方不同（大青龍湯 vs 半夏瀉心湯），構成鑒別。,,,,,,,,,,,,,
REL_00628,SHL_SONGBEN_0038,clause,SHL_SONGBEN_0155,clause,differential,二條共見惡寒、汗出而結論方不同（大青龍湯 vs 附子瀉心湯），構成鑒別。,,,,,,,,,,,,,
REL_00629,SHL_SONGBEN_0038,clause,SHL_SONGBEN_0165,clause,differential,二條共見汗出、發熱而結論方不同（大青龍湯 vs 大柴胡湯），構成鑒別。,,,,,,,,,,,,,
REL_00630,SHL_SONGBEN_0038,clause,SHL_SONGBEN_0175,clause,differential,二條共見惡風、汗出而結論方不同（大青龍湯 vs 甘草附子湯），構成鑒別。,,,,,,,,,,,,,
REL_00631,SHL_SONGBEN_0040,clause,SHL_SONGBEN_0096,clause,differential,二條共見咳、小便不利、渴而結論方不同（小青龍湯 vs 小柴胡湯），構成鑒別。,,,,,,,,,,,,,
REL_00632,SHL_SONGBEN_0040,clause,SHL_SONGBEN_0126,clause,differential,二條共見小便不利、少腹滿而結論方不同（小青龍湯 vs 抵當丸），構成鑒別。,,,,,,,,,,,,,
REL_00633,SHL_SONGBEN_0040,clause,SHL_SONGBEN_0134,clause,differential,二條共見小便不利、發熱而結論方不同（小青龍湯 vs 大陷胸湯），構成鑒別。,,,,,,,,,,,,,
REL_00634,SHL_SONGBEN_0040,clause,SHL_SONGBEN_0147,clause,differential,二條共見小便不利、渴而結論方不同（小青龍湯 vs 柴胡桂枝乾薑湯），構成鑒別。,,,,,,,,,,,,,
REL_00635,SHL_SONGBEN_0040,clause,SHL_SONGBEN_0156,clause,differential,二條共見小便不利、渴而結論方不同（小青龍湯 vs 五苓散），構成鑒別。,,,,,,,,,,,,,
REL_00636,SHL_SONGBEN_0041,clause,SHL_SONGBEN_0073,clause,differential,二條共見不渴、渴而結論方不同（小青龍湯 vs 茯苓甘草湯），構成鑒別。,,,,,,,,,,,,,
REL_00637,SHL_SONGBEN_0041,clause,SHL_SONGBEN_0096,clause,differential,二條共見不渴、咳、渴而結論方不同（小青龍湯 vs 小柴胡湯），構成鑒別。,,,,,,,,,,,,,
REL_00638,SHL_SONGBEN_0046,clause,SHL_SONGBEN_0134,clause,differential,二條共見無汗、發熱而結論方不同（麻黃湯 vs 大陷胸湯），構成鑒別。,,,,,,,,,,,,,
REL_00639,SHL_SONGBEN_0046,clause,SHL_SONGBEN_0170,clause,differential,二條共見無汗、發熱而結論方不同（麻黃湯 vs 白虎加人參湯），構成鑒別。,,,,,,,,,,,,,
REL_00640,SHL_SONGBEN_0063,clause,SHL_SONGBEN_0136,clause,differential,二條共見汗出、無大熱而結論方不同（麻黃杏仁甘草石膏湯 vs 大柴胡湯），構成鑒別。,,,,,,,,,,,,,
REL_00641,SHL_SONGBEN_0071,clause,SHL_SONGBEN_0096,clause,differential,二條共見小便不利、微熱而結論方不同（五苓散 vs 小柴胡湯），構成鑒別。,,,,,,,,,,,,,
REL_00642,SHL_SONGBEN_0073,clause,SHL_SONGBEN_0096,clause,differential,二條共見不渴、渴而結論方不同（茯苓甘草湯 vs 小柴胡湯），構成鑒別。,,,,,,,,,,,,,
REL_00643,SHL_SONGBEN_0074,clause,SHL_SONGBEN_0170,clause,differential,二條共見渴欲飲水、發熱而結論方不同（五苓散 vs 白虎加人參湯），構成鑒別。,,,,,,,,,,,,,
REL_00644,SHL_SONGBEN_0082,clause,SHL_SONGBEN_0095,clause,differential,二條共見汗出、發熱而結論方不同（真武湯 vs 桂枝湯），構成鑒別。,,,,,,,,,,,,,
REL_00645,SHL_SONGBEN_0082,clause,SHL_SONGBEN_0101,clause,differential,二條共見汗出、發熱而結論方不同（真武湯 vs 小柴胡湯），構成鑒別。,,,,,,,,,,,,,
REL_00646,SHL_SONGBEN_0082,clause,SHL_SONGBEN_0149,clause,differential,二條共見汗出、發熱而結論方不同（真武湯 vs 半夏瀉心湯），構成鑒別。,,,,,,,,,,,,,
REL_00647,SHL_SONGBEN_0082,clause,SHL_SONGBEN_0165,clause,differential,二條共見汗出、發熱而結論方不同（真武湯 vs 大柴胡湯），構成鑒別。,,,,,,,,,,,,,
REL_00648,SHL_SONGBEN_0092,clause,SHL_SONGBEN_0134,clause,differential,二條共見發熱、頭痛而結論方不同（四逆湯 vs 大陷胸湯），構成鑒別。,,,,,,,,,,,,,
REL_00649,SHL_SONGBEN_0095,clause,SHL_SONGBEN_0101,clause,differential,二條共見汗出、發熱而結論方不同（桂枝湯 vs 小柴胡湯），構成鑒別。,,,,,,,,,,,,,
REL_00650,SHL_SONGBEN_0095,clause,SHL_SONGBEN_0149,clause,differential,二條共見汗出、發熱而結論方不同（桂枝湯 vs 半夏瀉心湯），構成鑒別。,,,,,,,,,,,,,
REL_00651,SHL_SONGBEN_0095,clause,SHL_SONGBEN_0165,clause,differential,二條共見汗出、發熱而結論方不同（桂枝湯 vs 大柴胡湯），構成鑒別。,,,,,,,,,,,,,
REL_00652,SHL_SONGBEN_0096,clause,SHL_SONGBEN_0147,clause,differential,二條共見小便不利、往來寒熱、渴而結論方不同（小柴胡湯 vs 柴胡桂枝乾薑湯），構成鑒別。,,,,,,,,,,,,,
REL_00653,SHL_SONGBEN_0096,clause,SHL_SONGBEN_0156,clause,differential,二條共見小便不利、渴而結論方不同（小柴胡湯 vs 五苓散），構成鑒別。,,,,,,,,,,,,,
REL_00654,SHL_SONGBEN_0097,clause,SHL_SONGBEN_0147,clause,differential,二條共見往來寒熱、渴而結論方不同（小柴胡湯 vs 柴胡桂枝乾薑湯），構成鑒別。,,,,,,,,,,,,,
REL_00655,SHL_SONGBEN_0101,clause,SHL_SONGBEN_0149,clause,differential,二條共見汗出、發熱而結論方不同（小柴胡湯 vs 半夏瀉心湯），構成鑒別。,,,,,,,,,,,,,
REL_00656,SHL_SONGBEN_0101,clause,SHL_SONGBEN_0165,clause,differential,二條共見汗出、發熱而結論方不同（小柴胡湯 vs 大柴胡湯），構成鑒別。,,,,,,,,,,,,,
REL_00657,SHL_SONGBEN_0134,clause,SHL_SONGBEN_0147,clause,differential,二條共見小便不利、頭汗出而結論方不同（大陷胸湯 vs 柴胡桂枝乾薑湯），構成鑒別。,,,,,,,,,,,,,
REL_00658,SHL_SONGBEN_0134,clause,SHL_SONGBEN_0152,clause,differential,二條共見短氣、頭痛而結論方不同（大陷胸湯 vs 十棗湯），構成鑒別。,,,,,,,,,,,,,
REL_00659,SHL_SONGBEN_0134,clause,SHL_SONGBEN_0170,clause,differential,二條共見無汗、發熱而結論方不同（大陷胸湯 vs 白虎加人參湯），構成鑒別。,,,,,,,,,,,,,
REL_00660,SHL_SONGBEN_0134,clause,SHL_SONGBEN_0175,clause,differential,二條共見小便不利、短氣而結論方不同（大陷胸湯 vs 甘草附子湯），構成鑒別。,,,,,,,,,,,,,
REL_00661,SHL_SONGBEN_0136,clause,SHL_SONGBEN_0162,clause,differential,二條共見汗出、無大熱而結論方不同（大柴胡湯 vs 桂枝湯），構成鑒別。,,,,,,,,,,,,,
REL_00662,SHL_SONGBEN_0146,clause,SHL_SONGBEN_0149,clause,differential,二條共見嘔、發熱而結論方不同（柴胡桂枝湯 vs 半夏瀉心湯），構成鑒別。,,,,,,,,,,,,,
REL_00663,SHL_SONGBEN_0147,clause,SHL_SONGBEN_0156,clause,differential,二條共見小便不利、渴而結論方不同（柴胡桂枝乾薑湯 vs 五苓散），構成鑒別。,,,,,,,,,,,,,
REL_00664,SHL_SONGBEN_0147,clause,SHL_SONGBEN_0169,clause,differential,二條共見心煩、渴而結論方不同（柴胡桂枝乾薑湯 vs 白虎加人參湯），構成鑒別。,,,,,,,,,,,,,
REL_00665,SHL_SONGBEN_0149,clause,SHL_SONGBEN_0165,clause,differential,二條共見汗出、發熱而結論方不同（半夏瀉心湯 vs 大柴胡湯），構成鑒別。,,,,,,,,,,,,,
REL_00666,SHL_SONGBEN_0152,clause,SHL_SONGBEN_0157,clause,differential,二條共見下利、心下痞硬、汗出而結論方不同（十棗湯 vs 生薑瀉心湯），構成鑒別。,,,,,,,,,,,,,
REL_00667,SHL_SONGBEN_0152,clause,SHL_SONGBEN_0158,clause,differential,二條共見下利、乾嘔、心下痞硬而結論方不同（十棗湯 vs 甘草瀉心湯），構成鑒別。,,,,,,,,,,,,,
REL_00668,SHL_SONGBEN_0152,clause,SHL_SONGBEN_0165,clause,differential,二條共見下利、汗出而結論方不同（十棗湯 vs 大柴胡湯），構成鑒別。,,,,,,,,,,,,,
REL_00669,SHL_SONGBEN_0152,clause,SHL_SONGBEN_0175,clause,differential,二條共見汗出、短氣而結論方不同（十棗湯 vs 甘草附子湯），構成鑒別。,,,,,,,,,,,,,
REL_00670,SHL_SONGBEN_0155,clause,SHL_SONGBEN_0164,clause,differential,二條共見心下痞、惡寒而結論方不同（附子瀉心湯 vs 桂枝湯），構成鑒別。,,,,,,,,,,,,,
REL_00671,SHL_SONGBEN_0156,clause,SHL_SONGBEN_0169,clause,differential,二條共見口燥、渴而結論方不同（五苓散 vs 白虎加人參湯），構成鑒別。,,,,,,,,,,,,,
REL_00672,SHL_SONGBEN_0157,clause,SHL_SONGBEN_0158,clause,differential,二條共見下利、心下痞硬、腹中雷鳴而結論方不同（生薑瀉心湯 vs 甘草瀉心湯），構成鑒別。,,,,,,,,,,,,,
REL_00673,SHL_SONGBEN_0157,clause,SHL_SONGBEN_0165,clause,differential,二條共見下利、汗出而結論方不同（生薑瀉心湯 vs 大柴胡湯），構成鑒別。,,,,,,,,,,,,,
REL_00674,SHL_SONGBEN_0208,clause,SHL_SONGBEN_0212,clause,differential,二條共見不惡寒、發熱而結論方不同（大承氣湯 vs 大承氣湯），構成鑒別。,,,,,,,,,,,,,
REL_00675,SHL_SONGBEN_0208,clause,SHL_SONGBEN_0221,clause,differential,二條共見不惡寒、喘、汗出而結論方不同（大承氣湯 vs 梔子豉湯），構成鑒別。,,,,,,,,,,,,,
REL_00676,SHL_SONGBEN_0208,clause,SHL_SONGBEN_0224,clause,differential,二條共見汗出、汗多而結論方不同（大承氣湯 vs 豬苓湯），構成鑒別。,,,,,,,,,,,,,
REL_00677,SHL_SONGBEN_0208,clause,SHL_SONGBEN_0231,clause,differential,二條共見潮熱、短氣而結論方不同（大承氣湯 vs 小柴胡湯），構成鑒別。,,,,,,,,,,,,,
REL_00678,SHL_SONGBEN_0208,clause,SHL_SONGBEN_0236,clause,differential,二條共見汗出、發熱而結論方不同（大承氣湯 vs 茵陳蒿湯），構成鑒別。,,,,,,,,,,,,,
REL_00679,SHL_SONGBEN_0208,clause,SHL_SONGBEN_0240,clause,differential,二條共見汗出、發熱而結論方不同（大承氣湯 vs 大承氣湯），構成鑒別。,,,,,,,,,,,,,
REL_00680,SHL_SONGBEN_0208,clause,SHL_SONGBEN_0244,clause,differential,二條共見不惡寒、惡寒、汗出而結論方不同（大承氣湯 vs 五苓散），構成鑒別。,,,,,,,,,,,,,
REL_00681,SHL_SONGBEN_0208,clause,SHL_SONGBEN_0253,clause,differential,二條共見汗多、發熱而結論方不同（大承氣湯 vs 大承氣湯），構成鑒別。,,,,,,,,,,,,,
REL_00682,SHL_SONGBEN_0209,clause,SHL_SONGBEN_0212,clause,differential,二條共見不大便、發熱而結論方不同（大承氣湯 vs 大承氣湯），構成鑒別。,,,,,,,,,,,,,
REL_00683,SHL_SONGBEN_0209,clause,SHL_SONGBEN_0214,clause,differential,二條共見不大便、潮熱而結論方不同（大承氣湯 vs 小承氣湯），構成鑒別。,,,,,,,,,,,,,
REL_00684,SHL_SONGBEN_0209,clause,SHL_SONGBEN_0215,clause,differential,二條共見潮熱、燥屎而結論方不同（大承氣湯 vs 大承氣湯），構成鑒別。,,,,,,,,,,,,,
REL_00685,SHL_SONGBEN_0209,clause,SHL_SONGBEN_0231,clause,differential,二條共見噦、潮熱而結論方不同（大承氣湯 vs 小柴胡湯），構成鑒別。,,,,,,,,,,,,,
REL_00686,SHL_SONGBEN_0209,clause,SHL_SONGBEN_0241,clause,differential,二條共見不大便、燥屎而結論方不同（大承氣湯 vs 大承氣湯），構成鑒別。,,,,,,,,,,,,,
REL_00687,SHL_SONGBEN_0209,clause,SHL_SONGBEN_0257,clause,differential,二條共見不大便、發熱而結論方不同（大承氣湯 vs 抵當湯），構成鑒別。,,,,,,,,,,,,,
REL_00688,SHL_SONGBEN_0212,clause,SHL_SONGBEN_0214,clause,differential,二條共見不大便、譫語而結論方不同（大承氣湯 vs 小承氣湯），構成鑒別。,,,,,,,,,,,,,
REL_00689,SHL_SONGBEN_0212,clause,SHL_SONGBEN_0221,clause,differential,二條共見不惡寒、發熱而結論方不同（大承氣湯 vs 梔子豉湯），構成鑒別。,,,,,,,,,,,,,
REL_00690,SHL_SONGBEN_0212,clause,SHL_SONGBEN_0244,clause,differential,二條共見不惡寒、發熱而結論方不同（大承氣湯 vs 五苓散），構成鑒別。,,,,,,,,,,,,,
REL_00691,SHL_SONGBEN_0212,clause,SHL_SONGBEN_0257,clause,differential,二條共見不大便、發熱而結論方不同（大承氣湯 vs 抵當湯），構成鑒別。,,,,,,,,,,,,,
REL_00692,SHL_SONGBEN_0214,clause,SHL_SONGBEN_0215,clause,differential,二條共見潮熱、譫語而結論方不同（小承氣湯 vs 大承氣湯），構成鑒別。,,,,,,,,,,,,,
REL_00693,SHL_SONGBEN_0214,clause,SHL_SONGBEN_0220,clause,differential,二條共見潮熱、譫語而結論方不同（小承氣湯 vs 大承氣湯），構成鑒別。,,,,,,,,,,,,,
REL_00694,SHL_SONGBEN_0219,clause,SHL_SONGBEN_0221,clause,differential,二條共見腹滿、身重而結論方不同（白虎湯 vs 梔子豉湯），構成鑒別。,,,,,,,,,,,,,
REL_00695,SHL_SONGBEN_0221,clause,SHL_SONGBEN_0236,clause,differential,二條共見汗出、發熱而結論方不同（梔子豉湯 vs 茵陳蒿湯），構成鑒別。,,,,,,,,,,,,,
REL_00696,SHL_SONGBEN_0221,clause,SHL_SONGBEN_0240,clause,differential,二條共見汗出、發熱而結論方不同（梔子豉湯 vs 大承氣湯），構成鑒別。,,,,,,,,,,,,,
REL_00697,SHL_SONGBEN_0221,clause,SHL_SONGBEN_0244,clause,differential,二條共見不惡寒、汗出、發熱而結論方不同（梔子豉湯 vs 五苓散），構成鑒別。,,,,,,,,,,,,,
REL_00698,SHL_SONGBEN_0223,clause,SHL_SONGBEN_0236,clause,differential,二條共見小便不利、發熱而結論方不同（豬苓湯 vs 茵陳蒿湯），構成鑒別。,,,,,,,,,,,,,
REL_00699,SHL_SONGBEN_0223,clause,SHL_SONGBEN_0244,clause,differential,二條共見渴欲飲水、發熱而結論方不同（豬苓湯 vs 五苓散），構成鑒別。,,,,,,,,,,,,,
REL_00700,SHL_SONGBEN_0224,clause,SHL_SONGBEN_0236,clause,differential,二條共見汗出、渴而結論方不同（豬苓湯 vs 茵陳蒿湯），構成鑒別。,,,,,,,,,,,,,
REL_00701,SHL_SONGBEN_0224,clause,SHL_SONGBEN_0244,clause,differential,二條共見汗出、渴而結論方不同（豬苓湯 vs 五苓散），構成鑒別。,,,,,,,,,,,,,
REL_00702,SHL_SONGBEN_0236,clause,SHL_SONGBEN_0240,clause,differential,二條共見汗出、發熱而結論方不同（茵陳蒿湯 vs 大承氣湯），構成鑒別。,,,,,,,,,,,,,
REL_00703,SHL_SONGBEN_0236,clause,SHL_SONGBEN_0244,clause,differential,二條共見汗出、渴、發熱而結論方不同（茵陳蒿湯 vs 五苓散），構成鑒別。,,,,,,,,,,,,,
REL_00704,SHL_SONGBEN_0240,clause,SHL_SONGBEN_0244,clause,differential,二條共見汗出、發熱而結論方不同（大承氣湯 vs 五苓散），構成鑒別。,,,,,,,,,,,,,
REL_00705,SHL_SONGBEN_0307,clause,SHL_SONGBEN_0316,clause,differential,二條共見小便不利、腹痛而結論方不同（桃花湯 vs 真武湯方（附加減法）），構成鑒別。,,,,,,,,,,,,,
REL_00706,SHL_SONGBEN_0310,clause,SHL_SONGBEN_0319,clause,differential,二條共見下利、心煩而結論方不同（豬膚湯 vs 豬苓湯），構成鑒別。,,,,,,,,,,,,,
REL_00707,SHL_SONGBEN_0316,clause,SHL_SONGBEN_0318,clause,differential,二條共見咳、小便不利而結論方不同（真武湯方（附加減法） vs 四逆散），構成鑒別。,,,,,,,,,,,,,
REL_00708,SHL_SONGBEN_0316,clause,SHL_SONGBEN_0319,clause,differential,二條共見下利、咳、嘔而結論方不同（真武湯方（附加減法） vs 豬苓湯），構成鑒別。,,,,,,,,,,,,,
REL_00709,SHL_SONGBEN_0338,clause,SHL_SONGBEN_0377,clause,differential,二條共見厥、嘔而結論方不同（烏梅丸 vs 四逆湯），構成鑒別。,,,,,,,,,,,,,
REL_00710,SHL_SONGBEN_0048,clause,SHL_SONGBEN_0180,clause,transmission,本條言傳變：太陽病→陽明病。,,,,,,,,,,,,,
REL_00711,SHL_SONGBEN_0097,clause,SHL_SONGBEN_0180,clause,transmission,本條言傳變：太陽病→陽明病。,,,,,,,,,,,,,
REL_00712,SHL_SONGBEN_0384,clause,SHL_SONGBEN_0180,clause,transmission,本條言傳變：霍亂病→陽明病。,,,,,,,,,,,,,
REL_00713,SHL_SONGBEN_0001,clause,VR_GUIBEN_0001,variant,variant,傷寒雜病論_桂本存在對應異文（相似度1.00）。,傷寒雜病論_桂本:辨太陽病脈證並治上,,,,,,,,,,,,
REL_00714,SHL_SONGBEN_0002,clause,VR_GUIBEN_0002,variant,variant,傷寒雜病論_桂本存在對應異文（相似度1.00）。,傷寒雜病論_桂本:辨太陽病脈證並治上,,,,,,,,,,,,
REL_00715,SHL_SONGBEN_0003,clause,VR_GUIBEN_0003,variant,variant,傷寒雜病論_桂本存在對應異文（相似度0.92）。,傷寒雜病論_桂本:辨太陽病脈證並治上,,,,,,,,,,,,
REL_00716,SHL_SONGBEN_0004,clause,VR_GUIBEN_0004,variant,variant,傷寒雜病論_桂本存在對應異文（相似度0.96）。,傷寒雜病論_桂本:辨太陽病脈證並治上,,,,,,,,,,,,
REL_00717,SHL_SONGBEN_0005,clause,VR_GUIBEN_0005,variant,variant,傷寒雜病論_桂本存在對應異文（相似度0.91）。,傷寒雜病論_桂本:辨太陽病脈證並治上,,,,,,,,,,,,
REL_00718,SHL_SONGBEN_0006,clause,VR_GUIBEN_0006,variant,variant,傷寒雜病論_桂本存在對應異文（相似度0.98）。,傷寒雜病論_桂本:辨太陽病脈證並治上,,,,,,,,,,,,
REL_00719,SHL_SONGBEN_0007,clause,VR_GUIBEN_0007,variant,variant,傷寒雜病論_桂本存在對應異文（相似度1.00）。,傷寒雜病論_桂本:辨太陽病脈證並治上,,,,,,,,,,,,
REL_00720,SHL_SONGBEN_0008,clause,VR_GUIBEN_0008,variant,variant,傷寒雜病論_桂本存在對應異文（相似度1.00）。,傷寒雜病論_桂本:辨太陽病脈證並治上,,,,,,,,,,,,
REL_00721,SHL_SONGBEN_0009,clause,VR_GUIBEN_0009,variant,variant,傷寒雜病論_桂本存在對應異文（相似度1.00）。,傷寒雜病論_桂本:辨太陽病脈證並治上,,,,,,,,,,,,
REL_00722,SHL_SONGBEN_0010,clause,VR_GUIBEN_0010,variant,variant,傷寒雜病論_桂本存在對應異文（相似度1.00）。,傷寒雜病論_桂本:辨太陽病脈證並治上,,,,,,,,,,,,
REL_00723,SHL_SONGBEN_0011,clause,VR_GUIBEN_0011,variant,variant,傷寒雜病論_桂本存在對應異文（相似度0.80）。,傷寒雜病論_桂本:辨太陽病脈證並治上,,,,,,,,,,,,
REL_00724,SHL_SONGBEN_0012,clause,VR_GUIBEN_0012,variant,variant,傷寒雜病論_桂本存在對應異文（相似度0.80）。,傷寒雜病論_桂本:辨太陽病脈證並治上,,,,,,,,,,,,
REL_00725,SHL_SONGBEN_0013,clause,VR_GUIBEN_0013,variant,variant,傷寒雜病論_桂本存在對應異文（相似度0.91）。,傷寒雜病論_桂本:辨太陽病脈證並治上,,,,,,,,,,,,
REL_00726,SHL_SONGBEN_0014,clause,VR_GUIBEN_0014,variant,variant,傷寒雜病論_桂本存在對應異文（相似度0.81）。,傷寒雜病論_桂本:辨太陽病脈證並治上,,,,,,,,,,,,
REL_00727,SHL_SONGBEN_0015,clause,VR_GUIBEN_0015,variant,variant,傷寒雜病論_桂本存在對應異文（相似度0.94）。,傷寒雜病論_桂本:辨太陽病脈證並治上,,,,,,,,,,,,
REL_00728,SHL_SONGBEN_0016,clause,VR_GUIBEN_0016,variant,variant,傷寒雜病論_桂本存在對應異文（相似度0.69）。,傷寒雜病論_桂本:辨太陽病脈證並治上,,,,,,,,,,,,
REL_00729,SHL_SONGBEN_0018,clause,VR_GUIBEN_0017,variant,variant,傷寒雜病論_桂本存在對應異文（相似度0.83）。,傷寒雜病論_桂本:辨太陽病脈證並治上,,,,,,,,,,,,
REL_00730,SHL_SONGBEN_0019,clause,VR_GUIBEN_0018,variant,variant,傷寒雜病論_桂本存在對應異文（相似度1.00）。,傷寒雜病論_桂本:辨太陽病脈證並治上,,,,,,,,,,,,
REL_00731,SHL_SONGBEN_0020,clause,VR_GUIBEN_0019,variant,variant,傷寒雜病論_桂本存在對應異文（相似度1.00）。,傷寒雜病論_桂本:辨太陽病脈證並治上,,,,,,,,,,,,
REL_00732,SHL_SONGBEN_0021,clause,VR_GUIBEN_0020,variant,variant,傷寒雜病論_桂本存在對應異文（相似度1.00）。,傷寒雜病論_桂本:辨太陽病脈證並治上,,,,,,,,,,,,
REL_00733,SHL_SONGBEN_0022,clause,VR_GUIBEN_0021,variant,variant,傷寒雜病論_桂本存在對應異文（相似度0.69）。,傷寒雜病論_桂本:辨太陽病脈證並治上,,,,,,,,,,,,
REL_00734,SHL_SONGBEN_0023,clause,VR_GUIBEN_0022,variant,variant,傷寒雜病論_桂本存在對應異文（相似度0.98）。,傷寒雜病論_桂本:辨太陽病脈證並治上,,,,,,,,,,,,
REL_00735,SHL_SONGBEN_0024,clause,VR_GUIBEN_0023,variant,variant,傷寒雜病論_桂本存在對應異文（相似度0.86）。,傷寒雜病論_桂本:辨太陽病脈證並治上,,,,,,,,,,,,
REL_00736,SHL_SONGBEN_0025,clause,VR_GUIBEN_0024,variant,variant,傷寒雜病論_桂本存在對應異文（相似度0.71）。,傷寒雜病論_桂本:辨太陽病脈證並治上,,,,,,,,,,,,
REL_00737,SHL_SONGBEN_0026,clause,VR_GUIBEN_0025,variant,variant,傷寒雜病論_桂本存在對應異文（相似度0.78）。,傷寒雜病論_桂本:辨太陽病脈證並治上,,,,,,,,,,,,
REL_00738,SHL_SONGBEN_0027,clause,VR_GUIBEN_0026,variant,variant,傷寒雜病論_桂本存在對應異文（相似度0.86）。,傷寒雜病論_桂本:辨太陽病脈證並治上,,,,,,,,,,,,
REL_00739,SHL_SONGBEN_0028,clause,VR_GUIBEN_0027,variant,variant,傷寒雜病論_桂本存在對應異文（相似度0.96）。,傷寒雜病論_桂本:辨太陽病脈證並治上,,,,,,,,,,,,
REL_00740,SHL_SONGBEN_0029,clause,VR_GUIBEN_0028,variant,variant,傷寒雜病論_桂本存在對應異文（相似度0.96）。,傷寒雜病論_桂本:辨太陽病脈證並治上,,,,,,,,,,,,
REL_00741,SHL_SONGBEN_0031,clause,VR_GUIBEN_0029,variant,variant,傷寒雜病論_桂本存在對應異文（相似度0.73）。,傷寒雜病論_桂本:辨太陽病脈證並治中,,,,,,,,,,,,
REL_00742,SHL_SONGBEN_0032,clause,VR_GUIBEN_0030,variant,variant,傷寒雜病論_桂本存在對應異文（相似度0.74）。,傷寒雜病論_桂本:辨太陽病脈證並治中,,,,,,,,,,,,
REL_00743,SHL_SONGBEN_0033,clause,VR_GUIBEN_0031,variant,variant,傷寒雜病論_桂本存在對應異文（相似度0.81）。,傷寒雜病論_桂本:辨太陽病脈證並治中,,,,,,,,,,,,
REL_00744,SHL_SONGBEN_0034,clause,VR_GUIBEN_0032,variant,variant,傷寒雜病論_桂本存在對應異文（相似度0.86）。,傷寒雜病論_桂本:辨太陽病脈證並治中,,,,,,,,,,,,
REL_00745,SHL_SONGBEN_0035,clause,VR_GUIBEN_0033,variant,variant,傷寒雜病論_桂本存在對應異文（相似度0.89）。,傷寒雜病論_桂本:辨太陽病脈證並治中,,,,,,,,,,,,
REL_00746,SHL_SONGBEN_0036,clause,VR_GUIBEN_0034,variant,variant,傷寒雜病論_桂本存在對應異文（相似度0.85）。,傷寒雜病論_桂本:辨太陽病脈證並治中,,,,,,,,,,,,
REL_00747,SHL_SONGBEN_0037,clause,VR_GUIBEN_0035,variant,variant,傷寒雜病論_桂本存在對應異文（相似度0.93）。,傷寒雜病論_桂本:辨太陽病脈證並治中,,,,,,,,,,,,
REL_00748,SHL_SONGBEN_0039,clause,VR_GUIBEN_0036,variant,variant,傷寒雜病論_桂本存在對應異文（相似度0.73）。,傷寒雜病論_桂本:辨太陽病脈證並治中,,,,,,,,,,,,
REL_00749,SHL_SONGBEN_0040,clause,VR_GUIBEN_0037,variant,variant,傷寒雜病論_桂本存在對應異文（相似度0.95）。,傷寒雜病論_桂本:辨太陽病脈證並治中,,,,,,,,,,,,
REL_00750,SHL_SONGBEN_0041,clause,VR_GUIBEN_0038,variant,variant,傷寒雜病論_桂本存在對應異文（相似度0.89）。,傷寒雜病論_桂本:辨太陽病脈證並治中,,,,,,,,,,,,
REL_00751,SHL_SONGBEN_0042,clause,VR_GUIBEN_0039,variant,variant,傷寒雜病論_桂本存在對應異文（相似度0.92）。,傷寒雜病論_桂本:辨太陽病脈證並治中,,,,,,,,,,,,
REL_00752,SHL_SONGBEN_0043,clause,VR_GUIBEN_0040,variant,variant,傷寒雜病論_桂本存在對應異文（相似度1.00）。,傷寒雜病論_桂本:辨太陽病脈證並治中,,,,,,,,,,,,
REL_00753,SHL_SONGBEN_0044,clause,VR_GUIBEN_0041,variant,variant,傷寒雜病論_桂本存在對應異文（相似度0.92）。,傷寒雜病論_桂本:辨太陽病脈證並治中,,,,,,,,,,,,
REL_00754,SHL_SONGBEN_0045,clause,VR_GUIBEN_0042,variant,variant,傷寒雜病論_桂本存在對應異文（相似度0.92）。,傷寒雜病論_桂本:辨太陽病脈證並治中,,,,,,,,,,,,
REL_00755,SHL_SONGBEN_0046,clause,VR_GUIBEN_0043,variant,variant,傷寒雜病論_桂本存在對應異文（相似度0.93）。,傷寒雜病論_桂本:辨太陽病脈證並治中,,,,,,,,,,,,
REL_00756,SHL_SONGBEN_0047,clause,VR_GUIBEN_0044,variant,variant,傷寒雜病論_桂本存在對應異文（相似度0.81）。,傷寒雜病論_桂本:辨太陽病脈證並治中,,,,,,,,,,,,
REL_00757,SHL_SONGBEN_0048,clause,VR_GUIBEN_0045,variant,variant,傷寒雜病論_桂本存在對應異文（相似度0.88）。,傷寒雜病論_桂本:辨太陽病脈證並治中,,,,,,,,,,,,
REL_00758,SHL_SONGBEN_0049,clause,VR_GUIBEN_0046,variant,variant,傷寒雜病論_桂本存在對應異文（相似度0.71）。,傷寒雜病論_桂本:辨太陽病脈證並治中,,,,,,,,,,,,
REL_00759,SHL_SONGBEN_0050,clause,VR_GUIBEN_0047,variant,variant,傷寒雜病論_桂本存在對應異文（相似度0.73）。,傷寒雜病論_桂本:辨太陽病脈證並治中,,,,,,,,,,,,
REL_00760,SHL_SONGBEN_0051,clause,VR_GUIBEN_0048,variant,variant,傷寒雜病論_桂本存在對應異文（相似度0.89）。,傷寒雜病論_桂本:辨太陽病脈證並治中,,,,,,,,,,,,
REL_00761,SHL_SONGBEN_0052,clause,VR_GUIBEN_0049,variant,variant,傷寒雜病論_桂本存在對應異文（相似度0.72）。,傷寒雜病論_桂本:辨太陽病脈證並治中,,,,,,,,,,,,
REL_00762,SHL_SONGBEN_0053,clause,VR_GUIBEN_0050,variant,variant,傷寒雜病論_桂本存在對應異文（相似度0.66）。,傷寒雜病論_桂本:辨太陽病脈證並治中,,,,,,,,,,,,
REL_00763,SHL_SONGBEN_0054,clause,VR_GUIBEN_0051,variant,variant,傷寒雜病論_桂本存在對應異文（相似度0.88）。,傷寒雜病論_桂本:辨太陽病脈證並治中,,,,,,,,,,,,
REL_00764,SHL_SONGBEN_0055,clause,VR_GUIBEN_0052,variant,variant,傷寒雜病論_桂本存在對應異文（相似度0.76）。,傷寒雜病論_桂本:辨太陽病脈證並治中,,,,,,,,,,,,
REL_00765,SHL_SONGBEN_0056,clause,VR_GUIBEN_0053,variant,variant,傷寒雜病論_桂本存在對應異文（相似度0.87）。,傷寒雜病論_桂本:辨太陽病脈證並治中,,,,,,,,,,,,
REL_00766,SHL_SONGBEN_0057,clause,VR_GUIBEN_0054,variant,variant,傷寒雜病論_桂本存在對應異文（相似度0.80）。,傷寒雜病論_桂本:辨太陽病脈證並治中,,,,,,,,,,,,
REL_00767,SHL_SONGBEN_0058,clause,VR_GUIBEN_0055,variant,variant,傷寒雜病論_桂本存在對應異文（相似度1.00）。,傷寒雜病論_桂本:辨太陽病脈證並治中,,,,,,,,,,,,
REL_00768,SHL_SONGBEN_0059,clause,VR_GUIBEN_0056,variant,variant,傷寒雜病論_桂本存在對應異文（相似度0.64）。,傷寒雜病論_桂本:辨太陽病脈證並治中,,,,,,,,,,,,
REL_00769,SHL_SONGBEN_0060,clause,VR_GUIBEN_0057,variant,variant,傷寒雜病論_桂本存在對應異文（相似度0.83）。,傷寒雜病論_桂本:辨太陽病脈證並治中,,,,,,,,,,,,
REL_00770,SHL_SONGBEN_0061,clause,VR_GUIBEN_0058,variant,variant,傷寒雜病論_桂本存在對應異文（相似度0.96）。,傷寒雜病論_桂本:辨太陽病脈證並治中,,,,,,,,,,,,
REL_00771,SHL_SONGBEN_0062,clause,VR_GUIBEN_0059,variant,variant,傷寒雜病論_桂本存在對應異文（相似度0.64）。,傷寒雜病論_桂本:辨太陽病脈證並治中,,,,,,,,,,,,
REL_00772,SHL_SONGBEN_0063,clause,VR_GUIBEN_0060,variant,variant,傷寒雜病論_桂本存在對應異文（相似度0.93）。,傷寒雜病論_桂本:辨太陽病脈證並治中,,,,,,,,,,,,
REL_00773,SHL_SONGBEN_0064,clause,VR_GUIBEN_0061,variant,variant,傷寒雜病論_桂本存在對應異文（相似度1.00）。,傷寒雜病論_桂本:辨太陽病脈證並治中,,,,,,,,,,,,
REL_00774,SHL_SONGBEN_0065,clause,VR_GUIBEN_0062,variant,variant,傷寒雜病論_桂本存在對應異文（相似度0.94）。,傷寒雜病論_桂本:辨太陽病脈證並治中,,,,,,,,,,,,
REL_00775,SHL_SONGBEN_0066,clause,VR_GUIBEN_0063,variant,variant,傷寒雜病論_桂本存在對應異文（相似度1.00）。,傷寒雜病論_桂本:辨太陽病脈證並治中,,,,,,,,,,,,
REL_00776,SHL_SONGBEN_0067,clause,VR_GUIBEN_0064,variant,variant,傷寒雜病論_桂本存在對應異文（相似度1.00）。,傷寒雜病論_桂本:辨太陽病脈證並治中,,,,,,,,,,,,
REL_00777,SHL_SONGBEN_0068,clause,VR_GUIBEN_0065,variant,variant,傷寒雜病論_桂本存在對應異文（相似度1.00）。,傷寒雜病論_桂本:辨太陽病脈證並治中,,,,,,,,,,,,
REL_00778,SHL_SONGBEN_0069,clause,VR_GUIBEN_0066,variant,variant,傷寒雜病論_桂本存在對應異文（相似度1.00）。,傷寒雜病論_桂本:辨太陽病脈證並治中,,,,,,,,,,,,
REL_00779,SHL_SONGBEN_0070,clause,VR_GUIBEN_0067,variant,variant,傷寒雜病論_桂本存在對應異文（相似度0.93）。,傷寒雜病論_桂本:辨太陽病脈證並治中,,,,,,,,,,,,
REL_00780,SHL_SONGBEN_0071,clause,VR_GUIBEN_0068,variant,variant,傷寒雜病論_桂本存在對應異文（相似度0.94）。,傷寒雜病論_桂本:辨太陽病脈證並治中,,,,,,,,,,,,
REL_00781,SHL_SONGBEN_0072,clause,VR_GUIBEN_0069,variant,variant,傷寒雜病論_桂本存在對應異文（相似度0.69）。,傷寒雜病論_桂本:辨太陽病脈證並治中,,,,,,,,,,,,
REL_00782,SHL_SONGBEN_0073,clause,VR_GUIBEN_0070,variant,variant,傷寒雜病論_桂本存在對應異文（相似度0.88）。,傷寒雜病論_桂本:辨太陽病脈證並治中,,,,,,,,,,,,
REL_00783,SHL_SONGBEN_0074,clause,VR_GUIBEN_0071,variant,variant,傷寒雜病論_桂本存在對應異文（相似度0.96）。,傷寒雜病論_桂本:辨太陽病脈證並治中,,,,,,,,,,,,
REL_00784,SHL_SONGBEN_0076,clause,VR_GUIBEN_0072,variant,variant,傷寒雜病論_桂本存在對應異文（相似度0.74）。,傷寒雜病論_桂本:辨太陽病脈證並治中,,,,,,,,,,,,
REL_00785,SHL_SONGBEN_0077,clause,VR_GUIBEN_0073,variant,variant,傷寒雜病論_桂本存在對應異文（相似度1.00）。,傷寒雜病論_桂本:辨太陽病脈證並治中,,,,,,,,,,,,
REL_00786,SHL_SONGBEN_0078,clause,VR_GUIBEN_0074,variant,variant,傷寒雜病論_桂本存在對應異文（相似度0.95）。,傷寒雜病論_桂本:辨太陽病脈證並治中,,,,,,,,,,,,
REL_00787,SHL_SONGBEN_0079,clause,VR_GUIBEN_0075,variant,variant,傷寒雜病論_桂本存在對應異文（相似度0.90）。,傷寒雜病論_桂本:辨太陽病脈證並治中,,,,,,,,,,,,
REL_00788,SHL_SONGBEN_0080,clause,VR_GUIBEN_0076,variant,variant,傷寒雜病論_桂本存在對應異文（相似度0.94）。,傷寒雜病論_桂本:辨太陽病脈證並治中,,,,,,,,,,,,
REL_00789,SHL_SONGBEN_0081,clause,VR_GUIBEN_0077,variant,variant,傷寒雜病論_桂本存在對應異文（相似度0.69）。,傷寒雜病論_桂本:辨太陽病脈證並治中,,,,,,,,,,,,
REL_00790,SHL_SONGBEN_0082,clause,VR_GUIBEN_0078,variant,variant,傷寒雜病論_桂本存在對應異文（相似度1.00）。,傷寒雜病論_桂本:辨太陽病脈證並治中,,,,,,,,,,,,
REL_00791,SHL_SONGBEN_0083,clause,VR_GUIBEN_0079,variant,variant,傷寒雜病論_桂本存在對應異文（相似度1.00）。,傷寒雜病論_桂本:辨太陽病脈證並治中,,,,,,,,,,,,
REL_00792,SHL_SONGBEN_0084,clause,VR_GUIBEN_0080,variant,variant,傷寒雜病論_桂本存在對應異文（相似度1.00）。,傷寒雜病論_桂本:辨太陽病脈證並治中,,,,,,,,,,,,
REL_00793,SHL_SONGBEN_0085,clause,VR_GUIBEN_0081,variant,variant,傷寒雜病論_桂本存在對應異文（相似度1.00）。,傷寒雜病論_桂本:辨太陽病脈證並治中,,,,,,,,,,,,
REL_00794,SHL_SONGBEN_0086,clause,VR_GUIBEN_0082,variant,variant,傷寒雜病論_桂本存在對應異文（相似度0.91）。,傷寒雜病論_桂本:辨太陽病脈證並治中,,,,,,,,,,,,
REL_00795,SHL_SONGBEN_0087,clause,VR_GUIBEN_0083,variant,variant,傷寒雜病論_桂本存在對應異文（相似度1.00）。,傷寒雜病論_桂本:辨太陽病脈證並治中,,,,,,,,,,,,
REL_00796,SHL_SONGBEN_0088,clause,VR_GUIBEN_0084,variant,variant,傷寒雜病論_桂本存在對應異文（相似度0.89）。,傷寒雜病論_桂本:辨太陽病脈證並治中,,,,,,,,,,,,
REL_00797,SHL_SONGBEN_0089,clause,VR_GUIBEN_0085,variant,variant,傷寒雜病論_桂本存在對應異文（相似度0.92）。,傷寒雜病論_桂本:辨太陽病脈證並治中,,,,,,,,,,,,
REL_00798,SHL_SONGBEN_0090,clause,VR_GUIBEN_0086,variant,variant,傷寒雜病論_桂本存在對應異文（相似度0.93）。,傷寒雜病論_桂本:辨太陽病脈證並治中,,,,,,,,,,,,
REL_00799,SHL_SONGBEN_0091,clause,VR_GUIBEN_0087,variant,variant,傷寒雜病論_桂本存在對應異文（相似度0.95）。,傷寒雜病論_桂本:辨太陽病脈證並治中,,,,,,,,,,,,
REL_00800,SHL_SONGBEN_0093,clause,VR_GUIBEN_0088,variant,variant,傷寒雜病論_桂本存在對應異文（相似度0.90）。,傷寒雜病論_桂本:辨太陽病脈證並治中,,,,,,,,,,,,
REL_00801,SHL_SONGBEN_0094,clause,VR_GUIBEN_0089,variant,variant,傷寒雜病論_桂本存在對應異文（相似度0.85）。,傷寒雜病論_桂本:辨太陽病脈證並治中,,,,,,,,,,,,
REL_00802,SHL_SONGBEN_0095,clause,VR_GUIBEN_0090,variant,variant,傷寒雜病論_桂本存在對應異文（相似度0.93）。,傷寒雜病論_桂本:辨太陽病脈證並治中,,,,,,,,,,,,
REL_00803,SHL_SONGBEN_0096,clause,VR_GUIBEN_0091,variant,variant,傷寒雜病論_桂本存在對應異文（相似度0.91）。,傷寒雜病論_桂本:辨太陽病脈證並治中,,,,,,,,,,,,
REL_00804,SHL_SONGBEN_0097,clause,VR_GUIBEN_0092,variant,variant,傷寒雜病論_桂本存在對應異文（相似度0.86）。,傷寒雜病論_桂本:辨太陽病脈證並治中,,,,,,,,,,,,
REL_00805,SHL_SONGBEN_0098,clause,VR_GUIBEN_0093,variant,variant,傷寒雜病論_桂本存在對應異文（相似度0.90）。,傷寒雜病論_桂本:辨太陽病脈證並治中,,,,,,,,,,,,
REL_00806,SHL_SONGBEN_0099,clause,VR_GUIBEN_0094,variant,variant,傷寒雜病論_桂本存在對應異文（相似度0.95）。,傷寒雜病論_桂本:辨太陽病脈證並治中,,,,,,,,,,,,
REL_00807,SHL_SONGBEN_0100,clause,VR_GUIBEN_0095,variant,variant,傷寒雜病論_桂本存在對應異文（相似度0.91）。,傷寒雜病論_桂本:辨太陽病脈證並治中,,,,,,,,,,,,
REL_00808,SHL_SONGBEN_0101,clause,VR_GUIBEN_0096,variant,variant,傷寒雜病論_桂本存在對應異文（相似度0.94）。,傷寒雜病論_桂本:辨太陽病脈證並治中,,,,,,,,,,,,
REL_00809,SHL_SONGBEN_0102,clause,VR_GUIBEN_0097,variant,variant,傷寒雜病論_桂本存在對應異文（相似度0.91）。,傷寒雜病論_桂本:辨太陽病脈證並治中,,,,,,,,,,,,
REL_00810,SHL_SONGBEN_0103,clause,VR_GUIBEN_0098,variant,variant,傷寒雜病論_桂本存在對應異文（相似度0.98）。,傷寒雜病論_桂本:辨太陽病脈證並治中,,,,,,,,,,,,
REL_00811,SHL_SONGBEN_0104,clause,VR_GUIBEN_0099,variant,variant,傷寒雜病論_桂本存在對應異文（相似度0.93）。,傷寒雜病論_桂本:辨太陽病脈證並治中,,,,,,,,,,,,
REL_00812,SHL_SONGBEN_0105,clause,VR_GUIBEN_0100,variant,variant,傷寒雜病論_桂本存在對應異文（相似度0.90）。,傷寒雜病論_桂本:辨太陽病脈證並治中,,,,,,,,,,,,
REL_00813,SHL_SONGBEN_0106,clause,VR_GUIBEN_0101,variant,variant,傷寒雜病論_桂本存在對應異文（相似度0.94）。,傷寒雜病論_桂本:辨太陽病脈證並治中,,,,,,,,,,,,
REL_00814,SHL_SONGBEN_0107,clause,VR_GUIBEN_0102,variant,variant,傷寒雜病論_桂本存在對應異文（相似度0.90）。,傷寒雜病論_桂本:辨太陽病脈證並治中,,,,,,,,,,,,
REL_00815,SHL_SONGBEN_0108,clause,VR_GUIBEN_0103,variant,variant,傷寒雜病論_桂本存在對應異文（相似度0.78）。,傷寒雜病論_桂本:辨太陽病脈證並治中,,,,,,,,,,,,
REL_00816,SHL_SONGBEN_0109,clause,VR_GUIBEN_0104,variant,variant,傷寒雜病論_桂本存在對應異文（相似度0.76）。,傷寒雜病論_桂本:辨太陽病脈證並治中,,,,,,,,,,,,
REL_00817,SHL_SONGBEN_0110,clause,VR_GUIBEN_0105,variant,variant,傷寒雜病論_桂本存在對應異文（相似度0.88）。,傷寒雜病論_桂本:辨太陽病脈證並治中,,,,,,,,,,,,
REL_00818,SHL_SONGBEN_0111,clause,VR_GUIBEN_0106,variant,variant,傷寒雜病論_桂本存在對應異文（相似度0.91）。,傷寒雜病論_桂本:辨太陽病脈證並治中,,,,,,,,,,,,
REL_00819,SHL_SONGBEN_0112,clause,VR_GUIBEN_0107,variant,variant,傷寒雜病論_桂本存在對應異文（相似度0.94）。,傷寒雜病論_桂本:辨太陽病脈證並治中,,,,,,,,,,,,
REL_00820,SHL_SONGBEN_0113,clause,VR_GUIBEN_0108,variant,variant,傷寒雜病論_桂本存在對應異文（相似度0.77）。,傷寒雜病論_桂本:辨太陽病脈證並治中,,,,,,,,,,,,
REL_00821,SHL_SONGBEN_0114,clause,VR_GUIBEN_0109,variant,variant,傷寒雜病論_桂本存在對應異文（相似度0.92）。,傷寒雜病論_桂本:辨太陽病脈證並治中,,,,,,,,,,,,
REL_00822,SHL_SONGBEN_0115,clause,VR_GUIBEN_0110,variant,variant,傷寒雜病論_桂本存在對應異文（相似度0.77）。,傷寒雜病論_桂本:辨太陽病脈證並治中,,,,,,,,,,,,
REL_00823,SHL_SONGBEN_0116,clause,VR_GUIBEN_0111,variant,variant,傷寒雜病論_桂本存在對應異文（相似度0.70）。,傷寒雜病論_桂本:辨太陽病脈證並治中,,,,,,,,,,,,
REL_00824,SHL_SONGBEN_0117,clause,VR_GUIBEN_0112,variant,variant,傷寒雜病論_桂本存在對應異文（相似度0.94）。,傷寒雜病論_桂本:辨太陽病脈證並治中,,,,,,,,,,,,
REL_00825,SHL_SONGBEN_0118,clause,VR_GUIBEN_0113,variant,variant,傷寒雜病論_桂本存在對應異文（相似度0.90）。,傷寒雜病論_桂本:辨太陽病脈證並治中,,,,,,,,,,,,
REL_00826,SHL_SONGBEN_0119,clause,VR_GUIBEN_0114,variant,variant,傷寒雜病論_桂本存在對應異文（相似度1.00）。,傷寒雜病論_桂本:辨太陽病脈證並治中,,,,,,,,,,,,
REL_00827,SHL_SONGBEN_0120,clause,VR_GUIBEN_0115,variant,variant,傷寒雜病論_桂本存在對應異文（相似度0.88）。,傷寒雜病論_桂本:辨太陽病脈證並治中,,,,,,,,,,,,
REL_00828,SHL_SONGBEN_0122,clause,VR_GUIBEN_0116,variant,variant,傷寒雜病論_桂本存在對應異文（相似度0.93）。,傷寒雜病論_桂本:辨太陽病脈證並治中,,,,,,,,,,,,
REL_00829,SHL_SONGBEN_0123,clause,VR_GUIBEN_0117,variant,variant,傷寒雜病論_桂本存在對應異文（相似度0.81）。,傷寒雜病論_桂本:辨太陽病脈證並治中,,,,,,,,,,,,
REL_00830,SHL_SONGBEN_0124,clause,VR_GUIBEN_0118,variant,variant,傷寒雜病論_桂本存在對應異文（相似度1.00）。,傷寒雜病論_桂本:辨太陽病脈證並治中,,,,,,,,,,,,
REL_00831,SHL_SONGBEN_0125,clause,VR_GUIBEN_0119,variant,variant,傷寒雜病論_桂本存在對應異文（相似度0.96）。,傷寒雜病論_桂本:辨太陽病脈證並治中,,,,,,,,,,,,
REL_00832,SHL_SONGBEN_0126,clause,VR_GUIBEN_0120,variant,variant,傷寒雜病論_桂本存在對應異文（相似度0.90）。,傷寒雜病論_桂本:辨太陽病脈證並治中,,,,,,,,,,,,
REL_00833,SHL_SONGBEN_0127,clause,VR_GUIBEN_0121,variant,variant,傷寒雜病論_桂本存在對應異文（相似度1.00）。,傷寒雜病論_桂本:辨太陽病脈證並治中,,,,,,,,,,,,
REL_00834,SHL_SONGBEN_0130,clause,VR_GUIBEN_0122,variant,variant,傷寒雜病論_桂本存在對應異文（相似度0.66）。,傷寒雜病論_桂本:辨太陽病脈證並治下,,,,,,,,,,,,
REL_00835,SHL_SONGBEN_0132,clause,VR_GUIBEN_0123,variant,variant,傷寒雜病論_桂本存在對應異文（相似度1.00）。,傷寒雜病論_桂本:辨太陽病脈證並治下,,,,,,,,,,,,
REL_00836,SHL_SONGBEN_0133,clause,VR_GUIBEN_0124,variant,variant,傷寒雜病論_桂本存在對應異文（相似度1.00）。,傷寒雜病論_桂本:辨太陽病脈證並治下,,,,,,,,,,,,
REL_00837,SHL_SONGBEN_0134,clause,VR_GUIBEN_0125,variant,variant,傷寒雜病論_桂本存在對應異文（相似度0.96）。,傷寒雜病論_桂本:辨太陽病脈證並治下,,,,,,,,,,,,
REL_00838,SHL_SONGBEN_0135,clause,VR_GUIBEN_0126,variant,variant,傷寒雜病論_桂本存在對應異文（相似度0.82）。,傷寒雜病論_桂本:辨太陽病脈證並治下,,,,,,,,,,,,
REL_00839,SHL_SONGBEN_0136,clause,VR_GUIBEN_0127,variant,variant,傷寒雜病論_桂本存在對應異文（相似度0.66）。,傷寒雜病論_桂本:辨太陽病脈證並治下,,,,,,,,,,,,
REL_00840,SHL_SONGBEN_0137,clause,VR_GUIBEN_0128,variant,variant,傷寒雜病論_桂本存在對應異文（相似度0.97）。,傷寒雜病論_桂本:辨太陽病脈證並治下,,,,,,,,,,,,
REL_00841,SHL_SONGBEN_0138,clause,VR_GUIBEN_0129,variant,variant,傷寒雜病論_桂本存在對應異文（相似度1.00）。,傷寒雜病論_桂本:辨太陽病脈證並治下,,,,,,,,,,,,
REL_00842,SHL_SONGBEN_0139,clause,VR_GUIBEN_0130,variant,variant,傷寒雜病論_桂本存在對應異文（相似度0.95）。,傷寒雜病論_桂本:辨太陽病脈證並治下,,,,,,,,,,,,
REL_00843,SHL_SONGBEN_0140,clause,VR_GUIBEN_0131,variant,variant,傷寒雜病論_桂本存在對應異文（相似度0.97）。,傷寒雜病論_桂本:辨太陽病脈證並治下,,,,,,,,,,,,
REL_00844,SHL_SONGBEN_0141,clause,VR_GUIBEN_0132,variant,variant,傷寒雜病論_桂本存在對應異文（相似度0.96）。,傷寒雜病論_桂本:辨太陽病脈證並治下,,,,,,,,,,,,
REL_00845,SHL_SONGBEN_0142,clause,VR_GUIBEN_0133,variant,variant,傷寒雜病論_桂本存在對應異文（相似度0.88）。,傷寒雜病論_桂本:辨太陽病脈證並治下,,,,,,,,,,,,
REL_00846,SHL_SONGBEN_0143,clause,VR_GUIBEN_0134,variant,variant,傷寒雜病論_桂本存在對應異文（相似度0.88）。,傷寒雜病論_桂本:辨太陽病脈證並治下,,,,,,,,,,,,
REL_00847,SHL_SONGBEN_0144,clause,VR_GUIBEN_0135,variant,variant,傷寒雜病論_桂本存在對應異文（相似度0.96）。,傷寒雜病論_桂本:辨太陽病脈證並治下,,,,,,,,,,,,
REL_00848,SHL_SONGBEN_0145,clause,VR_GUIBEN_0136,variant,variant,傷寒雜病論_桂本存在對應異文（相似度0.86）。,傷寒雜病論_桂本:辨太陽病脈證並治下,,,,,,,,,,,,
REL_00849,SHL_SONGBEN_0146,clause,VR_GUIBEN_0137,variant,variant,傷寒雜病論_桂本存在對應異文（相似度1.00）。,傷寒雜病論_桂本:辨太陽病脈證並治下,,,,,,,,,,,,
REL_00850,SHL_SONGBEN_0147,clause,VR_GUIBEN_0138,variant,variant,傷寒雜病論_桂本存在對應異文（相似度1.00）。,傷寒雜病論_桂本:辨太陽病脈證並治下,,,,,,,,,,,,
REL_00851,SHL_SONGBEN_0148,clause,VR_GUIBEN_0139,variant,variant,傷寒雜病論_桂本存在對應異文（相似度0.95）。,傷寒雜病論_桂本:辨太陽病脈證並治下,,,,,,,,,,,,
REL_00852,SHL_SONGBEN_0149,clause,VR_GUIBEN_0140,variant,variant,傷寒雜病論_桂本存在對應異文（相似度0.98）。,傷寒雜病論_桂本:辨太陽病脈證並治下,,,,,,,,,,,,
REL_00853,SHL_SONGBEN_0150,clause,VR_GUIBEN_0141,variant,variant,傷寒雜病論_桂本存在對應異文（相似度0.75）。,傷寒雜病論_桂本:辨太陽病脈證並治下,,,,,,,,,,,,
REL_00854,SHL_SONGBEN_0151,clause,VR_GUIBEN_0142,variant,variant,傷寒雜病論_桂本存在對應異文（相似度0.88）。,傷寒雜病論_桂本:辨太陽病脈證並治下,,,,,,,,,,,,
REL_00855,SHL_SONGBEN_0152,clause,VR_GUIBEN_0143,variant,variant,傷寒雜病論_桂本存在對應異文（相似度0.95）。,傷寒雜病論_桂本:辨太陽病脈證並治下,,,,,,,,,,,,
REL_00856,SHL_SONGBEN_0153,clause,VR_GUIBEN_0144,variant,variant,傷寒雜病論_桂本存在對應異文（相似度0.96）。,傷寒雜病論_桂本:辨太陽病脈證並治下,,,,,,,,,,,,
REL_00857,SHL_SONGBEN_0154,clause,VR_GUIBEN_0145,variant,variant,傷寒雜病論_桂本存在對應異文（相似度0.84）。,傷寒雜病論_桂本:辨太陽病脈證並治下,,,,,,,,,,,,
REL_00858,SHL_SONGBEN_0155,clause,VR_GUIBEN_0146,variant,variant,傷寒雜病論_桂本存在對應異文（相似度0.87）。,傷寒雜病論_桂本:辨太陽病脈證並治下,,,,,,,,,,,,
REL_00859,SHL_SONGBEN_0156,clause,VR_GUIBEN_0147,variant,variant,傷寒雜病論_桂本存在對應異文（相似度0.95）。,傷寒雜病論_桂本:辨太陽病脈證並治下,,,,,,,,,,,,
REL_00860,SHL_SONGBEN_0157,clause,VR_GUIBEN_0148,variant,variant,傷寒雜病論_桂本存在對應異文（相似度0.67）。,傷寒雜病論_桂本:辨太陽病脈證並治下,,,,,,,,,,,,
REL_00861,SHL_SONGBEN_0158,clause,VR_GUIBEN_0149,variant,variant,傷寒雜病論_桂本存在對應異文（相似度1.00）。,傷寒雜病論_桂本:辨太陽病脈證並治下,,,,,,,,,,,,
REL_00862,SHL_SONGBEN_0159,clause,VR_GUIBEN_0150,variant,variant,傷寒雜病論_桂本存在對應異文（相似度0.88）。,傷寒雜病論_桂本:辨太陽病脈證並治下,,,,,,,,,,,,
REL_00863,SHL_SONGBEN_0160,clause,VR_GUIBEN_0151,variant,variant,傷寒雜病論_桂本存在對應異文（相似度1.00）。,傷寒雜病論_桂本:辨太陽病脈證並治下,,,,,,,,,,,,
REL_00864,SHL_SONGBEN_0161,clause,VR_GUIBEN_0152,variant,variant,傷寒雜病論_桂本存在對應異文（相似度1.00）。,傷寒雜病論_桂本:辨太陽病脈證並治下,,,,,,,,,,,,
REL_00865,SHL_SONGBEN_0162,clause,VR_GUIBEN_0153,variant,variant,傷寒雜病論_桂本存在對應異文（相似度0.90）。,傷寒雜病論_桂本:辨太陽病脈證並治中,,,,,,,,,,,,
REL_00866,SHL_SONGBEN_0163,clause,VR_GUIBEN_0154,variant,variant,傷寒雜病論_桂本存在對應異文（相似度1.00）。,傷寒雜病論_桂本:辨太陽病脈證並治下,,,,,,,,,,,,
REL_00867,SHL_SONGBEN_0164,clause,VR_GUIBEN_0155,variant,variant,傷寒雜病論_桂本存在對應異文（相似度0.84）。,傷寒雜病論_桂本:辨太陽病脈證並治下,,,,,,,,,,,,
REL_00868,SHL_SONGBEN_0165,clause,VR_GUIBEN_0156,variant,variant,傷寒雜病論_桂本存在對應異文（相似度0.78）。,傷寒雜病論_桂本:辨太陽病脈證並治下,,,,,,,,,,,,
REL_00869,SHL_SONGBEN_0166,clause,VR_GUIBEN_0157,variant,variant,傷寒雜病論_桂本存在對應異文（相似度0.93）。,傷寒雜病論_桂本:辨太陽病脈證並治下,,,,,,,,,,,,
REL_00870,SHL_SONGBEN_0167,clause,VR_GUIBEN_0158,variant,variant,傷寒雜病論_桂本存在對應異文（相似度0.91）。,傷寒雜病論_桂本:辨太陽病脈證並治下,,,,,,,,,,,,
REL_00871,SHL_SONGBEN_0168,clause,VR_GUIBEN_0159,variant,variant,傷寒雜病論_桂本存在對應異文（相似度1.00）。,傷寒雜病論_桂本:辨太陽病脈證並治下,,,,,,,,,,,,
REL_00872,SHL_SONGBEN_0169,clause,VR_GUIBEN_0160,variant,variant,傷寒雜病論_桂本存在對應異文（相似度0.94）。,傷寒雜病論_桂本:辨太陽病脈證並治下,,,,,,,,,,,,
REL_00873,SHL_SONGBEN_0170,clause,VR_GUIBEN_0161,variant,variant,傷寒雜病論_桂本存在對應異文（相似度0.84）。,傷寒雜病論_桂本:辨太陽病脈證並治下,,,,,,,,,,,,
REL_00874,SHL_SONGBEN_0171,clause,VR_GUIBEN_0162,variant,variant,傷寒雜病論_桂本存在對應異文（相似度0.77）。,傷寒雜病論_桂本:辨太陽病脈證並治下,,,,,,,,,,,,
REL_00875,SHL_SONGBEN_0172,clause,VR_GUIBEN_0163,variant,variant,傷寒雜病論_桂本存在對應異文（相似度1.00）。,傷寒雜病論_桂本:辨太陽病脈證並治下,,,,,,,,,,,,
REL_00876,SHL_SONGBEN_0173,clause,VR_GUIBEN_0164,variant,variant,傷寒雜病論_桂本存在對應異文（相似度0.93）。,傷寒雜病論_桂本:辨太陽病脈證並治下,,,,,,,,,,,,
REL_00877,SHL_SONGBEN_0174,clause,VR_GUIBEN_0165,variant,variant,傷寒雜病論_桂本存在對應異文（相似度0.77）。,傷寒雜病論_桂本:濕病脈證並治第九,,,,,,,,,,,,
REL_00878,SHL_SONGBEN_0175,clause,VR_GUIBEN_0166,variant,variant,傷寒雜病論_桂本存在對應異文（相似度1.00）。,傷寒雜病論_桂本:濕病脈證並治第九,,,,,,,,,,,,
REL_00879,SHL_SONGBEN_0176,clause,VR_GUIBEN_0167,variant,variant,傷寒雜病論_桂本存在對應異文（相似度0.69）。,傷寒雜病論_桂本:辨太陽病脈證並治下,,,,,,,,,,,,
REL_00880,SHL_SONGBEN_0177,clause,VR_GUIBEN_0168,variant,variant,傷寒雜病論_桂本存在對應異文（相似度0.74）。,傷寒雜病論_桂本:辨太陽病脈證並治下,,,,,,,,,,,,
REL_00881,SHL_SONGBEN_0179,clause,VR_GUIBEN_0169,variant,variant,傷寒雜病論_桂本存在對應異文（相似度1.00）。,傷寒雜病論_桂本:辨陽明病脈證並治,,,,,,,,,,,,
REL_00882,SHL_SONGBEN_0180,clause,VR_GUIBEN_0170,variant,variant,傷寒雜病論_桂本存在對應異文（相似度1.00）。,傷寒雜病論_桂本:辨陽明病脈證並治,,,,,,,,,,,,
REL_00883,SHL_SONGBEN_0181,clause,VR_GUIBEN_0171,variant,variant,傷寒雜病論_桂本存在對應異文（相似度1.00）。,傷寒雜病論_桂本:辨陽明病脈證並治,,,,,,,,,,,,
REL_00884,SHL_SONGBEN_0182,clause,VR_GUIBEN_0172,variant,variant,傷寒雜病論_桂本存在對應異文（相似度1.00）。,傷寒雜病論_桂本:辨陽明病脈證並治,,,,,,,,,,,,
REL_00885,SHL_SONGBEN_0183,clause,VR_GUIBEN_0173,variant,variant,傷寒雜病論_桂本存在對應異文（相似度1.00）。,傷寒雜病論_桂本:辨陽明病脈證並治,,,,,,,,,,,,
REL_00886,SHL_SONGBEN_0184,clause,VR_GUIBEN_0174,variant,variant,傷寒雜病論_桂本存在對應異文（相似度1.00）。,傷寒雜病論_桂本:辨陽明病脈證並治,,,,,,,,,,,,
REL_00887,SHL_SONGBEN_0185,clause,VR_GUIBEN_0175,variant,variant,傷寒雜病論_桂本存在對應異文（相似度0.73）。,傷寒雜病論_桂本:辨陽明病脈證並治,,,,,,,,,,,,
REL_00888,SHL_SONGBEN_0186,clause,VR_GUIBEN_0176,variant,variant,傷寒雜病論_桂本存在對應異文（相似度0.70）。,傷寒雜病論_桂本:辨陽明病脈證並治,,,,,,,,,,,,
REL_00889,SHL_SONGBEN_0187,clause,VR_GUIBEN_0177,variant,variant,傷寒雜病論_桂本存在對應異文（相似度1.00）。,傷寒雜病論_桂本:辨陽明病脈證並治,,,,,,,,,,,,
REL_00890,SHL_SONGBEN_0188,clause,VR_GUIBEN_0178,variant,variant,傷寒雜病論_桂本存在對應異文（相似度0.86）。,傷寒雜病論_桂本:辨陽明病脈證並治,,,,,,,,,,,,
REL_00891,SHL_SONGBEN_0189,clause,VR_GUIBEN_0179,variant,variant,傷寒雜病論_桂本存在對應異文（相似度0.86）。,傷寒雜病論_桂本:辨陽明病脈證並治,,,,,,,,,,,,
REL_00892,SHL_SONGBEN_0190,clause,VR_GUIBEN_0180,variant,variant,傷寒雜病論_桂本存在對應異文（相似度1.00）。,傷寒雜病論_桂本:辨陽明病脈證並治,,,,,,,,,,,,
REL_00893,SHL_SONGBEN_0191,clause,VR_GUIBEN_0181,variant,variant,傷寒雜病論_桂本存在對應異文（相似度1.00）。,傷寒雜病論_桂本:辨陽明病脈證並治,,,,,,,,,,,,
REL_00894,SHL_SONGBEN_0192,clause,VR_GUIBEN_0182,variant,variant,傷寒雜病論_桂本存在對應異文（相似度0.86）。,傷寒雜病論_桂本:辨陽明病脈證並治,,,,,,,,,,,,
REL_00895,SHL_SONGBEN_0193,clause,VR_GUIBEN_0183,variant,variant,傷寒雜病論_桂本存在對應異文（相似度1.00）。,傷寒雜病論_桂本:辨陽明病脈證並治,,,,,,,,,,,,
REL_00896,SHL_SONGBEN_0194,clause,VR_GUIBEN_0184,variant,variant,傷寒雜病論_桂本存在對應異文（相似度0.82）。,傷寒雜病論_桂本:辨陽明病脈證並治,,,,,,,,,,,,
REL_00897,SHL_SONGBEN_0195,clause,VR_GUIBEN_0185,variant,variant,傷寒雜病論_桂本存在對應異文（相似度0.95）。,傷寒雜病論_桂本:辨陽明病脈證並治,,,,,,,,,,,,
REL_00898,SHL_SONGBEN_0196,clause,VR_GUIBEN_0186,variant,variant,傷寒雜病論_桂本存在對應異文（相似度1.00）。,傷寒雜病論_桂本:辨陽明病脈證並治,,,,,,,,,,,,
REL_00899,SHL_SONGBEN_0197,clause,VR_GUIBEN_0187,variant,variant,傷寒雜病論_桂本存在對應異文（相似度0.88）。,傷寒雜病論_桂本:辨陽明病脈證並治,,,,,,,,,,,,
REL_00900,SHL_SONGBEN_0199,clause,VR_GUIBEN_0188,variant,variant,傷寒雜病論_桂本存在對應異文（相似度1.00）。,傷寒雜病論_桂本:辨陽明病脈證並治,,,,,,,,,,,,
REL_00901,SHL_SONGBEN_0200,clause,VR_GUIBEN_0189,variant,variant,傷寒雜病論_桂本存在對應異文（相似度1.00）。,傷寒雜病論_桂本:辨陽明病脈證並治,,,,,,,,,,,,
REL_00902,SHL_SONGBEN_0201,clause,VR_GUIBEN_0190,variant,variant,傷寒雜病論_桂本存在對應異文（相似度0.80）。,傷寒雜病論_桂本:辨陽明病脈證並治,,,,,,,,,,,,
REL_00903,SHL_SONGBEN_0202,clause,VR_GUIBEN_0191,variant,variant,傷寒雜病論_桂本存在對應異文（相似度1.00）。,傷寒雜病論_桂本:辨陽明病脈證並治,,,,,,,,,,,,
REL_00904,SHL_SONGBEN_0203,clause,VR_GUIBEN_0192,variant,variant,傷寒雜病論_桂本存在對應異文（相似度0.89）。,傷寒雜病論_桂本:辨陽明病脈證並治,,,,,,,,,,,,
REL_00905,SHL_SONGBEN_0204,clause,VR_GUIBEN_0193,variant,variant,傷寒雜病論_桂本存在對應異文（相似度1.00）。,傷寒雜病論_桂本:辨陽明病脈證並治,,,,,,,,,,,,
REL_00906,SHL_SONGBEN_0205,clause,VR_GUIBEN_0194,variant,variant,傷寒雜病論_桂本存在對應異文（相似度0.90）。,傷寒雜病論_桂本:辨陽明病脈證並治,,,,,,,,,,,,
REL_00907,SHL_SONGBEN_0206,clause,VR_GUIBEN_0195,variant,variant,傷寒雜病論_桂本存在對應異文（相似度0.84）。,傷寒雜病論_桂本:辨陽明病脈證並治,,,,,,,,,,,,
REL_00908,SHL_SONGBEN_0207,clause,VR_GUIBEN_0196,variant,variant,傷寒雜病論_桂本存在對應異文（相似度1.00）。,傷寒雜病論_桂本:辨陽明病脈證並治,,,,,,,,,,,,
REL_00909,SHL_SONGBEN_0208,clause,VR_GUIBEN_0197,variant,variant,傷寒雜病論_桂本存在對應異文（相似度0.92）。,傷寒雜病論_桂本:辨陽明病脈證並治,,,,,,,,,,,,
REL_00910,SHL_SONGBEN_0209,clause,VR_GUIBEN_0198,variant,variant,傷寒雜病論_桂本存在對應異文（相似度0.95）。,傷寒雜病論_桂本:辨陽明病脈證並治,,,,,,,,,,,,
REL_00911,SHL_SONGBEN_0210,clause,VR_GUIBEN_0199,variant,variant,傷寒雜病論_桂本存在對應異文（相似度0.81）。,傷寒雜病論_桂本:辨陽明病脈證並治,,,,,,,,,,,,
REL_00912,SHL_SONGBEN_0211,clause,VR_GUIBEN_0200,variant,variant,傷寒雜病論_桂本存在對應異文（相似度0.76）。,傷寒雜病論_桂本:辨陽明病脈證並治,,,,,,,,,,,,
REL_00913,SHL_SONGBEN_0212,clause,VR_GUIBEN_0201,variant,variant,傷寒雜病論_桂本存在對應異文（相似度0.91）。,傷寒雜病論_桂本:辨陽明病脈證並治,,,,,,,,,,,,
REL_00914,SHL_SONGBEN_0213,clause,VR_GUIBEN_0202,variant,variant,傷寒雜病論_桂本存在對應異文（相似度0.75）。,傷寒雜病論_桂本:辨陽明病脈證並治,,,,,,,,,,,,
REL_00915,SHL_SONGBEN_0215,clause,VR_GUIBEN_0203,variant,variant,傷寒雜病論_桂本存在對應異文（相似度0.85）。,傷寒雜病論_桂本:辨陽明病脈證並治,,,,,,,,,,,,
REL_00916,SHL_SONGBEN_0216,clause,VR_GUIBEN_0204,variant,variant,傷寒雜病論_桂本存在對應異文（相似度0.94）。,傷寒雜病論_桂本:辨陽明病脈證並治,,,,,,,,,,,,
REL_00917,SHL_SONGBEN_0217,clause,VR_GUIBEN_0205,variant,variant,傷寒雜病論_桂本存在對應異文（相似度0.77）。,傷寒雜病論_桂本:辨陽明病脈證並治,,,,,,,,,,,,
REL_00918,SHL_SONGBEN_0218,clause,VR_GUIBEN_0206,variant,variant,傷寒雜病論_桂本存在對應異文（相似度0.94）。,傷寒雜病論_桂本:辨陽明病脈證並治,,,,,,,,,,,,
REL_00919,SHL_SONGBEN_0220,clause,VR_GUIBEN_0207,variant,variant,傷寒雜病論_桂本存在對應異文（相似度0.84）。,傷寒雜病論_桂本:辨陽明病脈證並治,,,,,,,,,,,,
REL_00920,SHL_SONGBEN_0221,clause,VR_GUIBEN_0208,variant,variant,傷寒雜病論_桂本存在對應異文（相似度0.92）。,傷寒雜病論_桂本:辨陽明病脈證並治,,,,,,,,,,,,
REL_00921,SHL_SONGBEN_0222,clause,VR_GUIBEN_0209,variant,variant,傷寒雜病論_桂本存在對應異文（相似度0.89）。,傷寒雜病論_桂本:辨陽明病脈證並治,,,,,,,,,,,,
REL_00922,SHL_SONGBEN_0223,clause,VR_GUIBEN_0210,variant,variant,傷寒雜病論_桂本存在對應異文（相似度0.89）。,傷寒雜病論_桂本:辨陽明病脈證並治,,,,,,,,,,,,
REL_00923,SHL_SONGBEN_0224,clause,VR_GUIBEN_0211,variant,variant,傷寒雜病論_桂本存在對應異文（相似度1.00）。,傷寒雜病論_桂本:辨陽明病脈證並治,,,,,,,,,,,,
REL_00924,SHL_SONGBEN_0225,clause,VR_GUIBEN_0212,variant,variant,傷寒雜病論_桂本存在對應異文（相似度0.92）。,傷寒雜病論_桂本:辨陽明病脈證並治,,,,,,,,,,,,
REL_00925,SHL_SONGBEN_0227,clause,VR_GUIBEN_0213,variant,variant,傷寒雜病論_桂本存在對應異文（相似度0.77）。,傷寒雜病論_桂本:辨陽明病脈證並治,,,,,,,,,,,,
REL_00926,SHL_SONGBEN_0228,clause,VR_GUIBEN_0214,variant,variant,傷寒雜病論_桂本存在對應異文（相似度0.96）。,傷寒雜病論_桂本:辨陽明病脈證並治,,,,,,,,,,,,
REL_00927,SHL_SONGBEN_0229,clause,VR_GUIBEN_0215,variant,variant,傷寒雜病論_桂本存在對應異文（相似度1.00）。,傷寒雜病論_桂本:辨陽明病脈證並治,,,,,,,,,,,,
REL_00928,SHL_SONGBEN_0230,clause,VR_GUIBEN_0216,variant,variant,傷寒雜病論_桂本存在對應異文（相似度0.91）。,傷寒雜病論_桂本:辨陽明病脈證並治,,,,,,,,,,,,
REL_00929,SHL_SONGBEN_0231,clause,VR_GUIBEN_0217,variant,variant,傷寒雜病論_桂本存在對應異文（相似度0.83）。,傷寒雜病論_桂本:辨陽明病脈證並治,,,,,,,,,,,,
REL_00930,SHL_SONGBEN_0233,clause,VR_GUIBEN_0218,variant,variant,傷寒雜病論_桂本存在對應異文（相似度0.93）。,傷寒雜病論_桂本:辨陽明病脈證並治,,,,,,,,,,,,
REL_00931,SHL_SONGBEN_0234,clause,VR_GUIBEN_0219,variant,variant,傷寒雜病論_桂本存在對應異文（相似度1.00）。,傷寒雜病論_桂本:辨陽明病脈證並治,,,,,,,,,,,,
REL_00932,SHL_SONGBEN_0235,clause,VR_GUIBEN_0220,variant,variant,傷寒雜病論_桂本存在對應異文（相似度0.92）。,傷寒雜病論_桂本:辨陽明病脈證並治,,,,,,,,,,,,
REL_00933,SHL_SONGBEN_0236,clause,VR_GUIBEN_0221,variant,variant,傷寒雜病論_桂本存在對應異文（相似度1.00）。,傷寒雜病論_桂本:辨陽明病脈證並治,,,,,,,,,,,,
REL_00934,SHL_SONGBEN_0237,clause,VR_GUIBEN_0222,variant,variant,傷寒雜病論_桂本存在對應異文（相似度0.79）。,傷寒雜病論_桂本:辨陽明病脈證並治,,,,,,,,,,,,
REL_00935,SHL_SONGBEN_0238,clause,VR_GUIBEN_0223,variant,variant,傷寒雜病論_桂本存在對應異文（相似度0.79）。,傷寒雜病論_桂本:辨陽明病脈證並治,,,,,,,,,,,,
REL_00936,SHL_SONGBEN_0239,clause,VR_GUIBEN_0224,variant,variant,傷寒雜病論_桂本存在對應異文（相似度1.00）。,傷寒雜病論_桂本:辨陽明病脈證並治,,,,,,,,,,,,
REL_00937,SHL_SONGBEN_0240,clause,VR_GUIBEN_0225,variant,variant,傷寒雜病論_桂本存在對應異文（相似度0.92）。,傷寒雜病論_桂本:辨陽明病脈證並治,,,,,,,,,,,,
REL_00938,SHL_SONGBEN_0241,clause,VR_GUIBEN_0226,variant,variant,傷寒雜病論_桂本存在對應異文（相似度0.96）。,傷寒雜病論_桂本:辨陽明病脈證並治,,,,,,,,,,,,
REL_00939,SHL_SONGBEN_0242,clause,VR_GUIBEN_0227,variant,variant,傷寒雜病論_桂本存在對應異文（相似度0.89）。,傷寒雜病論_桂本:辨陽明病脈證並治,,,,,,,,,,,,
REL_00940,SHL_SONGBEN_0243,clause,VR_GUIBEN_0228,variant,variant,傷寒雜病論_桂本存在對應異文（相似度0.88）。,傷寒雜病論_桂本:辨陽明病脈證並治,,,,,,,,,,,,
REL_00941,SHL_SONGBEN_0244,clause,VR_GUIBEN_0229,variant,variant,傷寒雜病論_桂本存在對應異文（相似度0.86）。,傷寒雜病論_桂本:辨陽明病脈證並治,,,,,,,,,,,,
REL_00942,SHL_SONGBEN_0245,clause,VR_GUIBEN_0230,variant,variant,傷寒雜病論_桂本存在對應異文（相似度0.92）。,傷寒雜病論_桂本:辨陽明病脈證並治,,,,,,,,,,,,
REL_00943,SHL_SONGBEN_0246,clause,VR_GUIBEN_0231,variant,variant,傷寒雜病論_桂本存在對應異文（相似度1.00）。,傷寒雜病論_桂本:辨陽明病脈證並治,,,,,,,,,,,,
REL_00944,SHL_SONGBEN_0247,clause,VR_GUIBEN_0232,variant,variant,傷寒雜病論_桂本存在對應異文（相似度0.94）。,傷寒雜病論_桂本:辨陽明病脈證並治,,,,,,,,,,,,
REL_00945,SHL_SONGBEN_0248,clause,VR_GUIBEN_0233,variant,variant,傷寒雜病論_桂本存在對應異文（相似度0.76）。,傷寒雜病論_桂本:辨陽明病脈證並治,,,,,,,,,,,,
REL_00946,SHL_SONGBEN_0249,clause,VR_GUIBEN_0234,variant,variant,傷寒雜病論_桂本存在對應異文（相似度0.90）。,傷寒雜病論_桂本:辨陽明病脈證並治,,,,,,,,,,,,
REL_00947,SHL_SONGBEN_0250,clause,VR_GUIBEN_0235,variant,variant,傷寒雜病論_桂本存在對應異文（相似度0.95）。,傷寒雜病論_桂本:辨陽明病脈證並治,,,,,,,,,,,,
REL_00948,SHL_SONGBEN_0251,clause,VR_GUIBEN_0236,variant,variant,傷寒雜病論_桂本存在對應異文（相似度0.95）。,傷寒雜病論_桂本:辨陽明病脈證並治,,,,,,,,,,,,
REL_00949,SHL_SONGBEN_0252,clause,VR_GUIBEN_0237,variant,variant,傷寒雜病論_桂本存在對應異文（相似度0.96）。,傷寒雜病論_桂本:辨陽明病脈證並治,,,,,,,,,,,,
REL_00950,SHL_SONGBEN_0253,clause,VR_GUIBEN_0238,variant,variant,傷寒雜病論_桂本存在對應異文（相似度0.91）。,傷寒雜病論_桂本:辨陽明病脈證並治,,,,,,,,,,,,
REL_00951,SHL_SONGBEN_0254,clause,VR_GUIBEN_0239,variant,variant,傷寒雜病論_桂本存在對應異文（相似度0.91）。,傷寒雜病論_桂本:辨陽明病脈證並治,,,,,,,,,,,,
REL_00952,SHL_SONGBEN_0255,clause,VR_GUIBEN_0240,variant,variant,傷寒雜病論_桂本存在對應異文（相似度0.91）。,傷寒雜病論_桂本:辨陽明病脈證並治,,,,,,,,,,,,
REL_00953,SHL_SONGBEN_0256,clause,VR_GUIBEN_0241,variant,variant,傷寒雜病論_桂本存在對應異文（相似度0.90）。,傷寒雜病論_桂本:辨陽明病脈證並治,,,,,,,,,,,,
REL_00954,SHL_SONGBEN_0257,clause,VR_GUIBEN_0242,variant,variant,傷寒雜病論_桂本存在對應異文（相似度0.83）。,傷寒雜病論_桂本:辨陽明病脈證並治,,,,,,,,,,,,
REL_00955,SHL_SONGBEN_0259,clause,VR_GUIBEN_0243,variant,variant,傷寒雜病論_桂本存在對應異文（相似度0.83）。,傷寒雜病論_桂本:辨陽明病脈證並治,,,,,,,,,,,,
REL_00956,SHL_SONGBEN_0260,clause,VR_GUIBEN_0244,variant,variant,傷寒雜病論_桂本存在對應異文（相似度0.94）。,傷寒雜病論_桂本:辨陽明病脈證並治,,,,,,,,,,,,
REL_00957,SHL_SONGBEN_0261,clause,VR_GUIBEN_0245,variant,variant,傷寒雜病論_桂本存在對應異文（相似度0.88）。,傷寒雜病論_桂本:辨陽明病脈證並治,,,,,,,,,,,,
REL_00958,SHL_SONGBEN_0262,clause,VR_GUIBEN_0246,variant,variant,傷寒雜病論_桂本存在對應異文（相似度0.92）。,傷寒雜病論_桂本:辨陽明病脈證並治,,,,,,,,,,,,
REL_00959,SHL_SONGBEN_0263,clause,VR_GUIBEN_0247,variant,variant,傷寒雜病論_桂本存在對應異文（相似度0.87）。,傷寒雜病論_桂本:辨少陽病脈證並治,,,,,,,,,,,,
REL_00960,SHL_SONGBEN_0264,clause,VR_GUIBEN_0248,variant,variant,傷寒雜病論_桂本存在對應異文（相似度1.00）。,傷寒雜病論_桂本:辨少陽病脈證並治,,,,,,,,,,,,
REL_00961,SHL_SONGBEN_0265,clause,VR_GUIBEN_0249,variant,variant,傷寒雜病論_桂本存在對應異文（相似度0.67）。,傷寒雜病論_桂本:辨少陽病脈證並治,,,,,,,,,,,,
REL_00962,SHL_SONGBEN_0266,clause,VR_GUIBEN_0250,variant,variant,傷寒雜病論_桂本存在對應異文（相似度0.81）。,傷寒雜病論_桂本:辨少陽病脈證並治,,,,,,,,,,,,
REL_00963,SHL_SONGBEN_0267,clause,VR_GUIBEN_0251,variant,variant,傷寒雜病論_桂本存在對應異文（相似度0.66）。,傷寒雜病論_桂本:辨少陽病脈證並治,,,,,,,,,,,,
REL_00964,SHL_SONGBEN_0268,clause,VR_GUIBEN_0252,variant,variant,傷寒雜病論_桂本存在對應異文（相似度0.69）。,傷寒雜病論_桂本:辨少陽病脈證並治,,,,,,,,,,,,
REL_00965,SHL_SONGBEN_0269,clause,VR_GUIBEN_0253,variant,variant,傷寒雜病論_桂本存在對應異文（相似度0.85）。,傷寒雜病論_桂本:辨少陽病脈證並治,,,,,,,,,,,,
REL_00966,SHL_SONGBEN_0270,clause,VR_GUIBEN_0254,variant,variant,傷寒雜病論_桂本存在對應異文（相似度0.94）。,傷寒雜病論_桂本:辨少陽病脈證並治,,,,,,,,,,,,
REL_00967,SHL_SONGBEN_0271,clause,VR_GUIBEN_0255,variant,variant,傷寒雜病論_桂本存在對應異文（相似度0.87）。,傷寒雜病論_桂本:辨少陽病脈證並治,,,,,,,,,,,,
REL_00968,SHL_SONGBEN_0272,clause,VR_GUIBEN_0256,variant,variant,傷寒雜病論_桂本存在對應異文（相似度1.00）。,傷寒雜病論_桂本:辨少陽病脈證並治,,,,,,,,,,,,
REL_00969,SHL_SONGBEN_0273,clause,VR_GUIBEN_0257,variant,variant,傷寒雜病論_桂本存在對應異文（相似度1.00）。,傷寒雜病論_桂本:辨太陰病脈證並治,,,,,,,,,,,,
REL_00970,SHL_SONGBEN_0274,clause,VR_GUIBEN_0258,variant,variant,傷寒雜病論_桂本存在對應異文（相似度0.91）。,傷寒雜病論_桂本:辨太陰病脈證並治,,,,,,,,,,,,
REL_00971,SHL_SONGBEN_0275,clause,VR_GUIBEN_0259,variant,variant,傷寒雜病論_桂本存在對應異文（相似度1.00）。,傷寒雜病論_桂本:辨太陰病脈證並治,,,,,,,,,,,,
REL_00972,SHL_SONGBEN_0276,clause,VR_GUIBEN_0260,variant,variant,傷寒雜病論_桂本存在對應異文（相似度1.00）。,傷寒雜病論_桂本:辨太陰病脈證並治,,,,,,,,,,,,
REL_00973,SHL_SONGBEN_0277,clause,VR_GUIBEN_0261,variant,variant,傷寒雜病論_桂本存在對應異文（相似度0.91）。,傷寒雜病論_桂本:辨太陰病脈證並治,,,,,,,,,,,,
REL_00974,SHL_SONGBEN_0278,clause,VR_GUIBEN_0262,variant,variant,傷寒雜病論_桂本存在對應異文（相似度1.00）。,傷寒雜病論_桂本:辨太陰病脈證並治,,,,,,,,,,,,
REL_00975,SHL_SONGBEN_0279,clause,VR_GUIBEN_0263,variant,variant,傷寒雜病論_桂本存在對應異文（相似度0.94）。,傷寒雜病論_桂本:辨太陰病脈證並治,,,,,,,,,,,,
REL_00976,SHL_SONGBEN_0280,clause,VR_GUIBEN_0264,variant,variant,傷寒雜病論_桂本存在對應異文（相似度0.95）。,傷寒雜病論_桂本:辨太陰病脈證並治,,,,,,,,,,,,
REL_00977,SHL_SONGBEN_0281,clause,VR_GUIBEN_0265,variant,variant,傷寒雜病論_桂本存在對應異文（相似度1.00）。,傷寒雜病論_桂本:辨少陰病脈證並治,,,,,,,,,,,,
REL_00978,SHL_SONGBEN_0282,clause,VR_GUIBEN_0266,variant,variant,傷寒雜病論_桂本存在對應異文（相似度0.93）。,傷寒雜病論_桂本:辨少陰病脈證並治,,,,,,,,,,,,
REL_00979,SHL_SONGBEN_0283,clause,VR_GUIBEN_0267,variant,variant,傷寒雜病論_桂本存在對應異文（相似度1.00）。,傷寒雜病論_桂本:辨少陰病脈證並治,,,,,,,,,,,,
REL_00980,SHL_SONGBEN_0284,clause,VR_GUIBEN_0268,variant,variant,傷寒雜病論_桂本存在對應異文（相似度0.78）。,傷寒雜病論_桂本:辨少陰病脈證並治,,,,,,,,,,,,
REL_00981,SHL_SONGBEN_0285,clause,VR_GUIBEN_0269,variant,variant,傷寒雜病論_桂本存在對應異文（相似度1.00）。,傷寒雜病論_桂本:辨少陰病脈證並治,,,,,,,,,,,,
REL_00982,SHL_SONGBEN_0286,clause,VR_GUIBEN_0270,variant,variant,傷寒雜病論_桂本存在對應異文（相似度1.00）。,傷寒雜病論_桂本:辨少陰病脈證並治,,,,,,,,,,,,
REL_00983,SHL_SONGBEN_0287,clause,VR_GUIBEN_0271,variant,variant,傷寒雜病論_桂本存在對應異文（相似度1.00）。,傷寒雜病論_桂本:辨少陰病脈證並治,,,,,,,,,,,,
REL_00984,SHL_SONGBEN_0288,clause,VR_GUIBEN_0272,variant,variant,傷寒雜病論_桂本存在對應異文（相似度0.89）。,傷寒雜病論_桂本:辨少陰病脈證並治,,,,,,,,,,,,
REL_00985,SHL_SONGBEN_0289,clause,VR_GUIBEN_0273,variant,variant,傷寒雜病論_桂本存在對應異文（相似度0.88）。,傷寒雜病論_桂本:辨少陰病脈證並治,,,,,,,,,,,,
REL_00986,SHL_SONGBEN_0290,clause,VR_GUIBEN_0274,variant,variant,傷寒雜病論_桂本存在對應異文（相似度1.00）。,傷寒雜病論_桂本:辨少陰病脈證並治,,,,,,,,,,,,
REL_00987,SHL_SONGBEN_0291,clause,VR_GUIBEN_0275,variant,variant,傷寒雜病論_桂本存在對應異文（相似度1.00）。,傷寒雜病論_桂本:辨少陰病脈證並治,,,,,,,,,,,,
REL_00988,SHL_SONGBEN_0292,clause,VR_GUIBEN_0276,variant,variant,傷寒雜病論_桂本存在對應異文（相似度1.00）。,傷寒雜病論_桂本:辨少陰病脈證並治,,,,,,,,,,,,
REL_00989,SHL_SONGBEN_0293,clause,VR_GUIBEN_0277,variant,variant,傷寒雜病論_桂本存在對應異文（相似度1.00）。,傷寒雜病論_桂本:辨少陰病脈證並治,,,,,,,,,,,,
REL_00990,SHL_SONGBEN_0294,clause,VR_GUIBEN_0278,variant,variant,傷寒雜病論_桂本存在對應異文（相似度0.91）。,傷寒雜病論_桂本:辨少陰病脈證並治,,,,,,,,,,,,
REL_00991,SHL_SONGBEN_0295,clause,VR_GUIBEN_0279,variant,variant,傷寒雜病論_桂本存在對應異文（相似度0.87）。,傷寒雜病論_桂本:辨少陰病脈證並治,,,,,,,,,,,,
REL_00992,SHL_SONGBEN_0296,clause,VR_GUIBEN_0280,variant,variant,傷寒雜病論_桂本存在對應異文（相似度1.00）。,傷寒雜病論_桂本:辨少陰病脈證並治,,,,,,,,,,,,
REL_00993,SHL_SONGBEN_0297,clause,VR_GUIBEN_0281,variant,variant,傷寒雜病論_桂本存在對應異文（相似度1.00）。,傷寒雜病論_桂本:辨少陰病脈證並治,,,,,,,,,,,,
REL_00994,SHL_SONGBEN_0298,clause,VR_GUIBEN_0282,variant,variant,傷寒雜病論_桂本存在對應異文（相似度0.78）。,傷寒雜病論_桂本:辨少陰病脈證並治,,,,,,,,,,,,
REL_00995,SHL_SONGBEN_0299,clause,VR_GUIBEN_0283,variant,variant,傷寒雜病論_桂本存在對應異文（相似度1.00）。,傷寒雜病論_桂本:辨少陰病脈證並治,,,,,,,,,,,,
REL_00996,SHL_SONGBEN_0300,clause,VR_GUIBEN_0284,variant,variant,傷寒雜病論_桂本存在對應異文（相似度1.00）。,傷寒雜病論_桂本:辨少陰病脈證並治,,,,,,,,,,,,
REL_00997,SHL_SONGBEN_0301,clause,VR_GUIBEN_0285,variant,variant,傷寒雜病論_桂本存在對應異文（相似度0.85）。,傷寒雜病論_桂本:辨少陰病脈證並治,,,,,,,,,,,,
REL_00998,SHL_SONGBEN_0302,clause,VR_GUIBEN_0286,variant,variant,傷寒雜病論_桂本存在對應異文（相似度0.94）。,傷寒雜病論_桂本:辨少陰病脈證並治,,,,,,,,,,,,
REL_00999,SHL_SONGBEN_0303,clause,VR_GUIBEN_0287,variant,variant,傷寒雜病論_桂本存在對應異文（相似度0.93）。,傷寒雜病論_桂本:辨少陰病脈證並治,,,,,,,,,,,,
REL_01000,SHL_SONGBEN_0304,clause,VR_GUIBEN_0288,variant,variant,傷寒雜病論_桂本存在對應異文（相似度1.00）。,傷寒雜病論_桂本:辨少陰病脈證並治,,,,,,,,,,,,
REL_01001,SHL_SONGBEN_0305,clause,VR_GUIBEN_0289,variant,variant,傷寒雜病論_桂本存在對應異文（相似度0.93）。,傷寒雜病論_桂本:辨少陰病脈證並治,,,,,,,,,,,,
REL_01002,SHL_SONGBEN_0306,clause,VR_GUIBEN_0290,variant,variant,傷寒雜病論_桂本存在對應異文（相似度1.00）。,傷寒雜病論_桂本:辨少陰病脈證並治,,,,,,,,,,,,
REL_01003,SHL_SONGBEN_0307,clause,VR_GUIBEN_0291,variant,variant,傷寒雜病論_桂本存在對應異文（相似度0.95）。,傷寒雜病論_桂本:辨少陰病脈證並治,,,,,,,,,,,,
REL_01004,SHL_SONGBEN_0308,clause,VR_GUIBEN_0292,variant,variant,傷寒雜病論_桂本存在對應異文（相似度0.87）。,傷寒雜病論_桂本:辨少陰病脈證並治,,,,,,,,,,,,
REL_01005,SHL_SONGBEN_0309,clause,VR_GUIBEN_0293,variant,variant,傷寒雜病論_桂本存在對應異文（相似度1.00）。,傷寒雜病論_桂本:辨少陰病脈證並治,,,,,,,,,,,,
REL_01006,SHL_SONGBEN_0310,clause,VR_GUIBEN_0294,variant,variant,傷寒雜病論_桂本存在對應異文（相似度0.90）。,傷寒雜病論_桂本:辨少陰病脈證並治,,,,,,,,,,,,
REL_01007,SHL_SONGBEN_0311,clause,VR_GUIBEN_0295,variant,variant,傷寒雜病論_桂本存在對應異文（相似度0.85）。,傷寒雜病論_桂本:辨少陰病脈證並治,,,,,,,,,,,,
REL_01008,SHL_SONGBEN_0312,clause,VR_GUIBEN_0296,variant,variant,傷寒雜病論_桂本存在對應異文（相似度0.86）。,傷寒雜病論_桂本:辨少陰病脈證並治,,,,,,,,,,,,
REL_01009,SHL_SONGBEN_0313,clause,VR_GUIBEN_0297,variant,variant,傷寒雜病論_桂本存在對應異文（相似度0.79）。,傷寒雜病論_桂本:辨少陰病脈證並治,,,,,,,,,,,,
REL_01010,SHL_SONGBEN_0314,clause,VR_GUIBEN_0298,variant,variant,傷寒雜病論_桂本存在對應異文（相似度1.00）。,傷寒雜病論_桂本:辨少陰病脈證並治,,,,,,,,,,,,
REL_01011,SHL_SONGBEN_0315,clause,VR_GUIBEN_0299,variant,variant,傷寒雜病論_桂本存在對應異文（相似度0.96）。,傷寒雜病論_桂本:辨少陰病脈證並治,,,,,,,,,,,,
REL_01012,SHL_SONGBEN_0316,clause,VR_GUIBEN_0300,variant,variant,傷寒雜病論_桂本存在對應異文（相似度0.95）。,傷寒雜病論_桂本:辨少陰病脈證並治,,,,,,,,,,,,
REL_01013,SHL_SONGBEN_0317,clause,VR_GUIBEN_0301,variant,variant,傷寒雜病論_桂本存在對應異文（相似度1.00）。,傷寒雜病論_桂本:辨少陰病脈證並治,,,,,,,,,,,,
REL_01014,SHL_SONGBEN_0318,clause,VR_GUIBEN_0302,variant,variant,傷寒雜病論_桂本存在對應異文（相似度0.93）。,傷寒雜病論_桂本:辨少陰病脈證並治,,,,,,,,,,,,
REL_01015,SHL_SONGBEN_0319,clause,VR_GUIBEN_0303,variant,variant,傷寒雜病論_桂本存在對應異文（相似度0.91）。,傷寒雜病論_桂本:辨少陰病脈證並治,,,,,,,,,,,,
REL_01016,SHL_SONGBEN_0320,clause,VR_GUIBEN_0304,variant,variant,傷寒雜病論_桂本存在對應異文（相似度1.00）。,傷寒雜病論_桂本:辨少陰病脈證並治,,,,,,,,,,,,
REL_01017,SHL_SONGBEN_0321,clause,VR_GUIBEN_0305,variant,variant,傷寒雜病論_桂本存在對應異文（相似度0.94）。,傷寒雜病論_桂本:辨少陰病脈證並治,,,,,,,,,,,,
REL_01018,SHL_SONGBEN_0322,clause,VR_GUIBEN_0306,variant,variant,傷寒雜病論_桂本存在對應異文（相似度0.93）。,傷寒雜病論_桂本:辨少陰病脈證並治,,,,,,,,,,,,
REL_01019,SHL_SONGBEN_0323,clause,VR_GUIBEN_0307,variant,variant,傷寒雜病論_桂本存在對應異文（相似度1.00）。,傷寒雜病論_桂本:辨少陰病脈證並治,,,,,,,,,,,,
REL_01020,SHL_SONGBEN_0324,clause,VR_GUIBEN_0308,variant,variant,傷寒雜病論_桂本存在對應異文（相似度0.92）。,傷寒雜病論_桂本:辨少陰病脈證並治,,,,,,,,,,,,
REL_01021,SHL_SONGBEN_0325,clause,VR_GUIBEN_0309,variant,variant,傷寒雜病論_桂本存在對應異文（相似度1.00）。,傷寒雜病論_桂本:辨厥陰病脈證並治,,,,,,,,,,,,
REL_01022,SHL_SONGBEN_0326,clause,VR_GUIBEN_0310,variant,variant,傷寒雜病論_桂本存在對應異文（相似度1.00）。,傷寒雜病論_桂本:辨厥陰病脈證並治,,,,,,,,,,,,
REL_01023,SHL_SONGBEN_0327,clause,VR_GUIBEN_0311,variant,variant,傷寒雜病論_桂本存在對應異文（相似度1.00）。,傷寒雜病論_桂本:辨厥陰病脈證並治,,,,,,,,,,,,
REL_01024,SHL_SONGBEN_0328,clause,VR_GUIBEN_0312,variant,variant,傷寒雜病論_桂本存在對應異文（相似度0.84）。,傷寒雜病論_桂本:辨厥陰病脈證並治,,,,,,,,,,,,
REL_01025,SHL_SONGBEN_0329,clause,VR_GUIBEN_0313,variant,variant,傷寒雜病論_桂本存在對應異文（相似度1.00）。,傷寒雜病論_桂本:辨厥陰病脈證並治,,,,,,,,,,,,
REL_01026,SHL_SONGBEN_0330,clause,VR_GUIBEN_0314,variant,variant,傷寒雜病論_桂本存在對應異文（相似度1.00）。,傷寒雜病論_桂本:辨厥陰病脈證並治,,,,,,,,,,,,
REL_01027,SHL_SONGBEN_0331,clause,VR_GUIBEN_0315,variant,variant,傷寒雜病論_桂本存在對應異文（相似度1.00）。,傷寒雜病論_桂本:辨厥陰病脈證並治,,,,,,,,,,,,
REL_01028,SHL_SONGBEN_0332,clause,VR_GUIBEN_0316,variant,variant,傷寒雜病論_桂本存在對應異文（相似度0.96）。,傷寒雜病論_桂本:辨厥陰病脈證並治,,,,,,,,,,,,
REL_01029,SHL_SONGBEN_0333,clause,VR_GUIBEN_0317,variant,variant,傷寒雜病論_桂本存在對應異文（相似度0.86）。,傷寒雜病論_桂本:辨厥陰病脈證並治,,,,,,,,,,,,
REL_01030,SHL_SONGBEN_0334,clause,VR_GUIBEN_0318,variant,variant,傷寒雜病論_桂本存在對應異文（相似度1.00）。,傷寒雜病論_桂本:辨厥陰病脈證並治,,,,,,,,,,,,
REL_01031,SHL_SONGBEN_0335,clause,VR_GUIBEN_0319,variant,variant,傷寒雜病論_桂本存在對應異文（相似度1.00）。,傷寒雜病論_桂本:辨厥陰病脈證並治,,,,,,,,,,,,
REL_01032,SHL_SONGBEN_0336,clause,VR_GUIBEN_0320,variant,variant,傷寒雜病論_桂本存在對應異文（相似度0.95）。,傷寒雜病論_桂本:辨厥陰病脈證並治,,,,,,,,,,,,
REL_01033,SHL_SONGBEN_0337,clause,VR_GUIBEN_0321,variant,variant,傷寒雜病論_桂本存在對應異文（相似度0.92）。,傷寒雜病論_桂本:辨厥陰病脈證並治,,,,,,,,,,,,
REL_01034,SHL_SONGBEN_0338,clause,VR_GUIBEN_0322,variant,variant,傷寒雜病論_桂本存在對應異文（相似度0.91）。,傷寒雜病論_桂本:辨厥陰病脈證並治,,,,,,,,,,,,
REL_01035,SHL_SONGBEN_0339,clause,VR_GUIBEN_0323,variant,variant,傷寒雜病論_桂本存在對應異文（相似度1.00）。,傷寒雜病論_桂本:辨厥陰病脈證並治,,,,,,,,,,,,
REL_01036,SHL_SONGBEN_0340,clause,VR_GUIBEN_0324,variant,variant,傷寒雜病論_桂本存在對應異文（相似度0.92）。,傷寒雜病論_桂本:辨厥陰病脈證並治,,,,,,,,,,,,
REL_01037,SHL_SONGBEN_0341,clause,VR_GUIBEN_0325,variant,variant,傷寒雜病論_桂本存在對應異文（相似度1.00）。,傷寒雜病論_桂本:辨厥陰病脈證並治,,,,,,,,,,,,
REL_01038,SHL_SONGBEN_0342,clause,VR_GUIBEN_0326,variant,variant,傷寒雜病論_桂本存在對應異文（相似度1.00）。,傷寒雜病論_桂本:辨厥陰病脈證並治,,,,,,,,,,,,
REL_01039,SHL_SONGBEN_0343,clause,VR_GUIBEN_0327,variant,variant,傷寒雜病論_桂本存在對應異文（相似度1.00）。,傷寒雜病論_桂本:辨厥陰病脈證並治,,,,,,,,,,,,
REL_01040,SHL_SONGBEN_0344,clause,VR_GUIBEN_0328,variant,variant,傷寒雜病論_桂本存在對應異文（相似度1.00）。,傷寒雜病論_桂本:辨厥陰病脈證並治,,,,,,,,,,,,
REL_01041,SHL_SONGBEN_0345,clause,VR_GUIBEN_0329,variant,variant,傷寒雜病論_桂本存在對應異文（相似度1.00）。,傷寒雜病論_桂本:辨厥陰病脈證並治,,,,,,,,,,,,
REL_01042,SHL_SONGBEN_0346,clause,VR_GUIBEN_0330,variant,variant,傷寒雜病論_桂本存在對應異文（相似度1.00）。,傷寒雜病論_桂本:辨厥陰病脈證並治,,,,,,,,,,,,
REL_01043,SHL_SONGBEN_0347,clause,VR_GUIBEN_0331,variant,variant,傷寒雜病論_桂本存在對應異文（相似度0.82）。,傷寒雜病論_桂本:辨厥陰病脈證並治,,,,,,,,,,,,
REL_01044,SHL_SONGBEN_0348,clause,VR_GUIBEN_0332,variant,variant,傷寒雜病論_桂本存在對應異文（相似度0.92）。,傷寒雜病論_桂本:辨厥陰病脈證並治,,,,,,,,,,,,
REL_01045,SHL_SONGBEN_0349,clause,VR_GUIBEN_0333,variant,variant,傷寒雜病論_桂本存在對應異文（相似度0.86）。,傷寒雜病論_桂本:辨厥陰病脈證並治,,,,,,,,,,,,
REL_01046,SHL_SONGBEN_0350,clause,VR_GUIBEN_0334,variant,variant,傷寒雜病論_桂本存在對應異文（相似度0.90）。,傷寒雜病論_桂本:辨厥陰病脈證並治,,,,,,,,,,,,
REL_01047,SHL_SONGBEN_0353,clause,VR_GUIBEN_0335,variant,variant,傷寒雜病論_桂本存在對應異文（相似度0.92）。,傷寒雜病論_桂本:辨厥陰病脈證並治,,,,,,,,,,,,
REL_01048,SHL_SONGBEN_0354,clause,VR_GUIBEN_0336,variant,variant,傷寒雜病論_桂本存在對應異文（相似度0.81）。,傷寒雜病論_桂本:辨厥陰病脈證並治,,,,,,,,,,,,
REL_01049,SHL_SONGBEN_0355,clause,VR_GUIBEN_0337,variant,variant,傷寒雜病論_桂本存在對應異文（相似度1.00）。,傷寒雜病論_桂本:辨厥陰病脈證並治,,,,,,,,,,,,
REL_01050,SHL_SONGBEN_0356,clause,VR_GUIBEN_0338,variant,variant,傷寒雜病論_桂本存在對應異文（相似度0.95）。,傷寒雜病論_桂本:辨厥陰病脈證並治,,,,,,,,,,,,
REL_01051,SHL_SONGBEN_0357,clause,VR_GUIBEN_0339,variant,variant,傷寒雜病論_桂本存在對應異文（相似度0.73）。,傷寒雜病論_桂本:辨厥陰病脈證並治,,,,,,,,,,,,
REL_01052,SHL_SONGBEN_0358,clause,VR_GUIBEN_0340,variant,variant,傷寒雜病論_桂本存在對應異文（相似度0.90）。,傷寒雜病論_桂本:辨厥陰病脈證並治,,,,,,,,,,,,
REL_01053,SHL_SONGBEN_0359,clause,VR_GUIBEN_0341,variant,variant,傷寒雜病論_桂本存在對應異文（相似度0.90）。,傷寒雜病論_桂本:辨厥陰病脈證並治,,,,,,,,,,,,
REL_01054,SHL_SONGBEN_0360,clause,VR_GUIBEN_0342,variant,variant,傷寒雜病論_桂本存在對應異文（相似度0.83）。,傷寒雜病論_桂本:辨厥陰病脈證並治,,,,,,,,,,,,
REL_01055,SHL_SONGBEN_0362,clause,VR_GUIBEN_0343,variant,variant,傷寒雜病論_桂本存在對應異文（相似度0.93）。,傷寒雜病論_桂本:辨厥陰病脈證並治,,,,,,,,,,,,
REL_01056,SHL_SONGBEN_0363,clause,VR_GUIBEN_0344,variant,variant,傷寒雜病論_桂本存在對應異文（相似度0.70）。,傷寒雜病論_桂本:辨厥陰病脈證並治,,,,,,,,,,,,
REL_01057,SHL_SONGBEN_0364,clause,VR_GUIBEN_0345,variant,variant,傷寒雜病論_桂本存在對應異文（相似度0.83）。,傷寒雜病論_桂本:辨厥陰病脈證並治,,,,,,,,,,,,
REL_01058,SHL_SONGBEN_0365,clause,VR_GUIBEN_0346,variant,variant,傷寒雜病論_桂本存在對應異文（相似度1.00）。,傷寒雜病論_桂本:辨厥陰病脈證並治,,,,,,,,,,,,
REL_01059,SHL_SONGBEN_0366,clause,VR_GUIBEN_0347,variant,variant,傷寒雜病論_桂本存在對應異文（相似度1.00）。,傷寒雜病論_桂本:辨厥陰病脈證並治,,,,,,,,,,,,
REL_01060,SHL_SONGBEN_0367,clause,VR_GUIBEN_0348,variant,variant,傷寒雜病論_桂本存在對應異文（相似度0.90）。,傷寒雜病論_桂本:辨厥陰病脈證並治,,,,,,,,,,,,
REL_01061,SHL_SONGBEN_0368,clause,VR_GUIBEN_0349,variant,variant,傷寒雜病論_桂本存在對應異文（相似度1.00）。,傷寒雜病論_桂本:辨厥陰病脈證並治,,,,,,,,,,,,
REL_01062,SHL_SONGBEN_0369,clause,VR_GUIBEN_0350,variant,variant,傷寒雜病論_桂本存在對應異文（相似度1.00）。,傷寒雜病論_桂本:辨厥陰病脈證並治,,,,,,,,,,,,
REL_01063,SHL_SONGBEN_0370,clause,VR_GUIBEN_0351,variant,variant,傷寒雜病論_桂本存在對應異文（相似度1.00）。,傷寒雜病論_桂本:辨厥陰病脈證並治,,,,,,,,,,,,
REL_01064,SHL_SONGBEN_0371,clause,VR_GUIBEN_0352,variant,variant,傷寒雜病論_桂本存在對應異文（相似度1.00）。,傷寒雜病論_桂本:辨厥陰病脈證並治,,,,,,,,,,,,
REL_01065,SHL_SONGBEN_0372,clause,VR_GUIBEN_0353,variant,variant,傷寒雜病論_桂本存在對應異文（相似度0.94）。,傷寒雜病論_桂本:辨厥陰病脈證並治,,,,,,,,,,,,
REL_01066,SHL_SONGBEN_0373,clause,VR_GUIBEN_0354,variant,variant,傷寒雜病論_桂本存在對應異文（相似度0.91）。,傷寒雜病論_桂本:辨厥陰病脈證並治,,,,,,,,,,,,
REL_01067,SHL_SONGBEN_0374,clause,VR_GUIBEN_0355,variant,variant,傷寒雜病論_桂本存在對應異文（相似度0.85）。,傷寒雜病論_桂本:辨厥陰病脈證並治,,,,,,,,,,,,
REL_01068,SHL_SONGBEN_0375,clause,VR_GUIBEN_0356,variant,variant,傷寒雜病論_桂本存在對應異文（相似度1.00）。,傷寒雜病論_桂本:辨厥陰病脈證並治,,,,,,,,,,,,
REL_01069,SHL_SONGBEN_0376,clause,VR_GUIBEN_0357,variant,variant,傷寒雜病論_桂本存在對應異文（相似度1.00）。,傷寒雜病論_桂本:辨厥陰病脈證並治,,,,,,,,,,,,
REL_01070,SHL_SONGBEN_0377,clause,VR_GUIBEN_0358,variant,variant,傷寒雜病論_桂本存在對應異文（相似度0.93）。,傷寒雜病論_桂本:辨厥陰病脈證並治,,,,,,,,,,,,
REL_01071,SHL_SONGBEN_0378,clause,VR_GUIBEN_0359,variant,variant,傷寒雜病論_桂本存在對應異文（相似度0.90）。,傷寒雜病論_桂本:辨厥陰病脈證並治,,,,,,,,,,,,
REL_01072,SHL_SONGBEN_0379,clause,VR_GUIBEN_0360,variant,variant,傷寒雜病論_桂本存在對應異文（相似度1.00）。,傷寒雜病論_桂本:辨厥陰病脈證並治,,,,,,,,,,,,
REL_01073,SHL_SONGBEN_0380,clause,VR_GUIBEN_0361,variant,variant,傷寒雜病論_桂本存在對應異文（相似度0.96）。,傷寒雜病論_桂本:辨厥陰病脈證並治,,,,,,,,,,,,
REL_01074,SHL_SONGBEN_0381,clause,VR_GUIBEN_0362,variant,variant,傷寒雜病論_桂本存在對應異文（相似度0.78）。,傷寒雜病論_桂本:辨厥陰病脈證並治,,,,,,,,,,,,
REL_01075,SHL_SONGBEN_0382,clause,VR_GUIBEN_0363,variant,variant,傷寒雜病論_桂本存在對應異文（相似度1.00）。,傷寒雜病論_桂本:辨霍亂吐利病脈證並治,,,,,,,,,,,,
REL_01076,SHL_SONGBEN_0383,clause,VR_GUIBEN_0364,variant,variant,傷寒雜病論_桂本存在對應異文（相似度0.72）。,傷寒雜病論_桂本:辨霍亂吐利病脈證並治,,,,,,,,,,,,
REL_01077,SHL_SONGBEN_0384,clause,VR_GUIBEN_0365,variant,variant,傷寒雜病論_桂本存在對應異文（相似度0.67）。,傷寒雜病論_桂本:辨霍亂吐利病脈證並治,,,,,,,,,,,,
REL_01078,SHL_SONGBEN_0385,clause,VR_GUIBEN_0366,variant,variant,傷寒雜病論_桂本存在對應異文（相似度0.80）。,傷寒雜病論_桂本:辨霍亂吐利病脈證並治,,,,,,,,,,,,
REL_01079,SHL_SONGBEN_0386,clause,VR_GUIBEN_0367,variant,variant,傷寒雜病論_桂本存在對應異文（相似度0.89）。,傷寒雜病論_桂本:辨霍亂吐利病脈證並治,,,,,,,,,,,,
REL_01080,SHL_SONGBEN_0387,clause,VR_GUIBEN_0368,variant,variant,傷寒雜病論_桂本存在對應異文（相似度0.93）。,傷寒雜病論_桂本:辨霍亂吐利病脈證並治,,,,,,,,,,,,
REL_01081,SHL_SONGBEN_0388,clause,VR_GUIBEN_0369,variant,variant,傷寒雜病論_桂本存在對應異文（相似度0.93）。,傷寒雜病論_桂本:辨霍亂吐利病脈證並治,,,,,,,,,,,,
REL_01082,SHL_SONGBEN_0389,clause,VR_GUIBEN_0370,variant,variant,傷寒雜病論_桂本存在對應異文（相似度0.95）。,傷寒雜病論_桂本:辨霍亂吐利病脈證並治,,,,,,,,,,,,
REL_01083,SHL_SONGBEN_0390,clause,VR_GUIBEN_0371,variant,variant,傷寒雜病論_桂本存在對應異文（相似度1.00）。,傷寒雜病論_桂本:辨霍亂吐利病脈證並治,,,,,,,,,,,,
REL_01084,SHL_SONGBEN_0391,clause,VR_GUIBEN_0372,variant,variant,傷寒雜病論_桂本存在對應異文（相似度0.80）。,傷寒雜病論_桂本:辨霍亂吐利病脈證並治,,,,,,,,,,,,
REL_01085,SHL_SONGBEN_0392,clause,VR_GUIBEN_0373,variant,variant,傷寒雜病論_桂本存在對應異文（相似度0.65）。,傷寒雜病論_桂本:辨痙陰陽易差後病脈證並治,,,,,,,,,,,,
REL_01086,SHL_SONGBEN_0393,clause,VR_GUIBEN_0374,variant,variant,傷寒雜病論_桂本存在對應異文（相似度0.64）。,傷寒雜病論_桂本:辨痙陰陽易差後病脈證並治,,,,,,,,,,,,
REL_01087,SHL_SONGBEN_0394,clause,VR_GUIBEN_0375,variant,variant,傷寒雜病論_桂本存在對應異文（相似度0.86）。,傷寒雜病論_桂本:辨痙陰陽易差後病脈證並治,,,,,,,,,,,,
REL_01088,SHL_SONGBEN_0395,clause,VR_GUIBEN_0376,variant,variant,傷寒雜病論_桂本存在對應異文（相似度1.00）。,傷寒雜病論_桂本:辨痙陰陽易差後病脈證並治,,,,,,,,,,,,
REL_01089,SHL_SONGBEN_0396,clause,VR_GUIBEN_0377,variant,variant,傷寒雜病論_桂本存在對應異文（相似度0.86）。,傷寒雜病論_桂本:辨痙陰陽易差後病脈證並治,,,,,,,,,,,,
REL_01090,SHL_SONGBEN_0397,clause,VR_GUIBEN_0378,variant,variant,傷寒雜病論_桂本存在對應異文（相似度0.92）。,傷寒雜病論_桂本:辨痙陰陽易差後病脈證並治,,,,,,,,,,,,
REL_01091,SHL_SONGBEN_0398,clause,VR_GUIBEN_0379,variant,variant,傷寒雜病論_桂本存在對應異文（相似度0.84）。,傷寒雜病論_桂本:辨痙陰陽易差後病脈證並治,,,,,,,,,,,,
REL_01092,SHL_SONGBEN_0001,clause,VR_QIANJINYI_0380,variant,variant,傷寒論_千金翼方版存在對應異文（相似度0.83）。,傷寒論_千金翼方版:傷寒論(千金翼方版),,,,,,,,,,,,
REL_01093,SHL_SONGBEN_0002,clause,VR_QIANJINYI_0381,variant,variant,傷寒論_千金翼方版存在對應異文（相似度0.67）。,傷寒論_千金翼方版:傷寒論(千金翼方版),,,,,,,,,,,,
REL_01094,SHL_SONGBEN_0003,clause,VR_QIANJINYI_0382,variant,variant,傷寒論_千金翼方版存在對應異文（相似度0.92）。,傷寒論_千金翼方版:太陽病用麻黃湯法第二,,,,,,,,,,,,
REL_01095,SHL_SONGBEN_0004,clause,VR_QIANJINYI_0383,variant,variant,傷寒論_千金翼方版存在對應異文（相似度0.87）。,傷寒論_千金翼方版:太陽病用麻黃湯法第二,,,,,,,,,,,,
REL_01096,SHL_SONGBEN_0007,clause,VR_QIANJINYI_0384,variant,variant,傷寒論_千金翼方版存在對應異文（相似度0.78）。,傷寒論_千金翼方版:傷寒論(千金翼方版),,,,,,,,,,,,
REL_01097,SHL_SONGBEN_0008,clause,VR_QIANJINYI_0385,variant,variant,傷寒論_千金翼方版存在對應異文（相似度0.88）。,傷寒論_千金翼方版:傷寒論(千金翼方版),,,,,,,,,,,,
REL_01098,SHL_SONGBEN_0009,clause,VR_QIANJINYI_0386,variant,variant,傷寒論_千金翼方版存在對應異文（相似度0.74）。,傷寒論_千金翼方版:傷寒論(千金翼方版),,,,,,,,,,,,
REL_01099,SHL_SONGBEN_0010,clause,VR_QIANJINYI_0387,variant,variant,傷寒論_千金翼方版存在對應異文（相似度1.00）。,傷寒論_千金翼方版:傷寒論(千金翼方版),,,,,,,,,,,,
REL_01100,SHL_SONGBEN_0012,clause,VR_QIANJINYI_0388,variant,variant,傷寒論_千金翼方版存在對應異文（相似度0.84）。,傷寒論_千金翼方版:傷寒論(千金翼方版),,,,,,,,,,,,
REL_01101,SHL_SONGBEN_0013,clause,VR_QIANJINYI_0389,variant,variant,傷寒論_千金翼方版存在對應異文（相似度1.00）。,傷寒論_千金翼方版:傷寒論(千金翼方版),,,,,,,,,,,,
REL_01102,SHL_SONGBEN_0014,clause,VR_QIANJINYI_0390,variant,variant,傷寒論_千金翼方版存在對應異文（相似度0.77）。,傷寒論_千金翼方版:傷寒論(千金翼方版),,,,,,,,,,,,
REL_01103,SHL_SONGBEN_0017,clause,VR_QIANJINYI_0391,variant,variant,傷寒論_千金翼方版存在對應異文（相似度0.83）。,傷寒論_千金翼方版:傷寒論(千金翼方版),,,,,,,,,,,,
REL_01104,SHL_SONGBEN_0018,clause,VR_QIANJINYI_0392,variant,variant,傷寒論_千金翼方版存在對應異文（相似度0.82）。,傷寒論_千金翼方版:傷寒論(千金翼方版),,,,,,,,,,,,
REL_01105,SHL_SONGBEN_0019,clause,VR_QIANJINYI_0393,variant,variant,傷寒論_千金翼方版存在對應異文（相似度0.92）。,傷寒論_千金翼方版:傷寒論(千金翼方版),,,,,,,,,,,,
REL_01106,SHL_SONGBEN_0020,clause,VR_QIANJINYI_0394,variant,variant,傷寒論_千金翼方版存在對應異文（相似度0.86）。,傷寒論_千金翼方版:傷寒論(千金翼方版),,,,,,,,,,,,
REL_01107,SHL_SONGBEN_0021,clause,VR_QIANJINYI_0395,variant,variant,傷寒論_千金翼方版存在對應異文（相似度0.63）。,傷寒論_千金翼方版:傷寒論(千金翼方版),,,,,,,,,,,,
REL_01108,SHL_SONGBEN_0023,clause,VR_QIANJINYI_0396,variant,variant,傷寒論_千金翼方版存在對應異文（相似度0.69）。,傷寒論_千金翼方版:傷寒論(千金翼方版),,,,,,,,,,,,
REL_01109,SHL_SONGBEN_0024,clause,VR_QIANJINYI_0397,variant,variant,傷寒論_千金翼方版存在對應異文（相似度0.82）。,傷寒論_千金翼方版:傷寒論(千金翼方版),,,,,,,,,,,,
REL_01110,SHL_SONGBEN_0028,clause,VR_QIANJINYI_0398,variant,variant,傷寒論_千金翼方版存在對應異文（相似度0.79）。,傷寒論_千金翼方版:傷寒論(千金翼方版),,,,,,,,,,,,
REL_01111,SHL_SONGBEN_0029,clause,VR_QIANJINYI_0399,variant,variant,傷寒論_千金翼方版存在對應異文（相似度0.74）。,傷寒論_千金翼方版:發汗吐下後病狀第五,,,,,,,,,,,,
REL_01112,SHL_SONGBEN_0035,clause,VR_QIANJINYI_0400,variant,variant,傷寒論_千金翼方版存在對應異文（相似度0.82）。,傷寒論_千金翼方版:太陽病用麻黃湯法第二,,,,,,,,,,,,
REL_01113,SHL_SONGBEN_0036,clause,VR_QIANJINYI_0401,variant,variant,傷寒論_千金翼方版存在對應異文（相似度0.83）。,傷寒論_千金翼方版:太陽病用麻黃湯法第二,,,,,,,,,,,,
REL_01114,SHL_SONGBEN_0039,clause,VR_QIANJINYI_0402,variant,variant,傷寒論_千金翼方版存在對應異文（相似度0.81）。,傷寒論_千金翼方版:太陽病用青龍湯法第三,,,,,,,,,,,,
REL_01115,SHL_SONGBEN_0040,clause,VR_QIANJINYI_0403,variant,variant,傷寒論_千金翼方版存在對應異文（相似度0.62）。,傷寒論_千金翼方版:太陽病用青龍湯法第三,,,,,,,,,,,,
REL_01116,SHL_SONGBEN_0041,clause,VR_QIANJINYI_0404,variant,variant,傷寒論_千金翼方版存在對應異文（相似度0.72）。,傷寒論_千金翼方版:太陽病用青龍湯法第三,,,,,,,,,,,,
REL_01117,SHL_SONGBEN_0042,clause,VR_QIANJINYI_0405,variant,variant,傷寒論_千金翼方版存在對應異文（相似度0.83）。,傷寒論_千金翼方版:傷寒論(千金翼方版),,,,,,,,,,,,
REL_01118,SHL_SONGBEN_0044,clause,VR_QIANJINYI_0406,variant,variant,傷寒論_千金翼方版存在對應異文（相似度0.71）。,傷寒論_千金翼方版:傷寒論(千金翼方版),,,,,,,,,,,,
REL_01119,SHL_SONGBEN_0045,clause,VR_QIANJINYI_0407,variant,variant,傷寒論_千金翼方版存在對應異文（相似度0.81）。,傷寒論_千金翼方版:傷寒論(千金翼方版),,,,,,,,,,,,
REL_01120,SHL_SONGBEN_0046,clause,VR_QIANJINYI_0408,variant,variant,傷寒論_千金翼方版存在對應異文（相似度0.83）。,傷寒論_千金翼方版:太陽病用麻黃湯法第二,,,,,,,,,,,,
REL_01121,SHL_SONGBEN_0049,clause,VR_QIANJINYI_0409,variant,variant,傷寒論_千金翼方版存在對應異文（相似度0.69）。,傷寒論_千金翼方版:發汗吐下後病狀第五,,,,,,,,,,,,
REL_01122,SHL_SONGBEN_0052,clause,VR_QIANJINYI_0410,variant,variant,傷寒論_千金翼方版存在對應異文（相似度0.70）。,傷寒論_千金翼方版:太陽病用麻黃湯法第二,,,,,,,,,,,,
REL_01123,SHL_SONGBEN_0053,clause,VR_QIANJINYI_0411,variant,variant,傷寒論_千金翼方版存在對應異文（相似度0.70）。,傷寒論_千金翼方版:傷寒論(千金翼方版),,,,,,,,,,,,
REL_01124,SHL_SONGBEN_0054,clause,VR_QIANJINYI_0412,variant,variant,傷寒論_千金翼方版存在對應異文（相似度0.80）。,傷寒論_千金翼方版:傷寒論(千金翼方版),,,,,,,,,,,,
REL_01125,SHL_SONGBEN_0055,clause,VR_QIANJINYI_0413,variant,variant,傷寒論_千金翼方版存在對應異文（相似度0.71）。,傷寒論_千金翼方版:太陽病用麻黃湯法第二,,,,,,,,,,,,
REL_01126,SHL_SONGBEN_0056,clause,VR_QIANJINYI_0414,variant,variant,傷寒論_千金翼方版存在對應異文（相似度0.63）。,傷寒論_千金翼方版:傷寒論(千金翼方版),,,,,,,,,,,,
REL_01127,SHL_SONGBEN_0057,clause,VR_QIANJINYI_0415,variant,variant,傷寒論_千金翼方版存在對應異文（相似度0.73）。,傷寒論_千金翼方版:傷寒論(千金翼方版),,,,,,,,,,,,
REL_01128,SHL_SONGBEN_0058,clause,VR_QIANJINYI_0416,variant,variant,傷寒論_千金翼方版存在對應異文（相似度0.84）。,傷寒論_千金翼方版:發汗吐下後病狀第五,,,,,,,,,,,,
REL_01129,SHL_SONGBEN_0064,clause,VR_QIANJINYI_0417,variant,variant,傷寒論_千金翼方版存在對應異文（相似度0.68）。,傷寒論_千金翼方版:發汗吐下後病狀第五,,,,,,,,,,,,
REL_01130,SHL_SONGBEN_0065,clause,VR_QIANJINYI_0418,variant,variant,傷寒論_千金翼方版存在對應異文（相似度0.69）。,傷寒論_千金翼方版:發汗吐下後病狀第五,,,,,,,,,,,,
REL_01131,SHL_SONGBEN_0070,clause,VR_QIANJINYI_0419,variant,variant,傷寒論_千金翼方版存在對應異文（相似度0.80）。,傷寒論_千金翼方版:太陽病用承氣湯法第五,,,,,,,,,,,,
REL_01132,SHL_SONGBEN_0074,clause,VR_QIANJINYI_0420,variant,variant,傷寒論_千金翼方版存在對應異文（相似度0.70）。,傷寒論_千金翼方版:太陽病雜療法第七,,,,,,,,,,,,
REL_01133,SHL_SONGBEN_0080,clause,VR_QIANJINYI_0421,variant,variant,傷寒論_千金翼方版存在對應異文（相似度0.69）。,傷寒論_千金翼方版:發汗吐下後病狀第五,,,,,,,,,,,,
REL_01134,SHL_SONGBEN_0082,clause,VR_QIANJINYI_0422,variant,variant,傷寒論_千金翼方版存在對應異文（相似度0.65）。,傷寒論_千金翼方版:發汗吐下後病狀第五,,,,,,,,,,,,
REL_01135,SHL_SONGBEN_0088,clause,VR_QIANJINYI_0423,variant,variant,傷寒論_千金翼方版存在對應異文（相似度0.76）。,傷寒論_千金翼方版:忌發汗第一,,,,,,,,,,,,
REL_01136,SHL_SONGBEN_0092,clause,VR_QIANJINYI_0424,variant,variant,傷寒論_千金翼方版存在對應異文（相似度0.65）。,傷寒論_千金翼方版:宜溫第七,,,,,,,,,,,,
REL_01137,SHL_SONGBEN_0093,clause,VR_QIANJINYI_0425,variant,variant,傷寒論_千金翼方版存在對應異文（相似度0.69）。,傷寒論_千金翼方版:發汗吐下後病狀第五,,,,,,,,,,,,
REL_01138,SHL_SONGBEN_0095,clause,VR_QIANJINYI_0426,variant,variant,傷寒論_千金翼方版存在對應異文（相似度0.73）。,傷寒論_千金翼方版:傷寒論(千金翼方版),,,,,,,,,,,,
REL_01139,SHL_SONGBEN_0096,clause,VR_QIANJINYI_0427,variant,variant,傷寒論_千金翼方版存在對應異文（相似度0.63）。,傷寒論_千金翼方版:太陽病用柴胡湯法第四,,,,,,,,,,,,
REL_01140,SHL_SONGBEN_0097,clause,VR_QIANJINYI_0428,variant,variant,傷寒論_千金翼方版存在對應異文（相似度0.78）。,傷寒論_千金翼方版:太陽病用柴胡湯法第四,,,,,,,,,,,,
REL_01141,SHL_SONGBEN_0098,clause,VR_QIANJINYI_0429,variant,variant,傷寒論_千金翼方版存在對應異文（相似度0.84）。,傷寒論_千金翼方版:太陽病用柴胡湯法第四,,,,,,,,,,,,
REL_01142,SHL_SONGBEN_0105,clause,VR_QIANJINYI_0430,variant,variant,傷寒論_千金翼方版存在對應異文（相似度0.72）。,傷寒論_千金翼方版:太陽病用承氣湯法第五,,,,,,,,,,,,
REL_01143,SHL_SONGBEN_0106,clause,VR_QIANJINYI_0431,variant,variant,傷寒論_千金翼方版存在對應異文（相似度0.71）。,傷寒論_千金翼方版:太陽病用承氣湯法第五,,,,,,,,,,,,
REL_01144,SHL_SONGBEN_0107,clause,VR_QIANJINYI_0432,variant,variant,傷寒論_千金翼方版存在對應異文（相似度0.67）。,傷寒論_千金翼方版:太陽病用柴胡湯法第四,,,,,,,,,,,,
REL_01145,SHL_SONGBEN_0108,clause,VR_QIANJINYI_0433,variant,variant,傷寒論_千金翼方版存在對應異文（相似度0.68）。,傷寒論_千金翼方版:宜刺第十三,,,,,,,,,,,,
REL_01146,SHL_SONGBEN_0109,clause,VR_QIANJINYI_0434,variant,variant,傷寒論_千金翼方版存在對應異文（相似度0.66）。,傷寒論_千金翼方版:宜刺第十三,,,,,,,,,,,,
REL_01147,SHL_SONGBEN_0113,clause,VR_QIANJINYI_0435,variant,variant,傷寒論_千金翼方版存在對應異文（相似度0.72）。,傷寒論_千金翼方版:忌火第八,,,,,,,,,,,,
REL_01148,SHL_SONGBEN_0114,clause,VR_QIANJINYI_0436,variant,variant,傷寒論_千金翼方版存在對應異文（相似度0.91）。,傷寒論_千金翼方版:忌火第八,,,,,,,,,,,,
REL_01149,SHL_SONGBEN_0115,clause,VR_QIANJINYI_0437,variant,variant,傷寒論_千金翼方版存在對應異文（相似度0.83）。,傷寒論_千金翼方版:忌灸第十,,,,,,,,,,,,
REL_01150,SHL_SONGBEN_0117,clause,VR_QIANJINYI_0438,variant,variant,傷寒論_千金翼方版存在對應異文（相似度0.86）。,傷寒論_千金翼方版:太陽病雜療法第七,,,,,,,,,,,,
REL_01151,SHL_SONGBEN_0118,clause,VR_QIANJINYI_0439,variant,variant,傷寒論_千金翼方版存在對應異文（相似度0.82）。,傷寒論_千金翼方版:太陽病雜療法第七,,,,,,,,,,,,
REL_01152,SHL_SONGBEN_0119,clause,VR_QIANJINYI_0440,variant,variant,傷寒論_千金翼方版存在對應異文（相似度0.62）。,傷寒論_千金翼方版:太陽病雜療法第七,,,,,,,,,,,,
REL_01153,SHL_SONGBEN_0122,clause,VR_QIANJINYI_0441,variant,variant,傷寒論_千金翼方版存在對應異文（相似度0.70）。,傷寒論_千金翼方版:發汗吐下後病狀第五,,,,,,,,,,,,
REL_01154,SHL_SONGBEN_0124,clause,VR_QIANJINYI_0442,variant,variant,傷寒論_千金翼方版存在對應異文（相似度0.80）。,傷寒論_千金翼方版:太陽病雜療法第七,,,,,,,,,,,,
REL_01155,SHL_SONGBEN_0125,clause,VR_QIANJINYI_0443,variant,variant,傷寒論_千金翼方版存在對應異文（相似度0.90）。,傷寒論_千金翼方版:太陽病雜療法第七,,,,,,,,,,,,
REL_01156,SHL_SONGBEN_0126,clause,VR_QIANJINYI_0444,variant,variant,傷寒論_千金翼方版存在對應異文（相似度0.89）。,傷寒論_千金翼方版:太陽病雜療法第七,,,,,,,,,,,,
REL_01157,SHL_SONGBEN_0132,clause,VR_QIANJINYI_0445,variant,variant,傷寒論_千金翼方版存在對應異文（相似度0.67）。,傷寒論_千金翼方版:太陽病用陷胸湯法第六,,,,,,,,,,,,
REL_01158,SHL_SONGBEN_0133,clause,VR_QIANJINYI_0446,variant,variant,傷寒論_千金翼方版存在對應異文（相似度0.82）。,傷寒論_千金翼方版:太陽病用陷胸湯法第六,,,,,,,,,,,,
REL_01159,SHL_SONGBEN_0134,clause,VR_QIANJINYI_0447,variant,variant,傷寒論_千金翼方版存在對應異文（相似度0.82）。,傷寒論_千金翼方版:太陽病用陷胸湯法第六,,,,,,,,,,,,
REL_01160,SHL_SONGBEN_0137,clause,VR_QIANJINYI_0448,variant,variant,傷寒論_千金翼方版存在對應異文（相似度0.79）。,傷寒論_千金翼方版:太陽病用陷胸湯法第六,,,,,,,,,,,,
REL_01161,SHL_SONGBEN_0138,clause,VR_QIANJINYI_0449,variant,variant,傷寒論_千金翼方版存在對應異文（相似度0.67）。,傷寒論_千金翼方版:太陽病用陷胸湯法第六,,,,,,,,,,,,
REL_01162,SHL_SONGBEN_0139,clause,VR_QIANJINYI_0450,variant,variant,傷寒論_千金翼方版存在對應異文（相似度0.63）。,傷寒論_千金翼方版:太陽病用陷胸湯法第六,,,,,,,,,,,,
REL_01163,SHL_SONGBEN_0142,clause,VR_QIANJINYI_0451,variant,variant,傷寒論_千金翼方版存在對應異文（相似度0.70）。,傷寒論_千金翼方版:太陽病用陷胸湯法第六,,,,,,,,,,,,
REL_01164,SHL_SONGBEN_0143,clause,VR_QIANJINYI_0452,variant,variant,傷寒論_千金翼方版存在對應異文（相似度0.84）。,傷寒論_千金翼方版:太陽病雜療法第七,,,,,,,,,,,,
REL_01165,SHL_SONGBEN_0144,clause,VR_QIANJINYI_0453,variant,variant,傷寒論_千金翼方版存在對應異文（相似度0.95）。,傷寒論_千金翼方版:太陽病雜療法第七,,,,,,,,,,,,
REL_01166,SHL_SONGBEN_0145,clause,VR_QIANJINYI_0454,variant,variant,傷寒論_千金翼方版存在對應異文（相似度0.91）。,傷寒論_千金翼方版:太陽病雜療法第七,,,,,,,,,,,,
REL_01167,SHL_SONGBEN_0147,clause,VR_QIANJINYI_0455,variant,variant,傷寒論_千金翼方版存在對應異文（相似度0.67）。,傷寒論_千金翼方版:太陽病用柴胡湯法第四,,,,,,,,,,,,
REL_01168,SHL_SONGBEN_0150,clause,VR_QIANJINYI_0456,variant,variant,傷寒論_千金翼方版存在對應異文（相似度0.64）。,傷寒論_千金翼方版:太陽病用陷胸湯法第六,,,,,,,,,,,,
REL_01169,SHL_SONGBEN_0151,clause,VR_QIANJINYI_0457,variant,variant,傷寒論_千金翼方版存在對應異文（相似度0.76）。,傷寒論_千金翼方版:太陽病用陷胸湯法第六,,,,,,,,,,,,
REL_01170,SHL_SONGBEN_0153,clause,VR_QIANJINYI_0458,variant,variant,傷寒論_千金翼方版存在對應異文（相似度0.69）。,傷寒論_千金翼方版:太陽病用陷胸湯法第六,,,,,,,,,,,,
REL_01171,SHL_SONGBEN_0154,clause,VR_QIANJINYI_0459,variant,variant,傷寒論_千金翼方版存在對應異文（相似度0.64）。,傷寒論_千金翼方版:太陽病用陷胸湯法第六,,,,,,,,,,,,
REL_01172,SHL_SONGBEN_0158,clause,VR_QIANJINYI_0460,variant,variant,傷寒論_千金翼方版存在對應異文（相似度0.66）。,傷寒論_千金翼方版:太陽病用陷胸湯法第六,,,,,,,,,,,,
REL_01173,SHL_SONGBEN_0159,clause,VR_QIANJINYI_0461,variant,variant,傷寒論_千金翼方版存在對應異文（相似度0.74）。,傷寒論_千金翼方版:太陽病用陷胸湯法第六,,,,,,,,,,,,
REL_01174,SHL_SONGBEN_0160,clause,VR_QIANJINYI_0462,variant,variant,傷寒論_千金翼方版存在對應異文（相似度0.79）。,傷寒論_千金翼方版:太陽病用陷胸湯法第六,,,,,,,,,,,,
REL_01175,SHL_SONGBEN_0164,clause,VR_QIANJINYI_0463,variant,variant,傷寒論_千金翼方版存在對應異文（相似度0.71）。,傷寒論_千金翼方版:傷寒論(千金翼方版),,,,,,,,,,,,
REL_01176,SHL_SONGBEN_0166,clause,VR_QIANJINYI_0464,variant,variant,傷寒論_千金翼方版存在對應異文（相似度0.68）。,傷寒論_千金翼方版:太陽病用陷胸湯法第六,,,,,,,,,,,,
REL_01177,SHL_SONGBEN_0168,clause,VR_QIANJINYI_0465,variant,variant,傷寒論_千金翼方版存在對應異文（相似度0.65）。,傷寒論_千金翼方版:發汗吐下後病狀第五,,,,,,,,,,,,
REL_01178,SHL_SONGBEN_0169,clause,VR_QIANJINYI_0466,variant,variant,傷寒論_千金翼方版存在對應異文（相似度0.63）。,傷寒論_千金翼方版:太陽病雜療法第七,,,,,,,,,,,,
REL_01179,SHL_SONGBEN_0170,clause,VR_QIANJINYI_0467,variant,variant,傷寒論_千金翼方版存在對應異文（相似度0.88）。,傷寒論_千金翼方版:太陽病雜療法第七,,,,,,,,,,,,
REL_01180,SHL_SONGBEN_0172,clause,VR_QIANJINYI_0468,variant,variant,傷寒論_千金翼方版存在對應異文（相似度0.94）。,傷寒論_千金翼方版:太陽病雜療法第七,,,,,,,,,,,,
REL_01181,SHL_SONGBEN_0175,clause,VR_QIANJINYI_0469,variant,variant,傷寒論_千金翼方版存在對應異文（相似度0.81）。,傷寒論_千金翼方版:太陽病雜療法第七,,,,,,,,,,,,
REL_01182,SHL_SONGBEN_0179,clause,VR_QIANJINYI_0470,variant,variant,傷寒論_千金翼方版存在對應異文（相似度0.73）。,傷寒論_千金翼方版:陽明病狀第八,,,,,,,,,,,,
REL_01183,SHL_SONGBEN_0180,clause,VR_QIANJINYI_0471,variant,variant,傷寒論_千金翼方版存在對應異文（相似度0.67）。,傷寒論_千金翼方版:陽明病狀第八,,,,,,,,,,,,
REL_01184,SHL_SONGBEN_0182,clause,VR_QIANJINYI_0472,variant,variant,傷寒論_千金翼方版存在對應異文（相似度0.77）。,傷寒論_千金翼方版:陽明病狀第八,,,,,,,,,,,,
REL_01185,SHL_SONGBEN_0186,clause,VR_QIANJINYI_0473,variant,variant,傷寒論_千金翼方版存在對應異文（相似度1.00）。,傷寒論_千金翼方版:陽明病狀第八,,,,,,,,,,,,
REL_01186,SHL_SONGBEN_0189,clause,VR_QIANJINYI_0474,variant,variant,傷寒論_千金翼方版存在對應異文（相似度0.87）。,傷寒論_千金翼方版:陽明病狀第八,,,,,,,,,,,,
REL_01187,SHL_SONGBEN_0190,clause,VR_QIANJINYI_0475,variant,variant,傷寒論_千金翼方版存在對應異文（相似度0.67）。,傷寒論_千金翼方版:陽明病狀第八,,,,,,,,,,,,
REL_01188,SHL_SONGBEN_0191,clause,VR_QIANJINYI_0476,variant,variant,傷寒論_千金翼方版存在對應異文（相似度0.62）。,傷寒論_千金翼方版:陽明病狀第八,,,,,,,,,,,,
REL_01189,SHL_SONGBEN_0192,clause,VR_QIANJINYI_0477,variant,variant,傷寒論_千金翼方版存在對應異文（相似度0.71）。,傷寒論_千金翼方版:陽明病狀第八,,,,,,,,,,,,
REL_01190,SHL_SONGBEN_0193,clause,VR_QIANJINYI_0478,variant,variant,傷寒論_千金翼方版存在對應異文（相似度0.74）。,傷寒論_千金翼方版:陽明病狀第八,,,,,,,,,,,,
REL_01191,SHL_SONGBEN_0194,clause,VR_QIANJINYI_0479,variant,variant,傷寒論_千金翼方版存在對應異文（相似度0.84）。,傷寒論_千金翼方版:陽明病狀第八,,,,,,,,,,,,
REL_01192,SHL_SONGBEN_0195,clause,VR_QIANJINYI_0480,variant,variant,傷寒論_千金翼方版存在對應異文（相似度0.74）。,傷寒論_千金翼方版:陽明病狀第八,,,,,,,,,,,,
REL_01193,SHL_SONGBEN_0197,clause,VR_QIANJINYI_0481,variant,variant,傷寒論_千金翼方版存在對應異文（相似度0.63）。,傷寒論_千金翼方版:陽明病狀第八,,,,,,,,,,,,
REL_01194,SHL_SONGBEN_0198,clause,VR_QIANJINYI_0482,variant,variant,傷寒論_千金翼方版存在對應異文（相似度0.82）。,傷寒論_千金翼方版:陽明病狀第八,,,,,,,,,,,,
REL_01195,SHL_SONGBEN_0199,clause,VR_QIANJINYI_0483,variant,variant,傷寒論_千金翼方版存在對應異文（相似度0.84）。,傷寒論_千金翼方版:陽明病狀第八,,,,,,,,,,,,
REL_01196,SHL_SONGBEN_0200,clause,VR_QIANJINYI_0484,variant,variant,傷寒論_千金翼方版存在對應異文（相似度0.91）。,傷寒論_千金翼方版:陽明病狀第八,,,,,,,,,,,,
REL_01197,SHL_SONGBEN_0201,clause,VR_QIANJINYI_0485,variant,variant,傷寒論_千金翼方版存在對應異文（相似度0.83）。,傷寒論_千金翼方版:陽明病狀第八,,,,,,,,,,,,
REL_01198,SHL_SONGBEN_0202,clause,VR_QIANJINYI_0486,variant,variant,傷寒論_千金翼方版存在對應異文（相似度0.76）。,傷寒論_千金翼方版:陽明病狀第八,,,,,,,,,,,,
REL_01199,SHL_SONGBEN_0203,clause,VR_QIANJINYI_0487,variant,variant,傷寒論_千金翼方版存在對應異文（相似度0.65）。,傷寒論_千金翼方版:陽明病狀第八,,,,,,,,,,,,
REL_01200,SHL_SONGBEN_0204,clause,VR_QIANJINYI_0488,variant,variant,傷寒論_千金翼方版存在對應異文（相似度0.92）。,傷寒論_千金翼方版:陽明病狀第八,,,,,,,,,,,,
REL_01201,SHL_SONGBEN_0206,clause,VR_QIANJINYI_0489,variant,variant,傷寒論_千金翼方版存在對應異文（相似度0.93）。,傷寒論_千金翼方版:陽明病狀第八,,,,,,,,,,,,
REL_01202,SHL_SONGBEN_0207,clause,VR_QIANJINYI_0490,variant,variant,傷寒論_千金翼方版存在對應異文（相似度0.62）。,傷寒論_千金翼方版:陽明病狀第八,,,,,,,,,,,,
REL_01203,SHL_SONGBEN_0209,clause,VR_QIANJINYI_0491,variant,variant,傷寒論_千金翼方版存在對應異文（相似度0.63）。,傷寒論_千金翼方版:陽明病狀第八,,,,,,,,,,,,
REL_01204,SHL_SONGBEN_0210,clause,VR_QIANJINYI_0492,variant,variant,傷寒論_千金翼方版存在對應異文（相似度0.94）。,傷寒論_千金翼方版:陽明病狀第八,,,,,,,,,,,,
REL_01205,SHL_SONGBEN_0213,clause,VR_QIANJINYI_0493,variant,variant,傷寒論_千金翼方版存在對應異文（相似度0.65）。,傷寒論_千金翼方版:陽明病狀第八,,,,,,,,,,,,
REL_01206,SHL_SONGBEN_0215,clause,VR_QIANJINYI_0494,variant,variant,傷寒論_千金翼方版存在對應異文（相似度0.70）。,傷寒論_千金翼方版:陽明病狀第八,,,,,,,,,,,,
REL_01207,SHL_SONGBEN_0216,clause,VR_QIANJINYI_0495,variant,variant,傷寒論_千金翼方版存在對應異文（相似度0.83）。,傷寒論_千金翼方版:陽明病狀第八,,,,,,,,,,,,
REL_01208,SHL_SONGBEN_0217,clause,VR_QIANJINYI_0496,variant,variant,傷寒論_千金翼方版存在對應異文（相似度0.67）。,傷寒論_千金翼方版:陽明病狀第八,,,,,,,,,,,,
REL_01209,SHL_SONGBEN_0218,clause,VR_QIANJINYI_0497,variant,variant,傷寒論_千金翼方版存在對應異文（相似度0.84）。,傷寒論_千金翼方版:陽明病狀第八,,,,,,,,,,,,
REL_01210,SHL_SONGBEN_0219,clause,VR_QIANJINYI_0498,variant,variant,傷寒論_千金翼方版存在對應異文（相似度0.74）。,傷寒論_千金翼方版:陽明病狀第八,,,,,,,,,,,,
REL_01211,SHL_SONGBEN_0221,clause,VR_QIANJINYI_0499,variant,variant,傷寒論_千金翼方版存在對應異文（相似度0.66）。,傷寒論_千金翼方版:陽明病狀第八,,,,,,,,,,,,
REL_01212,SHL_SONGBEN_0222,clause,VR_QIANJINYI_0500,variant,variant,傷寒論_千金翼方版存在對應異文（相似度0.72）。,傷寒論_千金翼方版:陽明病狀第八,,,,,,,,,,,,
REL_01213,SHL_SONGBEN_0224,clause,VR_QIANJINYI_0501,variant,variant,傷寒論_千金翼方版存在對應異文（相似度1.00）。,傷寒論_千金翼方版:陽明病狀第八,,,,,,,,,,,,
REL_01214,SHL_SONGBEN_0226,clause,VR_QIANJINYI_0502,variant,variant,傷寒論_千金翼方版存在對應異文（相似度0.64）。,傷寒論_千金翼方版:陽明病狀第八,,,,,,,,,,,,
REL_01215,SHL_SONGBEN_0227,clause,VR_QIANJINYI_0503,variant,variant,傷寒論_千金翼方版存在對應異文（相似度0.83）。,傷寒論_千金翼方版:陽明病狀第八,,,,,,,,,,,,
REL_01216,SHL_SONGBEN_0228,clause,VR_QIANJINYI_0504,variant,variant,傷寒論_千金翼方版存在對應異文（相似度0.71）。,傷寒論_千金翼方版:陽明病狀第八,,,,,,,,,,,,
REL_01217,SHL_SONGBEN_0229,clause,VR_QIANJINYI_0505,variant,variant,傷寒論_千金翼方版存在對應異文（相似度0.72）。,傷寒論_千金翼方版:陽明病狀第八,,,,,,,,,,,,
REL_01218,SHL_SONGBEN_0230,clause,VR_QIANJINYI_0506,variant,variant,傷寒論_千金翼方版存在對應異文（相似度0.75）。,傷寒論_千金翼方版:陽明病狀第八,,,,,,,,,,,,
REL_01219,SHL_SONGBEN_0231,clause,VR_QIANJINYI_0507,variant,variant,傷寒論_千金翼方版存在對應異文（相似度0.75）。,傷寒論_千金翼方版:陽明病狀第八,,,,,,,,,,,,
REL_01220,SHL_SONGBEN_0233,clause,VR_QIANJINYI_0508,variant,variant,傷寒論_千金翼方版存在對應異文（相似度0.68）。,傷寒論_千金翼方版:陽明病狀第八,,,,,,,,,,,,
REL_01221,SHL_SONGBEN_0234,clause,VR_QIANJINYI_0509,variant,variant,傷寒論_千金翼方版存在對應異文（相似度0.67）。,傷寒論_千金翼方版:陽明病狀第八,,,,,,,,,,,,
REL_01222,SHL_SONGBEN_0236,clause,VR_QIANJINYI_0510,variant,variant,傷寒論_千金翼方版存在對應異文（相似度0.75）。,傷寒論_千金翼方版:陽明病狀第八,,,,,,,,,,,,
REL_01223,SHL_SONGBEN_0237,clause,VR_QIANJINYI_0511,variant,variant,傷寒論_千金翼方版存在對應異文（相似度0.62）。,傷寒論_千金翼方版:陽明病狀第八,,,,,,,,,,,,
REL_01224,SHL_SONGBEN_0241,clause,VR_QIANJINYI_0512,variant,variant,傷寒論_千金翼方版存在對應異文（相似度0.91）。,傷寒論_千金翼方版:陽明病狀第八,,,,,,,,,,,,
REL_01225,SHL_SONGBEN_0242,clause,VR_QIANJINYI_0513,variant,variant,傷寒論_千金翼方版存在對應異文（相似度0.68）。,傷寒論_千金翼方版:陽明病狀第八,,,,,,,,,,,,
REL_01226,SHL_SONGBEN_0250,clause,VR_QIANJINYI_0514,variant,variant,傷寒論_千金翼方版存在對應異文（相似度0.67）。,傷寒論_千金翼方版:太陽病用承氣湯法第五,,,,,,,,,,,,
REL_01227,SHL_SONGBEN_0252,clause,VR_QIANJINYI_0515,variant,variant,傷寒論_千金翼方版存在對應異文（相似度0.76）。,傷寒論_千金翼方版:宜下第六,,,,,,,,,,,,
REL_01228,SHL_SONGBEN_0253,clause,VR_QIANJINYI_0516,variant,variant,傷寒論_千金翼方版存在對應異文（相似度0.90）。,傷寒論_千金翼方版:陽明病狀第八,,,,,,,,,,,,
REL_01229,SHL_SONGBEN_0254,clause,VR_QIANJINYI_0517,variant,variant,傷寒論_千金翼方版存在對應異文（相似度0.90）。,傷寒論_千金翼方版:陽明病狀第八,,,,,,,,,,,,
REL_01230,SHL_SONGBEN_0255,clause,VR_QIANJINYI_0518,variant,variant,傷寒論_千金翼方版存在對應異文（相似度0.90）。,傷寒論_千金翼方版:陽明病狀第八,,,,,,,,,,,,
REL_01231,SHL_SONGBEN_0263,clause,VR_QIANJINYI_0519,variant,variant,傷寒論_千金翼方版存在對應異文（相似度1.00）。,傷寒論_千金翼方版:少陽病狀第九,,,,,,,,,,,,
REL_01232,SHL_SONGBEN_0264,clause,VR_QIANJINYI_0520,variant,variant,傷寒論_千金翼方版存在對應異文（相似度0.94）。,傷寒論_千金翼方版:少陽病狀第九,,,,,,,,,,,,
REL_01233,SHL_SONGBEN_0265,clause,VR_QIANJINYI_0521,variant,variant,傷寒論_千金翼方版存在對應異文（相似度0.70）。,傷寒論_千金翼方版:少陽病狀第九,,,,,,,,,,,,
REL_01234,SHL_SONGBEN_0268,clause,VR_QIANJINYI_0522,variant,variant,傷寒論_千金翼方版存在對應異文（相似度0.71）。,傷寒論_千金翼方版:少陽病狀第九,,,,,,,,,,,,
REL_01235,SHL_SONGBEN_0269,clause,VR_QIANJINYI_0523,variant,variant,傷寒論_千金翼方版存在對應異文（相似度0.92）。,傷寒論_千金翼方版:少陽病狀第九,,,,,,,,,,,,
REL_01236,SHL_SONGBEN_0270,clause,VR_QIANJINYI_0524,variant,variant,傷寒論_千金翼方版存在對應異文（相似度0.92）。,傷寒論_千金翼方版:少陽病狀第九,,,,,,,,,,,,
REL_01237,SHL_SONGBEN_0271,clause,VR_QIANJINYI_0525,variant,variant,傷寒論_千金翼方版存在對應異文（相似度0.80）。,傷寒論_千金翼方版:少陽病狀第九,,,,,,,,,,,,
REL_01238,SHL_SONGBEN_0272,clause,VR_QIANJINYI_0526,variant,variant,傷寒論_千金翼方版存在對應異文（相似度0.74）。,傷寒論_千金翼方版:少陽病狀第九,,,,,,,,,,,,
REL_01239,SHL_SONGBEN_0274,clause,VR_QIANJINYI_0527,variant,variant,傷寒論_千金翼方版存在對應異文（相似度0.71）。,傷寒論_千金翼方版:太陰病狀第一,,,,,,,,,,,,
REL_01240,SHL_SONGBEN_0275,clause,VR_QIANJINYI_0528,variant,variant,傷寒論_千金翼方版存在對應異文（相似度0.74）。,傷寒論_千金翼方版:太陰病狀第一,,,,,,,,,,,,
REL_01241,SHL_SONGBEN_0277,clause,VR_QIANJINYI_0529,variant,variant,傷寒論_千金翼方版存在對應異文（相似度0.86）。,傷寒論_千金翼方版:太陰病狀第一,,,,,,,,,,,,
REL_01242,SHL_SONGBEN_0278,clause,VR_QIANJINYI_0530,variant,variant,傷寒論_千金翼方版存在對應異文（相似度0.66）。,傷寒論_千金翼方版:太陰病狀第一,,,,,,,,,,,,
REL_01243,SHL_SONGBEN_0280,clause,VR_QIANJINYI_0531,variant,variant,傷寒論_千金翼方版存在對應異文（相似度0.77）。,傷寒論_千金翼方版:太陰病狀第一,,,,,,,,,,,,
REL_01244,SHL_SONGBEN_0281,clause,VR_QIANJINYI_0532,variant,variant,傷寒論_千金翼方版存在對應異文（相似度0.95）。,傷寒論_千金翼方版:少陰病狀第二,,,,,,,,,,,,
REL_01245,SHL_SONGBEN_0284,clause,VR_QIANJINYI_0533,variant,variant,傷寒論_千金翼方版存在對應異文（相似度0.75）。,傷寒論_千金翼方版:少陰病狀第二,,,,,,,,,,,,
REL_01246,SHL_SONGBEN_0285,clause,VR_QIANJINYI_0534,variant,variant,傷寒論_千金翼方版存在對應異文（相似度0.64）。,傷寒論_千金翼方版:少陰病狀第二,,,,,,,,,,,,
REL_01247,SHL_SONGBEN_0286,clause,VR_QIANJINYI_0535,variant,variant,傷寒論_千金翼方版存在對應異文（相似度0.69）。,傷寒論_千金翼方版:少陰病狀第二,,,,,,,,,,,,
REL_01248,SHL_SONGBEN_0287,clause,VR_QIANJINYI_0536,variant,variant,傷寒論_千金翼方版存在對應異文（相似度0.72）。,傷寒論_千金翼方版:少陰病狀第二,,,,,,,,,,,,
REL_01249,SHL_SONGBEN_0288,clause,VR_QIANJINYI_0537,variant,variant,傷寒論_千金翼方版存在對應異文（相似度0.78）。,傷寒論_千金翼方版:少陰病狀第二,,,,,,,,,,,,
REL_01250,SHL_SONGBEN_0289,clause,VR_QIANJINYI_0538,variant,variant,傷寒論_千金翼方版存在對應異文（相似度0.69）。,傷寒論_千金翼方版:少陰病狀第二,,,,,,,,,,,,
REL_01251,SHL_SONGBEN_0290,clause,VR_QIANJINYI_0539,variant,variant,傷寒論_千金翼方版存在對應異文（相似度0.75）。,傷寒論_千金翼方版:少陰病狀第二,,,,,,,,,,,,
REL_01252,SHL_SONGBEN_0291,clause,VR_QIANJINYI_0540,variant,variant,傷寒論_千金翼方版存在對應異文（相似度0.74）。,傷寒論_千金翼方版:少陰病狀第二,,,,,,,,,,,,
REL_01253,SHL_SONGBEN_0292,clause,VR_QIANJINYI_0541,variant,variant,傷寒論_千金翼方版存在對應異文（相似度0.64）。,傷寒論_千金翼方版:少陰病狀第二,,,,,,,,,,,,
REL_01254,SHL_SONGBEN_0293,clause,VR_QIANJINYI_0542,variant,variant,傷寒論_千金翼方版存在對應異文（相似度0.80）。,傷寒論_千金翼方版:少陰病狀第二,,,,,,,,,,,,
REL_01255,SHL_SONGBEN_0294,clause,VR_QIANJINYI_0543,variant,variant,傷寒論_千金翼方版存在對應異文（相似度0.77）。,傷寒論_千金翼方版:少陰病狀第二,,,,,,,,,,,,
REL_01256,SHL_SONGBEN_0295,clause,VR_QIANJINYI_0544,variant,variant,傷寒論_千金翼方版存在對應異文（相似度0.71）。,傷寒論_千金翼方版:少陰病狀第二,,,,,,,,,,,,
REL_01257,SHL_SONGBEN_0297,clause,VR_QIANJINYI_0545,variant,variant,傷寒論_千金翼方版存在對應異文（相似度0.89）。,傷寒論_千金翼方版:少陰病狀第二,,,,,,,,,,,,
REL_01258,SHL_SONGBEN_0298,clause,VR_QIANJINYI_0546,variant,variant,傷寒論_千金翼方版存在對應異文（相似度0.74）。,傷寒論_千金翼方版:少陰病狀第二,,,,,,,,,,,,
REL_01259,SHL_SONGBEN_0299,clause,VR_QIANJINYI_0547,variant,variant,傷寒論_千金翼方版存在對應異文（相似度0.84）。,傷寒論_千金翼方版:少陰病狀第二,,,,,,,,,,,,
REL_01260,SHL_SONGBEN_0300,clause,VR_QIANJINYI_0548,variant,variant,傷寒論_千金翼方版存在對應異文（相似度1.00）。,傷寒論_千金翼方版:少陰病狀第二,,,,,,,,,,,,
REL_01261,SHL_SONGBEN_0301,clause,VR_QIANJINYI_0549,variant,variant,傷寒論_千金翼方版存在對應異文（相似度0.66）。,傷寒論_千金翼方版:少陰病狀第二,,,,,,,,,,,,
REL_01262,SHL_SONGBEN_0302,clause,VR_QIANJINYI_0550,variant,variant,傷寒論_千金翼方版存在對應異文（相似度0.83）。,傷寒論_千金翼方版:宜發汗第二,,,,,,,,,,,,
REL_01263,SHL_SONGBEN_0304,clause,VR_QIANJINYI_0551,variant,variant,傷寒論_千金翼方版存在對應異文（相似度0.94）。,傷寒論_千金翼方版:少陰病狀第二,,,,,,,,,,,,
REL_01264,SHL_SONGBEN_0306,clause,VR_QIANJINYI_0552,variant,variant,傷寒論_千金翼方版存在對應異文（相似度0.88）。,傷寒論_千金翼方版:少陰病狀第二,,,,,,,,,,,,
REL_01265,SHL_SONGBEN_0308,clause,VR_QIANJINYI_0553,variant,variant,傷寒論_千金翼方版存在對應異文（相似度1.00）。,傷寒論_千金翼方版:少陰病狀第二,,,,,,,,,,,,
REL_01266,SHL_SONGBEN_0309,clause,VR_QIANJINYI_0554,variant,variant,傷寒論_千金翼方版存在對應異文（相似度0.73）。,傷寒論_千金翼方版:少陰病狀第二,,,,,,,,,,,,
REL_01267,SHL_SONGBEN_0310,clause,VR_QIANJINYI_0555,variant,variant,傷寒論_千金翼方版存在對應異文（相似度0.88）。,傷寒論_千金翼方版:少陰病狀第二,,,,,,,,,,,,
REL_01268,SHL_SONGBEN_0313,clause,VR_QIANJINYI_0556,variant,variant,傷寒論_千金翼方版存在對應異文（相似度0.75）。,傷寒論_千金翼方版:少陰病狀第二,,,,,,,,,,,,
REL_01269,SHL_SONGBEN_0315,clause,VR_QIANJINYI_0557,variant,variant,傷寒論_千金翼方版存在對應異文（相似度0.62）。,傷寒論_千金翼方版:少陰病狀第二,,,,,,,,,,,,
REL_01270,SHL_SONGBEN_0316,clause,VR_QIANJINYI_0558,variant,variant,傷寒論_千金翼方版存在對應異文（相似度0.64）。,傷寒論_千金翼方版:少陰病狀第二,,,,,,,,,,,,
REL_01271,SHL_SONGBEN_0317,clause,VR_QIANJINYI_0559,variant,variant,傷寒論_千金翼方版存在對應異文（相似度0.64）。,傷寒論_千金翼方版:少陰病狀第二,,,,,,,,,,,,
REL_01272,SHL_SONGBEN_0318,clause,VR_QIANJINYI_0560,variant,variant,傷寒論_千金翼方版存在對應異文（相似度0.81）。,傷寒論_千金翼方版:少陰病狀第二,,,,,,,,,,,,
REL_01273,SHL_SONGBEN_0319,clause,VR_QIANJINYI_0561,variant,variant,傷寒論_千金翼方版存在對應異文（相似度0.75）。,傷寒論_千金翼方版:少陰病狀第二,,,,,,,,,,,,
REL_01274,SHL_SONGBEN_0320,clause,VR_QIANJINYI_0562,variant,variant,傷寒論_千金翼方版存在對應異文（相似度0.86）。,傷寒論_千金翼方版:宜下第六,,,,,,,,,,,,
REL_01275,SHL_SONGBEN_0321,clause,VR_QIANJINYI_0563,variant,variant,傷寒論_千金翼方版存在對應異文（相似度0.68）。,傷寒論_千金翼方版:少陰病狀第二,,,,,,,,,,,,
REL_01276,SHL_SONGBEN_0322,clause,VR_QIANJINYI_0564,variant,variant,傷寒論_千金翼方版存在對應異文（相似度0.73）。,傷寒論_千金翼方版:少陰病狀第二,,,,,,,,,,,,
REL_01277,SHL_SONGBEN_0323,clause,VR_QIANJINYI_0565,variant,variant,傷寒論_千金翼方版存在對應異文（相似度0.72）。,傷寒論_千金翼方版:少陰病狀第二,,,,,,,,,,,,
REL_01278,SHL_SONGBEN_0324,clause,VR_QIANJINYI_0566,variant,variant,傷寒論_千金翼方版存在對應異文（相似度0.83）。,傷寒論_千金翼方版:少陰病狀第二,,,,,,,,,,,,
REL_01279,SHL_SONGBEN_0326,clause,VR_QIANJINYI_0567,variant,variant,傷寒論_千金翼方版存在對應異文（相似度0.67）。,傷寒論_千金翼方版:厥陰病狀第三,,,,,,,,,,,,
REL_01280,SHL_SONGBEN_0327,clause,VR_QIANJINYI_0568,variant,variant,傷寒論_千金翼方版存在對應異文（相似度0.89）。,傷寒論_千金翼方版:厥陰病狀第三,,,,,,,,,,,,
REL_01281,SHL_SONGBEN_0328,clause,VR_QIANJINYI_0569,variant,variant,傷寒論_千金翼方版存在對應異文（相似度0.74）。,傷寒論_千金翼方版:厥陰病狀第三,,,,,,,,,,,,
REL_01282,SHL_SONGBEN_0330,clause,VR_QIANJINYI_0570,variant,variant,傷寒論_千金翼方版存在對應異文（相似度1.00）。,傷寒論_千金翼方版:厥陰病狀第三,,,,,,,,,,,,
REL_01283,SHL_SONGBEN_0331,clause,VR_QIANJINYI_0571,variant,variant,傷寒論_千金翼方版存在對應異文（相似度0.90）。,傷寒論_千金翼方版:厥陰病狀第三,,,,,,,,,,,,
REL_01284,SHL_SONGBEN_0332,clause,VR_QIANJINYI_0572,variant,variant,傷寒論_千金翼方版存在對應異文（相似度0.84）。,傷寒論_千金翼方版:厥陰病狀第三,,,,,,,,,,,,
REL_01285,SHL_SONGBEN_0333,clause,VR_QIANJINYI_0573,variant,variant,傷寒論_千金翼方版存在對應異文（相似度0.87）。,傷寒論_千金翼方版:厥陰病狀第三,,,,,,,,,,,,
REL_01286,SHL_SONGBEN_0334,clause,VR_QIANJINYI_0574,variant,variant,傷寒論_千金翼方版存在對應異文（相似度0.77）。,傷寒論_千金翼方版:厥陰病狀第三,,,,,,,,,,,,
REL_01287,SHL_SONGBEN_0335,clause,VR_QIANJINYI_0575,variant,variant,傷寒論_千金翼方版存在對應異文（相似度0.76）。,傷寒論_千金翼方版:厥陰病狀第三,,,,,,,,,,,,
REL_01288,SHL_SONGBEN_0336,clause,VR_QIANJINYI_0576,variant,variant,傷寒論_千金翼方版存在對應異文（相似度0.97）。,傷寒論_千金翼方版:厥陰病狀第三,,,,,,,,,,,,
REL_01289,SHL_SONGBEN_0337,clause,VR_QIANJINYI_0577,variant,variant,傷寒論_千金翼方版存在對應異文（相似度0.89）。,傷寒論_千金翼方版:厥陰病狀第三,,,,,,,,,,,,
REL_01290,SHL_SONGBEN_0338,clause,VR_QIANJINYI_0578,variant,variant,傷寒論_千金翼方版存在對應異文（相似度0.63）。,傷寒論_千金翼方版:厥陰病狀第三,,,,,,,,,,,,
REL_01291,SHL_SONGBEN_0339,clause,VR_QIANJINYI_0579,variant,variant,傷寒論_千金翼方版存在對應異文（相似度0.80）。,傷寒論_千金翼方版:厥陰病狀第三,,,,,,,,,,,,
REL_01292,SHL_SONGBEN_0340,clause,VR_QIANJINYI_0580,variant,variant,傷寒論_千金翼方版存在對應異文（相似度0.86）。,傷寒論_千金翼方版:厥陰病狀第三,,,,,,,,,,,,
REL_01293,SHL_SONGBEN_0341,clause,VR_QIANJINYI_0581,variant,variant,傷寒論_千金翼方版存在對應異文（相似度0.77）。,傷寒論_千金翼方版:厥陰病狀第三,,,,,,,,,,,,
REL_01294,SHL_SONGBEN_0342,clause,VR_QIANJINYI_0582,variant,variant,傷寒論_千金翼方版存在對應異文（相似度0.98）。,傷寒論_千金翼方版:厥陰病狀第三,,,,,,,,,,,,
REL_01295,SHL_SONGBEN_0343,clause,VR_QIANJINYI_0583,variant,variant,傷寒論_千金翼方版存在對應異文（相似度0.78）。,傷寒論_千金翼方版:宜灸第十一,,,,,,,,,,,,
REL_01296,SHL_SONGBEN_0344,clause,VR_QIANJINYI_0584,variant,variant,傷寒論_千金翼方版存在對應異文（相似度0.67）。,傷寒論_千金翼方版:厥陰病狀第三,,,,,,,,,,,,
REL_01297,SHL_SONGBEN_0345,clause,VR_QIANJINYI_0585,variant,variant,傷寒論_千金翼方版存在對應異文（相似度0.87）。,傷寒論_千金翼方版:厥陰病狀第三,,,,,,,,,,,,
REL_01298,SHL_SONGBEN_0346,clause,VR_QIANJINYI_0586,variant,variant,傷寒論_千金翼方版存在對應異文（相似度1.00）。,傷寒論_千金翼方版:厥陰病狀第三,,,,,,,,,,,,
REL_01299,SHL_SONGBEN_0347,clause,VR_QIANJINYI_0587,variant,variant,傷寒論_千金翼方版存在對應異文（相似度0.71）。,傷寒論_千金翼方版:忌下第五,,,,,,,,,,,,
REL_01300,SHL_SONGBEN_0349,clause,VR_QIANJINYI_0588,variant,variant,傷寒論_千金翼方版存在對應異文（相似度0.86）。,傷寒論_千金翼方版:厥陰病狀第三,,,,,,,,,,,,
REL_01301,SHL_SONGBEN_0350,clause,VR_QIANJINYI_0589,variant,variant,傷寒論_千金翼方版存在對應異文（相似度0.63）。,傷寒論_千金翼方版:厥陰病狀第三,,,,,,,,,,,,
REL_01302,SHL_SONGBEN_0353,clause,VR_QIANJINYI_0590,variant,variant,傷寒論_千金翼方版存在對應異文（相似度0.72）。,傷寒論_千金翼方版:厥陰病狀第三,,,,,,,,,,,,
REL_01303,SHL_SONGBEN_0355,clause,VR_QIANJINYI_0591,variant,variant,傷寒論_千金翼方版存在對應異文（相似度0.73）。,傷寒論_千金翼方版:厥陰病狀第三,,,,,,,,,,,,
REL_01304,SHL_SONGBEN_0358,clause,VR_QIANJINYI_0592,variant,variant,傷寒論_千金翼方版存在對應異文（相似度0.84）。,傷寒論_千金翼方版:厥陰病狀第三,,,,,,,,,,,,
REL_01305,SHL_SONGBEN_0359,clause,VR_QIANJINYI_0593,variant,variant,傷寒論_千金翼方版存在對應異文（相似度0.69）。,傷寒論_千金翼方版:厥陰病狀第三,,,,,,,,,,,,
REL_01306,SHL_SONGBEN_0360,clause,VR_QIANJINYI_0594,variant,variant,傷寒論_千金翼方版存在對應異文（相似度0.67）。,傷寒論_千金翼方版:厥陰病狀第三,,,,,,,,,,,,
REL_01307,SHL_SONGBEN_0362,clause,VR_QIANJINYI_0595,variant,variant,傷寒論_千金翼方版存在對應異文（相似度0.75）。,傷寒論_千金翼方版:厥陰病狀第三,,,,,,,,,,,,
REL_01308,SHL_SONGBEN_0363,clause,VR_QIANJINYI_0596,variant,variant,傷寒論_千金翼方版存在對應異文（相似度0.67）。,傷寒論_千金翼方版:厥陰病狀第三,,,,,,,,,,,,
REL_01309,SHL_SONGBEN_0364,clause,VR_QIANJINYI_0597,variant,variant,傷寒論_千金翼方版存在對應異文（相似度0.88）。,傷寒論_千金翼方版:厥陰病狀第三,,,,,,,,,,,,
REL_01310,SHL_SONGBEN_0365,clause,VR_QIANJINYI_0598,variant,variant,傷寒論_千金翼方版存在對應異文（相似度0.93）。,傷寒論_千金翼方版:厥陰病狀第三,,,,,,,,,,,,
REL_01311,SHL_SONGBEN_0368,clause,VR_QIANJINYI_0599,variant,variant,傷寒論_千金翼方版存在對應異文（相似度0.82）。,傷寒論_千金翼方版:厥陰病狀第三,,,,,,,,,,,,
REL_01312,SHL_SONGBEN_0369,clause,VR_QIANJINYI_0600,variant,variant,傷寒論_千金翼方版存在對應異文（相似度0.69）。,傷寒論_千金翼方版:厥陰病狀第三,,,,,,,,,,,,
REL_01313,SHL_SONGBEN_0370,clause,VR_QIANJINYI_0601,variant,variant,傷寒論_千金翼方版存在對應異文（相似度0.71）。,傷寒論_千金翼方版:厥陰病狀第三,,,,,,,,,,,,
REL_01314,SHL_SONGBEN_0371,clause,VR_QIANJINYI_0602,variant,variant,傷寒論_千金翼方版存在對應異文（相似度0.84）。,傷寒論_千金翼方版:厥陰病狀第三,,,,,,,,,,,,
REL_01315,SHL_SONGBEN_0372,clause,VR_QIANJINYI_0603,variant,variant,傷寒論_千金翼方版存在對應異文（相似度0.70）。,傷寒論_千金翼方版:厥陰病狀第三,,,,,,,,,,,,
REL_01316,SHL_SONGBEN_0376,clause,VR_QIANJINYI_0604,variant,variant,傷寒論_千金翼方版存在對應異文（相似度0.88）。,傷寒論_千金翼方版:厥陰病狀第三,,,,,,,,,,,,
REL_01317,SHL_SONGBEN_0377,clause,VR_QIANJINYI_0605,variant,variant,傷寒論_千金翼方版存在對應異文（相似度0.86）。,傷寒論_千金翼方版:厥陰病狀第三,,,,,,,,,,,,
REL_01318,SHL_SONGBEN_0378,clause,VR_QIANJINYI_0606,variant,variant,傷寒論_千金翼方版存在對應異文（相似度0.62）。,傷寒論_千金翼方版:厥陰病狀第三,,,,,,,,,,,,
REL_01319,SHL_SONGBEN_0379,clause,VR_QIANJINYI_0607,variant,variant,傷寒論_千金翼方版存在對應異文（相似度0.70）。,傷寒論_千金翼方版:厥陰病狀第三,,,,,,,,,,,,
REL_01320,SHL_SONGBEN_0380,clause,VR_QIANJINYI_0608,variant,variant,傷寒論_千金翼方版存在對應異文（相似度0.91）。,傷寒論_千金翼方版:厥陰病狀第三,,,,,,,,,,,,
REL_01321,SHL_SONGBEN_0381,clause,VR_QIANJINYI_0609,variant,variant,傷寒論_千金翼方版存在對應異文（相似度0.72）。,傷寒論_千金翼方版:厥陰病狀第三,,,,,,,,,,,,
REL_01322,SHL_SONGBEN_0382,clause,VR_QIANJINYI_0610,variant,variant,傷寒論_千金翼方版存在對應異文（相似度0.79）。,傷寒論_千金翼方版:霍亂病狀第六,,,,,,,,,,,,
REL_01323,SHL_SONGBEN_0386,clause,VR_QIANJINYI_0611,variant,variant,傷寒論_千金翼方版存在對應異文（相似度0.79）。,傷寒論_千金翼方版:霍亂病狀第六,,,,,,,,,,,,
REL_01324,SHL_SONGBEN_0387,clause,VR_QIANJINYI_0612,variant,variant,傷寒論_千金翼方版存在對應異文（相似度0.86）。,傷寒論_千金翼方版:霍亂病狀第六,,,,,,,,,,,,
REL_01325,SHL_SONGBEN_0389,clause,VR_QIANJINYI_0613,variant,variant,傷寒論_千金翼方版存在對應異文（相似度0.69）。,傷寒論_千金翼方版:霍亂病狀第六,,,,,,,,,,,,
REL_01326,SHL_SONGBEN_0391,clause,VR_QIANJINYI_0614,variant,variant,傷寒論_千金翼方版存在對應異文（相似度0.67）。,傷寒論_千金翼方版:霍亂病狀第六,,,,,,,,,,,,
REL_01327,SHL_SONGBEN_0392,clause,VR_QIANJINYI_0615,variant,variant,傷寒論_千金翼方版存在對應異文（相似度0.69）。,傷寒論_千金翼方版:陰易病已後勞復第七,,,,,,,,,,,,
REL_01328,SHL_SONGBEN_0394,clause,VR_QIANJINYI_0616,variant,variant,傷寒論_千金翼方版存在對應異文（相似度0.79）。,傷寒論_千金翼方版:陰易病已後勞復第七,,,,,,,,,,,,
REL_01329,SHL_SONGBEN_0001,clause,CR_ZHUJIE_0001,commentary,commentary_support,成無己《註解傷寒論》對本條有注（對齊相似度1.00）。,註解傷寒論:p471,,,,,,,,,,,,
REL_01330,SHL_SONGBEN_0002,clause,CR_ZHUJIE_0002,commentary,commentary_support,成無己《註解傷寒論》對本條有注（對齊相似度1.00）。,註解傷寒論:p473,,,,,,,,,,,,
REL_01331,SHL_SONGBEN_0003,clause,CR_ZHUJIE_0003,commentary,commentary_support,成無己《註解傷寒論》對本條有注（對齊相似度0.92）。,註解傷寒論:p475,,,,,,,,,,,,
REL_01332,SHL_SONGBEN_0004,clause,CR_ZHUJIE_0004,commentary,commentary_support,成無己《註解傷寒論》對本條有注（對齊相似度0.92）。,註解傷寒論:p477,,,,,,,,,,,,
REL_01333,SHL_SONGBEN_0005,clause,CR_ZHUJIE_0005,commentary,commentary_support,成無己《註解傷寒論》對本條有注（對齊相似度1.00）。,註解傷寒論:p479,,,,,,,,,,,,
REL_01334,SHL_SONGBEN_0006,clause,CR_ZHUJIE_0006,commentary,commentary_support,成無己《註解傷寒論》對本條有注（對齊相似度0.87）。,註解傷寒論:p483,,,,,,,,,,,,
REL_01335,SHL_SONGBEN_0007,clause,CR_ZHUJIE_0007,commentary,commentary_support,成無己《註解傷寒論》對本條有注（對齊相似度0.90）。,註解傷寒論:p485,,,,,,,,,,,,
REL_01336,SHL_SONGBEN_0008,clause,CR_ZHUJIE_0008,commentary,commentary_support,成無己《註解傷寒論》對本條有注（對齊相似度0.94）。,註解傷寒論:p487,,,,,,,,,,,,
REL_01337,SHL_SONGBEN_0009,clause,CR_ZHUJIE_0009,commentary,commentary_support,成無己《註解傷寒論》對本條有注（對齊相似度1.00）。,註解傷寒論:p489,,,,,,,,,,,,
REL_01338,SHL_SONGBEN_0010,clause,CR_ZHUJIE_0010,commentary,commentary_support,成無己《註解傷寒論》對本條有注（對齊相似度1.00）。,註解傷寒論:p491,,,,,,,,,,,,
REL_01339,SHL_SONGBEN_0011,clause,CR_ZHUJIE_0011,commentary,commentary_support,成無己《註解傷寒論》對本條有注（對齊相似度0.89）。,註解傷寒論:p493,,,,,,,,,,,,
REL_01340,SHL_SONGBEN_0012,clause,CR_ZHUJIE_0012,commentary,commentary_support,成無己《註解傷寒論》對本條有注（對齊相似度1.00）。,註解傷寒論:p495,,,,,,,,,,,,
REL_01341,SHL_SONGBEN_0013,clause,CR_ZHUJIE_0013,commentary,commentary_support,成無己《註解傷寒論》對本條有注（對齊相似度0.90）。,註解傷寒論:p500,,,,,,,,,,,,
REL_01342,SHL_SONGBEN_0014,clause,CR_ZHUJIE_0014,commentary,commentary_support,成無己《註解傷寒論》對本條有注（對齊相似度0.90）。,註解傷寒論:p502,,,,,,,,,,,,
REL_01343,SHL_SONGBEN_0015,clause,CR_ZHUJIE_0015,commentary,commentary_support,成無己《註解傷寒論》對本條有注（對齊相似度0.94）。,註解傷寒論:p504,,,,,,,,,,,,
REL_01344,SHL_SONGBEN_0017,clause,CR_ZHUJIE_0016,commentary,commentary_support,成無己《註解傷寒論》對本條有注（對齊相似度0.90）。,註解傷寒論:p511,,,,,,,,,,,,
REL_01345,SHL_SONGBEN_0018,clause,CR_ZHUJIE_0017,commentary,commentary_support,成無己《註解傷寒論》對本條有注（對齊相似度1.00）。,註解傷寒論:p513,,,,,,,,,,,,
REL_01346,SHL_SONGBEN_0019,clause,CR_ZHUJIE_0018,commentary,commentary_support,成無己《註解傷寒論》對本條有注（對齊相似度1.00）。,註解傷寒論:p515,,,,,,,,,,,,
REL_01347,SHL_SONGBEN_0020,clause,CR_ZHUJIE_0019,commentary,commentary_support,成無己《註解傷寒論》對本條有注（對齊相似度1.00）。,註解傷寒論:p518,,,,,,,,,,,,
REL_01348,SHL_SONGBEN_0023,clause,CR_ZHUJIE_0020,commentary,commentary_support,成無己《註解傷寒論》對本條有注（對齊相似度1.00）。,註解傷寒論:p525,,,,,,,,,,,,
REL_01349,SHL_SONGBEN_0024,clause,CR_ZHUJIE_0021,commentary,commentary_support,成無己《註解傷寒論》對本條有注（對齊相似度1.00）。,註解傷寒論:p527,,,,,,,,,,,,
REL_01350,SHL_SONGBEN_0025,clause,CR_ZHUJIE_0022,commentary,commentary_support,成無己《註解傷寒論》對本條有注（對齊相似度0.90）。,註解傷寒論:p529,,,,,,,,,,,,
REL_01351,SHL_SONGBEN_0026,clause,CR_ZHUJIE_0023,commentary,commentary_support,成無己《註解傷寒論》對本條有注（對齊相似度1.00）。,註解傷寒論:p531,,,,,,,,,,,,
REL_01352,SHL_SONGBEN_0027,clause,CR_ZHUJIE_0024,commentary,commentary_support,成無己《註解傷寒論》對本條有注（對齊相似度0.92）。,註解傷寒論:p533,,,,,,,,,,,,
REL_01353,SHL_SONGBEN_0028,clause,CR_ZHUJIE_0025,commentary,commentary_support,成無己《註解傷寒論》對本條有注（對齊相似度0.97）。,註解傷寒論:p537,,,,,,,,,,,,
REL_01354,SHL_SONGBEN_0029,clause,CR_ZHUJIE_0026,commentary,commentary_support,成無己《註解傷寒論》對本條有注（對齊相似度0.94）。,註解傷寒論:p539,,,,,,,,,,,,
REL_01355,SHL_SONGBEN_0030,clause,CR_ZHUJIE_0027,commentary,commentary_support,成無己《註解傷寒論》對本條有注（對齊相似度0.76）。,註解傷寒論:p555,,,,,,,,,,,,
REL_01356,SHL_SONGBEN_0031,clause,CR_ZHUJIE_0028,commentary,commentary_support,成無己《註解傷寒論》對本條有注（對齊相似度0.87）。,註解傷寒論:p557,,,,,,,,,,,,
REL_01357,SHL_SONGBEN_0032,clause,CR_ZHUJIE_0029,commentary,commentary_support,成無己《註解傷寒論》對本條有注（對齊相似度1.00）。,註解傷寒論:p562,,,,,,,,,,,,
REL_01358,SHL_SONGBEN_0033,clause,CR_ZHUJIE_0030,commentary,commentary_support,成無己《註解傷寒論》對本條有注（對齊相似度1.00）。,註解傷寒論:p564,,,,,,,,,,,,
REL_01359,SHL_SONGBEN_0034,clause,CR_ZHUJIE_0031,commentary,commentary_support,成無己《註解傷寒論》對本條有注（對齊相似度0.94）。,註解傷寒論:p569,,,,,,,,,,,,
REL_01360,SHL_SONGBEN_0035,clause,CR_ZHUJIE_0032,commentary,commentary_support,成無己《註解傷寒論》對本條有注（對齊相似度1.00）。,註解傷寒論:p575,,,,,,,,,,,,
REL_01361,SHL_SONGBEN_0036,clause,CR_ZHUJIE_0033,commentary,commentary_support,成無己《註解傷寒論》對本條有注（對齊相似度0.95）。,註解傷寒論:p582,,,,,,,,,,,,
REL_01362,SHL_SONGBEN_0037,clause,CR_ZHUJIE_0034,commentary,commentary_support,成無己《註解傷寒論》對本條有注（對齊相似度0.89）。,註解傷寒論:p584,,,,,,,,,,,,
REL_01363,SHL_SONGBEN_0038,clause,CR_ZHUJIE_0035,commentary,commentary_support,成無己《註解傷寒論》對本條有注（對齊相似度0.95）。,註解傷寒論:p587,,,,,,,,,,,,
REL_01364,SHL_SONGBEN_0039,clause,CR_ZHUJIE_0036,commentary,commentary_support,成無己《註解傷寒論》對本條有注（對齊相似度1.00）。,註解傷寒論:p592,,,,,,,,,,,,
REL_01365,SHL_SONGBEN_0040,clause,CR_ZHUJIE_0037,commentary,commentary_support,成無己《註解傷寒論》對本條有注（對齊相似度0.95）。,註解傷寒論:p594,,,,,,,,,,,,
REL_01366,SHL_SONGBEN_0041,clause,CR_ZHUJIE_0038,commentary,commentary_support,成無己《註解傷寒論》對本條有注（對齊相似度0.94）。,註解傷寒論:p605,,,,,,,,,,,,
REL_01367,SHL_SONGBEN_0042,clause,CR_ZHUJIE_0039,commentary,commentary_support,成無己《註解傷寒論》對本條有注（對齊相似度1.00）。,註解傷寒論:p607,,,,,,,,,,,,
REL_01368,SHL_SONGBEN_0043,clause,CR_ZHUJIE_0040,commentary,commentary_support,成無己《註解傷寒論》對本條有注（對齊相似度0.91）。,註解傷寒論:p609,,,,,,,,,,,,
REL_01369,SHL_SONGBEN_0045,clause,CR_ZHUJIE_0041,commentary,commentary_support,成無己《註解傷寒論》對本條有注（對齊相似度0.94）。,註解傷寒論:p613,,,,,,,,,,,,
REL_01370,SHL_SONGBEN_0046,clause,CR_ZHUJIE_0042,commentary,commentary_support,成無己《註解傷寒論》對本條有注（對齊相似度1.00）。,註解傷寒論:p615,,,,,,,,,,,,
REL_01371,SHL_SONGBEN_0047,clause,CR_ZHUJIE_0043,commentary,commentary_support,成無己《註解傷寒論》對本條有注（對齊相似度1.00）。,註解傷寒論:p617,,,,,,,,,,,,
REL_01372,SHL_SONGBEN_0048,clause,CR_ZHUJIE_0044,commentary,commentary_support,成無己《註解傷寒論》對本條有注（對齊相似度0.97）。,註解傷寒論:p619,,,,,,,,,,,,
REL_01373,SHL_SONGBEN_0049,clause,CR_ZHUJIE_0045,commentary,commentary_support,成無己《註解傷寒論》對本條有注（對齊相似度0.92）。,註解傷寒論:p621,,,,,,,,,,,,
REL_01374,SHL_SONGBEN_0050,clause,CR_ZHUJIE_0046,commentary,commentary_support,成無己《註解傷寒論》對本條有注（對齊相似度0.96）。,註解傷寒論:p623,,,,,,,,,,,,
REL_01375,SHL_SONGBEN_0051,clause,CR_ZHUJIE_0047,commentary,commentary_support,成無己《註解傷寒論》對本條有注（對齊相似度1.00）。,註解傷寒論:p625,,,,,,,,,,,,
REL_01376,SHL_SONGBEN_0052,clause,CR_ZHUJIE_0048,commentary,commentary_support,成無己《註解傷寒論》對本條有注（對齊相似度1.00）。,註解傷寒論:p627,,,,,,,,,,,,
REL_01377,SHL_SONGBEN_0053,clause,CR_ZHUJIE_0049,commentary,commentary_support,成無己《註解傷寒論》對本條有注（對齊相似度0.95）。,註解傷寒論:p629,,,,,,,,,,,,
REL_01378,SHL_SONGBEN_0054,clause,CR_ZHUJIE_0050,commentary,commentary_support,成無己《註解傷寒論》對本條有注（對齊相似度0.88）。,註解傷寒論:p631,,,,,,,,,,,,
REL_01379,SHL_SONGBEN_0055,clause,CR_ZHUJIE_0051,commentary,commentary_support,成無己《註解傷寒論》對本條有注（對齊相似度1.00）。,註解傷寒論:p633,,,,,,,,,,,,
REL_01380,SHL_SONGBEN_0056,clause,CR_ZHUJIE_0052,commentary,commentary_support,成無己《註解傷寒論》對本條有注（對齊相似度0.95）。,註解傷寒論:p635,,,,,,,,,,,,
REL_01381,SHL_SONGBEN_0057,clause,CR_ZHUJIE_0053,commentary,commentary_support,成無己《註解傷寒論》對本條有注（對齊相似度0.88）。,註解傷寒論:p638,,,,,,,,,,,,
REL_01382,SHL_SONGBEN_0058,clause,CR_ZHUJIE_0054,commentary,commentary_support,成無己《註解傷寒論》對本條有注（對齊相似度0.95）。,註解傷寒論:p640,,,,,,,,,,,,
REL_01383,SHL_SONGBEN_0059,clause,CR_ZHUJIE_0055,commentary,commentary_support,成無己《註解傷寒論》對本條有注（對齊相似度1.00）。,註解傷寒論:p642,,,,,,,,,,,,
REL_01384,SHL_SONGBEN_0060,clause,CR_ZHUJIE_0056,commentary,commentary_support,成無己《註解傷寒論》對本條有注（對齊相似度1.00）。,註解傷寒論:p644,,,,,,,,,,,,
REL_01385,SHL_SONGBEN_0061,clause,CR_ZHUJIE_0057,commentary,commentary_support,成無己《註解傷寒論》對本條有注（對齊相似度1.00）。,註解傷寒論:p646,,,,,,,,,,,,
REL_01386,SHL_SONGBEN_0062,clause,CR_ZHUJIE_0058,commentary,commentary_support,成無己《註解傷寒論》對本條有注（對齊相似度1.00）。,註解傷寒論:p652,,,,,,,,,,,,
REL_01387,SHL_SONGBEN_0063,clause,CR_ZHUJIE_0059,commentary,commentary_support,成無己《註解傷寒論》對本條有注（對齊相似度0.92）。,註解傷寒論:p654,,,,,,,,,,,,
REL_01388,SHL_SONGBEN_0065,clause,CR_ZHUJIE_0060,commentary,commentary_support,成無己《註解傷寒論》對本條有注（對齊相似度1.00）。,註解傷寒論:p664,,,,,,,,,,,,
REL_01389,SHL_SONGBEN_0066,clause,CR_ZHUJIE_0061,commentary,commentary_support,成無己《註解傷寒論》對本條有注（對齊相似度0.84）。,註解傷寒論:p669,,,,,,,,,,,,
REL_01390,SHL_SONGBEN_0067,clause,CR_ZHUJIE_0062,commentary,commentary_support,成無己《註解傷寒論》對本條有注（對齊相似度1.00）。,註解傷寒論:p674,,,,,,,,,,,,
REL_01391,SHL_SONGBEN_0068,clause,CR_ZHUJIE_0063,commentary,commentary_support,成無己《註解傷寒論》對本條有注（對齊相似度1.00）。,註解傷寒論:p679,,,,,,,,,,,,
REL_01392,SHL_SONGBEN_0069,clause,CR_ZHUJIE_0064,commentary,commentary_support,成無己《註解傷寒論》對本條有注（對齊相似度1.00）。,註解傷寒論:p684,,,,,,,,,,,,
REL_01393,SHL_SONGBEN_0071,clause,CR_ZHUJIE_0065,commentary,commentary_support,成無己《註解傷寒論》對本條有注（對齊相似度0.93）。,註解傷寒論:p692,,,,,,,,,,,,
REL_01394,SHL_SONGBEN_0072,clause,CR_ZHUJIE_0066,commentary,commentary_support,成無己《註解傷寒論》對本條有注（對齊相似度1.00）。,註解傷寒論:p697,,,,,,,,,,,,
REL_01395,SHL_SONGBEN_0073,clause,CR_ZHUJIE_0067,commentary,commentary_support,成無己《註解傷寒論》對本條有注（對齊相似度1.00）。,註解傷寒論:p699,,,,,,,,,,,,
REL_01396,SHL_SONGBEN_0074,clause,CR_ZHUJIE_0068,commentary,commentary_support,成無己《註解傷寒論》對本條有注（對齊相似度0.94）。,註解傷寒論:p704,,,,,,,,,,,,
REL_01397,SHL_SONGBEN_0075,clause,CR_ZHUJIE_0069,commentary,commentary_support,成無己《註解傷寒論》對本條有注（對齊相似度0.73）。,註解傷寒論:p706,,,,,,,,,,,,
REL_01398,SHL_SONGBEN_0076,clause,CR_ZHUJIE_0070,commentary,commentary_support,成無己《註解傷寒論》對本條有注（對齊相似度0.61）。,註解傷寒論:p712,,,,,,,,,,,,
REL_01399,SHL_SONGBEN_0077,clause,CR_ZHUJIE_0071,commentary,commentary_support,成無己《註解傷寒論》對本條有注（對齊相似度1.00）。,註解傷寒論:p720,,,,,,,,,,,,
REL_01400,SHL_SONGBEN_0078,clause,CR_ZHUJIE_0072,commentary,commentary_support,成無己《註解傷寒論》對本條有注（對齊相似度1.00）。,註解傷寒論:p722,,,,,,,,,,,,
REL_01401,SHL_SONGBEN_0079,clause,CR_ZHUJIE_0073,commentary,commentary_support,成無己《註解傷寒論》對本條有注（對齊相似度1.00）。,註解傷寒論:p724,,,,,,,,,,,,
REL_01402,SHL_SONGBEN_0080,clause,CR_ZHUJIE_0074,commentary,commentary_support,成無己《註解傷寒論》對本條有注（對齊相似度1.00）。,註解傷寒論:p729,,,,,,,,,,,,
REL_01403,SHL_SONGBEN_0081,clause,CR_ZHUJIE_0075,commentary,commentary_support,成無己《註解傷寒論》對本條有注（對齊相似度0.87）。,註解傷寒論:p734,,,,,,,,,,,,
REL_01404,SHL_SONGBEN_0082,clause,CR_ZHUJIE_0076,commentary,commentary_support,成無己《註解傷寒論》對本條有注（對齊相似度0.95）。,註解傷寒論:p736,,,,,,,,,,,,
REL_01405,SHL_SONGBEN_0083,clause,CR_ZHUJIE_0077,commentary,commentary_support,成無己《註解傷寒論》對本條有注（對齊相似度0.75）。,註解傷寒論:p738,,,,,,,,,,,,
REL_01406,SHL_SONGBEN_0084,clause,CR_ZHUJIE_0078,commentary,commentary_support,成無己《註解傷寒論》對本條有注（對齊相似度1.00）。,註解傷寒論:p740,,,,,,,,,,,,
REL_01407,SHL_SONGBEN_0085,clause,CR_ZHUJIE_0079,commentary,commentary_support,成無己《註解傷寒論》對本條有注（對齊相似度0.75）。,註解傷寒論:p742,,,,,,,,,,,,
REL_01408,SHL_SONGBEN_0086,clause,CR_ZHUJIE_0080,commentary,commentary_support,成無己《註解傷寒論》對本條有注（對齊相似度0.93）。,註解傷寒論:p744,,,,,,,,,,,,
REL_01409,SHL_SONGBEN_0087,clause,CR_ZHUJIE_0081,commentary,commentary_support,成無己《註解傷寒論》對本條有注（對齊相似度0.83）。,註解傷寒論:p746,,,,,,,,,,,,
REL_01410,SHL_SONGBEN_0088,clause,CR_ZHUJIE_0082,commentary,commentary_support,成無己《註解傷寒論》對本條有注（對齊相似度0.97）。,註解傷寒論:p748,,,,,,,,,,,,
REL_01411,SHL_SONGBEN_0089,clause,CR_ZHUJIE_0083,commentary,commentary_support,成無己《註解傷寒論》對本條有注（對齊相似度0.75）。,註解傷寒論:p750,,,,,,,,,,,,
REL_01412,SHL_SONGBEN_0090,clause,CR_ZHUJIE_0084,commentary,commentary_support,成無己《註解傷寒論》對本條有注（對齊相似度1.00）。,註解傷寒論:p752,,,,,,,,,,,,
REL_01413,SHL_SONGBEN_0091,clause,CR_ZHUJIE_0085,commentary,commentary_support,成無己《註解傷寒論》對本條有注（對齊相似度0.92）。,註解傷寒論:p754,,,,,,,,,,,,
REL_01414,SHL_SONGBEN_0092,clause,CR_ZHUJIE_0086,commentary,commentary_support,成無己《註解傷寒論》對本條有注（對齊相似度0.82）。,註解傷寒論:p756,,,,,,,,,,,,
REL_01415,SHL_SONGBEN_0093,clause,CR_ZHUJIE_0087,commentary,commentary_support,成無己《註解傷寒論》對本條有注（對齊相似度0.70）。,註解傷寒論:p758,,,,,,,,,,,,
REL_01416,SHL_SONGBEN_0094,clause,CR_ZHUJIE_0088,commentary,commentary_support,成無己《註解傷寒論》對本條有注（對齊相似度0.92）。,註解傷寒論:p761,,,,,,,,,,,,
REL_01417,SHL_SONGBEN_0095,clause,CR_ZHUJIE_0089,commentary,commentary_support,成無己《註解傷寒論》對本條有注（對齊相似度1.00）。,註解傷寒論:p763,,,,,,,,,,,,
REL_01418,SHL_SONGBEN_0096,clause,CR_ZHUJIE_0090,commentary,commentary_support,成無己《註解傷寒論》對本條有注（對齊相似度0.81）。,註解傷寒論:p765,,,,,,,,,,,,
REL_01419,SHL_SONGBEN_0097,clause,CR_ZHUJIE_0091,commentary,commentary_support,成無己《註解傷寒論》對本條有注（對齊相似度0.78）。,註解傷寒論:p785,,,,,,,,,,,,
REL_01420,SHL_SONGBEN_0098,clause,CR_ZHUJIE_0092,commentary,commentary_support,成無己《註解傷寒論》對本條有注（對齊相似度0.90）。,註解傷寒論:p789,,,,,,,,,,,,
REL_01421,SHL_SONGBEN_0099,clause,CR_ZHUJIE_0093,commentary,commentary_support,成無己《註解傷寒論》對本條有注（對齊相似度0.92）。,註解傷寒論:p791,,,,,,,,,,,,
REL_01422,SHL_SONGBEN_0100,clause,CR_ZHUJIE_0094,commentary,commentary_support,成無己《註解傷寒論》對本條有注（對齊相似度0.81）。,註解傷寒論:p793,,,,,,,,,,,,
REL_01423,SHL_SONGBEN_0101,clause,CR_ZHUJIE_0095,commentary,commentary_support,成無己《註解傷寒論》對本條有注（對齊相似度0.75）。,註解傷寒論:p800,,,,,,,,,,,,
REL_01424,SHL_SONGBEN_0102,clause,CR_ZHUJIE_0096,commentary,commentary_support,成無己《註解傷寒論》對本條有注（對齊相似度1.00）。,註解傷寒論:p802,,,,,,,,,,,,
REL_01425,SHL_SONGBEN_0103,clause,CR_ZHUJIE_0097,commentary,commentary_support,成無己《註解傷寒論》對本條有注（對齊相似度0.90）。,註解傷寒論:p804,,,,,,,,,,,,
REL_01426,SHL_SONGBEN_0104,clause,CR_ZHUJIE_0098,commentary,commentary_support,成無己《註解傷寒論》對本條有注（對齊相似度0.78）。,註解傷寒論:p809,,,,,,,,,,,,
REL_01427,SHL_SONGBEN_0105,clause,CR_ZHUJIE_0099,commentary,commentary_support,成無己《註解傷寒論》對本條有注（對齊相似度0.94）。,註解傷寒論:p812,,,,,,,,,,,,
REL_01428,SHL_SONGBEN_0107,clause,CR_ZHUJIE_0100,commentary,commentary_support,成無己《註解傷寒論》對本條有注（對齊相似度1.00）。,註解傷寒論:p820,,,,,,,,,,,,
REL_01429,SHL_SONGBEN_0108,clause,CR_ZHUJIE_0101,commentary,commentary_support,成無己《註解傷寒論》對本條有注（對齊相似度1.00）。,註解傷寒論:p824,,,,,,,,,,,,
REL_01430,SHL_SONGBEN_0109,clause,CR_ZHUJIE_0102,commentary,commentary_support,成無己《註解傷寒論》對本條有注（對齊相似度1.00）。,註解傷寒論:p826,,,,,,,,,,,,
REL_01431,SHL_SONGBEN_0110,clause,CR_ZHUJIE_0103,commentary,commentary_support,成無己《註解傷寒論》對本條有注（對齊相似度0.90）。,註解傷寒論:p828,,,,,,,,,,,,
REL_01432,SHL_SONGBEN_0111,clause,CR_ZHUJIE_0104,commentary,commentary_support,成無己《註解傷寒論》對本條有注（對齊相似度0.98）。,註解傷寒論:p831,,,,,,,,,,,,
REL_01433,SHL_SONGBEN_0112,clause,CR_ZHUJIE_0105,commentary,commentary_support,成無己《註解傷寒論》對本條有注（對齊相似度0.92）。,註解傷寒論:p834,,,,,,,,,,,,
REL_01434,SHL_SONGBEN_0113,clause,CR_ZHUJIE_0106,commentary,commentary_support,成無己《註解傷寒論》對本條有注（對齊相似度0.97）。,註解傷寒論:p838,,,,,,,,,,,,
REL_01435,SHL_SONGBEN_0114,clause,CR_ZHUJIE_0107,commentary,commentary_support,成無己《註解傷寒論》對本條有注（對齊相似度0.92）。,註解傷寒論:p840,,,,,,,,,,,,
REL_01436,SHL_SONGBEN_0115,clause,CR_ZHUJIE_0108,commentary,commentary_support,成無己《註解傷寒論》對本條有注（對齊相似度0.84）。,註解傷寒論:p842,,,,,,,,,,,,
REL_01437,SHL_SONGBEN_0117,clause,CR_ZHUJIE_0109,commentary,commentary_support,成無己《註解傷寒論》對本條有注（對齊相似度0.99）。,註解傷寒論:p850,,,,,,,,,,,,
REL_01438,SHL_SONGBEN_0118,clause,CR_ZHUJIE_0110,commentary,commentary_support,成無己《註解傷寒論》對本條有注（對齊相似度1.00）。,註解傷寒論:p852,,,,,,,,,,,,
REL_01439,SHL_SONGBEN_0119,clause,CR_ZHUJIE_0111,commentary,commentary_support,成無己《註解傷寒論》對本條有注（對齊相似度1.00）。,註解傷寒論:p857,,,,,,,,,,,,
REL_01440,SHL_SONGBEN_0120,clause,CR_ZHUJIE_0112,commentary,commentary_support,成無己《註解傷寒論》對本條有注（對齊相似度0.76）。,註解傷寒論:p860,,,,,,,,,,,,
REL_01441,SHL_SONGBEN_0121,clause,CR_ZHUJIE_0113,commentary,commentary_support,成無己《註解傷寒論》對本條有注（對齊相似度1.00）。,註解傷寒論:p862,,,,,,,,,,,,
REL_01442,SHL_SONGBEN_0122,clause,CR_ZHUJIE_0114,commentary,commentary_support,成無己《註解傷寒論》對本條有注（對齊相似度0.95）。,註解傷寒論:p864,,,,,,,,,,,,
REL_01443,SHL_SONGBEN_0123,clause,CR_ZHUJIE_0115,commentary,commentary_support,成無己《註解傷寒論》對本條有注（對齊相似度0.90）。,註解傷寒論:p866,,,,,,,,,,,,
REL_01444,SHL_SONGBEN_0124,clause,CR_ZHUJIE_0116,commentary,commentary_support,成無己《註解傷寒論》對本條有注（對齊相似度0.93）。,註解傷寒論:p868,,,,,,,,,,,,
REL_01445,SHL_SONGBEN_0125,clause,CR_ZHUJIE_0117,commentary,commentary_support,成無己《註解傷寒論》對本條有注（對齊相似度0.94）。,註解傷寒論:p874,,,,,,,,,,,,
REL_01446,SHL_SONGBEN_0126,clause,CR_ZHUJIE_0118,commentary,commentary_support,成無己《註解傷寒論》對本條有注（對齊相似度0.93）。,註解傷寒論:p876,,,,,,,,,,,,
REL_01447,SHL_SONGBEN_0127,clause,CR_ZHUJIE_0119,commentary,commentary_support,成無己《註解傷寒論》對本條有注（對齊相似度0.91）。,註解傷寒論:p880,,,,,,,,,,,,
REL_01448,SHL_SONGBEN_0129,clause,CR_ZHUJIE_0120,commentary,commentary_support,成無己《註解傷寒論》對本條有注（對齊相似度0.68）。,註解傷寒論:p882,,,,,,,,,,,,
REL_01449,SHL_SONGBEN_0130,clause,CR_ZHUJIE_0121,commentary,commentary_support,成無己《註解傷寒論》對本條有注（對齊相似度0.86）。,註解傷寒論:p884,,,,,,,,,,,,
REL_01450,SHL_SONGBEN_0131,clause,CR_ZHUJIE_0122,commentary,commentary_support,成無己《註解傷寒論》對本條有注（對齊相似度0.75）。,註解傷寒論:p886,,,,,,,,,,,,
REL_01451,SHL_SONGBEN_0132,clause,CR_ZHUJIE_0123,commentary,commentary_support,成無己《註解傷寒論》對本條有注（對齊相似度1.00）。,註解傷寒論:p893,,,,,,,,,,,,
REL_01452,SHL_SONGBEN_0133,clause,CR_ZHUJIE_0124,commentary,commentary_support,成無己《註解傷寒論》對本條有注（對齊相似度1.00）。,註解傷寒論:p895,,,,,,,,,,,,
REL_01453,SHL_SONGBEN_0134,clause,CR_ZHUJIE_0125,commentary,commentary_support,成無己《註解傷寒論》對本條有注（對齊相似度0.94）。,註解傷寒論:p897,,,,,,,,,,,,
REL_01454,SHL_SONGBEN_0135,clause,CR_ZHUJIE_0126,commentary,commentary_support,成無己《註解傷寒論》對本條有注（對齊相似度0.92）。,註解傷寒論:p903,,,,,,,,,,,,
REL_01455,SHL_SONGBEN_0136,clause,CR_ZHUJIE_0127,commentary,commentary_support,成無己《註解傷寒論》對本條有注（對齊相似度0.86）。,註解傷寒論:p905,,,,,,,,,,,,
REL_01456,SHL_SONGBEN_0138,clause,CR_ZHUJIE_0128,commentary,commentary_support,成無己《註解傷寒論》對本條有注（對齊相似度1.00）。,註解傷寒論:p909,,,,,,,,,,,,
REL_01457,SHL_SONGBEN_0139,clause,CR_ZHUJIE_0129,commentary,commentary_support,成無己《註解傷寒論》對本條有注（對齊相似度1.00）。,註解傷寒論:p914,,,,,,,,,,,,
REL_01458,SHL_SONGBEN_0140,clause,CR_ZHUJIE_0130,commentary,commentary_support,成無己《註解傷寒論》對本條有注（對齊相似度0.95）。,註解傷寒論:p916,,,,,,,,,,,,
REL_01459,SHL_SONGBEN_0141,clause,CR_ZHUJIE_0131,commentary,commentary_support,成無己《註解傷寒論》對本條有注（對齊相似度0.75）。,註解傷寒論:p918,,,,,,,,,,,,
REL_01460,SHL_SONGBEN_0142,clause,CR_ZHUJIE_0132,commentary,commentary_support,成無己《註解傷寒論》對本條有注（對齊相似度0.90）。,註解傷寒論:p927,,,,,,,,,,,,
REL_01461,SHL_SONGBEN_0143,clause,CR_ZHUJIE_0133,commentary,commentary_support,成無己《註解傷寒論》對本條有注（對齊相似度0.92）。,註解傷寒論:p930,,,,,,,,,,,,
REL_01462,SHL_SONGBEN_0144,clause,CR_ZHUJIE_0134,commentary,commentary_support,成無己《註解傷寒論》對本條有注（對齊相似度1.00）。,註解傷寒論:p932,,,,,,,,,,,,
REL_01463,SHL_SONGBEN_0145,clause,CR_ZHUJIE_0135,commentary,commentary_support,成無己《註解傷寒論》對本條有注（對齊相似度0.96）。,註解傷寒論:p934,,,,,,,,,,,,
REL_01464,SHL_SONGBEN_0146,clause,CR_ZHUJIE_0136,commentary,commentary_support,成無己《註解傷寒論》對本條有注（對齊相似度0.89）。,註解傷寒論:p936,,,,,,,,,,,,
REL_01465,SHL_SONGBEN_0147,clause,CR_ZHUJIE_0137,commentary,commentary_support,成無己《註解傷寒論》對本條有注（對齊相似度0.96）。,註解傷寒論:p938,,,,,,,,,,,,
REL_01466,SHL_SONGBEN_0148,clause,CR_ZHUJIE_0138,commentary,commentary_support,成無己《註解傷寒論》對本條有注（對齊相似度0.93）。,註解傷寒論:p944,,,,,,,,,,,,
REL_01467,SHL_SONGBEN_0149,clause,CR_ZHUJIE_0139,commentary,commentary_support,成無己《註解傷寒論》對本條有注（對齊相似度0.98）。,註解傷寒論:p946,,,,,,,,,,,,
REL_01468,SHL_SONGBEN_0150,clause,CR_ZHUJIE_0140,commentary,commentary_support,成無己《註解傷寒論》對本條有注（對齊相似度0.85）。,註解傷寒論:p951,,,,,,,,,,,,
REL_01469,SHL_SONGBEN_0151,clause,CR_ZHUJIE_0141,commentary,commentary_support,成無己《註解傷寒論》對本條有注（對齊相似度0.91）。,註解傷寒論:p953,,,,,,,,,,,,
REL_01470,SHL_SONGBEN_0153,clause,CR_ZHUJIE_0142,commentary,commentary_support,成無己《註解傷寒論》對本條有注（對齊相似度0.90）。,註解傷寒論:p960,,,,,,,,,,,,
REL_01471,SHL_SONGBEN_0155,clause,CR_ZHUJIE_0143,commentary,commentary_support,成無己《註解傷寒論》對本條有注（對齊相似度1.00）。,註解傷寒論:p968,,,,,,,,,,,,
REL_01472,SHL_SONGBEN_0156,clause,CR_ZHUJIE_0144,commentary,commentary_support,成無己《註解傷寒論》對本條有注（對齊相似度1.00）。,註解傷寒論:p970,,,,,,,,,,,,
REL_01473,SHL_SONGBEN_0158,clause,CR_ZHUJIE_0145,commentary,commentary_support,成無己《註解傷寒論》對本條有注（對齊相似度0.94）。,註解傷寒論:p975,,,,,,,,,,,,
REL_01474,SHL_SONGBEN_0159,clause,CR_ZHUJIE_0146,commentary,commentary_support,成無己《註解傷寒論》對本條有注（對齊相似度0.95）。,註解傷寒論:p977,,,,,,,,,,,,
REL_01475,SHL_SONGBEN_0160,clause,CR_ZHUJIE_0147,commentary,commentary_support,成無己《註解傷寒論》對本條有注（對齊相似度0.92）。,註解傷寒論:p982,,,,,,,,,,,,
REL_01476,SHL_SONGBEN_0161,clause,CR_ZHUJIE_0148,commentary,commentary_support,成無己《註解傷寒論》對本條有注（對齊相似度0.86）。,註解傷寒論:p984,,,,,,,,,,,,
REL_01477,SHL_SONGBEN_0162,clause,CR_ZHUJIE_0149,commentary,commentary_support,成無己《註解傷寒論》對本條有注（對齊相似度0.93）。,註解傷寒論:p989,,,,,,,,,,,,
REL_01478,SHL_SONGBEN_0163,clause,CR_ZHUJIE_0150,commentary,commentary_support,成無己《註解傷寒論》對本條有注（對齊相似度0.89）。,註解傷寒論:p991,,,,,,,,,,,,
REL_01479,SHL_SONGBEN_0164,clause,CR_ZHUJIE_0151,commentary,commentary_support,成無己《註解傷寒論》對本條有注（對齊相似度1.00）。,註解傷寒論:p997,,,,,,,,,,,,
REL_01480,SHL_SONGBEN_0165,clause,CR_ZHUJIE_0152,commentary,commentary_support,成無己《註解傷寒論》對本條有注（對齊相似度0.83）。,註解傷寒論:p999,,,,,,,,,,,,
REL_01481,SHL_SONGBEN_0166,clause,CR_ZHUJIE_0153,commentary,commentary_support,成無己《註解傷寒論》對本條有注（對齊相似度0.88）。,註解傷寒論:p1001,,,,,,,,,,,,
REL_01482,SHL_SONGBEN_0167,clause,CR_ZHUJIE_0154,commentary,commentary_support,成無己《註解傷寒論》對本條有注（對齊相似度0.82）。,註解傷寒論:p1006,,,,,,,,,,,,
REL_01483,SHL_SONGBEN_0168,clause,CR_ZHUJIE_0155,commentary,commentary_support,成無己《註解傷寒論》對本條有注（對齊相似度0.84）。,註解傷寒論:p1008,,,,,,,,,,,,
REL_01484,SHL_SONGBEN_0169,clause,CR_ZHUJIE_0156,commentary,commentary_support,成無己《註解傷寒論》對本條有注（對齊相似度1.00）。,註解傷寒論:p1010,,,,,,,,,,,,
REL_01485,SHL_SONGBEN_0171,clause,CR_ZHUJIE_0157,commentary,commentary_support,成無己《註解傷寒論》對本條有注（對齊相似度0.85）。,註解傷寒論:p1015,,,,,,,,,,,,
REL_01486,SHL_SONGBEN_0172,clause,CR_ZHUJIE_0158,commentary,commentary_support,成無己《註解傷寒論》對本條有注（對齊相似度1.00）。,註解傷寒論:p1018,,,,,,,,,,,,
REL_01487,SHL_SONGBEN_0173,clause,CR_ZHUJIE_0159,commentary,commentary_support,成無己《註解傷寒論》對本條有注（對齊相似度1.00）。,註解傷寒論:p1023,,,,,,,,,,,,
REL_01488,SHL_SONGBEN_0174,clause,CR_ZHUJIE_0160,commentary,commentary_support,成無己《註解傷寒論》對本條有注（對齊相似度0.75）。,註解傷寒論:p1029,,,,,,,,,,,,
REL_01489,SHL_SONGBEN_0176,clause,CR_ZHUJIE_0161,commentary,commentary_support,成無己《註解傷寒論》對本條有注（對齊相似度0.79）。,註解傷寒論:p1043,,,,,,,,,,,,
REL_01490,SHL_SONGBEN_0177,clause,CR_ZHUJIE_0162,commentary,commentary_support,成無己《註解傷寒論》對本條有注（對齊相似度1.00）。,註解傷寒論:p1048,,,,,,,,,,,,
REL_01491,SHL_SONGBEN_0178,clause,CR_ZHUJIE_0163,commentary,commentary_support,成無己《註解傷寒論》對本條有注（對齊相似度0.96）。,註解傷寒論:p1054,,,,,,,,,,,,
REL_01492,SHL_SONGBEN_0180,clause,CR_ZHUJIE_0164,commentary,commentary_support,成無己《註解傷寒論》對本條有注（對齊相似度0.82）。,註解傷寒論:p1062,,,,,,,,,,,,
REL_01493,SHL_SONGBEN_0181,clause,CR_ZHUJIE_0165,commentary,commentary_support,成無己《註解傷寒論》對本條有注（對齊相似度0.92）。,註解傷寒論:p1064,,,,,,,,,,,,
REL_01494,SHL_SONGBEN_0182,clause,CR_ZHUJIE_0166,commentary,commentary_support,成無己《註解傷寒論》對本條有注（對齊相似度1.00）。,註解傷寒論:p1066,,,,,,,,,,,,
REL_01495,SHL_SONGBEN_0183,clause,CR_ZHUJIE_0167,commentary,commentary_support,成無己《註解傷寒論》對本條有注（對齊相似度1.00）。,註解傷寒論:p1068,,,,,,,,,,,,
REL_01496,SHL_SONGBEN_0184,clause,CR_ZHUJIE_0168,commentary,commentary_support,成無己《註解傷寒論》對本條有注（對齊相似度0.96）。,註解傷寒論:p1070,,,,,,,,,,,,
REL_01497,SHL_SONGBEN_0185,clause,CR_ZHUJIE_0169,commentary,commentary_support,成無己《註解傷寒論》對本條有注（對齊相似度0.67）。,註解傷寒論:p1072,,,,,,,,,,,,
REL_01498,SHL_SONGBEN_0185,clause,CR_ZHUJIE_0169,commentary,commentary_support,成無己《註解傷寒論》對本條有注（對齊相似度0.66）。,註解傷寒論:p1074,,,,,,,,,,,,
REL_01499,SHL_SONGBEN_0186,clause,CR_ZHUJIE_0171,commentary,commentary_support,成無己《註解傷寒論》對本條有注（對齊相似度1.00）。,註解傷寒論:p1076,,,,,,,,,,,,
REL_01500,SHL_SONGBEN_0187,clause,CR_ZHUJIE_0172,commentary,commentary_support,成無己《註解傷寒論》對本條有注（對齊相似度0.91）。,註解傷寒論:p1078,,,,,,,,,,,,
REL_01501,SHL_SONGBEN_0188,clause,CR_ZHUJIE_0173,commentary,commentary_support,成無己《註解傷寒論》對本條有注（對齊相似度0.74）。,註解傷寒論:p1080,,,,,,,,,,,,
REL_01502,SHL_SONGBEN_0189,clause,CR_ZHUJIE_0174,commentary,commentary_support,成無己《註解傷寒論》對本條有注（對齊相似度1.00）。,註解傷寒論:p1082,,,,,,,,,,,,
REL_01503,SHL_SONGBEN_0190,clause,CR_ZHUJIE_0175,commentary,commentary_support,成無己《註解傷寒論》對本條有注（對齊相似度1.00）。,註解傷寒論:p1084,,,,,,,,,,,,
REL_01504,SHL_SONGBEN_0191,clause,CR_ZHUJIE_0176,commentary,commentary_support,成無己《註解傷寒論》對本條有注（對齊相似度0.89）。,註解傷寒論:p1086,,,,,,,,,,,,
REL_01505,SHL_SONGBEN_0192,clause,CR_ZHUJIE_0177,commentary,commentary_support,成無己《註解傷寒論》對本條有注（對齊相似度0.88）。,註解傷寒論:p1088,,,,,,,,,,,,
REL_01506,SHL_SONGBEN_0193,clause,CR_ZHUJIE_0178,commentary,commentary_support,成無己《註解傷寒論》對本條有注（對齊相似度1.00）。,註解傷寒論:p1090,,,,,,,,,,,,
REL_01507,SHL_SONGBEN_0194,clause,CR_ZHUJIE_0179,commentary,commentary_support,成無己《註解傷寒論》對本條有注（對齊相似度0.94）。,註解傷寒論:p1092,,,,,,,,,,,,
REL_01508,SHL_SONGBEN_0195,clause,CR_ZHUJIE_0180,commentary,commentary_support,成無己《註解傷寒論》對本條有注（對齊相似度0.95）。,註解傷寒論:p1094,,,,,,,,,,,,
REL_01509,SHL_SONGBEN_0196,clause,CR_ZHUJIE_0181,commentary,commentary_support,成無己《註解傷寒論》對本條有注（對齊相似度1.00）。,註解傷寒論:p1096,,,,,,,,,,,,
REL_01510,SHL_SONGBEN_0197,clause,CR_ZHUJIE_0182,commentary,commentary_support,成無己《註解傷寒論》對本條有注（對齊相似度0.88）。,註解傷寒論:p1098,,,,,,,,,,,,
REL_01511,SHL_SONGBEN_0198,clause,CR_ZHUJIE_0183,commentary,commentary_support,成無己《註解傷寒論》對本條有注（對齊相似度0.72）。,註解傷寒論:p1100,,,,,,,,,,,,
REL_01512,SHL_SONGBEN_0199,clause,CR_ZHUJIE_0184,commentary,commentary_support,成無己《註解傷寒論》對本條有注（對齊相似度0.91）。,註解傷寒論:p1102,,,,,,,,,,,,
REL_01513,SHL_SONGBEN_0200,clause,CR_ZHUJIE_0185,commentary,commentary_support,成無己《註解傷寒論》對本條有注（對齊相似度0.91）。,註解傷寒論:p1104,,,,,,,,,,,,
REL_01514,SHL_SONGBEN_0201,clause,CR_ZHUJIE_0186,commentary,commentary_support,成無己《註解傷寒論》對本條有注（對齊相似度1.00）。,註解傷寒論:p1106,,,,,,,,,,,,
REL_01515,SHL_SONGBEN_0202,clause,CR_ZHUJIE_0187,commentary,commentary_support,成無己《註解傷寒論》對本條有注（對齊相似度0.87）。,註解傷寒論:p1108,,,,,,,,,,,,
REL_01516,SHL_SONGBEN_0203,clause,CR_ZHUJIE_0188,commentary,commentary_support,成無己《註解傷寒論》對本條有注（對齊相似度0.89）。,註解傷寒論:p1110,,,,,,,,,,,,
REL_01517,SHL_SONGBEN_0204,clause,CR_ZHUJIE_0189,commentary,commentary_support,成無己《註解傷寒論》對本條有注（對齊相似度1.00）。,註解傷寒論:p1112,,,,,,,,,,,,
REL_01518,SHL_SONGBEN_0205,clause,CR_ZHUJIE_0190,commentary,commentary_support,成無己《註解傷寒論》對本條有注（對齊相似度0.90）。,註解傷寒論:p1114,,,,,,,,,,,,
REL_01519,SHL_SONGBEN_0206,clause,CR_ZHUJIE_0191,commentary,commentary_support,成無己《註解傷寒論》對本條有注（對齊相似度0.78）。,註解傷寒論:p1116,,,,,,,,,,,,
REL_01520,SHL_SONGBEN_0208,clause,CR_ZHUJIE_0192,commentary,commentary_support,成無己《註解傷寒論》對本條有注（對齊相似度0.90）。,註解傷寒論:p1120,,,,,,,,,,,,
REL_01521,SHL_SONGBEN_0209,clause,CR_ZHUJIE_0193,commentary,commentary_support,成無己《註解傷寒論》對本條有注（對齊相似度0.89）。,註解傷寒論:p1128,,,,,,,,,,,,
REL_01522,SHL_SONGBEN_0210,clause,CR_ZHUJIE_0194,commentary,commentary_support,成無己《註解傷寒論》對本條有注（對齊相似度0.65）。,註解傷寒論:p1132,,,,,,,,,,,,
REL_01523,SHL_SONGBEN_0211,clause,CR_ZHUJIE_0195,commentary,commentary_support,成無己《註解傷寒論》對本條有注（對齊相似度1.00）。,註解傷寒論:p1134,,,,,,,,,,,,
REL_01524,SHL_SONGBEN_0212,clause,CR_ZHUJIE_0196,commentary,commentary_support,成無己《註解傷寒論》對本條有注（對齊相似度0.93）。,註解傷寒論:p1136,,,,,,,,,,,,
REL_01525,SHL_SONGBEN_0213,clause,CR_ZHUJIE_0197,commentary,commentary_support,成無己《註解傷寒論》對本條有注（對齊相似度0.88）。,註解傷寒論:p1138,,,,,,,,,,,,
REL_01526,SHL_SONGBEN_0214,clause,CR_ZHUJIE_0198,commentary,commentary_support,成無己《註解傷寒論》對本條有注（對齊相似度0.86）。,註解傷寒論:p1140,,,,,,,,,,,,
REL_01527,SHL_SONGBEN_0215,clause,CR_ZHUJIE_0199,commentary,commentary_support,成無己《註解傷寒論》對本條有注（對齊相似度0.94）。,註解傷寒論:p1142,,,,,,,,,,,,
REL_01528,SHL_SONGBEN_0216,clause,CR_ZHUJIE_0200,commentary,commentary_support,成無己《註解傷寒論》對本條有注（對齊相似度0.89）。,註解傷寒論:p1144,,,,,,,,,,,,
REL_01529,SHL_SONGBEN_0217,clause,CR_ZHUJIE_0201,commentary,commentary_support,成無己《註解傷寒論》對本條有注（對齊相似度0.89）。,註解傷寒論:p1146,,,,,,,,,,,,
REL_01530,SHL_SONGBEN_0218,clause,CR_ZHUJIE_0202,commentary,commentary_support,成無己《註解傷寒論》對本條有注（對齊相似度0.88）。,註解傷寒論:p1148,,,,,,,,,,,,
REL_01531,SHL_SONGBEN_0219,clause,CR_ZHUJIE_0203,commentary,commentary_support,成無己《註解傷寒論》對本條有注（對齊相似度0.71）。,註解傷寒論:p1151,,,,,,,,,,,,
REL_01532,SHL_SONGBEN_0220,clause,CR_ZHUJIE_0204,commentary,commentary_support,成無己《註解傷寒論》對本條有注（對齊相似度0.88）。,註解傷寒論:p1153,,,,,,,,,,,,
REL_01533,SHL_SONGBEN_0221,clause,CR_ZHUJIE_0205,commentary,commentary_support,成無己《註解傷寒論》對本條有注（對齊相似度0.93）。,註解傷寒論:p1155,,,,,,,,,,,,
REL_01534,SHL_SONGBEN_0222,clause,CR_ZHUJIE_0206,commentary,commentary_support,成無己《註解傷寒論》對本條有注（對齊相似度1.00）。,註解傷寒論:p1158,,,,,,,,,,,,
REL_01535,SHL_SONGBEN_0223,clause,CR_ZHUJIE_0207,commentary,commentary_support,成無己《註解傷寒論》對本條有注（對齊相似度1.00）。,註解傷寒論:p1160,,,,,,,,,,,,
REL_01536,SHL_SONGBEN_0224,clause,CR_ZHUJIE_0208,commentary,commentary_support,成無己《註解傷寒論》對本條有注（對齊相似度1.00）。,註解傷寒論:p1166,,,,,,,,,,,,
REL_01537,SHL_SONGBEN_0225,clause,CR_ZHUJIE_0209,commentary,commentary_support,成無己《註解傷寒論》對本條有注（對齊相似度0.88）。,註解傷寒論:p1169,,,,,,,,,,,,
REL_01538,SHL_SONGBEN_0226,clause,CR_ZHUJIE_0210,commentary,commentary_support,成無己《註解傷寒論》對本條有注（對齊相似度1.00）。,註解傷寒論:p1171,,,,,,,,,,,,
REL_01539,SHL_SONGBEN_0227,clause,CR_ZHUJIE_0211,commentary,commentary_support,成無己《註解傷寒論》對本條有注（對齊相似度1.00）。,註解傷寒論:p1173,,,,,,,,,,,,
REL_01540,SHL_SONGBEN_0228,clause,CR_ZHUJIE_0212,commentary,commentary_support,成無己《註解傷寒論》對本條有注（對齊相似度0.95）。,註解傷寒論:p1175,,,,,,,,,,,,
REL_01541,SHL_SONGBEN_0229,clause,CR_ZHUJIE_0213,commentary,commentary_support,成無己《註解傷寒論》對本條有注（對齊相似度0.81）。,註解傷寒論:p1177,,,,,,,,,,,,
REL_01542,SHL_SONGBEN_0230,clause,CR_ZHUJIE_0214,commentary,commentary_support,成無己《註解傷寒論》對本條有注（對齊相似度0.73）。,註解傷寒論:p1179,,,,,,,,,,,,
REL_01543,SHL_SONGBEN_0232,clause,CR_ZHUJIE_0215,commentary,commentary_support,成無己《註解傷寒論》對本條有注（對齊相似度0.90）。,註解傷寒論:p1182,,,,,,,,,,,,
REL_01544,SHL_SONGBEN_0233,clause,CR_ZHUJIE_0216,commentary,commentary_support,成無己《註解傷寒論》對本條有注（對齊相似度0.93）。,註解傷寒論:p1184,,,,,,,,,,,,
REL_01545,SHL_SONGBEN_0236,clause,CR_ZHUJIE_0217,commentary,commentary_support,成無己《註解傷寒論》對本條有注（對齊相似度0.91）。,註解傷寒論:p1193,,,,,,,,,,,,
REL_01546,SHL_SONGBEN_0237,clause,CR_ZHUJIE_0218,commentary,commentary_support,成無己《註解傷寒論》對本條有注（對齊相似度0.86）。,註解傷寒論:p1198,,,,,,,,,,,,
REL_01547,SHL_SONGBEN_0238,clause,CR_ZHUJIE_0219,commentary,commentary_support,成無己《註解傷寒論》對本條有注（對齊相似度0.90）。,註解傷寒論:p1200,,,,,,,,,,,,
REL_01548,SHL_SONGBEN_0239,clause,CR_ZHUJIE_0220,commentary,commentary_support,成無己《註解傷寒論》對本條有注（對齊相似度0.92）。,註解傷寒論:p1202,,,,,,,,,,,,
REL_01549,SHL_SONGBEN_0240,clause,CR_ZHUJIE_0221,commentary,commentary_support,成無己《註解傷寒論》對本條有注（對齊相似度0.95）。,註解傷寒論:p1204,,,,,,,,,,,,
REL_01550,SHL_SONGBEN_0241,clause,CR_ZHUJIE_0222,commentary,commentary_support,成無己《註解傷寒論》對本條有注（對齊相似度1.00）。,註解傷寒論:p1206,,,,,,,,,,,,
REL_01551,SHL_SONGBEN_0242,clause,CR_ZHUJIE_0223,commentary,commentary_support,成無己《註解傷寒論》對本條有注（對齊相似度0.93）。,註解傷寒論:p1208,,,,,,,,,,,,
REL_01552,SHL_SONGBEN_0243,clause,CR_ZHUJIE_0224,commentary,commentary_support,成無己《註解傷寒論》對本條有注（對齊相似度0.95）。,註解傷寒論:p1210,,,,,,,,,,,,
REL_01553,SHL_SONGBEN_0244,clause,CR_ZHUJIE_0225,commentary,commentary_support,成無己《註解傷寒論》對本條有注（對齊相似度0.95）。,註解傷寒論:p1215,,,,,,,,,,,,
REL_01554,SHL_SONGBEN_0245,clause,CR_ZHUJIE_0226,commentary,commentary_support,成無己《註解傷寒論》對本條有注（對齊相似度0.68）。,註解傷寒論:p1220,,,,,,,,,,,,
REL_01555,SHL_SONGBEN_0246,clause,CR_ZHUJIE_0227,commentary,commentary_support,成無己《註解傷寒論》對本條有注（對齊相似度1.00）。,註解傷寒論:p1222,,,,,,,,,,,,
REL_01556,SHL_SONGBEN_0247,clause,CR_ZHUJIE_0228,commentary,commentary_support,成無己《註解傷寒論》對本條有注（對齊相似度0.71）。,註解傷寒論:p1224,,,,,,,,,,,,
REL_01557,SHL_SONGBEN_0248,clause,CR_ZHUJIE_0229,commentary,commentary_support,成無己《註解傷寒論》對本條有注（對齊相似度1.00）。,註解傷寒論:p1229,,,,,,,,,,,,
REL_01558,SHL_SONGBEN_0249,clause,CR_ZHUJIE_0230,commentary,commentary_support,成無己《註解傷寒論》對本條有注（對齊相似度1.00）。,註解傷寒論:p1231,,,,,,,,,,,,
REL_01559,SHL_SONGBEN_0250,clause,CR_ZHUJIE_0231,commentary,commentary_support,成無己《註解傷寒論》對本條有注（對齊相似度0.87）。,註解傷寒論:p1233,,,,,,,,,,,,
REL_01560,SHL_SONGBEN_0251,clause,CR_ZHUJIE_0232,commentary,commentary_support,成無己《註解傷寒論》對本條有注（對齊相似度0.89）。,註解傷寒論:p1235,,,,,,,,,,,,
REL_01561,SHL_SONGBEN_0252,clause,CR_ZHUJIE_0233,commentary,commentary_support,成無己《註解傷寒論》對本條有注（對齊相似度0.94）。,註解傷寒論:p1237,,,,,,,,,,,,
REL_01562,SHL_SONGBEN_0253,clause,CR_ZHUJIE_0234,commentary,commentary_support,成無己《註解傷寒論》對本條有注（對齊相似度0.90）。,註解傷寒論:p1239,,,,,,,,,,,,
REL_01563,SHL_SONGBEN_0254,clause,CR_ZHUJIE_0235,commentary,commentary_support,成無己《註解傷寒論》對本條有注（對齊相似度1.00）。,註解傷寒論:p1241,,,,,,,,,,,,
REL_01564,SHL_SONGBEN_0255,clause,CR_ZHUJIE_0236,commentary,commentary_support,成無己《註解傷寒論》對本條有注（對齊相似度1.00）。,註解傷寒論:p1243,,,,,,,,,,,,
REL_01565,SHL_SONGBEN_0257,clause,CR_ZHUJIE_0237,commentary,commentary_support,成無己《註解傷寒論》對本條有注（對齊相似度0.92）。,註解傷寒論:p1248,,,,,,,,,,,,
REL_01566,SHL_SONGBEN_0258,clause,CR_ZHUJIE_0238,commentary,commentary_support,成無己《註解傷寒論》對本條有注（對齊相似度0.90）。,註解傷寒論:p1250,,,,,,,,,,,,
REL_01567,SHL_SONGBEN_0259,clause,CR_ZHUJIE_0239,commentary,commentary_support,成無己《註解傷寒論》對本條有注（對齊相似度0.94）。,註解傷寒論:p1252,,,,,,,,,,,,
REL_01568,SHL_SONGBEN_0260,clause,CR_ZHUJIE_0240,commentary,commentary_support,成無己《註解傷寒論》對本條有注（對齊相似度1.00）。,註解傷寒論:p1254,,,,,,,,,,,,
REL_01569,SHL_SONGBEN_0261,clause,CR_ZHUJIE_0241,commentary,commentary_support,成無己《註解傷寒論》對本條有注（對齊相似度0.88）。,註解傷寒論:p1256,,,,,,,,,,,,
REL_01570,SHL_SONGBEN_0262,clause,CR_ZHUJIE_0242,commentary,commentary_support,成無己《註解傷寒論》對本條有注（對齊相似度0.81）。,註解傷寒論:p1261,,,,,,,,,,,,
REL_01571,SHL_SONGBEN_0263,clause,CR_ZHUJIE_0243,commentary,commentary_support,成無己《註解傷寒論》對本條有注（對齊相似度0.86）。,註解傷寒論:p1266,,,,,,,,,,,,
REL_01572,SHL_SONGBEN_0264,clause,CR_ZHUJIE_0244,commentary,commentary_support,成無己《註解傷寒論》對本條有注（對齊相似度1.00）。,註解傷寒論:p1268,,,,,,,,,,,,
REL_01573,SHL_SONGBEN_0265,clause,CR_ZHUJIE_0245,commentary,commentary_support,成無己《註解傷寒論》對本條有注（對齊相似度0.97）。,註解傷寒論:p1270,,,,,,,,,,,,
REL_01574,SHL_SONGBEN_0266,clause,CR_ZHUJIE_0246,commentary,commentary_support,成無己《註解傷寒論》對本條有注（對齊相似度0.89）。,註解傷寒論:p1272,,,,,,,,,,,,
REL_01575,SHL_SONGBEN_0267,clause,CR_ZHUJIE_0247,commentary,commentary_support,成無己《註解傷寒論》對本條有注（對齊相似度1.00）。,註解傷寒論:p1274,,,,,,,,,,,,
REL_01576,SHL_SONGBEN_0268,clause,CR_ZHUJIE_0248,commentary,commentary_support,成無己《註解傷寒論》對本條有注（對齊相似度1.00）。,註解傷寒論:p1276,,,,,,,,,,,,
REL_01577,SHL_SONGBEN_0269,clause,CR_ZHUJIE_0249,commentary,commentary_support,成無己《註解傷寒論》對本條有注（對齊相似度1.00）。,註解傷寒論:p1278,,,,,,,,,,,,
REL_01578,SHL_SONGBEN_0270,clause,CR_ZHUJIE_0250,commentary,commentary_support,成無己《註解傷寒論》對本條有注（對齊相似度1.00）。,註解傷寒論:p1280,,,,,,,,,,,,
REL_01579,SHL_SONGBEN_0271,clause,CR_ZHUJIE_0251,commentary,commentary_support,成無己《註解傷寒論》對本條有注（對齊相似度1.00）。,註解傷寒論:p1282,,,,,,,,,,,,
REL_01580,SHL_SONGBEN_0272,clause,CR_ZHUJIE_0252,commentary,commentary_support,成無己《註解傷寒論》對本條有注（對齊相似度1.00）。,註解傷寒論:p1284,,,,,,,,,,,,
REL_01581,SHL_SONGBEN_0273,clause,CR_ZHUJIE_0253,commentary,commentary_support,成無己《註解傷寒論》對本條有注（對齊相似度0.96）。,註解傷寒論:p1286,,,,,,,,,,,,
REL_01582,SHL_SONGBEN_0274,clause,CR_ZHUJIE_0254,commentary,commentary_support,成無己《註解傷寒論》對本條有注（對齊相似度0.80）。,註解傷寒論:p1288,,,,,,,,,,,,
REL_01583,SHL_SONGBEN_0275,clause,CR_ZHUJIE_0255,commentary,commentary_support,成無己《註解傷寒論》對本條有注（對齊相似度1.00）。,註解傷寒論:p1290,,,,,,,,,,,,
REL_01584,SHL_SONGBEN_0276,clause,CR_ZHUJIE_0256,commentary,commentary_support,成無己《註解傷寒論》對本條有注（對齊相似度1.00）。,註解傷寒論:p1292,,,,,,,,,,,,
REL_01585,SHL_SONGBEN_0277,clause,CR_ZHUJIE_0257,commentary,commentary_support,成無己《註解傷寒論》對本條有注（對齊相似度1.00）。,註解傷寒論:p1294,,,,,,,,,,,,
REL_01586,SHL_SONGBEN_0278,clause,CR_ZHUJIE_0258,commentary,commentary_support,成無己《註解傷寒論》對本條有注（對齊相似度0.93）。,註解傷寒論:p1296,,,,,,,,,,,,
REL_01587,SHL_SONGBEN_0279,clause,CR_ZHUJIE_0259,commentary,commentary_support,成無己《註解傷寒論》對本條有注（對齊相似度0.81）。,註解傷寒論:p1298,,,,,,,,,,,,
REL_01588,SHL_SONGBEN_0280,clause,CR_ZHUJIE_0260,commentary,commentary_support,成無己《註解傷寒論》對本條有注（對齊相似度1.00）。,註解傷寒論:p1302,,,,,,,,,,,,
REL_01589,SHL_SONGBEN_0281,clause,CR_ZHUJIE_0261,commentary,commentary_support,成無己《註解傷寒論》對本條有注（對齊相似度1.00）。,註解傷寒論:p1304,,,,,,,,,,,,
REL_01590,SHL_SONGBEN_0282,clause,CR_ZHUJIE_0262,commentary,commentary_support,成無己《註解傷寒論》對本條有注（對齊相似度1.00）。,註解傷寒論:p1306,,,,,,,,,,,,
REL_01591,SHL_SONGBEN_0283,clause,CR_ZHUJIE_0263,commentary,commentary_support,成無己《註解傷寒論》對本條有注（對齊相似度0.92）。,註解傷寒論:p1308,,,,,,,,,,,,
REL_01592,SHL_SONGBEN_0284,clause,CR_ZHUJIE_0264,commentary,commentary_support,成無己《註解傷寒論》對本條有注（對齊相似度0.92）。,註解傷寒論:p1310,,,,,,,,,,,,
REL_01593,SHL_SONGBEN_0285,clause,CR_ZHUJIE_0265,commentary,commentary_support,成無己《註解傷寒論》對本條有注（對齊相似度0.86）。,註解傷寒論:p1312,,,,,,,,,,,,
REL_01594,SHL_SONGBEN_0286,clause,CR_ZHUJIE_0266,commentary,commentary_support,成無己《註解傷寒論》對本條有注（對齊相似度0.92）。,註解傷寒論:p1314,,,,,,,,,,,,
REL_01595,SHL_SONGBEN_0287,clause,CR_ZHUJIE_0267,commentary,commentary_support,成無己《註解傷寒論》對本條有注（對齊相似度1.00）。,註解傷寒論:p1316,,,,,,,,,,,,
REL_01596,SHL_SONGBEN_0288,clause,CR_ZHUJIE_0268,commentary,commentary_support,成無己《註解傷寒論》對本條有注（對齊相似度0.89）。,註解傷寒論:p1318,,,,,,,,,,,,
REL_01597,SHL_SONGBEN_0289,clause,CR_ZHUJIE_0269,commentary,commentary_support,成無己《註解傷寒論》對本條有注（對齊相似度0.88）。,註解傷寒論:p1320,,,,,,,,,,,,
REL_01598,SHL_SONGBEN_0290,clause,CR_ZHUJIE_0270,commentary,commentary_support,成無己《註解傷寒論》對本條有注（對齊相似度1.00）。,註解傷寒論:p1322,,,,,,,,,,,,
REL_01599,SHL_SONGBEN_0291,clause,CR_ZHUJIE_0271,commentary,commentary_support,成無己《註解傷寒論》對本條有注（對齊相似度1.00）。,註解傷寒論:p1324,,,,,,,,,,,,
REL_01600,SHL_SONGBEN_0292,clause,CR_ZHUJIE_0272,commentary,commentary_support,成無己《註解傷寒論》對本條有注（對齊相似度1.00）。,註解傷寒論:p1326,,,,,,,,,,,,
REL_01601,SHL_SONGBEN_0293,clause,CR_ZHUJIE_0273,commentary,commentary_support,成無己《註解傷寒論》對本條有注（對齊相似度1.00）。,註解傷寒論:p1328,,,,,,,,,,,,
REL_01602,SHL_SONGBEN_0294,clause,CR_ZHUJIE_0274,commentary,commentary_support,成無己《註解傷寒論》對本條有注（對齊相似度0.84）。,註解傷寒論:p1330,,,,,,,,,,,,
REL_01603,SHL_SONGBEN_0295,clause,CR_ZHUJIE_0275,commentary,commentary_support,成無己《註解傷寒論》對本條有注（對齊相似度0.87）。,註解傷寒論:p1333,,,,,,,,,,,,
REL_01604,SHL_SONGBEN_0296,clause,CR_ZHUJIE_0276,commentary,commentary_support,成無己《註解傷寒論》對本條有注（對齊相似度1.00）。,註解傷寒論:p1335,,,,,,,,,,,,
REL_01605,SHL_SONGBEN_0297,clause,CR_ZHUJIE_0277,commentary,commentary_support,成無己《註解傷寒論》對本條有注（對齊相似度1.00）。,註解傷寒論:p1337,,,,,,,,,,,,
REL_01606,SHL_SONGBEN_0298,clause,CR_ZHUJIE_0278,commentary,commentary_support,成無己《註解傷寒論》對本條有注（對齊相似度0.89）。,註解傷寒論:p1339,,,,,,,,,,,,
REL_01607,SHL_SONGBEN_0299,clause,CR_ZHUJIE_0279,commentary,commentary_support,成無己《註解傷寒論》對本條有注（對齊相似度1.00）。,註解傷寒論:p1341,,,,,,,,,,,,
REL_01608,SHL_SONGBEN_0300,clause,CR_ZHUJIE_0280,commentary,commentary_support,成無己《註解傷寒論》對本條有注（對齊相似度1.00）。,註解傷寒論:p1343,,,,,,,,,,,,
REL_01609,SHL_SONGBEN_0301,clause,CR_ZHUJIE_0281,commentary,commentary_support,成無己《註解傷寒論》對本條有注（對齊相似度0.85）。,註解傷寒論:p1345,,,,,,,,,,,,
REL_01610,SHL_SONGBEN_0302,clause,CR_ZHUJIE_0282,commentary,commentary_support,成無己《註解傷寒論》對本條有注（對齊相似度0.86）。,註解傷寒論:p1350,,,,,,,,,,,,
REL_01611,SHL_SONGBEN_0303,clause,CR_ZHUJIE_0283,commentary,commentary_support,成無己《註解傷寒論》對本條有注（對齊相似度1.00）。,註解傷寒論:p1355,,,,,,,,,,,,
REL_01612,SHL_SONGBEN_0304,clause,CR_ZHUJIE_0284,commentary,commentary_support,成無己《註解傷寒論》對本條有注（對齊相似度1.00）。,註解傷寒論:p1361,,,,,,,,,,,,
REL_01613,SHL_SONGBEN_0305,clause,CR_ZHUJIE_0285,commentary,commentary_support,成無己《註解傷寒論》對本條有注（對齊相似度1.00）。,註解傷寒論:p1369,,,,,,,,,,,,
REL_01614,SHL_SONGBEN_0306,clause,CR_ZHUJIE_0286,commentary,commentary_support,成無己《註解傷寒論》對本條有注（對齊相似度1.00）。,註解傷寒論:p1371,,,,,,,,,,,,
REL_01615,SHL_SONGBEN_0307,clause,CR_ZHUJIE_0287,commentary,commentary_support,成無己《註解傷寒論》對本條有注（對齊相似度1.00）。,註解傷寒論:p1376,,,,,,,,,,,,
REL_01616,SHL_SONGBEN_0308,clause,CR_ZHUJIE_0288,commentary,commentary_support,成無己《註解傷寒論》對本條有注（對齊相似度0.80）。,註解傷寒論:p1378,,,,,,,,,,,,
REL_01617,SHL_SONGBEN_0309,clause,CR_ZHUJIE_0289,commentary,commentary_support,成無己《註解傷寒論》對本條有注（對齊相似度0.89）。,註解傷寒論:p1380,,,,,,,,,,,,
REL_01618,SHL_SONGBEN_0310,clause,CR_ZHUJIE_0290,commentary,commentary_support,成無己《註解傷寒論》對本條有注（對齊相似度0.77）。,註解傷寒論:p1382,,,,,,,,,,,,
REL_01619,SHL_SONGBEN_0311,clause,CR_ZHUJIE_0291,commentary,commentary_support,成無己《註解傷寒論》對本條有注（對齊相似度0.90）。,註解傷寒論:p1388,,,,,,,,,,,,
REL_01620,SHL_SONGBEN_0312,clause,CR_ZHUJIE_0292,commentary,commentary_support,成無己《註解傷寒論》對本條有注（對齊相似度1.00）。,註解傷寒論:p1395,,,,,,,,,,,,
REL_01621,SHL_SONGBEN_0313,clause,CR_ZHUJIE_0293,commentary,commentary_support,成無己《註解傷寒論》對本條有注（對齊相似度1.00）。,註解傷寒論:p1400,,,,,,,,,,,,
REL_01622,SHL_SONGBEN_0314,clause,CR_ZHUJIE_0294,commentary,commentary_support,成無己《註解傷寒論》對本條有注（對齊相似度1.00）。,註解傷寒論:p1405,,,,,,,,,,,,
REL_01623,SHL_SONGBEN_0315,clause,CR_ZHUJIE_0295,commentary,commentary_support,成無己《註解傷寒論》對本條有注（對齊相似度1.00）。,註解傷寒論:p1410,,,,,,,,,,,,
REL_01624,SHL_SONGBEN_0316,clause,CR_ZHUJIE_0296,commentary,commentary_support,成無己《註解傷寒論》對本條有注（對齊相似度0.96）。,註解傷寒論:p1415,,,,,,,,,,,,
REL_01625,SHL_SONGBEN_0318,clause,CR_ZHUJIE_0297,commentary,commentary_support,成無己《註解傷寒論》對本條有注（對齊相似度0.93）。,註解傷寒論:p1445,,,,,,,,,,,,
REL_01626,SHL_SONGBEN_0319,clause,CR_ZHUJIE_0298,commentary,commentary_support,成無己《註解傷寒論》對本條有注（對齊相似度0.91）。,註解傷寒論:p1462,,,,,,,,,,,,
REL_01627,SHL_SONGBEN_0321,clause,CR_ZHUJIE_0299,commentary,commentary_support,成無己《註解傷寒論》對本條有注（對齊相似度0.92）。,註解傷寒論:p1465,,,,,,,,,,,,
REL_01628,SHL_SONGBEN_0322,clause,CR_ZHUJIE_0300,commentary,commentary_support,成無己《註解傷寒論》對本條有注（對齊相似度1.00）。,註解傷寒論:p1467,,,,,,,,,,,,
REL_01629,SHL_SONGBEN_0323,clause,CR_ZHUJIE_0301,commentary,commentary_support,成無己《註解傷寒論》對本條有注（對齊相似度1.00）。,註解傷寒論:p1469,,,,,,,,,,,,
REL_01630,SHL_SONGBEN_0324,clause,CR_ZHUJIE_0302,commentary,commentary_support,成無己《註解傷寒論》對本條有注（對齊相似度0.97）。,註解傷寒論:p1471,,,,,,,,,,,,
REL_01631,SHL_SONGBEN_0325,clause,CR_ZHUJIE_0303,commentary,commentary_support,成無己《註解傷寒論》對本條有注（對齊相似度0.92）。,註解傷寒論:p1473,,,,,,,,,,,,
REL_01632,SHL_SONGBEN_0326,clause,CR_ZHUJIE_0304,commentary,commentary_support,成無己《註解傷寒論》對本條有注（對齊相似度0.93）。,註解傷寒論:p1475,,,,,,,,,,,,
REL_01633,SHL_SONGBEN_0327,clause,CR_ZHUJIE_0305,commentary,commentary_support,成無己《註解傷寒論》對本條有注（對齊相似度1.00）。,註解傷寒論:p1478,,,,,,,,,,,,
REL_01634,SHL_SONGBEN_0328,clause,CR_ZHUJIE_0306,commentary,commentary_support,成無己《註解傷寒論》對本條有注（對齊相似度0.80）。,註解傷寒論:p1480,,,,,,,,,,,,
REL_01635,SHL_SONGBEN_0329,clause,CR_ZHUJIE_0307,commentary,commentary_support,成無己《註解傷寒論》對本條有注（對齊相似度1.00）。,註解傷寒論:p1482,,,,,,,,,,,,
REL_01636,SHL_SONGBEN_0330,clause,CR_ZHUJIE_0308,commentary,commentary_support,成無己《註解傷寒論》對本條有注（對齊相似度1.00）。,註解傷寒論:p1484,,,,,,,,,,,,
REL_01637,SHL_SONGBEN_0331,clause,CR_ZHUJIE_0309,commentary,commentary_support,成無己《註解傷寒論》對本條有注（對齊相似度1.00）。,註解傷寒論:p1487,,,,,,,,,,,,
REL_01638,SHL_SONGBEN_0332,clause,CR_ZHUJIE_0310,commentary,commentary_support,成無己《註解傷寒論》對本條有注（對齊相似度0.98）。,註解傷寒論:p1489,,,,,,,,,,,,
REL_01639,SHL_SONGBEN_0333,clause,CR_ZHUJIE_0311,commentary,commentary_support,成無己《註解傷寒論》對本條有注（對齊相似度1.00）。,註解傷寒論:p1491,,,,,,,,,,,,
REL_01640,SHL_SONGBEN_0335,clause,CR_ZHUJIE_0312,commentary,commentary_support,成無己《註解傷寒論》對本條有注（對齊相似度0.96）。,註解傷寒論:p1495,,,,,,,,,,,,
REL_01641,SHL_SONGBEN_0336,clause,CR_ZHUJIE_0313,commentary,commentary_support,成無己《註解傷寒論》對本條有注（對齊相似度1.00）。,註解傷寒論:p1497,,,,,,,,,,,,
REL_01642,SHL_SONGBEN_0337,clause,CR_ZHUJIE_0314,commentary,commentary_support,成無己《註解傷寒論》對本條有注（對齊相似度0.92）。,註解傷寒論:p1499,,,,,,,,,,,,
REL_01643,SHL_SONGBEN_0338,clause,CR_ZHUJIE_0315,commentary,commentary_support,成無己《註解傷寒論》對本條有注（對齊相似度0.61）。,註解傷寒論:p1502,,,,,,,,,,,,
REL_01644,SHL_SONGBEN_0339,clause,CR_ZHUJIE_0316,commentary,commentary_support,成無己《註解傷寒論》對本條有注（對齊相似度0.83）。,註解傷寒論:p1509,,,,,,,,,,,,
REL_01645,SHL_SONGBEN_0340,clause,CR_ZHUJIE_0317,commentary,commentary_support,成無己《註解傷寒論》對本條有注（對齊相似度1.00）。,註解傷寒論:p1511,,,,,,,,,,,,
REL_01646,SHL_SONGBEN_0341,clause,CR_ZHUJIE_0318,commentary,commentary_support,成無己《註解傷寒論》對本條有注（對齊相似度0.92）。,註解傷寒論:p1513,,,,,,,,,,,,
REL_01647,SHL_SONGBEN_0342,clause,CR_ZHUJIE_0319,commentary,commentary_support,成無己《註解傷寒論》對本條有注（對齊相似度1.00）。,註解傷寒論:p1516,,,,,,,,,,,,
REL_01648,SHL_SONGBEN_0343,clause,CR_ZHUJIE_0320,commentary,commentary_support,成無己《註解傷寒論》對本條有注（對齊相似度1.00）。,註解傷寒論:p1518,,,,,,,,,,,,
REL_01649,SHL_SONGBEN_0345,clause,CR_ZHUJIE_0321,commentary,commentary_support,成無己《註解傷寒論》對本條有注（對齊相似度1.00）。,註解傷寒論:p1522,,,,,,,,,,,,
REL_01650,SHL_SONGBEN_0346,clause,CR_ZHUJIE_0322,commentary,commentary_support,成無己《註解傷寒論》對本條有注（對齊相似度1.00）。,註解傷寒論:p1524,,,,,,,,,,,,
REL_01651,SHL_SONGBEN_0347,clause,CR_ZHUJIE_0323,commentary,commentary_support,成無己《註解傷寒論》對本條有注（對齊相似度0.94）。,註解傷寒論:p1526,,,,,,,,,,,,
REL_01652,SHL_SONGBEN_0348,clause,CR_ZHUJIE_0324,commentary,commentary_support,成無己《註解傷寒論》對本條有注（對齊相似度1.00）。,註解傷寒論:p1528,,,,,,,,,,,,
REL_01653,SHL_SONGBEN_0349,clause,CR_ZHUJIE_0325,commentary,commentary_support,成無己《註解傷寒論》對本條有注（對齊相似度0.86）。,註解傷寒論:p1530,,,,,,,,,,,,
REL_01654,SHL_SONGBEN_0350,clause,CR_ZHUJIE_0326,commentary,commentary_support,成無己《註解傷寒論》對本條有注（對齊相似度0.76）。,註解傷寒論:p1532,,,,,,,,,,,,
REL_01655,SHL_SONGBEN_0351,clause,CR_ZHUJIE_0327,commentary,commentary_support,成無己《註解傷寒論》對本條有注（對齊相似度1.00）。,註解傷寒論:p1534,,,,,,,,,,,,
REL_01656,SHL_SONGBEN_0352,clause,CR_ZHUJIE_0328,commentary,commentary_support,成無己《註解傷寒論》對本條有注（對齊相似度0.95）。,註解傷寒論:p1540,,,,,,,,,,,,
REL_01657,SHL_SONGBEN_0353,clause,CR_ZHUJIE_0329,commentary,commentary_support,成無己《註解傷寒論》對本條有注（對齊相似度1.00）。,註解傷寒論:p1542,,,,,,,,,,,,
REL_01658,SHL_SONGBEN_0354,clause,CR_ZHUJIE_0330,commentary,commentary_support,成無己《註解傷寒論》對本條有注（對齊相似度1.00）。,註解傷寒論:p1544,,,,,,,,,,,,
REL_01659,SHL_SONGBEN_0355,clause,CR_ZHUJIE_0331,commentary,commentary_support,成無己《註解傷寒論》對本條有注（對齊相似度0.88）。,註解傷寒論:p1546,,,,,,,,,,,,
REL_01660,SHL_SONGBEN_0356,clause,CR_ZHUJIE_0332,commentary,commentary_support,成無己《註解傷寒論》對本條有注（對齊相似度0.95）。,註解傷寒論:p1548,,,,,,,,,,,,
REL_01661,SHL_SONGBEN_0357,clause,CR_ZHUJIE_0333,commentary,commentary_support,成無己《註解傷寒論》對本條有注（對齊相似度0.84）。,註解傷寒論:p1550,,,,,,,,,,,,
REL_01662,SHL_SONGBEN_0359,clause,CR_ZHUJIE_0334,commentary,commentary_support,成無己《註解傷寒論》對本條有注（對齊相似度0.94）。,註解傷寒論:p1559,,,,,,,,,,,,
REL_01663,SHL_SONGBEN_0360,clause,CR_ZHUJIE_0335,commentary,commentary_support,成無己《註解傷寒論》對本條有注（對齊相似度1.00）。,註解傷寒論:p1564,,,,,,,,,,,,
REL_01664,SHL_SONGBEN_0361,clause,CR_ZHUJIE_0336,commentary,commentary_support,成無己《註解傷寒論》對本條有注（對齊相似度1.00）。,註解傷寒論:p1566,,,,,,,,,,,,
REL_01665,SHL_SONGBEN_0362,clause,CR_ZHUJIE_0337,commentary,commentary_support,成無己《註解傷寒論》對本條有注（對齊相似度0.82）。,註解傷寒論:p1568,,,,,,,,,,,,
REL_01666,SHL_SONGBEN_0363,clause,CR_ZHUJIE_0338,commentary,commentary_support,成無己《註解傷寒論》對本條有注（對齊相似度0.87）。,註解傷寒論:p1572,,,,,,,,,,,,
REL_01667,SHL_SONGBEN_0364,clause,CR_ZHUJIE_0339,commentary,commentary_support,成無己《註解傷寒論》對本條有注（對齊相似度1.00）。,註解傷寒論:p1575,,,,,,,,,,,,
REL_01668,SHL_SONGBEN_0365,clause,CR_ZHUJIE_0340,commentary,commentary_support,成無己《註解傷寒論》對本條有注（對齊相似度1.00）。,註解傷寒論:p1577,,,,,,,,,,,,
REL_01669,SHL_SONGBEN_0366,clause,CR_ZHUJIE_0341,commentary,commentary_support,成無己《註解傷寒論》對本條有注（對齊相似度0.95）。,註解傷寒論:p1579,,,,,,,,,,,,
REL_01670,SHL_SONGBEN_0368,clause,CR_ZHUJIE_0342,commentary,commentary_support,成無己《註解傷寒論》對本條有注（對齊相似度0.93）。,註解傷寒論:p1584,,,,,,,,,,,,
REL_01671,SHL_SONGBEN_0369,clause,CR_ZHUJIE_0343,commentary,commentary_support,成無己《註解傷寒論》對本條有注（對齊相似度0.83）。,註解傷寒論:p1586,,,,,,,,,,,,
REL_01672,SHL_SONGBEN_0370,clause,CR_ZHUJIE_0344,commentary,commentary_support,成無己《註解傷寒論》對本條有注（對齊相似度0.89）。,註解傷寒論:p1588,,,,,,,,,,,,
REL_01673,SHL_SONGBEN_0371,clause,CR_ZHUJIE_0345,commentary,commentary_support,成無己《註解傷寒論》對本條有注（對齊相似度1.00）。,註解傷寒論:p1590,,,,,,,,,,,,
REL_01674,SHL_SONGBEN_0372,clause,CR_ZHUJIE_0346,commentary,commentary_support,成無己《註解傷寒論》對本條有注（對齊相似度0.79）。,註解傷寒論:p1595,,,,,,,,,,,,
REL_01675,SHL_SONGBEN_0373,clause,CR_ZHUJIE_0347,commentary,commentary_support,成無己《註解傷寒論》對本條有注（對齊相似度1.00）。,註解傷寒論:p1597,,,,,,,,,,,,
REL_01676,SHL_SONGBEN_0374,clause,CR_ZHUJIE_0348,commentary,commentary_support,成無己《註解傷寒論》對本條有注（對齊相似度1.00）。,註解傷寒論:p1599,,,,,,,,,,,,
REL_01677,SHL_SONGBEN_0375,clause,CR_ZHUJIE_0349,commentary,commentary_support,成無己《註解傷寒論》對本條有注（對齊相似度1.00）。,註解傷寒論:p1601,,,,,,,,,,,,
REL_01678,SHL_SONGBEN_0376,clause,CR_ZHUJIE_0350,commentary,commentary_support,成無己《註解傷寒論》對本條有注（對齊相似度1.00）。,註解傷寒論:p1603,,,,,,,,,,,,
REL_01679,SHL_SONGBEN_0377,clause,CR_ZHUJIE_0351,commentary,commentary_support,成無己《註解傷寒論》對本條有注（對齊相似度1.00）。,註解傷寒論:p1605,,,,,,,,,,,,
REL_01680,SHL_SONGBEN_0378,clause,CR_ZHUJIE_0352,commentary,commentary_support,成無己《註解傷寒論》對本條有注（對齊相似度1.00）。,註解傷寒論:p1607,,,,,,,,,,,,
REL_01681,SHL_SONGBEN_0379,clause,CR_ZHUJIE_0353,commentary,commentary_support,成無己《註解傷寒論》對本條有注（對齊相似度1.00）。,註解傷寒論:p1609,,,,,,,,,,,,
REL_01682,SHL_SONGBEN_0380,clause,CR_ZHUJIE_0354,commentary,commentary_support,成無己《註解傷寒論》對本條有注（對齊相似度0.93）。,註解傷寒論:p1611,,,,,,,,,,,,
REL_01683,SHL_SONGBEN_0381,clause,CR_ZHUJIE_0355,commentary,commentary_support,成無己《註解傷寒論》對本條有注（對齊相似度0.89）。,註解傷寒論:p1613,,,,,,,,,,,,
REL_01684,SHL_SONGBEN_0382,clause,CR_ZHUJIE_0356,commentary,commentary_support,成無己《註解傷寒論》對本條有注（對齊相似度0.81）。,註解傷寒論:p1615,,,,,,,,,,,,
REL_01685,SHL_SONGBEN_0383,clause,CR_ZHUJIE_0357,commentary,commentary_support,成無己《註解傷寒論》對本條有注（對齊相似度0.81）。,註解傷寒論:p1617,,,,,,,,,,,,
REL_01686,SHL_SONGBEN_0385,clause,CR_ZHUJIE_0358,commentary,commentary_support,成無己《註解傷寒論》對本條有注（對齊相似度1.00）。,註解傷寒論:p1625,,,,,,,,,,,,
REL_01687,SHL_SONGBEN_0386,clause,CR_ZHUJIE_0359,commentary,commentary_support,成無己《註解傷寒論》對本條有注（對齊相似度1.00）。,註解傷寒論:p1627,,,,,,,,,,,,
REL_01688,SHL_SONGBEN_0387,clause,CR_ZHUJIE_0360,commentary,commentary_support,成無己《註解傷寒論》對本條有注（對齊相似度1.00）。,註解傷寒論:p1647,,,,,,,,,,,,
REL_01689,SHL_SONGBEN_0388,clause,CR_ZHUJIE_0361,commentary,commentary_support,成無己《註解傷寒論》對本條有注（對齊相似度1.00）。,註解傷寒論:p1649,,,,,,,,,,,,
REL_01690,SHL_SONGBEN_0389,clause,CR_ZHUJIE_0362,commentary,commentary_support,成無己《註解傷寒論》對本條有注（對齊相似度1.00）。,註解傷寒論:p1651,,,,,,,,,,,,
REL_01691,SHL_SONGBEN_0390,clause,CR_ZHUJIE_0363,commentary,commentary_support,成無己《註解傷寒論》對本條有注（對齊相似度1.00）。,註解傷寒論:p1653,,,,,,,,,,,,
REL_01692,SHL_SONGBEN_0391,clause,CR_ZHUJIE_0364,commentary,commentary_support,成無己《註解傷寒論》對本條有注（對齊相似度1.00）。,註解傷寒論:p1655,,,,,,,,,,,,
REL_01693,SHL_SONGBEN_0392,clause,CR_ZHUJIE_0365,commentary,commentary_support,成無己《註解傷寒論》對本條有注（對齊相似度0.92）。,註解傷寒論:p1657,,,,,,,,,,,,
REL_01694,SHL_SONGBEN_0394,clause,CR_ZHUJIE_0366,commentary,commentary_support,成無己《註解傷寒論》對本條有注（對齊相似度0.82）。,註解傷寒論:p1666,,,,,,,,,,,,
REL_01695,SHL_SONGBEN_0395,clause,CR_ZHUJIE_0367,commentary,commentary_support,成無己《註解傷寒論》對本條有注（對齊相似度0.78）。,註解傷寒論:p1668,,,,,,,,,,,,
REL_01696,SHL_SONGBEN_0396,clause,CR_ZHUJIE_0368,commentary,commentary_support,成無己《註解傷寒論》對本條有注（對齊相似度0.81）。,註解傷寒論:p1673,,,,,,,,,,,,
REL_01697,SHL_SONGBEN_0397,clause,CR_ZHUJIE_0369,commentary,commentary_support,成無己《註解傷寒論》對本條有注（對齊相似度0.92）。,註解傷寒論:p1675,,,,,,,,,,,,
REL_01698,SHL_SONGBEN_0398,clause,CR_ZHUJIE_0370,commentary,commentary_support,成無己《註解傷寒論》對本條有注（對齊相似度0.88）。,註解傷寒論:p1681,,,,,,,,,,,,
REL_01699,SHL_SONGBEN_0204,clause,CR_ZHUJIE_0189,commentary,commentary_support,成無己《註解傷寒論》對本條有注（對齊相似度0.91）。,註解傷寒論:p1773,,,,,,,,,,,,
REL_01700,SHL_SONGBEN_0044,clause,CR_ZHUJIE_0372,commentary,commentary_support,成無己《註解傷寒論》對本條有注（對齊相似度0.69）。,註解傷寒論:p1775,,,,,,,,,,,,
REL_01701,SHL_SONGBEN_0001,clause,CR_TIAOBIAN_0001,commentary,commentary_support,方有執《傷寒論條辨》對本條有注（對齊相似度1.00）。,傷寒論條辨:p40,,,,,,,,,,,,
REL_01702,SHL_SONGBEN_0002,clause,CR_TIAOBIAN_0002,commentary,commentary_support,方有執《傷寒論條辨》對本條有注（對齊相似度1.00）。,傷寒論條辨:p43,,,,,,,,,,,,
REL_01703,SHL_SONGBEN_0012,clause,CR_TIAOBIAN_0003,commentary,commentary_support,方有執《傷寒論條辨》對本條有注（對齊相似度0.93）。,傷寒論條辨:p51,,,,,,,,,,,,
REL_01704,SHL_SONGBEN_0019,clause,CR_TIAOBIAN_0004,commentary,commentary_support,方有執《傷寒論條辨》對本條有注（對齊相似度1.00）。,傷寒論條辨:p75,,,,,,,,,,,,
REL_01705,SHL_SONGBEN_0017,clause,CR_TIAOBIAN_0005,commentary,commentary_support,方有執《傷寒論條辨》對本條有注（對齊相似度0.90）。,傷寒論條辨:p78,,,,,,,,,,,,
REL_01706,SHL_SONGBEN_0007,clause,CR_TIAOBIAN_0006,commentary,commentary_support,方有執《傷寒論條辨》對本條有注（對齊相似度0.90）。,傷寒論條辨:p85,,,,,,,,,,,,
REL_01707,SHL_SONGBEN_0008,clause,CR_TIAOBIAN_0007,commentary,commentary_support,方有執《傷寒論條辨》對本條有注（對齊相似度0.91）。,傷寒論條辨:p89,,,,,,,,,,,,
REL_01708,SHL_SONGBEN_0009,clause,CR_TIAOBIAN_0008,commentary,commentary_support,方有執《傷寒論條辨》對本條有注（對齊相似度1.00）。,傷寒論條辨:p92,,,,,,,,,,,,
REL_01709,SHL_SONGBEN_0117,clause,CR_TIAOBIAN_0009,commentary,commentary_support,方有執《傷寒論條辨》對本條有注（對齊相似度0.99）。,傷寒論條辨:p98,,,,,,,,,,,,
REL_01710,SHL_SONGBEN_0013,clause,CR_TIAOBIAN_0010,commentary,commentary_support,方有執《傷寒論條辨》對本條有注（對齊相似度0.90）。,傷寒論條辨:p103,,,,,,,,,,,,
REL_01711,SHL_SONGBEN_0095,clause,CR_TIAOBIAN_0011,commentary,commentary_support,方有執《傷寒論條辨》對本條有注（對齊相似度0.96）。,傷寒論條辨:p107,,,,,,,,,,,,
REL_01712,SHL_SONGBEN_0024,clause,CR_TIAOBIAN_0012,commentary,commentary_support,方有執《傷寒論條辨》對本條有注（對齊相似度1.00）。,傷寒論條辨:p110,,,,,,,,,,,,
REL_01713,SHL_SONGBEN_0042,clause,CR_TIAOBIAN_0013,commentary,commentary_support,方有執《傷寒論條辨》對本條有注（對齊相似度1.00）。,傷寒論條辨:p114,,,,,,,,,,,,
REL_01714,SHL_SONGBEN_0044,clause,CR_TIAOBIAN_0014,commentary,commentary_support,方有執《傷寒論條辨》對本條有注（對齊相似度0.89）。,傷寒論條辨:p116,,,,,,,,,,,,
REL_01715,SHL_SONGBEN_0045,clause,CR_TIAOBIAN_0015,commentary,commentary_support,方有執《傷寒論條辨》對本條有注（對齊相似度0.94）。,傷寒論條辨:p121,,,,,,,,,,,,
REL_01716,SHL_SONGBEN_0010,clause,CR_TIAOBIAN_0016,commentary,commentary_support,方有執《傷寒論條辨》對本條有注（對齊相似度1.00）。,傷寒論條辨:p123,,,,,,,,,,,,
REL_01717,SHL_SONGBEN_0074,clause,CR_TIAOBIAN_0017,commentary,commentary_support,方有執《傷寒論條辨》對本條有注（對齊相似度0.94）。,傷寒論條辨:p125,,,,,,,,,,,,
REL_01718,SHL_SONGBEN_0106,clause,CR_TIAOBIAN_0018,commentary,commentary_support,方有執《傷寒論條辨》對本條有注（對齊相似度0.60）。,傷寒論條辨:p131,,,,,,,,,,,,
REL_01719,SHL_SONGBEN_0124,clause,CR_TIAOBIAN_0019,commentary,commentary_support,方有執《傷寒論條辨》對本條有注（對齊相似度0.93）。,傷寒論條辨:p137,,,,,,,,,,,,
REL_01720,SHL_SONGBEN_0125,clause,CR_TIAOBIAN_0020,commentary,commentary_support,方有執《傷寒論條辨》對本條有注（對齊相似度0.94）。,傷寒論條辨:p142,,,,,,,,,,,,
REL_01721,SHL_SONGBEN_0071,clause,CR_TIAOBIAN_0021,commentary,commentary_support,方有執《傷寒論條辨》對本條有注（對齊相似度0.89）。,傷寒論條辨:p144,,,,,,,,,,,,
REL_01722,SHL_SONGBEN_0082,clause,CR_TIAOBIAN_0022,commentary,commentary_support,方有執《傷寒論條辨》對本條有注（對齊相似度0.95）。,傷寒論條辨:p149,,,,,,,,,,,,
REL_01723,SHL_SONGBEN_0020,clause,CR_TIAOBIAN_0023,commentary,commentary_support,方有執《傷寒論條辨》對本條有注（對齊相似度1.00）。,傷寒論條辨:p157,,,,,,,,,,,,
REL_01724,SHL_SONGBEN_0175,clause,CR_TIAOBIAN_0024,commentary,commentary_support,方有執《傷寒論條辨》對本條有注（對齊相似度0.89）。,傷寒論條辨:p161,,,,,,,,,,,,
REL_01725,SHL_SONGBEN_0111,clause,CR_TIAOBIAN_0025,commentary,commentary_support,方有執《傷寒論條辨》對本條有注（對齊相似度0.76）。,傷寒論條辨:p169,,,,,,,,,,,,
REL_01726,SHL_SONGBEN_0114,clause,CR_TIAOBIAN_0026,commentary,commentary_support,方有執《傷寒論條辨》對本條有注（對齊相似度0.85）。,傷寒論條辨:p176,,,,,,,,,,,,
REL_01727,SHL_SONGBEN_0110,clause,CR_TIAOBIAN_0027,commentary,commentary_support,方有執《傷寒論條辨》對本條有注（對齊相似度0.74）。,傷寒論條辨:p180,,,,,,,,,,,,
REL_01728,SHL_SONGBEN_0120,clause,CR_TIAOBIAN_0028,commentary,commentary_support,方有執《傷寒論條辨》對本條有注（對齊相似度0.69）。,傷寒論條辨:p189,,,,,,,,,,,,
REL_01729,SHL_SONGBEN_0121,clause,CR_TIAOBIAN_0029,commentary,commentary_support,方有執《傷寒論條辨》對本條有注（對齊相似度1.00）。,傷寒論條辨:p192,,,,,,,,,,,,
REL_01730,SHL_SONGBEN_0127,clause,CR_TIAOBIAN_0030,commentary,commentary_support,方有執《傷寒論條辨》對本條有注（對齊相似度0.91）。,傷寒論條辨:p194,,,,,,,,,,,,
REL_01731,SHL_SONGBEN_0152,clause,CR_TIAOBIAN_0031,commentary,commentary_support,方有執《傷寒論條辨》對本條有注（對齊相似度0.85）。,傷寒論條辨:p196,,,,,,,,,,,,
REL_01732,SHL_SONGBEN_0163,clause,CR_TIAOBIAN_0032,commentary,commentary_support,方有執《傷寒論條辨》對本條有注（對齊相似度0.76）。,傷寒論條辨:p200,,,,,,,,,,,,
REL_01733,SHL_SONGBEN_0034,clause,CR_TIAOBIAN_0033,commentary,commentary_support,方有執《傷寒論條辨》對本條有注（對齊相似度0.94）。,傷寒論條辨:p206,,,,,,,,,,,,
REL_01734,SHL_SONGBEN_0015,clause,CR_TIAOBIAN_0034,commentary,commentary_support,方有執《傷寒論條辨》對本條有注（對齊相似度0.94）。,傷寒論條辨:p213,,,,,,,,,,,,
REL_01735,SHL_SONGBEN_0021,clause,CR_TIAOBIAN_0035,commentary,commentary_support,方有執《傷寒論條辨》對本條有注（對齊相似度0.75）。,傷寒論條辨:p216,,,,,,,,,,,,
REL_01736,SHL_SONGBEN_0018,clause,CR_TIAOBIAN_0036,commentary,commentary_support,方有執《傷寒論條辨》對本條有注（對齊相似度1.00）。,傷寒論條辨:p220,,,,,,,,,,,,
REL_01737,SHL_SONGBEN_0043,clause,CR_TIAOBIAN_0037,commentary,commentary_support,方有執《傷寒論條辨》對本條有注（對齊相似度0.91）。,傷寒論條辨:p222,,,,,,,,,,,,
REL_01738,SHL_SONGBEN_0153,clause,CR_TIAOBIAN_0038,commentary,commentary_support,方有執《傷寒論條辨》對本條有注（對齊相似度0.90）。,傷寒論條辨:p225,,,,,,,,,,,,
REL_01739,SHL_SONGBEN_0140,clause,CR_TIAOBIAN_0039,commentary,commentary_support,方有執《傷寒論條辨》對本條有注（對齊相似度0.95）。,傷寒論條辨:p230,,,,,,,,,,,,
REL_01740,SHL_SONGBEN_0134,clause,CR_TIAOBIAN_0040,commentary,commentary_support,方有執《傷寒論條辨》對本條有注（對齊相似度0.73）。,傷寒論條辨:p236,,,,,,,,,,,,
REL_01741,SHL_SONGBEN_0137,clause,CR_TIAOBIAN_0041,commentary,commentary_support,方有執《傷寒論條辨》對本條有注（對齊相似度0.96）。,傷寒論條辨:p245,,,,,,,,,,,,
REL_01742,SHL_SONGBEN_0131,clause,CR_TIAOBIAN_0042,commentary,commentary_support,方有執《傷寒論條辨》對本條有注（對齊相似度0.64）。,傷寒論條辨:p248,,,,,,,,,,,,
REL_01743,SHL_SONGBEN_0132,clause,CR_TIAOBIAN_0043,commentary,commentary_support,方有執《傷寒論條辨》對本條有注（對齊相似度1.00）。,傷寒論條辨:p260,,,,,,,,,,,,
REL_01744,SHL_SONGBEN_0133,clause,CR_TIAOBIAN_0044,commentary,commentary_support,方有執《傷寒論條辨》對本條有注（對齊相似度0.78）。,傷寒論條辨:p262,,,,,,,,,,,,
REL_01745,SHL_SONGBEN_0093,clause,CR_TIAOBIAN_0045,commentary,commentary_support,方有執《傷寒論條辨》對本條有注（對齊相似度0.70）。,傷寒論條辨:p264,,,,,,,,,,,,
REL_01746,SHL_SONGBEN_0059,clause,CR_TIAOBIAN_0046,commentary,commentary_support,方有執《傷寒論條辨》對本條有注（對齊相似度1.00）。,傷寒論條辨:p268,,,,,,,,,,,,
REL_01747,SHL_SONGBEN_0094,clause,CR_TIAOBIAN_0047,commentary,commentary_support,方有執《傷寒論條辨》對本條有注（對齊相似度0.94）。,傷寒論條辨:p271,,,,,,,,,,,,
REL_01748,SHL_SONGBEN_0016,clause,CR_TIAOBIAN_0048,commentary,commentary_support,方有執《傷寒論條辨》對本條有注（對齊相似度0.72）。,傷寒論條辨:p275,,,,,,,,,,,,
REL_01749,SHL_SONGBEN_0103,clause,CR_TIAOBIAN_0049,commentary,commentary_support,方有執《傷寒論條辨》對本條有注（對齊相似度0.90）。,傷寒論條辨:p277,,,,,,,,,,,,
REL_01750,SHL_SONGBEN_0123,clause,CR_TIAOBIAN_0050,commentary,commentary_support,方有執《傷寒論條辨》對本條有注（對齊相似度0.90）。,傷寒論條辨:p283,,,,,,,,,,,,
REL_01751,SHL_SONGBEN_0014,clause,CR_TIAOBIAN_0051,commentary,commentary_support,方有執《傷寒論條辨》對本條有注（對齊相似度0.90）。,傷寒論條辨:p285,,,,,,,,,,,,
REL_01752,SHL_SONGBEN_0033,clause,CR_TIAOBIAN_0052,commentary,commentary_support,方有執《傷寒論條辨》對本條有注（對齊相似度1.00）。,傷寒論條辨:p292,,,,,,,,,,,,
REL_01753,SHL_SONGBEN_0142,clause,CR_TIAOBIAN_0053,commentary,commentary_support,方有執《傷寒論條辨》對本條有注（對齊相似度0.90）。,傷寒論條辨:p298,,,,,,,,,,,,
REL_01754,SHL_SONGBEN_0171,clause,CR_TIAOBIAN_0054,commentary,commentary_support,方有執《傷寒論條辨》對本條有注（對齊相似度0.85）。,傷寒論條辨:p305,,,,,,,,,,,,
REL_01755,SHL_SONGBEN_0150,clause,CR_TIAOBIAN_0055,commentary,commentary_support,方有執《傷寒論條辨》對本條有注（對齊相似度0.85）。,傷寒論條辨:p308,,,,,,,,,,,,
REL_01756,SHL_SONGBEN_0096,clause,CR_TIAOBIAN_0056,commentary,commentary_support,方有執《傷寒論條辨》對本條有注（對齊相似度0.81）。,傷寒論條辨:p310,,,,,,,,,,,,
REL_01757,SHL_SONGBEN_0101,clause,CR_TIAOBIAN_0057,commentary,commentary_support,方有執《傷寒論條辨》對本條有注（對齊相似度0.75）。,傷寒論條辨:p321,,,,,,,,,,,,
REL_01758,SHL_SONGBEN_0143,clause,CR_TIAOBIAN_0058,commentary,commentary_support,方有執《傷寒論條辨》對本條有注（對齊相似度0.92）。,傷寒論條辨:p324,,,,,,,,,,,,
REL_01759,SHL_SONGBEN_0144,clause,CR_TIAOBIAN_0059,commentary,commentary_support,方有執《傷寒論條辨》對本條有注（對齊相似度1.00）。,傷寒論條辨:p326,,,,,,,,,,,,
REL_01760,SHL_SONGBEN_0003,clause,CR_TIAOBIAN_0060,commentary,commentary_support,方有執《傷寒論條辨》對本條有注（對齊相似度0.92）。,傷寒論條辨:p341,,,,,,,,,,,,
REL_01761,SHL_SONGBEN_0035,clause,CR_TIAOBIAN_0061,commentary,commentary_support,方有執《傷寒論條辨》對本條有注（對齊相似度1.00）。,傷寒論條辨:p343,,,,,,,,,,,,
REL_01762,SHL_SONGBEN_0004,clause,CR_TIAOBIAN_0062,commentary,commentary_support,方有執《傷寒論條辨》對本條有注（對齊相似度0.92）。,傷寒論條辨:p349,,,,,,,,,,,,
REL_01763,SHL_SONGBEN_0005,clause,CR_TIAOBIAN_0063,commentary,commentary_support,方有執《傷寒論條辨》對本條有注（對齊相似度1.00）。,傷寒論條辨:p351,,,,,,,,,,,,
REL_01764,SHL_SONGBEN_0051,clause,CR_TIAOBIAN_0064,commentary,commentary_support,方有執《傷寒論條辨》對本條有注（對齊相似度1.00）。,傷寒論條辨:p353,,,,,,,,,,,,
REL_01765,SHL_SONGBEN_0052,clause,CR_TIAOBIAN_0065,commentary,commentary_support,方有執《傷寒論條辨》對本條有注（對齊相似度1.00）。,傷寒論條辨:p356,,,,,,,,,,,,
REL_01766,SHL_SONGBEN_0049,clause,CR_TIAOBIAN_0066,commentary,commentary_support,方有執《傷寒論條辨》對本條有注（對齊相似度0.92）。,傷寒論條辨:p359,,,,,,,,,,,,
REL_01767,SHL_SONGBEN_0057,clause,CR_TIAOBIAN_0067,commentary,commentary_support,方有執《傷寒論條辨》對本條有注（對齊相似度0.88）。,傷寒論條辨:p362,,,,,,,,,,,,
REL_01768,SHL_SONGBEN_0072,clause,CR_TIAOBIAN_0068,commentary,commentary_support,方有執《傷寒論條辨》對本條有注（對齊相似度1.00）。,傷寒論條辨:p365,,,,,,,,,,,,
REL_01769,SHL_SONGBEN_0073,clause,CR_TIAOBIAN_0069,commentary,commentary_support,方有執《傷寒論條辨》對本條有注（對齊相似度1.00）。,傷寒論條辨:p368,,,,,,,,,,,,
REL_01770,SHL_SONGBEN_0068,clause,CR_TIAOBIAN_0070,commentary,commentary_support,方有執《傷寒論條辨》對本條有注（對齊相似度1.00）。,傷寒論條辨:p380,,,,,,,,,,,,
REL_01771,SHL_SONGBEN_0070,clause,CR_TIAOBIAN_0071,commentary,commentary_support,方有執《傷寒論條辨》對本條有注（對齊相似度1.00）。,傷寒論條辨:p386,,,,,,,,,,,,
REL_01772,SHL_SONGBEN_0062,clause,CR_TIAOBIAN_0072,commentary,commentary_support,方有執《傷寒論條辨》對本條有注（對齊相似度1.00）。,傷寒論條辨:p388,,,,,,,,,,,,
REL_01773,SHL_SONGBEN_0063,clause,CR_TIAOBIAN_0073,commentary,commentary_support,方有執《傷寒論條辨》對本條有注（對齊相似度0.97）。,傷寒論條辨:p394,,,,,,,,,,,,
REL_01774,SHL_SONGBEN_0064,clause,CR_TIAOBIAN_0074,commentary,commentary_support,方有執《傷寒論條辨》對本條有注（對齊相似度1.00）。,傷寒論條辨:p401,,,,,,,,,,,,
REL_01775,SHL_SONGBEN_0065,clause,CR_TIAOBIAN_0075,commentary,commentary_support,方有執《傷寒論條辨》對本條有注（對齊相似度1.00）。,傷寒論條辨:p405,,,,,,,,,,,,
REL_01776,SHL_SONGBEN_0066,clause,CR_TIAOBIAN_0076,commentary,commentary_support,方有執《傷寒論條辨》對本條有注（對齊相似度0.84）。,傷寒論條辨:p411,,,,,,,,,,,,
REL_01777,SHL_SONGBEN_0158,clause,CR_TIAOBIAN_0077,commentary,commentary_support,方有執《傷寒論條辨》對本條有注（對齊相似度0.89）。,傷寒論條辨:p415,,,,,,,,,,,,
REL_01778,SHL_SONGBEN_0159,clause,CR_TIAOBIAN_0078,commentary,commentary_support,方有執《傷寒論條辨》對本條有注（對齊相似度0.95）。,傷寒論條辨:p423,,,,,,,,,,,,
REL_01779,SHL_SONGBEN_0164,clause,CR_TIAOBIAN_0079,commentary,commentary_support,方有執《傷寒論條辨》對本條有注（對齊相似度1.00）。,傷寒論條辨:p428,,,,,,,,,,,,
REL_01780,SHL_SONGBEN_0091,clause,CR_TIAOBIAN_0080,commentary,commentary_support,方有執《傷寒論條辨》對本條有注（對齊相似度0.77）。,傷寒論條辨:p431,,,,,,,,,,,,
REL_01781,SHL_SONGBEN_0161,clause,CR_TIAOBIAN_0081,commentary,commentary_support,方有執《傷寒論條辨》對本條有注（對齊相似度0.86）。,傷寒論條辨:p434,,,,,,,,,,,,
REL_01782,SHL_SONGBEN_0107,clause,CR_TIAOBIAN_0082,commentary,commentary_support,方有執《傷寒論條辨》對本條有注（對齊相似度1.00）。,傷寒論條辨:p441,,,,,,,,,,,,
REL_01783,SHL_SONGBEN_0162,clause,CR_TIAOBIAN_0083,commentary,commentary_support,方有執《傷寒論條辨》對本條有注（對齊相似度0.97）。,傷寒論條辨:p450,,,,,,,,,,,,
REL_01784,SHL_SONGBEN_0079,clause,CR_TIAOBIAN_0084,commentary,commentary_support,方有執《傷寒論條辨》對本條有注（對齊相似度1.00）。,傷寒論條辨:p453,,,,,,,,,,,,
REL_01785,SHL_SONGBEN_0080,clause,CR_TIAOBIAN_0085,commentary,commentary_support,方有執《傷寒論條辨》對本條有注（對齊相似度1.00）。,傷寒論條辨:p457,,,,,,,,,,,,
REL_01786,SHL_SONGBEN_0078,clause,CR_TIAOBIAN_0086,commentary,commentary_support,方有執《傷寒論條辨》對本條有注（對齊相似度1.00）。,傷寒論條辨:p461,,,,,,,,,,,,
REL_01787,SHL_SONGBEN_0077,clause,CR_TIAOBIAN_0087,commentary,commentary_support,方有執《傷寒論條辨》對本條有注（對齊相似度1.00）。,傷寒論條辨:p466,,,,,,,,,,,,
REL_01788,SHL_SONGBEN_0081,clause,CR_TIAOBIAN_0088,commentary,commentary_support,方有執《傷寒論條辨》對本條有注（對齊相似度0.87）。,傷寒論條辨:p474,,,,,,,,,,,,
REL_01789,SHL_SONGBEN_0060,clause,CR_TIAOBIAN_0089,commentary,commentary_support,方有執《傷寒論條辨》對本條有注（對齊相似度1.00）。,傷寒論條辨:p477,,,,,,,,,,,,
REL_01790,SHL_SONGBEN_0061,clause,CR_TIAOBIAN_0090,commentary,commentary_support,方有執《傷寒論條辨》對本條有注（對齊相似度1.00）。,傷寒論條辨:p479,,,,,,,,,,,,
REL_01791,SHL_SONGBEN_0067,clause,CR_TIAOBIAN_0091,commentary,commentary_support,方有執《傷寒論條辨》對本條有注（對齊相似度0.95）。,傷寒論條辨:p484,,,,,,,,,,,,
REL_01792,SHL_SONGBEN_0160,clause,CR_TIAOBIAN_0092,commentary,commentary_support,方有執《傷寒論條辨》對本條有注（對齊相似度0.73）。,傷寒論條辨:p490,,,,,,,,,,,,
REL_01793,SHL_SONGBEN_0119,clause,CR_TIAOBIAN_0093,commentary,commentary_support,方有執《傷寒論條辨》對本條有注（對齊相似度1.00）。,傷寒論條辨:p494,,,,,,,,,,,,
REL_01794,SHL_SONGBEN_0102,clause,CR_TIAOBIAN_0094,commentary,commentary_support,方有執《傷寒論條辨》對本條有注（對齊相似度1.00）。,傷寒論條辨:p497,,,,,,,,,,,,
REL_01795,SHL_SONGBEN_0177,clause,CR_TIAOBIAN_0095,commentary,commentary_support,方有執《傷寒論條辨》對本條有注（對齊相似度1.00）。,傷寒論條辨:p501,,,,,,,,,,,,
REL_01796,SHL_SONGBEN_0178,clause,CR_TIAOBIAN_0096,commentary,commentary_support,方有執《傷寒論條辨》對本條有注（對齊相似度0.96）。,傷寒論條辨:p509,,,,,,,,,,,,
REL_01797,SHL_SONGBEN_0174,clause,CR_TIAOBIAN_0097,commentary,commentary_support,方有執《傷寒論條辨》對本條有注（對齊相似度0.67）。,傷寒論條辨:p511,,,,,,,,,,,,
REL_01798,SHL_SONGBEN_0031,clause,CR_TIAOBIAN_0098,commentary,commentary_support,方有執《傷寒論條辨》對本條有注（對齊相似度0.77）。,傷寒論條辨:p520,,,,,,,,,,,,
REL_01799,SHL_SONGBEN_0036,clause,CR_TIAOBIAN_0099,commentary,commentary_support,方有執《傷寒論條辨》對本條有注（對齊相似度0.86）。,傷寒論條辨:p529,,,,,,,,,,,,
REL_01800,SHL_SONGBEN_0032,clause,CR_TIAOBIAN_0100,commentary,commentary_support,方有執《傷寒論條辨》對本條有注（對齊相似度1.00）。,傷寒論條辨:p533,,,,,,,,,,,,
REL_01801,SHL_SONGBEN_0048,clause,CR_TIAOBIAN_0101,commentary,commentary_support,方有執《傷寒論條辨》對本條有注（對齊相似度0.66）。,傷寒論條辨:p537,,,,,,,,,,,,
REL_01802,SHL_SONGBEN_0135,clause,CR_TIAOBIAN_0102,commentary,commentary_support,方有執《傷寒論條辨》對本條有注（對齊相似度0.86）。,傷寒論條辨:p542,,,,,,,,,,,,
REL_01803,SHL_SONGBEN_0138,clause,CR_TIAOBIAN_0103,commentary,commentary_support,方有執《傷寒論條辨》對本條有注（對齊相似度1.00）。,傷寒論條辨:p544,,,,,,,,,,,,
REL_01804,SHL_SONGBEN_0136,clause,CR_TIAOBIAN_0104,commentary,commentary_support,方有執《傷寒論條辨》對本條有注（對齊相似度0.86）。,傷寒論條辨:p549,,,,,,,,,,,,
REL_01805,SHL_SONGBEN_0172,clause,CR_TIAOBIAN_0105,commentary,commentary_support,方有執《傷寒論條辨》對本條有注（對齊相似度1.00）。,傷寒論條辨:p551,,,,,,,,,,,,
REL_01806,SHL_SONGBEN_0146,clause,CR_TIAOBIAN_0106,commentary,commentary_support,方有執《傷寒論條辨》對本條有注（對齊相似度0.95）。,傷寒論條辨:p556,,,,,,,,,,,,
REL_01807,SHL_SONGBEN_0099,clause,CR_TIAOBIAN_0107,commentary,commentary_support,方有執《傷寒論條辨》對本條有注（對齊相似度0.92）。,傷寒論條辨:p561,,,,,,,,,,,,
REL_01808,SHL_SONGBEN_0100,clause,CR_TIAOBIAN_0108,commentary,commentary_support,方有執《傷寒論條辨》對本條有注（對齊相似度0.81）。,傷寒論條辨:p563,,,,,,,,,,,,
REL_01809,SHL_SONGBEN_0147,clause,CR_TIAOBIAN_0109,commentary,commentary_support,方有執《傷寒論條辨》對本條有注（對齊相似度0.96）。,傷寒論條辨:p565,,,,,,,,,,,,
REL_01810,SHL_SONGBEN_0037,clause,CR_TIAOBIAN_0110,commentary,commentary_support,方有執《傷寒論條辨》對本條有注（對齊相似度0.76）。,傷寒論條辨:p570,,,,,,,,,,,,
REL_01811,SHL_SONGBEN_0104,clause,CR_TIAOBIAN_0111,commentary,commentary_support,方有執《傷寒論條辨》對本條有注（對齊相似度0.81）。,傷寒論條辨:p572,,,,,,,,,,,,
REL_01812,SHL_SONGBEN_0149,clause,CR_TIAOBIAN_0112,commentary,commentary_support,方有執《傷寒論條辨》對本條有注（對齊相似度0.98）。,傷寒論條辨:p576,,,,,,,,,,,,
REL_01813,SHL_SONGBEN_0156,clause,CR_TIAOBIAN_0113,commentary,commentary_support,方有執《傷寒論條辨》對本條有注（對齊相似度1.00）。,傷寒論條辨:p582,,,,,,,,,,,,
REL_01814,SHL_SONGBEN_0145,clause,CR_TIAOBIAN_0114,commentary,commentary_support,方有執《傷寒論條辨》對本條有注（對齊相似度0.79）。,傷寒論條辨:p584,,,,,,,,,,,,
REL_01815,SHL_SONGBEN_0038,clause,CR_TIAOBIAN_0115,commentary,commentary_support,方有執《傷寒論條辨》對本條有注（對齊相似度0.87）。,傷寒論條辨:p596,,,,,,,,,,,,
REL_01816,SHL_SONGBEN_0039,clause,CR_TIAOBIAN_0116,commentary,commentary_support,方有執《傷寒論條辨》對本條有注（對齊相似度1.00）。,傷寒論條辨:p599,,,,,,,,,,,,
REL_01817,SHL_SONGBEN_0046,clause,CR_TIAOBIAN_0117,commentary,commentary_support,方有執《傷寒論條辨》對本條有注（對齊相似度0.65）。,傷寒論條辨:p613,,,,,,,,,,,,
REL_01818,SHL_SONGBEN_0047,clause,CR_TIAOBIAN_0118,commentary,commentary_support,方有執《傷寒論條辨》對本條有注（對齊相似度1.00）。,傷寒論條辨:p616,,,,,,,,,,,,
REL_01819,SHL_SONGBEN_0055,clause,CR_TIAOBIAN_0119,commentary,commentary_support,方有執《傷寒論條辨》對本條有注（對齊相似度1.00）。,傷寒論條辨:p618,,,,,,,,,,,,
REL_01820,SHL_SONGBEN_0050,clause,CR_TIAOBIAN_0120,commentary,commentary_support,方有執《傷寒論條辨》對本條有注（對齊相似度0.96）。,傷寒論條辨:p621,,,,,,,,,,,,
REL_01821,SHL_SONGBEN_0023,clause,CR_TIAOBIAN_0121,commentary,commentary_support,方有執《傷寒論條辨》對本條有注（對齊相似度1.00）。,傷寒論條辨:p624,,,,,,,,,,,,
REL_01822,SHL_SONGBEN_0027,clause,CR_TIAOBIAN_0122,commentary,commentary_support,方有執《傷寒論條辨》對本條有注（對齊相似度0.93）。,傷寒論條辨:p628,,,,,,,,,,,,
REL_01823,SHL_SONGBEN_0025,clause,CR_TIAOBIAN_0123,commentary,commentary_support,方有執《傷寒論條辨》對本條有注（對齊相似度0.90）。,傷寒論條辨:p635,,,,,,,,,,,,
REL_01824,SHL_SONGBEN_0026,clause,CR_TIAOBIAN_0124,commentary,commentary_support,方有執《傷寒論條辨》對本條有注（對齊相似度1.00）。,傷寒論條辨:p642,,,,,,,,,,,,
REL_01825,SHL_SONGBEN_0028,clause,CR_TIAOBIAN_0125,commentary,commentary_support,方有執《傷寒論條辨》對本條有注（對齊相似度0.97）。,傷寒論條辨:p644,,,,,,,,,,,,
REL_01826,SHL_SONGBEN_0056,clause,CR_TIAOBIAN_0126,commentary,commentary_support,方有執《傷寒論條辨》對本條有注（對齊相似度0.95）。,傷寒論條辨:p648,,,,,,,,,,,,
REL_01827,SHL_SONGBEN_0176,clause,CR_TIAOBIAN_0127,commentary,commentary_support,方有執《傷寒論條辨》對本條有注（對齊相似度0.79）。,傷寒論條辨:p651,,,,,,,,,,,,
REL_01828,SHL_SONGBEN_0170,clause,CR_TIAOBIAN_0128,commentary,commentary_support,方有執《傷寒論條辨》對本條有注（對齊相似度0.95）。,傷寒論條辨:p657,,,,,,,,,,,,
REL_01829,SHL_SONGBEN_0169,clause,CR_TIAOBIAN_0129,commentary,commentary_support,方有執《傷寒論條辨》對本條有注（對齊相似度1.00）。,傷寒論條辨:p661,,,,,,,,,,,,
REL_01830,SHL_SONGBEN_0112,clause,CR_TIAOBIAN_0130,commentary,commentary_support,方有執《傷寒論條辨》對本條有注（對齊相似度0.83）。,傷寒論條辨:p663,,,,,,,,,,,,
REL_01831,SHL_SONGBEN_0029,clause,CR_TIAOBIAN_0131,commentary,commentary_support,方有執《傷寒論條辨》對本條有注（對齊相似度0.78）。,傷寒論條辨:p676,,,,,,,,,,,,
REL_01832,SHL_SONGBEN_0108,clause,CR_TIAOBIAN_0132,commentary,commentary_support,方有執《傷寒論條辨》對本條有注（對齊相似度1.00）。,傷寒論條辨:p696,,,,,,,,,,,,
REL_01833,SHL_SONGBEN_0109,clause,CR_TIAOBIAN_0133,commentary,commentary_support,方有執《傷寒論條辨》對本條有注（對齊相似度1.00）。,傷寒論條辨:p698,,,,,,,,,,,,
REL_01834,SHL_SONGBEN_0151,clause,CR_TIAOBIAN_0134,commentary,commentary_support,方有執《傷寒論條辨》對本條有注（對齊相似度0.91）。,傷寒論條辨:p702,,,,,,,,,,,,
REL_01835,SHL_SONGBEN_0154,clause,CR_TIAOBIAN_0135,commentary,commentary_support,方有執《傷寒論條辨》對本條有注（對齊相似度1.00）。,傷寒論條辨:p704,,,,,,,,,,,,
REL_01836,SHL_SONGBEN_0155,clause,CR_TIAOBIAN_0136,commentary,commentary_support,方有執《傷寒論條辨》對本條有注（對齊相似度1.00）。,傷寒論條辨:p709,,,,,,,,,,,,
REL_01837,SHL_SONGBEN_0167,clause,CR_TIAOBIAN_0137,commentary,commentary_support,方有執《傷寒論條辨》對本條有注（對齊相似度0.82）。,傷寒論條辨:p713,,,,,,,,,,,,
REL_01838,SHL_SONGBEN_0130,clause,CR_TIAOBIAN_0138,commentary,commentary_support,方有執《傷寒論條辨》對本條有注（對齊相似度0.86）。,傷寒論條辨:p715,,,,,,,,,,,,
REL_01839,SHL_SONGBEN_0129,clause,CR_TIAOBIAN_0139,commentary,commentary_support,方有執《傷寒論條辨》對本條有注（對齊相似度0.68）。,傷寒論條辨:p718,,,,,,,,,,,,
REL_01840,SHL_SONGBEN_0040,clause,CR_TIAOBIAN_0140,commentary,commentary_support,方有執《傷寒論條辨》對本條有注（對齊相似度0.95）。,傷寒論條辨:p720,,,,,,,,,,,,
REL_01841,SHL_SONGBEN_0041,clause,CR_TIAOBIAN_0141,commentary,commentary_support,方有執《傷寒論條辨》對本條有注（對齊相似度0.94）。,傷寒論條辨:p735,,,,,,,,,,,,
REL_01842,SHL_SONGBEN_0165,clause,CR_TIAOBIAN_0142,commentary,commentary_support,方有執《傷寒論條辨》對本條有注（對齊相似度0.83）。,傷寒論條辨:p741,,,,,,,,,,,,
REL_01843,SHL_SONGBEN_0069,clause,CR_TIAOBIAN_0143,commentary,commentary_support,方有執《傷寒論條辨》對本條有注（對齊相似度0.89）。,傷寒論條辨:p743,,,,,,,,,,,,
REL_01844,SHL_SONGBEN_0168,clause,CR_TIAOBIAN_0144,commentary,commentary_support,方有執《傷寒論條辨》對本條有注（對齊相似度0.84）。,傷寒論條辨:p748,,,,,,,,,,,,
REL_01845,SHL_SONGBEN_0148,clause,CR_TIAOBIAN_0145,commentary,commentary_support,方有執《傷寒論條辨》對本條有注（對齊相似度0.65）。,傷寒論條辨:p751,,,,,,,,,,,,
REL_01846,SHL_SONGBEN_0173,clause,CR_TIAOBIAN_0146,commentary,commentary_support,方有執《傷寒論條辨》對本條有注（對齊相似度1.00）。,傷寒論條辨:p756,,,,,,,,,,,,
REL_01847,SHL_SONGBEN_0126,clause,CR_TIAOBIAN_0147,commentary,commentary_support,方有執《傷寒論條辨》對本條有注（對齊相似度0.93）。,傷寒論條辨:p760,,,,,,,,,,,,
REL_01848,SHL_SONGBEN_0098,clause,CR_TIAOBIAN_0148,commentary,commentary_support,方有執《傷寒論條辨》對本條有注（對齊相似度0.90）。,傷寒論條辨:p764,,,,,,,,,,,,
REL_01849,SHL_SONGBEN_0105,clause,CR_TIAOBIAN_0149,commentary,commentary_support,方有執《傷寒論條辨》對本條有注（對齊相似度0.94）。,傷寒論條辨:p767,,,,,,,,,,,,
REL_01850,SHL_SONGBEN_0180,clause,CR_TIAOBIAN_0150,commentary,commentary_support,方有執《傷寒論條辨》對本條有注（對齊相似度0.82）。,傷寒論條辨:p773,,,,,,,,,,,,
REL_01851,SHL_SONGBEN_0179,clause,CR_TIAOBIAN_0151,commentary,commentary_support,方有執《傷寒論條辨》對本條有注（對齊相似度0.69）。,傷寒論條辨:p776,,,,,,,,,,,,
REL_01852,SHL_SONGBEN_0179,clause,CR_TIAOBIAN_0151,commentary,commentary_support,方有執《傷寒論條辨》對本條有注（對齊相似度0.62）。,傷寒論條辨:p781,,,,,,,,,,,,
REL_01853,SHL_SONGBEN_0182,clause,CR_TIAOBIAN_0153,commentary,commentary_support,方有執《傷寒論條辨》對本條有注（對齊相似度1.00）。,傷寒論條辨:p783,,,,,,,,,,,,
REL_01854,SHL_SONGBEN_0183,clause,CR_TIAOBIAN_0154,commentary,commentary_support,方有執《傷寒論條辨》對本條有注（對齊相似度1.00）。,傷寒論條辨:p789,,,,,,,,,,,,
REL_01855,SHL_SONGBEN_0184,clause,CR_TIAOBIAN_0155,commentary,commentary_support,方有執《傷寒論條辨》對本條有注（對齊相似度0.96）。,傷寒論條辨:p791,,,,,,,,,,,,
REL_01856,SHL_SONGBEN_0185,clause,CR_TIAOBIAN_0156,commentary,commentary_support,方有執《傷寒論條辨》對本條有注（對齊相似度0.66）。,傷寒論條辨:p794,,,,,,,,,,,,
REL_01857,SHL_SONGBEN_0188,clause,CR_TIAOBIAN_0157,commentary,commentary_support,方有執《傷寒論條辨》對本條有注（對齊相似度0.74）。,傷寒論條辨:p796,,,,,,,,,,,,
REL_01858,SHL_SONGBEN_0185,clause,CR_TIAOBIAN_0156,commentary,commentary_support,方有執《傷寒論條辨》對本條有注（對齊相似度0.67）。,傷寒論條辨:p798,,,,,,,,,,,,
REL_01859,SHL_SONGBEN_0186,clause,CR_TIAOBIAN_0159,commentary,commentary_support,方有執《傷寒論條辨》對本條有注（對齊相似度1.00）。,傷寒論條辨:p800,,,,,,,,,,,,
REL_01860,SHL_SONGBEN_0193,clause,CR_TIAOBIAN_0160,commentary,commentary_support,方有執《傷寒論條辨》對本條有注（對齊相似度1.00）。,傷寒論條辨:p802,,,,,,,,,,,,
REL_01861,SHL_SONGBEN_0235,clause,CR_TIAOBIAN_0161,commentary,commentary_support,方有執《傷寒論條辨》對本條有注（對齊相似度1.00）。,傷寒論條辨:p807,,,,,,,,,,,,
REL_01862,SHL_SONGBEN_0190,clause,CR_TIAOBIAN_0162,commentary,commentary_support,方有執《傷寒論條辨》對本條有注（對齊相似度0.87）。,傷寒論條辨:p809,,,,,,,,,,,,
REL_01863,SHL_SONGBEN_0245,clause,CR_TIAOBIAN_0163,commentary,commentary_support,方有執《傷寒論條辨》對本條有注（對齊相似度0.68）。,傷寒論條辨:p815,,,,,,,,,,,,
REL_01864,SHL_SONGBEN_0248,clause,CR_TIAOBIAN_0164,commentary,commentary_support,方有執《傷寒論條辨》對本條有注（對齊相似度1.00）。,傷寒論條辨:p817,,,,,,,,,,,,
REL_01865,SHL_SONGBEN_0203,clause,CR_TIAOBIAN_0165,commentary,commentary_support,方有執《傷寒論條辨》對本條有注（對齊相似度0.91）。,傷寒論條辨:p820,,,,,,,,,,,,
REL_01866,SHL_SONGBEN_0233,clause,CR_TIAOBIAN_0166,commentary,commentary_support,方有執《傷寒論條辨》對本條有注（對齊相似度0.93）。,傷寒論條辨:p824,,,,,,,,,,,,
REL_01867,SHL_SONGBEN_0208,clause,CR_TIAOBIAN_0167,commentary,commentary_support,方有執《傷寒論條辨》對本條有注（對齊相似度0.72）。,傷寒論條辨:p830,,,,,,,,,,,,
REL_01868,SHL_SONGBEN_0209,clause,CR_TIAOBIAN_0168,commentary,commentary_support,方有執《傷寒論條辨》對本條有注（對齊相似度0.88）。,傷寒論條辨:p841,,,,,,,,,,,,
REL_01869,SHL_SONGBEN_0238,clause,CR_TIAOBIAN_0169,commentary,commentary_support,方有執《傷寒論條辨》對本條有注（對齊相似度0.90）。,傷寒論條辨:p843,,,,,,,,,,,,
REL_01870,SHL_SONGBEN_0214,clause,CR_TIAOBIAN_0170,commentary,commentary_support,方有執《傷寒論條辨》對本條有注（對齊相似度0.86）。,傷寒論條辨:p846,,,,,,,,,,,,
REL_01871,SHL_SONGBEN_0210,clause,CR_TIAOBIAN_0171,commentary,commentary_support,方有執《傷寒論條辨》對本條有注（對齊相似度0.65）。,傷寒論條辨:p851,,,,,,,,,,,,
REL_01872,SHL_SONGBEN_0211,clause,CR_TIAOBIAN_0172,commentary,commentary_support,方有執《傷寒論條辨》對本條有注（對齊相似度1.00）。,傷寒論條辨:p854,,,,,,,,,,,,
REL_01873,SHL_SONGBEN_0253,clause,CR_TIAOBIAN_0173,commentary,commentary_support,方有執《傷寒論條辨》對本條有注（對齊相似度1.00）。,傷寒論條辨:p856,,,,,,,,,,,,
REL_01874,SHL_SONGBEN_0254,clause,CR_TIAOBIAN_0174,commentary,commentary_support,方有執《傷寒論條辨》對本條有注（對齊相似度1.00）。,傷寒論條辨:p858,,,,,,,,,,,,
REL_01875,SHL_SONGBEN_0255,clause,CR_TIAOBIAN_0175,commentary,commentary_support,方有執《傷寒論條辨》對本條有注（對齊相似度1.00）。,傷寒論條辨:p860,,,,,,,,,,,,
REL_01876,SHL_SONGBEN_0249,clause,CR_TIAOBIAN_0176,commentary,commentary_support,方有執《傷寒論條辨》對本條有注（對齊相似度1.00）。,傷寒論條辨:p862,,,,,,,,,,,,
REL_01877,SHL_SONGBEN_0250,clause,CR_TIAOBIAN_0177,commentary,commentary_support,方有執《傷寒論條辨》對本條有注（對齊相似度0.87）。,傷寒論條辨:p864,,,,,,,,,,,,
REL_01878,SHL_SONGBEN_0213,clause,CR_TIAOBIAN_0178,commentary,commentary_support,方有執《傷寒論條辨》對本條有注（對齊相似度0.76）。,傷寒論條辨:p866,,,,,,,,,,,,
REL_01879,SHL_SONGBEN_0212,clause,CR_TIAOBIAN_0179,commentary,commentary_support,方有執《傷寒論條辨》對本條有注（對齊相似度0.81）。,傷寒論條辨:p869,,,,,,,,,,,,
REL_01880,SHL_SONGBEN_0217,clause,CR_TIAOBIAN_0180,commentary,commentary_support,方有執《傷寒論條辨》對本條有注（對齊相似度0.70）。,傷寒論條辨:p872,,,,,,,,,,,,
REL_01881,SHL_SONGBEN_0251,clause,CR_TIAOBIAN_0181,commentary,commentary_support,方有執《傷寒論條辨》對本條有注（對齊相似度0.88）。,傷寒論條辨:p876,,,,,,,,,,,,
REL_01882,SHL_SONGBEN_0205,clause,CR_TIAOBIAN_0182,commentary,commentary_support,方有執《傷寒論條辨》對本條有注（對齊相似度0.90）。,傷寒論條辨:p879,,,,,,,,,,,,
REL_01883,SHL_SONGBEN_0207,clause,CR_TIAOBIAN_0183,commentary,commentary_support,方有執《傷寒論條辨》對本條有注（對齊相似度1.00）。,傷寒論條辨:p882,,,,,,,,,,,,
REL_01884,SHL_SONGBEN_0252,clause,CR_TIAOBIAN_0184,commentary,commentary_support,方有執《傷寒論條辨》對本條有注（對齊相似度0.81）。,傷寒論條辨:p884,,,,,,,,,,,,
REL_01885,SHL_SONGBEN_0204,clause,CR_TIAOBIAN_0185,commentary,commentary_support,方有執《傷寒論條辨》對本條有注（對齊相似度1.00）。,傷寒論條辨:p887,,,,,,,,,,,,
REL_01886,SHL_SONGBEN_0243,clause,CR_TIAOBIAN_0186,commentary,commentary_support,方有執《傷寒論條辨》對本條有注（對齊相似度0.95）。,傷寒論條辨:p889,,,,,,,,,,,,
REL_01887,SHL_SONGBEN_0215,clause,CR_TIAOBIAN_0187,commentary,commentary_support,方有執《傷寒論條辨》對本條有注（對齊相似度0.82）。,傷寒論條辨:p893,,,,,,,,,,,,
REL_01888,SHL_SONGBEN_0187,clause,CR_TIAOBIAN_0188,commentary,commentary_support,方有執《傷寒論條辨》對本條有注（對齊相似度0.91）。,傷寒論條辨:p896,,,,,,,,,,,,
REL_01889,SHL_SONGBEN_0189,clause,CR_TIAOBIAN_0189,commentary,commentary_support,方有執《傷寒論條辨》對本條有注（對齊相似度1.00）。,傷寒論條辨:p898,,,,,,,,,,,,
REL_01890,SHL_SONGBEN_0222,clause,CR_TIAOBIAN_0190,commentary,commentary_support,方有執《傷寒論條辨》對本條有注（對齊相似度1.00）。,傷寒論條辨:p905,,,,,,,,,,,,
REL_01891,SHL_SONGBEN_0223,clause,CR_TIAOBIAN_0191,commentary,commentary_support,方有執《傷寒論條辨》對本條有注（對齊相似度1.00）。,傷寒論條辨:p907,,,,,,,,,,,,
REL_01892,SHL_SONGBEN_0224,clause,CR_TIAOBIAN_0192,commentary,commentary_support,方有執《傷寒論條辨》對本條有注（對齊相似度1.00）。,傷寒論條辨:p911,,,,,,,,,,,,
REL_01893,SHL_SONGBEN_0201,clause,CR_TIAOBIAN_0193,commentary,commentary_support,方有執《傷寒論條辨》對本條有注（對齊相似度1.00）。,傷寒論條辨:p913,,,,,,,,,,,,
REL_01894,SHL_SONGBEN_0244,clause,CR_TIAOBIAN_0194,commentary,commentary_support,方有執《傷寒論條辨》對本條有注（對齊相似度0.77）。,傷寒論條辨:p915,,,,,,,,,,,,
REL_01895,SHL_SONGBEN_0195,clause,CR_TIAOBIAN_0195,commentary,commentary_support,方有執《傷寒論條辨》對本條有注（對齊相似度1.00）。,傷寒論條辨:p923,,,,,,,,,,,,
REL_01896,SHL_SONGBEN_0191,clause,CR_TIAOBIAN_0196,commentary,commentary_support,方有執《傷寒論條辨》對本條有注（對齊相似度0.89）。,傷寒論條辨:p925,,,,,,,,,,,,
REL_01897,SHL_SONGBEN_0192,clause,CR_TIAOBIAN_0197,commentary,commentary_support,方有執《傷寒論條辨》對本條有注（對齊相似度0.69）。,傷寒論條辨:p927,,,,,,,,,,,,
REL_01898,SHL_SONGBEN_0194,clause,CR_TIAOBIAN_0198,commentary,commentary_support,方有執《傷寒論條辨》對本條有注（對齊相似度0.94）。,傷寒論條辨:p930,,,,,,,,,,,,
REL_01899,SHL_SONGBEN_0218,clause,CR_TIAOBIAN_0199,commentary,commentary_support,方有執《傷寒論條辨》對本條有注（對齊相似度0.88）。,傷寒論條辨:p932,,,,,,,,,,,,
REL_01900,SHL_SONGBEN_0225,clause,CR_TIAOBIAN_0200,commentary,commentary_support,方有執《傷寒論條辨》對本條有注（對齊相似度0.64）。,傷寒論條辨:p934,,,,,,,,,,,,
REL_01901,SHL_SONGBEN_0198,clause,CR_TIAOBIAN_0201,commentary,commentary_support,方有執《傷寒論條辨》對本條有注（對齊相似度0.72）。,傷寒論條辨:p936,,,,,,,,,,,,
REL_01902,SHL_SONGBEN_0196,clause,CR_TIAOBIAN_0202,commentary,commentary_support,方有執《傷寒論條辨》對本條有注（對齊相似度1.00）。,傷寒論條辨:p938,,,,,,,,,,,,
REL_01903,SHL_SONGBEN_0197,clause,CR_TIAOBIAN_0203,commentary,commentary_support,方有執《傷寒論條辨》對本條有注（對齊相似度0.77）。,傷寒論條辨:p940,,,,,,,,,,,,
REL_01904,SHL_SONGBEN_0228,clause,CR_TIAOBIAN_0204,commentary,commentary_support,方有執《傷寒論條辨》對本條有注（對齊相似度0.85）。,傷寒論條辨:p943,,,,,,,,,,,,
REL_01905,SHL_SONGBEN_0202,clause,CR_TIAOBIAN_0205,commentary,commentary_support,方有執《傷寒論條辨》對本條有注（對齊相似度0.83）。,傷寒論條辨:p947,,,,,,,,,,,,
REL_01906,SHL_SONGBEN_0227,clause,CR_TIAOBIAN_0206,commentary,commentary_support,方有執《傷寒論條辨》對本條有注（對齊相似度1.00）。,傷寒論條辨:p949,,,,,,,,,,,,
REL_01907,SHL_SONGBEN_0246,clause,CR_TIAOBIAN_0207,commentary,commentary_support,方有執《傷寒論條辨》對本條有注（對齊相似度1.00）。,傷寒論條辨:p951,,,,,,,,,,,,
REL_01908,SHL_SONGBEN_0247,clause,CR_TIAOBIAN_0208,commentary,commentary_support,方有執《傷寒論條辨》對本條有注（對齊相似度0.68）。,傷寒論條辨:p953,,,,,,,,,,,,
REL_01909,SHL_SONGBEN_0236,clause,CR_TIAOBIAN_0209,commentary,commentary_support,方有執《傷寒論條辨》對本條有注（對齊相似度0.90）。,傷寒論條辨:p958,,,,,,,,,,,,
REL_01910,SHL_SONGBEN_0206,clause,CR_TIAOBIAN_0210,commentary,commentary_support,方有執《傷寒論條辨》對本條有注（對齊相似度0.78）。,傷寒論條辨:p963,,,,,,,,,,,,
REL_01911,SHL_SONGBEN_0199,clause,CR_TIAOBIAN_0211,commentary,commentary_support,方有執《傷寒論條辨》對本條有注（對齊相似度0.91）。,傷寒論條辨:p965,,,,,,,,,,,,
REL_01912,SHL_SONGBEN_0200,clause,CR_TIAOBIAN_0212,commentary,commentary_support,方有執《傷寒論條辨》對本條有注（對齊相似度0.91）。,傷寒論條辨:p967,,,,,,,,,,,,
REL_01913,SHL_SONGBEN_0216,clause,CR_TIAOBIAN_0213,commentary,commentary_support,方有執《傷寒論條辨》對本條有注（對齊相似度0.92）。,傷寒論條辨:p969,,,,,,,,,,,,
REL_01914,SHL_SONGBEN_0237,clause,CR_TIAOBIAN_0214,commentary,commentary_support,方有執《傷寒論條辨》對本條有注（對齊相似度0.65）。,傷寒論條辨:p974,,,,,,,,,,,,
REL_01915,SHL_SONGBEN_0258,clause,CR_TIAOBIAN_0215,commentary,commentary_support,方有執《傷寒論條辨》對本條有注（對齊相似度0.90）。,傷寒論條辨:p981,,,,,,,,,,,,
REL_01916,SHL_SONGBEN_0229,clause,CR_TIAOBIAN_0216,commentary,commentary_support,方有執《傷寒論條辨》對本條有注（對齊相似度0.81）。,傷寒論條辨:p983,,,,,,,,,,,,
REL_01917,SHL_SONGBEN_0230,clause,CR_TIAOBIAN_0217,commentary,commentary_support,方有執《傷寒論條辨》對本條有注（對齊相似度0.73）。,傷寒論條辨:p986,,,,,,,,,,,,
REL_01918,SHL_SONGBEN_0220,clause,CR_TIAOBIAN_0218,commentary,commentary_support,方有執《傷寒論條辨》對本條有注（對齊相似度0.88）。,傷寒論條辨:p988,,,,,,,,,,,,
REL_01919,SHL_SONGBEN_0259,clause,CR_TIAOBIAN_0219,commentary,commentary_support,方有執《傷寒論條辨》對本條有注（對齊相似度0.94）。,傷寒論條辨:p1001,,,,,,,,,,,,
REL_01920,SHL_SONGBEN_0260,clause,CR_TIAOBIAN_0220,commentary,commentary_support,方有執《傷寒論條辨》對本條有注（對齊相似度1.00）。,傷寒論條辨:p1008,,,,,,,,,,,,
REL_01921,SHL_SONGBEN_0261,clause,CR_TIAOBIAN_0221,commentary,commentary_support,方有執《傷寒論條辨》對本條有注（對齊相似度0.88）。,傷寒論條辨:p1010,,,,,,,,,,,,
REL_01922,SHL_SONGBEN_0263,clause,CR_TIAOBIAN_0222,commentary,commentary_support,方有執《傷寒論條辨》對本條有注（對齊相似度0.86）。,傷寒論條辨:p1015,,,,,,,,,,,,
REL_01923,SHL_SONGBEN_0264,clause,CR_TIAOBIAN_0223,commentary,commentary_support,方有執《傷寒論條辨》對本條有注（對齊相似度1.00）。,傷寒論條辨:p1017,,,,,,,,,,,,
REL_01924,SHL_SONGBEN_0265,clause,CR_TIAOBIAN_0224,commentary,commentary_support,方有執《傷寒論條辨》對本條有注（對齊相似度0.90）。,傷寒論條辨:p1020,,,,,,,,,,,,
REL_01925,SHL_SONGBEN_0266,clause,CR_TIAOBIAN_0225,commentary,commentary_support,方有執《傷寒論條辨》對本條有注（對齊相似度0.89）。,傷寒論條辨:p1023,,,,,,,,,,,,
REL_01926,SHL_SONGBEN_0267,clause,CR_TIAOBIAN_0226,commentary,commentary_support,方有執《傷寒論條辨》對本條有注（對齊相似度0.94）。,傷寒論條辨:p1026,,,,,,,,,,,,
REL_01927,SHL_SONGBEN_0268,clause,CR_TIAOBIAN_0227,commentary,commentary_support,方有執《傷寒論條辨》對本條有注（對齊相似度1.00）。,傷寒論條辨:p1028,,,,,,,,,,,,
REL_01928,SHL_SONGBEN_0270,clause,CR_TIAOBIAN_0228,commentary,commentary_support,方有執《傷寒論條辨》對本條有注（對齊相似度0.94）。,傷寒論條辨:p1030,,,,,,,,,,,,
REL_01929,SHL_SONGBEN_0271,clause,CR_TIAOBIAN_0229,commentary,commentary_support,方有執《傷寒論條辨》對本條有注（對齊相似度1.00）。,傷寒論條辨:p1032,,,,,,,,,,,,
REL_01930,SHL_SONGBEN_0272,clause,CR_TIAOBIAN_0230,commentary,commentary_support,方有執《傷寒論條辨》對本條有注（對齊相似度1.00）。,傷寒論條辨:p1034,,,,,,,,,,,,
REL_01931,SHL_SONGBEN_0269,clause,CR_TIAOBIAN_0231,commentary,commentary_support,方有執《傷寒論條辨》對本條有注（對齊相似度0.70）。,傷寒論條辨:p1036,,,,,,,,,,,,
REL_01932,SHL_SONGBEN_0273,clause,CR_TIAOBIAN_0232,commentary,commentary_support,方有執《傷寒論條辨》對本條有注（對齊相似度0.96）。,傷寒論條辨:p1039,,,,,,,,,,,,
REL_01933,SHL_SONGBEN_0274,clause,CR_TIAOBIAN_0233,commentary,commentary_support,方有執《傷寒論條辨》對本條有注（對齊相似度0.80）。,傷寒論條辨:p1043,,,,,,,,,,,,
REL_01934,SHL_SONGBEN_0276,clause,CR_TIAOBIAN_0234,commentary,commentary_support,方有執《傷寒論條辨》對本條有注（對齊相似度1.00）。,傷寒論條辨:p1047,,,,,,,,,,,,
REL_01935,SHL_SONGBEN_0277,clause,CR_TIAOBIAN_0235,commentary,commentary_support,方有執《傷寒論條辨》對本條有注（對齊相似度1.00）。,傷寒論條辨:p1049,,,,,,,,,,,,
REL_01936,SHL_SONGBEN_0279,clause,CR_TIAOBIAN_0236,commentary,commentary_support,方有執《傷寒論條辨》對本條有注（對齊相似度0.88）。,傷寒論條辨:p1054,,,,,,,,,,,,
REL_01937,SHL_SONGBEN_0280,clause,CR_TIAOBIAN_0237,commentary,commentary_support,方有執《傷寒論條辨》對本條有注（對齊相似度0.90）。,傷寒論條辨:p1062,,,,,,,,,,,,
REL_01938,SHL_SONGBEN_0275,clause,CR_TIAOBIAN_0238,commentary,commentary_support,方有執《傷寒論條辨》對本條有注（對齊相似度1.00）。,傷寒論條辨:p1064,,,,,,,,,,,,
REL_01939,SHL_SONGBEN_0281,clause,CR_TIAOBIAN_0239,commentary,commentary_support,方有執《傷寒論條辨》對本條有注（對齊相似度1.00）。,傷寒論條辨:p1068,,,,,,,,,,,,
REL_01940,SHL_SONGBEN_0301,clause,CR_TIAOBIAN_0240,commentary,commentary_support,方有執《傷寒論條辨》對本條有注（對齊相似度0.85）。,傷寒論條辨:p1070,,,,,,,,,,,,
REL_01941,SHL_SONGBEN_0304,clause,CR_TIAOBIAN_0241,commentary,commentary_support,方有執《傷寒論條辨》對本條有注（對齊相似度1.00）。,傷寒論條辨:p1074,,,,,,,,,,,,
REL_01942,SHL_SONGBEN_0282,clause,CR_TIAOBIAN_0242,commentary,commentary_support,方有執《傷寒論條辨》對本條有注（對齊相似度0.67）。,傷寒論條辨:p1080,,,,,,,,,,,,
REL_01943,SHL_SONGBEN_0283,clause,CR_TIAOBIAN_0243,commentary,commentary_support,方有執《傷寒論條辨》對本條有注（對齊相似度0.92）。,傷寒論條辨:p1082,,,,,,,,,,,,
REL_01944,SHL_SONGBEN_0285,clause,CR_TIAOBIAN_0244,commentary,commentary_support,方有執《傷寒論條辨》對本條有注（對齊相似度0.86）。,傷寒論條辨:p1084,,,,,,,,,,,,
REL_01945,SHL_SONGBEN_0286,clause,CR_TIAOBIAN_0245,commentary,commentary_support,方有執《傷寒論條辨》對本條有注（對齊相似度0.92）。,傷寒論條辨:p1086,,,,,,,,,,,,
REL_01946,SHL_SONGBEN_0284,clause,CR_TIAOBIAN_0246,commentary,commentary_support,方有執《傷寒論條辨》對本條有注（對齊相似度0.92）。,傷寒論條辨:p1088,,,,,,,,,,,,
REL_01947,SHL_SONGBEN_0288,clause,CR_TIAOBIAN_0247,commentary,commentary_support,方有執《傷寒論條辨》對本條有注（對齊相似度0.92）。,傷寒論條辨:p1091,,,,,,,,,,,,
REL_01948,SHL_SONGBEN_0289,clause,CR_TIAOBIAN_0248,commentary,commentary_support,方有執《傷寒論條辨》對本條有注（對齊相似度0.90）。,傷寒論條辨:p1093,,,,,,,,,,,,
REL_01949,SHL_SONGBEN_0287,clause,CR_TIAOBIAN_0249,commentary,commentary_support,方有執《傷寒論條辨》對本條有注（對齊相似度0.90）。,傷寒論條辨:p1095,,,,,,,,,,,,
REL_01950,SHL_SONGBEN_0290,clause,CR_TIAOBIAN_0250,commentary,commentary_support,方有執《傷寒論條辨》對本條有注（對齊相似度0.87）。,傷寒論條辨:p1099,,,,,,,,,,,,
REL_01951,SHL_SONGBEN_0291,clause,CR_TIAOBIAN_0251,commentary,commentary_support,方有執《傷寒論條辨》對本條有注（對齊相似度1.00）。,傷寒論條辨:p1101,,,,,,,,,,,,
REL_01952,SHL_SONGBEN_0293,clause,CR_TIAOBIAN_0252,commentary,commentary_support,方有執《傷寒論條辨》對本條有注（對齊相似度1.00）。,傷寒論條辨:p1103,,,,,,,,,,,,
REL_01953,SHL_SONGBEN_0292,clause,CR_TIAOBIAN_0253,commentary,commentary_support,方有執《傷寒論條辨》對本條有注（對齊相似度1.00）。,傷寒論條辨:p1108,,,,,,,,,,,,
REL_01954,SHL_SONGBEN_0295,clause,CR_TIAOBIAN_0254,commentary,commentary_support,方有執《傷寒論條辨》對本條有注（對齊相似度0.90）。,傷寒論條辨:p1110,,,,,,,,,,,,
REL_01955,SHL_SONGBEN_0296,clause,CR_TIAOBIAN_0255,commentary,commentary_support,方有執《傷寒論條辨》對本條有注（對齊相似度0.80）。,傷寒論條辨:p1112,,,,,,,,,,,,
REL_01956,SHL_SONGBEN_0297,clause,CR_TIAOBIAN_0256,commentary,commentary_support,方有執《傷寒論條辨》對本條有注（對齊相似度1.00）。,傷寒論條辨:p1114,,,,,,,,,,,,
REL_01957,SHL_SONGBEN_0298,clause,CR_TIAOBIAN_0257,commentary,commentary_support,方有執《傷寒論條辨》對本條有注（對齊相似度0.91）。,傷寒論條辨:p1117,,,,,,,,,,,,
REL_01958,SHL_SONGBEN_0299,clause,CR_TIAOBIAN_0258,commentary,commentary_support,方有執《傷寒論條辨》對本條有注（對齊相似度1.00）。,傷寒論條辨:p1120,,,,,,,,,,,,
REL_01959,SHL_SONGBEN_0300,clause,CR_TIAOBIAN_0259,commentary,commentary_support,方有執《傷寒論條辨》對本條有注（對齊相似度0.90）。,傷寒論條辨:p1122,,,,,,,,,,,,
REL_01960,SHL_SONGBEN_0302,clause,CR_TIAOBIAN_0260,commentary,commentary_support,方有執《傷寒論條辨》對本條有注（對齊相似度0.94）。,傷寒論條辨:p1125,,,,,,,,,,,,
REL_01961,SHL_SONGBEN_0303,clause,CR_TIAOBIAN_0261,commentary,commentary_support,方有執《傷寒論條辨》對本條有注（對齊相似度1.00）。,傷寒論條辨:p1130,,,,,,,,,,,,
REL_01962,SHL_SONGBEN_0305,clause,CR_TIAOBIAN_0262,commentary,commentary_support,方有執《傷寒論條辨》對本條有注（對齊相似度1.00）。,傷寒論條辨:p1135,,,,,,,,,,,,
REL_01963,SHL_SONGBEN_0307,clause,CR_TIAOBIAN_0263,commentary,commentary_support,方有執《傷寒論條辨》對本條有注（對齊相似度1.00）。,傷寒論條辨:p1137,,,,,,,,,,,,
REL_01964,SHL_SONGBEN_0306,clause,CR_TIAOBIAN_0264,commentary,commentary_support,方有執《傷寒論條辨》對本條有注（對齊相似度0.85）。,傷寒論條辨:p1142,,,,,,,,,,,,
REL_01965,SHL_SONGBEN_0308,clause,CR_TIAOBIAN_0265,commentary,commentary_support,方有執《傷寒論條辨》對本條有注（對齊相似度0.80）。,傷寒論條辨:p1144,,,,,,,,,,,,
REL_01966,SHL_SONGBEN_0309,clause,CR_TIAOBIAN_0266,commentary,commentary_support,方有執《傷寒論條辨》對本條有注（對齊相似度0.89）。,傷寒論條辨:p1146,,,,,,,,,,,,
REL_01967,SHL_SONGBEN_0310,clause,CR_TIAOBIAN_0267,commentary,commentary_support,方有執《傷寒論條辨》對本條有注（對齊相似度0.90）。,傷寒論條辨:p1148,,,,,,,,,,,,
REL_01968,SHL_SONGBEN_0311,clause,CR_TIAOBIAN_0268,commentary,commentary_support,方有執《傷寒論條辨》對本條有注（對齊相似度0.90）。,傷寒論條辨:p1154,,,,,,,,,,,,
REL_01969,SHL_SONGBEN_0313,clause,CR_TIAOBIAN_0269,commentary,commentary_support,方有執《傷寒論條辨》對本條有注（對齊相似度1.00）。,傷寒論條辨:p1160,,,,,,,,,,,,
REL_01970,SHL_SONGBEN_0312,clause,CR_TIAOBIAN_0270,commentary,commentary_support,方有執《傷寒論條辨》對本條有注（對齊相似度1.00）。,傷寒論條辨:p1166,,,,,,,,,,,,
REL_01971,SHL_SONGBEN_0314,clause,CR_TIAOBIAN_0271,commentary,commentary_support,方有執《傷寒論條辨》對本條有注（對齊相似度1.00）。,傷寒論條辨:p1172,,,,,,,,,,,,
REL_01972,SHL_SONGBEN_0315,clause,CR_TIAOBIAN_0272,commentary,commentary_support,方有執《傷寒論條辨》對本條有注（對齊相似度1.00）。,傷寒論條辨:p1176,,,,,,,,,,,,
REL_01973,SHL_SONGBEN_0318,clause,CR_TIAOBIAN_0273,commentary,commentary_support,方有執《傷寒論條辨》對本條有注（對齊相似度0.93）。,傷寒論條辨:p1203,,,,,,,,,,,,
REL_01974,SHL_SONGBEN_0319,clause,CR_TIAOBIAN_0274,commentary,commentary_support,方有執《傷寒論條辨》對本條有注（對齊相似度0.91）。,傷寒論條辨:p1213,,,,,,,,,,,,
REL_01975,SHL_SONGBEN_0320,clause,CR_TIAOBIAN_0275,commentary,commentary_support,方有執《傷寒論條辨》對本條有注（對齊相似度1.00）。,傷寒論條辨:p1215,,,,,,,,,,,,
REL_01976,SHL_SONGBEN_0321,clause,CR_TIAOBIAN_0276,commentary,commentary_support,方有執《傷寒論條辨》對本條有注（對齊相似度0.90）。,傷寒論條辨:p1218,,,,,,,,,,,,
REL_01977,SHL_SONGBEN_0322,clause,CR_TIAOBIAN_0277,commentary,commentary_support,方有執《傷寒論條辨》對本條有注（對齊相似度1.00）。,傷寒論條辨:p1220,,,,,,,,,,,,
REL_01978,SHL_SONGBEN_0323,clause,CR_TIAOBIAN_0278,commentary,commentary_support,方有執《傷寒論條辨》對本條有注（對齊相似度1.00）。,傷寒論條辨:p1222,,,,,,,,,,,,
REL_01979,SHL_SONGBEN_0324,clause,CR_TIAOBIAN_0279,commentary,commentary_support,方有執《傷寒論條辨》對本條有注（對齊相似度0.63）。,傷寒論條辨:p1225,,,,,,,,,,,,
REL_01980,SHL_SONGBEN_0325,clause,CR_TIAOBIAN_0280,commentary,commentary_support,方有執《傷寒論條辨》對本條有注（對齊相似度0.92）。,傷寒論條辨:p1228,,,,,,,,,,,,
REL_01981,SHL_SONGBEN_0326,clause,CR_TIAOBIAN_0281,commentary,commentary_support,方有執《傷寒論條辨》對本條有注（對齊相似度0.93）。,傷寒論條辨:p1232,,,,,,,,,,,,
REL_01982,SHL_SONGBEN_0327,clause,CR_TIAOBIAN_0282,commentary,commentary_support,方有執《傷寒論條辨》對本條有注（對齊相似度0.88）。,傷寒論條辨:p1235,,,,,,,,,,,,
REL_01983,SHL_SONGBEN_0328,clause,CR_TIAOBIAN_0283,commentary,commentary_support,方有執《傷寒論條辨》對本條有注（對齊相似度1.00）。,傷寒論條辨:p1237,,,,,,,,,,,,
REL_01984,SHL_SONGBEN_0329,clause,CR_TIAOBIAN_0284,commentary,commentary_support,方有執《傷寒論條辨》對本條有注（對齊相似度1.00）。,傷寒論條辨:p1241,,,,,,,,,,,,
REL_01985,SHL_SONGBEN_0330,clause,CR_TIAOBIAN_0285,commentary,commentary_support,方有執《傷寒論條辨》對本條有注（對齊相似度1.00）。,傷寒論條辨:p1243,,,,,,,,,,,,
REL_01986,SHL_SONGBEN_0333,clause,CR_TIAOBIAN_0286,commentary,commentary_support,方有執《傷寒論條辨》對本條有注（對齊相似度1.00）。,傷寒論條辨:p1245,,,,,,,,,,,,
REL_01987,SHL_SONGBEN_0332,clause,CR_TIAOBIAN_0287,commentary,commentary_support,方有執《傷寒論條辨》對本條有注（對齊相似度0.67）。,傷寒論條辨:p1248,,,,,,,,,,,,
REL_01988,SHL_SONGBEN_0331,clause,CR_TIAOBIAN_0288,commentary,commentary_support,方有執《傷寒論條辨》對本條有注（對齊相似度1.00）。,傷寒論條辨:p1251,,,,,,,,,,,,
REL_01989,SHL_SONGBEN_0334,clause,CR_TIAOBIAN_0289,commentary,commentary_support,方有執《傷寒論條辨》對本條有注（對齊相似度1.00）。,傷寒論條辨:p1253,,,,,,,,,,,,
REL_01990,SHL_SONGBEN_0336,clause,CR_TIAOBIAN_0290,commentary,commentary_support,方有執《傷寒論條辨》對本條有注（對齊相似度1.00）。,傷寒論條辨:p1259,,,,,,,,,,,,
REL_01991,SHL_SONGBEN_0337,clause,CR_TIAOBIAN_0291,commentary,commentary_support,方有執《傷寒論條辨》對本條有注（對齊相似度0.92）。,傷寒論條辨:p1261,,,,,,,,,,,,
REL_01992,SHL_SONGBEN_0339,clause,CR_TIAOBIAN_0292,commentary,commentary_support,方有執《傷寒論條辨》對本條有注（對齊相似度0.83）。,傷寒論條辨:p1275,,,,,,,,,,,,
REL_01993,SHL_SONGBEN_0341,clause,CR_TIAOBIAN_0293,commentary,commentary_support,方有執《傷寒論條辨》對本條有注（對齊相似度0.92）。,傷寒論條辨:p1278,,,,,,,,,,,,
REL_01994,SHL_SONGBEN_0342,clause,CR_TIAOBIAN_0294,commentary,commentary_support,方有執《傷寒論條辨》對本條有注（對齊相似度1.00）。,傷寒論條辨:p1280,,,,,,,,,,,,
REL_01995,SHL_SONGBEN_0343,clause,CR_TIAOBIAN_0295,commentary,commentary_support,方有執《傷寒論條辨》對本條有注（對齊相似度1.00）。,傷寒論條辨:p1282,,,,,,,,,,,,
REL_01996,SHL_SONGBEN_0344,clause,CR_TIAOBIAN_0296,commentary,commentary_support,方有執《傷寒論條辨》對本條有注（對齊相似度1.00）。,傷寒論條辨:p1284,,,,,,,,,,,,
REL_01997,SHL_SONGBEN_0345,clause,CR_TIAOBIAN_0297,commentary,commentary_support,方有執《傷寒論條辨》對本條有注（對齊相似度1.00）。,傷寒論條辨:p1286,,,,,,,,,,,,
REL_01998,SHL_SONGBEN_0348,clause,CR_TIAOBIAN_0298,commentary,commentary_support,方有執《傷寒論條辨》對本條有注（對齊相似度1.00）。,傷寒論條辨:p1288,,,,,,,,,,,,
REL_01999,SHL_SONGBEN_0346,clause,CR_TIAOBIAN_0299,commentary,commentary_support,方有執《傷寒論條辨》對本條有注（對齊相似度1.00）。,傷寒論條辨:p1290,,,,,,,,,,,,
REL_02000,SHL_SONGBEN_0340,clause,CR_TIAOBIAN_0300,commentary,commentary_support,方有執《傷寒論條辨》對本條有注（對齊相似度1.00）。,傷寒論條辨:p1292,,,,,,,,,,,,
REL_02001,SHL_SONGBEN_0347,clause,CR_TIAOBIAN_0301,commentary,commentary_support,方有執《傷寒論條辨》對本條有注（對齊相似度0.94）。,傷寒論條辨:p1295,,,,,,,,,,,,
REL_02002,SHL_SONGBEN_0349,clause,CR_TIAOBIAN_0302,commentary,commentary_support,方有執《傷寒論條辨》對本條有注（對齊相似度0.86）。,傷寒論條辨:p1297,,,,,,,,,,,,
REL_02003,SHL_SONGBEN_0350,clause,CR_TIAOBIAN_0303,commentary,commentary_support,方有執《傷寒論條辨》對本條有注（對齊相似度0.76）。,傷寒論條辨:p1299,,,,,,,,,,,,
REL_02004,SHL_SONGBEN_0351,clause,CR_TIAOBIAN_0304,commentary,commentary_support,方有執《傷寒論條辨》對本條有注（對齊相似度1.00）。,傷寒論條辨:p1302,,,,,,,,,,,,
REL_02005,SHL_SONGBEN_0353,clause,CR_TIAOBIAN_0305,commentary,commentary_support,方有執《傷寒論條辨》對本條有注（對齊相似度1.00）。,傷寒論條辨:p1311,,,,,,,,,,,,
REL_02006,SHL_SONGBEN_0354,clause,CR_TIAOBIAN_0306,commentary,commentary_support,方有執《傷寒論條辨》對本條有注（對齊相似度1.00）。,傷寒論條辨:p1314,,,,,,,,,,,,
REL_02007,SHL_SONGBEN_0356,clause,CR_TIAOBIAN_0307,commentary,commentary_support,方有執《傷寒論條辨》對本條有注（對齊相似度0.88）。,傷寒論條辨:p1316,,,,,,,,,,,,
REL_02008,SHL_SONGBEN_0357,clause,CR_TIAOBIAN_0308,commentary,commentary_support,方有執《傷寒論條辨》對本條有注（對齊相似度0.93）。,傷寒論條辨:p1318,,,,,,,,,,,,
REL_02009,SHL_SONGBEN_0358,clause,CR_TIAOBIAN_0309,commentary,commentary_support,方有執《傷寒論條辨》對本條有注（對齊相似度1.00）。,傷寒論條辨:p1328,,,,,,,,,,,,
REL_02010,SHL_SONGBEN_0364,clause,CR_TIAOBIAN_0310,commentary,commentary_support,方有執《傷寒論條辨》對本條有注（對齊相似度1.00）。,傷寒論條辨:p1330,,,,,,,,,,,,
REL_02011,SHL_SONGBEN_0370,clause,CR_TIAOBIAN_0311,commentary,commentary_support,方有執《傷寒論條辨》對本條有注（對齊相似度0.89）。,傷寒論條辨:p1333,,,,,,,,,,,,
REL_02012,SHL_SONGBEN_0372,clause,CR_TIAOBIAN_0312,commentary,commentary_support,方有執《傷寒論條辨》對本條有注（對齊相似度0.79）。,傷寒論條辨:p1335,,,,,,,,,,,,
REL_02013,SHL_SONGBEN_0374,clause,CR_TIAOBIAN_0313,commentary,commentary_support,方有執《傷寒論條辨》對本條有注（對齊相似度1.00）。,傷寒論條辨:p1338,,,,,,,,,,,,
REL_02014,SHL_SONGBEN_0375,clause,CR_TIAOBIAN_0314,commentary,commentary_support,方有執《傷寒論條辨》對本條有注（對齊相似度1.00）。,傷寒論條辨:p1340,,,,,,,,,,,,
REL_02015,SHL_SONGBEN_0369,clause,CR_TIAOBIAN_0315,commentary,commentary_support,方有執《傷寒論條辨》對本條有注（對齊相似度0.83）。,傷寒論條辨:p1342,,,,,,,,,,,,
REL_02016,SHL_SONGBEN_0360,clause,CR_TIAOBIAN_0316,commentary,commentary_support,方有執《傷寒論條辨》對本條有注（對齊相似度0.83）。,傷寒論條辨:p1344,,,,,,,,,,,,
REL_02017,SHL_SONGBEN_0367,clause,CR_TIAOBIAN_0317,commentary,commentary_support,方有執《傷寒論條辨》對本條有注（對齊相似度0.81）。,傷寒論條辨:p1346,,,,,,,,,,,,
REL_02018,SHL_SONGBEN_0361,clause,CR_TIAOBIAN_0318,commentary,commentary_support,方有執《傷寒論條辨》對本條有注（對齊相似度0.88）。,傷寒論條辨:p1348,,,,,,,,,,,,
REL_02019,SHL_SONGBEN_0366,clause,CR_TIAOBIAN_0319,commentary,commentary_support,方有執《傷寒論條辨》對本條有注（對齊相似度0.95）。,傷寒論條辨:p1350,,,,,,,,,,,,
REL_02020,SHL_SONGBEN_0362,clause,CR_TIAOBIAN_0320,commentary,commentary_support,方有執《傷寒論條辨》對本條有注（對齊相似度0.82）。,傷寒論條辨:p1352,,,,,,,,,,,,
REL_02021,SHL_SONGBEN_0368,clause,CR_TIAOBIAN_0321,commentary,commentary_support,方有執《傷寒論條辨》對本條有注（對齊相似度0.93）。,傷寒論條辨:p1354,,,,,,,,,,,,
REL_02022,SHL_SONGBEN_0363,clause,CR_TIAOBIAN_0322,commentary,commentary_support,方有執《傷寒論條辨》對本條有注（對齊相似度0.87）。,傷寒論條辨:p1356,,,,,,,,,,,,
REL_02023,SHL_SONGBEN_0365,clause,CR_TIAOBIAN_0323,commentary,commentary_support,方有執《傷寒論條辨》對本條有注（對齊相似度0.96）。,傷寒論條辨:p1358,,,,,,,,,,,,
REL_02024,SHL_SONGBEN_0371,clause,CR_TIAOBIAN_0324,commentary,commentary_support,方有執《傷寒論條辨》對本條有注（對齊相似度1.00）。,傷寒論條辨:p1360,,,,,,,,,,,,
REL_02025,SHL_SONGBEN_0373,clause,CR_TIAOBIAN_0325,commentary,commentary_support,方有執《傷寒論條辨》對本條有注（對齊相似度1.00）。,傷寒論條辨:p1365,,,,,,,,,,,,
REL_02026,SHL_SONGBEN_0378,clause,CR_TIAOBIAN_0326,commentary,commentary_support,方有執《傷寒論條辨》對本條有注（對齊相似度1.00）。,傷寒論條辨:p1367,,,,,,,,,,,,
REL_02027,SHL_SONGBEN_0379,clause,CR_TIAOBIAN_0327,commentary,commentary_support,方有執《傷寒論條辨》對本條有注（對齊相似度1.00）。,傷寒論條辨:p1369,,,,,,,,,,,,
REL_02028,SHL_SONGBEN_0377,clause,CR_TIAOBIAN_0328,commentary,commentary_support,方有執《傷寒論條辨》對本條有注（對齊相似度1.00）。,傷寒論條辨:p1371,,,,,,,,,,,,
REL_02029,SHL_SONGBEN_0376,clause,CR_TIAOBIAN_0329,commentary,commentary_support,方有執《傷寒論條辨》對本條有注（對齊相似度1.00）。,傷寒論條辨:p1374,,,,,,,,,,,,
REL_02030,SHL_SONGBEN_0359,clause,CR_TIAOBIAN_0330,commentary,commentary_support,方有執《傷寒論條辨》對本條有注（對齊相似度0.94）。,傷寒論條辨:p1376,,,,,,,,,,,,
REL_02031,SHL_SONGBEN_0380,clause,CR_TIAOBIAN_0331,commentary,commentary_support,方有執《傷寒論條辨》對本條有注（對齊相似度0.72）。,傷寒論條辨:p1380,,,,,,,,,,,,
REL_02032,SHL_SONGBEN_0381,clause,CR_TIAOBIAN_0332,commentary,commentary_support,方有執《傷寒論條辨》對本條有注（對齊相似度0.89）。,傷寒論條辨:p1383,,,,,,,,,,,,
REL_02033,SHL_SONGBEN_0006,clause,CR_TIAOBIAN_0333,commentary,commentary_support,方有執《傷寒論條辨》對本條有注（對齊相似度0.87）。,傷寒論條辨:p1390,,,,,,,,,,,,
REL_02034,SHL_SONGBEN_0113,clause,CR_TIAOBIAN_0334,commentary,commentary_support,方有執《傷寒論條辨》對本條有注（對齊相似度0.89）。,傷寒論條辨:p1394,,,,,,,,,,,,
REL_02035,SHL_SONGBEN_0115,clause,CR_TIAOBIAN_0335,commentary,commentary_support,方有執《傷寒論條辨》對本條有注（對齊相似度0.84）。,傷寒論條辨:p1397,,,,,,,,,,,,
REL_02036,SHL_SONGBEN_0166,clause,CR_TIAOBIAN_0336,commentary,commentary_support,方有執《傷寒論條辨》對本條有注（對齊相似度0.88）。,傷寒論條辨:p1399,,,,,,,,,,,,
REL_02037,SHL_SONGBEN_0089,clause,CR_TIAOBIAN_0337,commentary,commentary_support,方有執《傷寒論條辨》對本條有注（對齊相似度0.75）。,傷寒論條辨:p1408,,,,,,,,,,,,
REL_02038,SHL_SONGBEN_0355,clause,CR_TIAOBIAN_0338,commentary,commentary_support,方有執《傷寒論條辨》對本條有注（對齊相似度0.88）。,傷寒論條辨:p1410,,,,,,,,,,,,
REL_02039,SHL_SONGBEN_0011,clause,CR_TIAOBIAN_0339,commentary,commentary_support,方有執《傷寒論條辨》對本條有注（對齊相似度0.83）。,傷寒論條辨:p1415,,,,,,,,,,,,
REL_02040,SHL_SONGBEN_0092,clause,CR_TIAOBIAN_0340,commentary,commentary_support,方有執《傷寒論條辨》對本條有注（對齊相似度0.82）。,傷寒論條辨:p1421,,,,,,,,,,,,
REL_02041,SHL_SONGBEN_0141,clause,CR_TIAOBIAN_0341,commentary,commentary_support,方有執《傷寒論條辨》對本條有注（對齊相似度0.92）。,傷寒論條辨:p1423,,,,,,,,,,,,
REL_02042,SHL_SONGBEN_0054,clause,CR_TIAOBIAN_0342,commentary,commentary_support,方有執《傷寒論條辨》對本條有注（對齊相似度0.88）。,傷寒論條辨:p1430,,,,,,,,,,,,
REL_02043,SHL_SONGBEN_0053,clause,CR_TIAOBIAN_0343,commentary,commentary_support,方有執《傷寒論條辨》對本條有注（對齊相似度0.95）。,傷寒論條辨:p1433,,,,,,,,,,,,
REL_02044,SHL_SONGBEN_0122,clause,CR_TIAOBIAN_0344,commentary,commentary_support,方有執《傷寒論條辨》對本條有注（對齊相似度0.95）。,傷寒論條辨:p1436,,,,,,,,,,,,
REL_02045,SHL_SONGBEN_0240,clause,CR_TIAOBIAN_0345,commentary,commentary_support,方有執《傷寒論條辨》對本條有注（對齊相似度0.91）。,傷寒論條辨:p1440,,,,,,,,,,,,
REL_02046,SHL_SONGBEN_0075,clause,CR_TIAOBIAN_0346,commentary,commentary_support,方有執《傷寒論條辨》對本條有注（對齊相似度0.73）。,傷寒論條辨:p1443,,,,,,,,,,,,
REL_02047,SHL_SONGBEN_0239,clause,CR_TIAOBIAN_0347,commentary,commentary_support,方有執《傷寒論條辨》對本條有注（對齊相似度0.92）。,傷寒論條辨:p1445,,,,,,,,,,,,
REL_02048,SHL_SONGBEN_0242,clause,CR_TIAOBIAN_0348,commentary,commentary_support,方有執《傷寒論條辨》對本條有注（對齊相似度0.93）。,傷寒論條辨:p1448,,,,,,,,,,,,
REL_02049,SHL_SONGBEN_0241,clause,CR_TIAOBIAN_0349,commentary,commentary_support,方有執《傷寒論條辨》對本條有注（對齊相似度0.83）。,傷寒論條辨:p1450,,,,,,,,,,,,
REL_02050,SHL_SONGBEN_0090,clause,CR_TIAOBIAN_0350,commentary,commentary_support,方有執《傷寒論條辨》對本條有注（對齊相似度1.00）。,傷寒論條辨:p1452,,,,,,,,,,,,
REL_02051,SHL_SONGBEN_0058,clause,CR_TIAOBIAN_0351,commentary,commentary_support,方有執《傷寒論條辨》對本條有注（對齊相似度0.95）。,傷寒論條辨:p1455,,,,,,,,,,,,
REL_02052,SHL_SONGBEN_0382,clause,CR_TIAOBIAN_0352,commentary,commentary_support,方有執《傷寒論條辨》對本條有注（對齊相似度0.81）。,傷寒論條辨:p1457,,,,,,,,,,,,
REL_02053,SHL_SONGBEN_0383,clause,CR_TIAOBIAN_0353,commentary,commentary_support,方有執《傷寒論條辨》對本條有注（對齊相似度0.87）。,傷寒論條辨:p1459,,,,,,,,,,,,
REL_02054,SHL_SONGBEN_0384,clause,CR_TIAOBIAN_0354,commentary,commentary_support,方有執《傷寒論條辨》對本條有注（對齊相似度0.72）。,傷寒論條辨:p1462,,,,,,,,,,,,
REL_02055,SHL_SONGBEN_0386,clause,CR_TIAOBIAN_0355,commentary,commentary_support,方有執《傷寒論條辨》對本條有注（對齊相似度0.95）。,傷寒論條辨:p1466,,,,,,,,,,,,
REL_02056,SHL_SONGBEN_0387,clause,CR_TIAOBIAN_0356,commentary,commentary_support,方有執《傷寒論條辨》對本條有注（對齊相似度0.70）。,傷寒論條辨:p1476,,,,,,,,,,,,
REL_02057,SHL_SONGBEN_0388,clause,CR_TIAOBIAN_0357,commentary,commentary_support,方有執《傷寒論條辨》對本條有注（對齊相似度1.00）。,傷寒論條辨:p1478,,,,,,,,,,,,
REL_02058,SHL_SONGBEN_0389,clause,CR_TIAOBIAN_0358,commentary,commentary_support,方有執《傷寒論條辨》對本條有注（對齊相似度1.00）。,傷寒論條辨:p1480,,,,,,,,,,,,
REL_02059,SHL_SONGBEN_0390,clause,CR_TIAOBIAN_0359,commentary,commentary_support,方有執《傷寒論條辨》對本條有注（對齊相似度1.00）。,傷寒論條辨:p1482,,,,,,,,,,,,
REL_02060,SHL_SONGBEN_0385,clause,CR_TIAOBIAN_0360,commentary,commentary_support,方有執《傷寒論條辨》對本條有注（對齊相似度1.00）。,傷寒論條辨:p1485,,,,,,,,,,,,
REL_02061,SHL_SONGBEN_0391,clause,CR_TIAOBIAN_0361,commentary,commentary_support,方有執《傷寒論條辨》對本條有注（對齊相似度1.00）。,傷寒論條辨:p1488,,,,,,,,,,,,
REL_02062,SHL_SONGBEN_0392,clause,CR_TIAOBIAN_0362,commentary,commentary_support,方有執《傷寒論條辨》對本條有注（對齊相似度0.92）。,傷寒論條辨:p1490,,,,,,,,,,,,
REL_02063,SHL_SONGBEN_0394,clause,CR_TIAOBIAN_0363,commentary,commentary_support,方有執《傷寒論條辨》對本條有注（對齊相似度0.76）。,傷寒論條辨:p1499,,,,,,,,,,,,
REL_02064,SHL_SONGBEN_0395,clause,CR_TIAOBIAN_0364,commentary,commentary_support,方有執《傷寒論條辨》對本條有注（對齊相似度0.89）。,傷寒論條辨:p1501,,,,,,,,,,,,
REL_02065,SHL_SONGBEN_0396,clause,CR_TIAOBIAN_0365,commentary,commentary_support,方有執《傷寒論條辨》對本條有注（對齊相似度0.81）。,傷寒論條辨:p1506,,,,,,,,,,,,
REL_02066,SHL_SONGBEN_0397,clause,CR_TIAOBIAN_0366,commentary,commentary_support,方有執《傷寒論條辨》對本條有注（對齊相似度0.92）。,傷寒論條辨:p1508,,,,,,,,,,,,
REL_02067,SHL_SONGBEN_0398,clause,CR_TIAOBIAN_0367,commentary,commentary_support,方有執《傷寒論條辨》對本條有注（對齊相似度0.81）。,傷寒論條辨:p1514,,,,,,,,,,,,
REL_02068,SHL_SONGBEN_0088,clause,CR_TIAOBIAN_0368,commentary,commentary_support,方有執《傷寒論條辨》對本條有注（對齊相似度0.97）。,傷寒論條辨:p1915,,,,,,,,,,,,
REL_02069,SHL_SONGBEN_0087,clause,CR_TIAOBIAN_0369,commentary,commentary_support,方有執《傷寒論條辨》對本條有注（對齊相似度0.87）。,傷寒論條辨:p1917,,,,,,,,,,,,
REL_02070,SHL_SONGBEN_0086,clause,CR_TIAOBIAN_0370,commentary,commentary_support,方有執《傷寒論條辨》對本條有注（對齊相似度0.93）。,傷寒論條辨:p1919,,,,,,,,,,,,
REL_02071,SHL_SONGBEN_0084,clause,CR_TIAOBIAN_0371,commentary,commentary_support,方有執《傷寒論條辨》對本條有注（對齊相似度1.00）。,傷寒論條辨:p1921,,,,,,,,,,,,
REL_02072,SHL_SONGBEN_0085,clause,CR_TIAOBIAN_0372,commentary,commentary_support,方有執《傷寒論條辨》對本條有注（對齊相似度0.75）。,傷寒論條辨:p1923,,,,,,,,,,,,
REL_02073,SHL_SONGBEN_0083,clause,CR_TIAOBIAN_0373,commentary,commentary_support,方有執《傷寒論條辨》對本條有注（對齊相似度0.75）。,傷寒論條辨:p1925,,,,,,,,,,,,
REL_02074,SHL_SONGBEN_0204,clause,CR_TIAOBIAN_0185,commentary,commentary_support,方有執《傷寒論條辨》對本條有注（對齊相似度0.91）。,傷寒論條辨:p1989,,,,,,,,,,,,
REL_02075,SHL_SONGBEN_0044,clause,CR_TIAOBIAN_0014,commentary,commentary_support,方有執《傷寒論條辨》對本條有注（對齊相似度0.69）。,傷寒論條辨:p1991,,,,,,,,,,,,
REL_02076,SHL_SONGBEN_0085,clause,CR_TIAOBIAN_0372,commentary,commentary_support,方有執《傷寒論條辨》對本條有注（對齊相似度1.00）。,傷寒論條辨:p2493,,,,,,,,,,,,
REL_02077,SHL_SONGBEN_0007,clause,CR_LAISU_0001,commentary,commentary_support,柯琴《傷寒來蘇集》對本條有注（對齊相似度0.64）。,傷寒來蘇集:p0,,,,,,,,,,,,
REL_02078,SHL_SONGBEN_0007,clause,CR_LAISU_0001,commentary,commentary_support,柯琴《傷寒來蘇集》對本條有注（對齊相似度0.64）。,傷寒來蘇集:p1,,,,,,,,,,,,
REL_02079,SHL_SONGBEN_0004,clause,CR_LAISU_0003,commentary,commentary_support,柯琴《傷寒來蘇集》對本條有注（對齊相似度1.00）。,傷寒來蘇集:p8,,,,,,,,,,,,
REL_02080,SHL_SONGBEN_0005,clause,CR_LAISU_0004,commentary,commentary_support,柯琴《傷寒來蘇集》對本條有注（對齊相似度1.00）。,傷寒來蘇集:p9,,,,,,,,,,,,
REL_02081,SHL_SONGBEN_0270,clause,CR_LAISU_0005,commentary,commentary_support,柯琴《傷寒來蘇集》對本條有注（對齊相似度1.00）。,傷寒來蘇集:p10,,,,,,,,,,,,
REL_02082,SHL_SONGBEN_0269,clause,CR_LAISU_0006,commentary,commentary_support,柯琴《傷寒來蘇集》對本條有注（對齊相似度1.00）。,傷寒來蘇集:p11,,,,,,,,,,,,
REL_02083,SHL_SONGBEN_0008,clause,CR_LAISU_0007,commentary,commentary_support,柯琴《傷寒來蘇集》對本條有注（對齊相似度0.86）。,傷寒來蘇集:p12,,,,,,,,,,,,
REL_02084,SHL_SONGBEN_0010,clause,CR_LAISU_0008,commentary,commentary_support,柯琴《傷寒來蘇集》對本條有注（對齊相似度1.00）。,傷寒來蘇集:p13,,,,,,,,,,,,
REL_02085,SHL_SONGBEN_0001,clause,CR_LAISU_0009,commentary,commentary_support,柯琴《傷寒來蘇集》對本條有注（對齊相似度1.00）。,傷寒來蘇集:p14,,,,,,,,,,,,
REL_02086,SHL_SONGBEN_0002,clause,CR_LAISU_0010,commentary,commentary_support,柯琴《傷寒來蘇集》對本條有注（對齊相似度1.00）。,傷寒來蘇集:p15,,,,,,,,,,,,
REL_02087,SHL_SONGBEN_0003,clause,CR_LAISU_0011,commentary,commentary_support,柯琴《傷寒來蘇集》對本條有注（對齊相似度0.92）。,傷寒來蘇集:p16,,,,,,,,,,,,
REL_02088,SHL_SONGBEN_0009,clause,CR_LAISU_0012,commentary,commentary_support,柯琴《傷寒來蘇集》對本條有注（對齊相似度0.80）。,傷寒來蘇集:p20,,,,,,,,,,,,
REL_02089,SHL_SONGBEN_0094,clause,CR_LAISU_0013,commentary,commentary_support,柯琴《傷寒來蘇集》對本條有注（對齊相似度1.00）。,傷寒來蘇集:p22,,,,,,,,,,,,
REL_02090,SHL_SONGBEN_0093,clause,CR_LAISU_0014,commentary,commentary_support,柯琴《傷寒來蘇集》對本條有注（對齊相似度0.88）。,傷寒來蘇集:p23,,,,,,,,,,,,
REL_02091,SHL_SONGBEN_0013,clause,CR_LAISU_0015,commentary,commentary_support,柯琴《傷寒來蘇集》對本條有注（對齊相似度0.90）。,傷寒來蘇集:p27,,,,,,,,,,,,
REL_02092,SHL_SONGBEN_0042,clause,CR_LAISU_0016,commentary,commentary_support,柯琴《傷寒來蘇集》對本條有注（對齊相似度1.00）。,傷寒來蘇集:p28,,,,,,,,,,,,
REL_02093,SHL_SONGBEN_0012,clause,CR_LAISU_0017,commentary,commentary_support,柯琴《傷寒來蘇集》對本條有注（對齊相似度1.00）。,傷寒來蘇集:p29,,,,,,,,,,,,
REL_02094,SHL_SONGBEN_0024,clause,CR_LAISU_0018,commentary,commentary_support,柯琴《傷寒來蘇集》對本條有注（對齊相似度1.00）。,傷寒來蘇集:p30,,,,,,,,,,,,
REL_02095,SHL_SONGBEN_0095,clause,CR_LAISU_0019,commentary,commentary_support,柯琴《傷寒來蘇集》對本條有注（對齊相似度0.88）。,傷寒來蘇集:p31,,,,,,,,,,,,
REL_02096,SHL_SONGBEN_0113,clause,CR_LAISU_0020,commentary,commentary_support,柯琴《傷寒來蘇集》對本條有注（對齊相似度0.92）。,傷寒來蘇集:p32,,,,,,,,,,,,
REL_02097,SHL_SONGBEN_0057,clause,CR_LAISU_0021,commentary,commentary_support,柯琴《傷寒來蘇集》對本條有注（對齊相似度0.93）。,傷寒來蘇集:p33,,,,,,,,,,,,
REL_02098,SHL_SONGBEN_0054,clause,CR_LAISU_0022,commentary,commentary_support,柯琴《傷寒來蘇集》對本條有注（對齊相似度0.97）。,傷寒來蘇集:p34,,,,,,,,,,,,
REL_02099,SHL_SONGBEN_0053,clause,CR_LAISU_0023,commentary,commentary_support,柯琴《傷寒來蘇集》對本條有注（對齊相似度0.69）。,傷寒來蘇集:p35,,,,,,,,,,,,
REL_02100,SHL_SONGBEN_0044,clause,CR_LAISU_0024,commentary,commentary_support,柯琴《傷寒來蘇集》對本條有注（對齊相似度0.91）。,傷寒來蘇集:p36,,,,,,,,,,,,
REL_02101,SHL_SONGBEN_0045,clause,CR_LAISU_0025,commentary,commentary_support,柯琴《傷寒來蘇集》對本條有注（對齊相似度0.86）。,傷寒來蘇集:p37,,,,,,,,,,,,
REL_02102,SHL_SONGBEN_0015,clause,CR_LAISU_0026,commentary,commentary_support,柯琴《傷寒來蘇集》對本條有注（對齊相似度0.88）。,傷寒來蘇集:p38,,,,,,,,,,,,
REL_02103,SHL_SONGBEN_0091,clause,CR_LAISU_0027,commentary,commentary_support,柯琴《傷寒來蘇集》對本條有注（對齊相似度0.91）。,傷寒來蘇集:p39,,,,,,,,,,,,
REL_02104,SHL_SONGBEN_0372,clause,CR_LAISU_0028,commentary,commentary_support,柯琴《傷寒來蘇集》對本條有注（對齊相似度1.00）。,傷寒來蘇集:p40,,,,,,,,,,,,
REL_02105,SHL_SONGBEN_0387,clause,CR_LAISU_0029,commentary,commentary_support,柯琴《傷寒來蘇集》對本條有注（對齊相似度1.00）。,傷寒來蘇集:p41,,,,,,,,,,,,
REL_02106,SHL_SONGBEN_0164,clause,CR_LAISU_0030,commentary,commentary_support,柯琴《傷寒來蘇集》對本條有注（對齊相似度1.00）。,傷寒來蘇集:p42,,,,,,,,,,,,
REL_02107,SHL_SONGBEN_0056,clause,CR_LAISU_0031,commentary,commentary_support,柯琴《傷寒來蘇集》對本條有注（對齊相似度0.92）。,傷寒來蘇集:p43,,,,,,,,,,,,
REL_02108,SHL_SONGBEN_0023,clause,CR_LAISU_0032,commentary,commentary_support,柯琴《傷寒來蘇集》對本條有注（對齊相似度0.92）。,傷寒來蘇集:p44,,,,,,,,,,,,
REL_02109,SHL_SONGBEN_0027,clause,CR_LAISU_0033,commentary,commentary_support,柯琴《傷寒來蘇集》對本條有注（對齊相似度1.00）。,傷寒來蘇集:p45,,,,,,,,,,,,
REL_02110,SHL_SONGBEN_0146,clause,CR_LAISU_0034,commentary,commentary_support,柯琴《傷寒來蘇集》對本條有注（對齊相似度0.87）。,傷寒來蘇集:p46,,,,,,,,,,,,
REL_02111,SHL_SONGBEN_0023,clause,CR_LAISU_0032,commentary,commentary_support,柯琴《傷寒來蘇集》對本條有注（對齊相似度0.92）。,傷寒來蘇集:p47,,,,,,,,,,,,
REL_02112,SHL_SONGBEN_0027,clause,CR_LAISU_0033,commentary,commentary_support,柯琴《傷寒來蘇集》對本條有注（對齊相似度1.00）。,傷寒來蘇集:p48,,,,,,,,,,,,
REL_02113,SHL_SONGBEN_0146,clause,CR_LAISU_0034,commentary,commentary_support,柯琴《傷寒來蘇集》對本條有注（對齊相似度0.87）。,傷寒來蘇集:p49,,,,,,,,,,,,
REL_02114,SHL_SONGBEN_0017,clause,CR_LAISU_0038,commentary,commentary_support,柯琴《傷寒來蘇集》對本條有注（對齊相似度0.87）。,傷寒來蘇集:p56,,,,,,,,,,,,
REL_02115,SHL_SONGBEN_0019,clause,CR_LAISU_0039,commentary,commentary_support,柯琴《傷寒來蘇集》對本條有注（對齊相似度1.00）。,傷寒來蘇集:p57,,,,,,,,,,,,
REL_02116,SHL_SONGBEN_0016,clause,CR_LAISU_0040,commentary,commentary_support,柯琴《傷寒來蘇集》對本條有注（對齊相似度0.61）。,傷寒來蘇集:p58,,,,,,,,,,,,
REL_02117,SHL_SONGBEN_0025,clause,CR_LAISU_0041,commentary,commentary_support,柯琴《傷寒來蘇集》對本條有注（對齊相似度0.90）。,傷寒來蘇集:p59,,,,,,,,,,,,
REL_02118,SHL_SONGBEN_0020,clause,CR_LAISU_0042,commentary,commentary_support,柯琴《傷寒來蘇集》對本條有注（對齊相似度1.00）。,傷寒來蘇集:p60,,,,,,,,,,,,
REL_02119,SHL_SONGBEN_0062,clause,CR_LAISU_0043,commentary,commentary_support,柯琴《傷寒來蘇集》對本條有注（對齊相似度0.71）。,傷寒來蘇集:p61,,,,,,,,,,,,
REL_02120,SHL_SONGBEN_0068,clause,CR_LAISU_0044,commentary,commentary_support,柯琴《傷寒來蘇集》對本條有注（對齊相似度1.00）。,傷寒來蘇集:p62,,,,,,,,,,,,
REL_02121,SHL_SONGBEN_0064,clause,CR_LAISU_0045,commentary,commentary_support,柯琴《傷寒來蘇集》對本條有注（對齊相似度1.00）。,傷寒來蘇集:p63,,,,,,,,,,,,
REL_02122,SHL_SONGBEN_0065,clause,CR_LAISU_0046,commentary,commentary_support,柯琴《傷寒來蘇集》對本條有注（對齊相似度0.93）。,傷寒來蘇集:p64,,,,,,,,,,,,
REL_02123,SHL_SONGBEN_0028,clause,CR_LAISU_0047,commentary,commentary_support,柯琴《傷寒來蘇集》對本條有注（對齊相似度0.67）。,傷寒來蘇集:p65,,,,,,,,,,,,
REL_02124,SHL_SONGBEN_0139,clause,CR_LAISU_0048,commentary,commentary_support,柯琴《傷寒來蘇集》對本條有注（對齊相似度0.96）。,傷寒來蘇集:p66,,,,,,,,,,,,
REL_02125,SHL_SONGBEN_0163,clause,CR_LAISU_0049,commentary,commentary_support,柯琴《傷寒來蘇集》對本條有注（對齊相似度0.89）。,傷寒來蘇集:p67,,,,,,,,,,,,
REL_02126,SHL_SONGBEN_0034,clause,CR_LAISU_0050,commentary,commentary_support,柯琴《傷寒來蘇集》對本條有注（對齊相似度0.88）。,傷寒來蘇集:p68,,,,,,,,,,,,
REL_02127,SHL_SONGBEN_0021,clause,CR_LAISU_0051,commentary,commentary_support,柯琴《傷寒來蘇集》對本條有注（對齊相似度0.75）。,傷寒來蘇集:p69,,,,,,,,,,,,
REL_02128,SHL_SONGBEN_0043,clause,CR_LAISU_0052,commentary,commentary_support,柯琴《傷寒來蘇集》對本條有注（對齊相似度0.77）。,傷寒來蘇集:p70,,,,,,,,,,,,
REL_02129,SHL_SONGBEN_0279,clause,CR_LAISU_0053,commentary,commentary_support,柯琴《傷寒來蘇集》對本條有注（對齊相似度0.94）。,傷寒來蘇集:p71,,,,,,,,,,,,
REL_02130,SHL_SONGBEN_0067,clause,CR_LAISU_0054,commentary,commentary_support,柯琴《傷寒來蘇集》對本條有注（對齊相似度1.00）。,傷寒來蘇集:p72,,,,,,,,,,,,
REL_02131,SHL_SONGBEN_0117,clause,CR_LAISU_0055,commentary,commentary_support,柯琴《傷寒來蘇集》對本條有注（對齊相似度0.79）。,傷寒來蘇集:p73,,,,,,,,,,,,
REL_02132,SHL_SONGBEN_0112,clause,CR_LAISU_0056,commentary,commentary_support,柯琴《傷寒來蘇集》對本條有注（對齊相似度0.83）。,傷寒來蘇集:p74,,,,,,,,,,,,
REL_02133,SHL_SONGBEN_0118,clause,CR_LAISU_0057,commentary,commentary_support,柯琴《傷寒來蘇集》對本條有注（對齊相似度0.90）。,傷寒來蘇集:p75,,,,,,,,,,,,
REL_02134,SHL_SONGBEN_0029,clause,CR_LAISU_0058,commentary,commentary_support,柯琴《傷寒來蘇集》對本條有注（對齊相似度0.75）。,傷寒來蘇集:p93,,,,,,,,,,,,
REL_02135,SHL_SONGBEN_0035,clause,CR_LAISU_0059,commentary,commentary_support,柯琴《傷寒來蘇集》對本條有注（對齊相似度1.00）。,傷寒來蘇集:p97,,,,,,,,,,,,
REL_02136,SHL_SONGBEN_0051,clause,CR_LAISU_0060,commentary,commentary_support,柯琴《傷寒來蘇集》對本條有注（對齊相似度0.80）。,傷寒來蘇集:p98,,,,,,,,,,,,
REL_02137,SHL_SONGBEN_0085,clause,CR_LAISU_0061,commentary,commentary_support,柯琴《傷寒來蘇集》對本條有注（對齊相似度0.64）。,傷寒來蘇集:p101,,,,,,,,,,,,
REL_02138,SHL_SONGBEN_0049,clause,CR_LAISU_0062,commentary,commentary_support,柯琴《傷寒來蘇集》對本條有注（對齊相似度0.94）。,傷寒來蘇集:p102,,,,,,,,,,,,
REL_02139,SHL_SONGBEN_0046,clause,CR_LAISU_0063,commentary,commentary_support,柯琴《傷寒來蘇集》對本條有注（對齊相似度0.93）。,傷寒來蘇集:p104,,,,,,,,,,,,
REL_02140,SHL_SONGBEN_0055,clause,CR_LAISU_0064,commentary,commentary_support,柯琴《傷寒來蘇集》對本條有注（對齊相似度0.88）。,傷寒來蘇集:p105,,,,,,,,,,,,
REL_02141,SHL_SONGBEN_0047,clause,CR_LAISU_0065,commentary,commentary_support,柯琴《傷寒來蘇集》對本條有注（對齊相似度1.00）。,傷寒來蘇集:p106,,,,,,,,,,,,
REL_02142,SHL_SONGBEN_0086,clause,CR_LAISU_0066,commentary,commentary_support,柯琴《傷寒來蘇集》對本條有注（對齊相似度0.84）。,傷寒來蘇集:p107,,,,,,,,,,,,
REL_02143,SHL_SONGBEN_0050,clause,CR_LAISU_0067,commentary,commentary_support,柯琴《傷寒來蘇集》對本條有注（對齊相似度0.85）。,傷寒來蘇集:p108,,,,,,,,,,,,
REL_02144,SHL_SONGBEN_0036,clause,CR_LAISU_0068,commentary,commentary_support,柯琴《傷寒來蘇集》對本條有注（對齊相似度0.86）。,傷寒來蘇集:p109,,,,,,,,,,,,
REL_02145,SHL_SONGBEN_0235,clause,CR_LAISU_0069,commentary,commentary_support,柯琴《傷寒來蘇集》對本條有注（對齊相似度1.00）。,傷寒來蘇集:p110,,,,,,,,,,,,
REL_02146,SHL_SONGBEN_0037,clause,CR_LAISU_0070,commentary,commentary_support,柯琴《傷寒來蘇集》對本條有注（對齊相似度0.94）。,傷寒來蘇集:p111,,,,,,,,,,,,
REL_02147,SHL_SONGBEN_0023,clause,CR_LAISU_0032,commentary,commentary_support,柯琴《傷寒來蘇集》對本條有注（對齊相似度0.94）。,傷寒來蘇集:p114,,,,,,,,,,,,
REL_02148,SHL_SONGBEN_0027,clause,CR_LAISU_0033,commentary,commentary_support,柯琴《傷寒來蘇集》對本條有注（對齊相似度0.87）。,傷寒來蘇集:p116,,,,,,,,,,,,
REL_02149,SHL_SONGBEN_0075,clause,CR_LAISU_0073,commentary,commentary_support,柯琴《傷寒來蘇集》對本條有注（對齊相似度0.75）。,傷寒來蘇集:p117,,,,,,,,,,,,
REL_02150,SHL_SONGBEN_0122,clause,CR_LAISU_0074,commentary,commentary_support,柯琴《傷寒來蘇集》對本條有注（對齊相似度1.00）。,傷寒來蘇集:p118,,,,,,,,,,,,
REL_02151,SHL_SONGBEN_0089,clause,CR_LAISU_0075,commentary,commentary_support,柯琴《傷寒來蘇集》對本條有注（對齊相似度1.00）。,傷寒來蘇集:p119,,,,,,,,,,,,
REL_02152,SHL_SONGBEN_0066,clause,CR_LAISU_0076,commentary,commentary_support,柯琴《傷寒來蘇集》對本條有注（對齊相似度0.84）。,傷寒來蘇集:p120,,,,,,,,,,,,
REL_02153,SHL_SONGBEN_0088,clause,CR_LAISU_0077,commentary,commentary_support,柯琴《傷寒來蘇集》對本條有注（對齊相似度1.00）。,傷寒來蘇集:p122,,,,,,,,,,,,
REL_02154,SHL_SONGBEN_0063,clause,CR_LAISU_0078,commentary,commentary_support,柯琴《傷寒來蘇集》對本條有注（對齊相似度0.65）。,傷寒來蘇集:p124,,,,,,,,,,,,
REL_02155,SHL_SONGBEN_0262,clause,CR_LAISU_0079,commentary,commentary_support,柯琴《傷寒來蘇集》對本條有注（對齊相似度0.81）。,傷寒來蘇集:p126,,,,,,,,,,,,
REL_02156,SHL_SONGBEN_0014,clause,CR_LAISU_0080,commentary,commentary_support,柯琴《傷寒來蘇集》對本條有注（對齊相似度0.81）。,傷寒來蘇集:p128,,,,,,,,,,,,
REL_02157,SHL_SONGBEN_0032,clause,CR_LAISU_0081,commentary,commentary_support,柯琴《傷寒來蘇集》對本條有注（對齊相似度0.90）。,傷寒來蘇集:p129,,,,,,,,,,,,
REL_02158,SHL_SONGBEN_0033,clause,CR_LAISU_0082,commentary,commentary_support,柯琴《傷寒來蘇集》對本條有注（對齊相似度0.95）。,傷寒來蘇集:p130,,,,,,,,,,,,
REL_02159,SHL_SONGBEN_0038,clause,CR_LAISU_0083,commentary,commentary_support,柯琴《傷寒來蘇集》對本條有注（對齊相似度0.68）。,傷寒來蘇集:p134,,,,,,,,,,,,
REL_02160,SHL_SONGBEN_0039,clause,CR_LAISU_0084,commentary,commentary_support,柯琴《傷寒來蘇集》對本條有注（對齊相似度0.75）。,傷寒來蘇集:p135,,,,,,,,,,,,
REL_02161,SHL_SONGBEN_0038,clause,CR_LAISU_0083,commentary,commentary_support,柯琴《傷寒來蘇集》對本條有注（對齊相似度0.62）。,傷寒來蘇集:p136,,,,,,,,,,,,
REL_02162,SHL_SONGBEN_0040,clause,CR_LAISU_0086,commentary,commentary_support,柯琴《傷寒來蘇集》對本條有注（對齊相似度1.00）。,傷寒來蘇集:p138,,,,,,,,,,,,
REL_02163,SHL_SONGBEN_0041,clause,CR_LAISU_0087,commentary,commentary_support,柯琴《傷寒來蘇集》對本條有注（對齊相似度0.94）。,傷寒來蘇集:p140,,,,,,,,,,,,
REL_02164,SHL_SONGBEN_0074,clause,CR_LAISU_0088,commentary,commentary_support,柯琴《傷寒來蘇集》對本條有注（對齊相似度0.85）。,傷寒來蘇集:p141,,,,,,,,,,,,
REL_02165,SHL_SONGBEN_0072,clause,CR_LAISU_0089,commentary,commentary_support,柯琴《傷寒來蘇集》對本條有注（對齊相似度1.00）。,傷寒來蘇集:p142,,,,,,,,,,,,
REL_02166,SHL_SONGBEN_0071,clause,CR_LAISU_0090,commentary,commentary_support,柯琴《傷寒來蘇集》對本條有注（對齊相似度0.94）。,傷寒來蘇集:p143,,,,,,,,,,,,
REL_02167,SHL_SONGBEN_0127,clause,CR_LAISU_0091,commentary,commentary_support,柯琴《傷寒來蘇集》對本條有注（對齊相似度0.86）。,傷寒來蘇集:p146,,,,,,,,,,,,
REL_02168,SHL_SONGBEN_0073,clause,CR_LAISU_0092,commentary,commentary_support,柯琴《傷寒來蘇集》對本條有注（對齊相似度0.88）。,傷寒來蘇集:p147,,,,,,,,,,,,
REL_02169,SHL_SONGBEN_0156,clause,CR_LAISU_0093,commentary,commentary_support,柯琴《傷寒來蘇集》對本條有注（對齊相似度1.00）。,傷寒來蘇集:p148,,,,,,,,,,,,
REL_02170,SHL_SONGBEN_0059,clause,CR_LAISU_0094,commentary,commentary_support,柯琴《傷寒來蘇集》對本條有注（對齊相似度0.74）。,傷寒來蘇集:p149,,,,,,,,,,,,
REL_02171,SHL_SONGBEN_0356,clause,CR_LAISU_0095,commentary,commentary_support,柯琴《傷寒來蘇集》對本條有注（對齊相似度0.89）。,傷寒來蘇集:p151,,,,,,,,,,,,
REL_02172,SHL_SONGBEN_0152,clause,CR_LAISU_0096,commentary,commentary_support,柯琴《傷寒來蘇集》對本條有注（對齊相似度0.93）。,傷寒來蘇集:p153,,,,,,,,,,,,
REL_02173,SHL_SONGBEN_0131,clause,CR_LAISU_0097,commentary,commentary_support,柯琴《傷寒來蘇集》對本條有注（對齊相似度0.73）。,傷寒來蘇集:p155,,,,,,,,,,,,
REL_02174,SHL_SONGBEN_0135,clause,CR_LAISU_0098,commentary,commentary_support,柯琴《傷寒來蘇集》對本條有注（對齊相似度0.86）。,傷寒來蘇集:p157,,,,,,,,,,,,
REL_02175,SHL_SONGBEN_0137,clause,CR_LAISU_0099,commentary,commentary_support,柯琴《傷寒來蘇集》對本條有注（對齊相似度0.85）。,傷寒來蘇集:p158,,,,,,,,,,,,
REL_02176,SHL_SONGBEN_0138,clause,CR_LAISU_0100,commentary,commentary_support,柯琴《傷寒來蘇集》對本條有注（對齊相似度1.00）。,傷寒來蘇集:p161,,,,,,,,,,,,
REL_02177,SHL_SONGBEN_0133,clause,CR_LAISU_0101,commentary,commentary_support,柯琴《傷寒來蘇集》對本條有注（對齊相似度0.71）。,傷寒來蘇集:p163,,,,,,,,,,,,
REL_02178,SHL_SONGBEN_0130,clause,CR_LAISU_0102,commentary,commentary_support,柯琴《傷寒來蘇集》對本條有注（對齊相似度0.91）。,傷寒來蘇集:p164,,,,,,,,,,,,
REL_02179,SHL_SONGBEN_0167,clause,CR_LAISU_0103,commentary,commentary_support,柯琴《傷寒來蘇集》對本條有注（對齊相似度0.71）。,傷寒來蘇集:p165,,,,,,,,,,,,
REL_02180,SHL_SONGBEN_0158,clause,CR_LAISU_0104,commentary,commentary_support,柯琴《傷寒來蘇集》對本條有注（對齊相似度0.95）。,傷寒來蘇集:p168,,,,,,,,,,,,
REL_02181,SHL_SONGBEN_0149,clause,CR_LAISU_0105,commentary,commentary_support,柯琴《傷寒來蘇集》對本條有注（對齊相似度0.63）。,傷寒來蘇集:p169,,,,,,,,,,,,
REL_02182,SHL_SONGBEN_0160,clause,CR_LAISU_0106,commentary,commentary_support,柯琴《傷寒來蘇集》對本條有注（對齊相似度0.88）。,傷寒來蘇集:p171,,,,,,,,,,,,
REL_02183,SHL_SONGBEN_0153,clause,CR_LAISU_0107,commentary,commentary_support,柯琴《傷寒來蘇集》對本條有注（對齊相似度0.83）。,傷寒來蘇集:p172,,,,,,,,,,,,
REL_02184,SHL_SONGBEN_0359,clause,CR_LAISU_0108,commentary,commentary_support,柯琴《傷寒來蘇集》對本條有注（對齊相似度0.85）。,傷寒來蘇集:p173,,,,,,,,,,,,
REL_02185,SHL_SONGBEN_0159,clause,CR_LAISU_0109,commentary,commentary_support,柯琴《傷寒來蘇集》對本條有注（對齊相似度0.95）。,傷寒來蘇集:p177,,,,,,,,,,,,
REL_02186,SHL_SONGBEN_0161,clause,CR_LAISU_0110,commentary,commentary_support,柯琴《傷寒來蘇集》對本條有注（對齊相似度0.86）。,傷寒來蘇集:p179,,,,,,,,,,,,
REL_02187,SHL_SONGBEN_0124,clause,CR_LAISU_0111,commentary,commentary_support,柯琴《傷寒來蘇集》對本條有注（對齊相似度0.88）。,傷寒來蘇集:p181,,,,,,,,,,,,
REL_02188,SHL_SONGBEN_0125,clause,CR_LAISU_0112,commentary,commentary_support,柯琴《傷寒來蘇集》對本條有注（對齊相似度0.86）。,傷寒來蘇集:p182,,,,,,,,,,,,
REL_02189,SHL_SONGBEN_0126,clause,CR_LAISU_0113,commentary,commentary_support,柯琴《傷寒來蘇集》對本條有注（對齊相似度1.00）。,傷寒來蘇集:p183,,,,,,,,,,,,
REL_02190,SHL_SONGBEN_0106,clause,CR_LAISU_0114,commentary,commentary_support,柯琴《傷寒來蘇集》對本條有注（對齊相似度0.94）。,傷寒來蘇集:p186,,,,,,,,,,,,
REL_02191,SHL_SONGBEN_0257,clause,CR_LAISU_0115,commentary,commentary_support,柯琴《傷寒來蘇集》對本條有注（對齊相似度0.76）。,傷寒來蘇集:p188,,,,,,,,,,,,
REL_02192,SHL_SONGBEN_0111,clause,CR_LAISU_0116,commentary,commentary_support,柯琴《傷寒來蘇集》對本條有注（對齊相似度0.89）。,傷寒來蘇集:p189,,,,,,,,,,,,
REL_02193,SHL_SONGBEN_0110,clause,CR_LAISU_0117,commentary,commentary_support,柯琴《傷寒來蘇集》對本條有注（對齊相似度0.90）。,傷寒來蘇集:p190,,,,,,,,,,,,
REL_02194,SHL_SONGBEN_0114,clause,CR_LAISU_0118,commentary,commentary_support,柯琴《傷寒來蘇集》對本條有注（對齊相似度0.75）。,傷寒來蘇集:p191,,,,,,,,,,,,
REL_02195,SHL_SONGBEN_0112,clause,CR_LAISU_0056,commentary,commentary_support,柯琴《傷寒來蘇集》對本條有注（對齊相似度0.83）。,傷寒來蘇集:p192,,,,,,,,,,,,
REL_02196,SHL_SONGBEN_0119,clause,CR_LAISU_0120,commentary,commentary_support,柯琴《傷寒來蘇集》對本條有注（對齊相似度0.80）。,傷寒來蘇集:p193,,,,,,,,,,,,
REL_02197,SHL_SONGBEN_0118,clause,CR_LAISU_0057,commentary,commentary_support,柯琴《傷寒來蘇集》對本條有注（對齊相似度0.90）。,傷寒來蘇集:p195,,,,,,,,,,,,
REL_02198,SHL_SONGBEN_0117,clause,CR_LAISU_0055,commentary,commentary_support,柯琴《傷寒來蘇集》對本條有注（對齊相似度0.80）。,傷寒來蘇集:p197,,,,,,,,,,,,
REL_02199,SHL_SONGBEN_0116,clause,CR_LAISU_0123,commentary,commentary_support,柯琴《傷寒來蘇集》對本條有注（對齊相似度0.74）。,傷寒來蘇集:p198,,,,,,,,,,,,
REL_02200,SHL_SONGBEN_0006,clause,CR_LAISU_0124,commentary,commentary_support,柯琴《傷寒來蘇集》對本條有注（對齊相似度0.70）。,傷寒來蘇集:p204,,,,,,,,,,,,
REL_02201,SHL_SONGBEN_0174,clause,CR_LAISU_0125,commentary,commentary_support,柯琴《傷寒來蘇集》對本條有注（對齊相似度0.90）。,傷寒來蘇集:p206,,,,,,,,,,,,
REL_02202,SHL_SONGBEN_0175,clause,CR_LAISU_0126,commentary,commentary_support,柯琴《傷寒來蘇集》對本條有注（對齊相似度0.89）。,傷寒來蘇集:p209,,,,,,,,,,,,
REL_02203,SHL_SONGBEN_0180,clause,CR_LAISU_0127,commentary,commentary_support,柯琴《傷寒來蘇集》對本條有注（對齊相似度0.82）。,傷寒來蘇集:p219,,,,,,,,,,,,
REL_02204,SHL_SONGBEN_0182,clause,CR_LAISU_0128,commentary,commentary_support,柯琴《傷寒來蘇集》對本條有注（對齊相似度1.00）。,傷寒來蘇集:p220,,,,,,,,,,,,
REL_02205,SHL_SONGBEN_0201,clause,CR_LAISU_0129,commentary,commentary_support,柯琴《傷寒來蘇集》對本條有注（對齊相似度1.00）。,傷寒來蘇集:p221,,,,,,,,,,,,
REL_02206,SHL_SONGBEN_0186,clause,CR_LAISU_0130,commentary,commentary_support,柯琴《傷寒來蘇集》對本條有注（對齊相似度1.00）。,傷寒來蘇集:p222,,,,,,,,,,,,
REL_02207,SHL_SONGBEN_0205,clause,CR_LAISU_0131,commentary,commentary_support,柯琴《傷寒來蘇集》對本條有注（對齊相似度1.00）。,傷寒來蘇集:p224,,,,,,,,,,,,
REL_02208,SHL_SONGBEN_0204,clause,CR_LAISU_0132,commentary,commentary_support,柯琴《傷寒來蘇集》對本條有注（對齊相似度1.00）。,傷寒來蘇集:p225,,,,,,,,,,,,
REL_02209,SHL_SONGBEN_0233,clause,CR_LAISU_0133,commentary,commentary_support,柯琴《傷寒來蘇集》對本條有注（對齊相似度0.91）。,傷寒來蘇集:p226,,,,,,,,,,,,
REL_02210,SHL_SONGBEN_0203,clause,CR_LAISU_0134,commentary,commentary_support,柯琴《傷寒來蘇集》對本條有注（對齊相似度1.00）。,傷寒來蘇集:p227,,,,,,,,,,,,
REL_02211,SHL_SONGBEN_0183,clause,CR_LAISU_0135,commentary,commentary_support,柯琴《傷寒來蘇集》對本條有注（對齊相似度1.00）。,傷寒來蘇集:p230,,,,,,,,,,,,
REL_02212,SHL_SONGBEN_0184,clause,CR_LAISU_0136,commentary,commentary_support,柯琴《傷寒來蘇集》對本條有注（對齊相似度0.96）。,傷寒來蘇集:p231,,,,,,,,,,,,
REL_02213,SHL_SONGBEN_0181,clause,CR_LAISU_0137,commentary,commentary_support,柯琴《傷寒來蘇集》對本條有注（對齊相似度0.77）。,傷寒來蘇集:p232,,,,,,,,,,,,
REL_02214,SHL_SONGBEN_0245,clause,CR_LAISU_0138,commentary,commentary_support,柯琴《傷寒來蘇集》對本條有注（對齊相似度0.92）。,傷寒來蘇集:p233,,,,,,,,,,,,
REL_02215,SHL_SONGBEN_0188,clause,CR_LAISU_0139,commentary,commentary_support,柯琴《傷寒來蘇集》對本條有注（對齊相似度0.86）。,傷寒來蘇集:p235,,,,,,,,,,,,
REL_02216,SHL_SONGBEN_0185,clause,CR_LAISU_0140,commentary,commentary_support,柯琴《傷寒來蘇集》對本條有注（對齊相似度0.73）。,傷寒來蘇集:p236,,,,,,,,,,,,
REL_02217,SHL_SONGBEN_0244,clause,CR_LAISU_0141,commentary,commentary_support,柯琴《傷寒來蘇集》對本條有注（對齊相似度0.91）。,傷寒來蘇集:p237,,,,,,,,,,,,
REL_02218,SHL_SONGBEN_0187,clause,CR_LAISU_0142,commentary,commentary_support,柯琴《傷寒來蘇集》對本條有注（對齊相似度0.92）。,傷寒來蘇集:p238,,,,,,,,,,,,
REL_02219,SHL_SONGBEN_0234,clause,CR_LAISU_0143,commentary,commentary_support,柯琴《傷寒來蘇集》對本條有注（對齊相似度0.76）。,傷寒來蘇集:p240,,,,,,,,,,,,
REL_02220,SHL_SONGBEN_0201,clause,CR_LAISU_0129,commentary,commentary_support,柯琴《傷寒來蘇集》對本條有注（對齊相似度1.00）。,傷寒來蘇集:p241,,,,,,,,,,,,
REL_02221,SHL_SONGBEN_0196,clause,CR_LAISU_0145,commentary,commentary_support,柯琴《傷寒來蘇集》對本條有注（對齊相似度0.77）。,傷寒來蘇集:p243,,,,,,,,,,,,
REL_02222,SHL_SONGBEN_0197,clause,CR_LAISU_0146,commentary,commentary_support,柯琴《傷寒來蘇集》對本條有注（對齊相似度1.00）。,傷寒來蘇集:p244,,,,,,,,,,,,
REL_02223,SHL_SONGBEN_0198,clause,CR_LAISU_0147,commentary,commentary_support,柯琴《傷寒來蘇集》對本條有注（對齊相似度0.88）。,傷寒來蘇集:p245,,,,,,,,,,,,
REL_02224,SHL_SONGBEN_0202,clause,CR_LAISU_0148,commentary,commentary_support,柯琴《傷寒來蘇集》對本條有注（對齊相似度0.70）。,傷寒來蘇集:p246,,,,,,,,,,,,
REL_02225,SHL_SONGBEN_0218,clause,CR_LAISU_0149,commentary,commentary_support,柯琴《傷寒來蘇集》對本條有注（對齊相似度1.00）。,傷寒來蘇集:p247,,,,,,,,,,,,
REL_02226,SHL_SONGBEN_0211,clause,CR_LAISU_0150,commentary,commentary_support,柯琴《傷寒來蘇集》對本條有注（對齊相似度1.00）。,傷寒來蘇集:p248,,,,,,,,,,,,
REL_02227,SHL_SONGBEN_0216,clause,CR_LAISU_0151,commentary,commentary_support,柯琴《傷寒來蘇集》對本條有注（對齊相似度0.91）。,傷寒來蘇集:p251,,,,,,,,,,,,
REL_02228,SHL_SONGBEN_0143,clause,CR_LAISU_0152,commentary,commentary_support,柯琴《傷寒來蘇集》對本條有注（對齊相似度0.92）。,傷寒來蘇集:p252,,,,,,,,,,,,
REL_02229,SHL_SONGBEN_0145,clause,CR_LAISU_0153,commentary,commentary_support,柯琴《傷寒來蘇集》對本條有注（對齊相似度0.89）。,傷寒來蘇集:p253,,,,,,,,,,,,
REL_02230,SHL_SONGBEN_0189,clause,CR_LAISU_0154,commentary,commentary_support,柯琴《傷寒來蘇集》對本條有注（對齊相似度1.00）。,傷寒來蘇集:p254,,,,,,,,,,,,
REL_02231,SHL_SONGBEN_0231,clause,CR_LAISU_0155,commentary,commentary_support,柯琴《傷寒來蘇集》對本條有注（對齊相似度0.79）。,傷寒來蘇集:p255,,,,,,,,,,,,
REL_02232,SHL_SONGBEN_0190,clause,CR_LAISU_0156,commentary,commentary_support,柯琴《傷寒來蘇集》對本條有注（對齊相似度1.00）。,傷寒來蘇集:p256,,,,,,,,,,,,
REL_02233,SHL_SONGBEN_0191,clause,CR_LAISU_0157,commentary,commentary_support,柯琴《傷寒來蘇集》對本條有注（對齊相似度0.97）。,傷寒來蘇集:p257,,,,,,,,,,,,
REL_02234,SHL_SONGBEN_0194,clause,CR_LAISU_0158,commentary,commentary_support,柯琴《傷寒來蘇集》對本條有注（對齊相似度0.94）。,傷寒來蘇集:p258,,,,,,,,,,,,
REL_02235,SHL_SONGBEN_0226,clause,CR_LAISU_0159,commentary,commentary_support,柯琴《傷寒來蘇集》對本條有注（對齊相似度1.00）。,傷寒來蘇集:p259,,,,,,,,,,,,
REL_02236,SHL_SONGBEN_0195,clause,CR_LAISU_0160,commentary,commentary_support,柯琴《傷寒來蘇集》對本條有注（對齊相似度0.91）。,傷寒來蘇集:p260,,,,,,,,,,,,
REL_02237,SHL_SONGBEN_0333,clause,CR_LAISU_0161,commentary,commentary_support,柯琴《傷寒來蘇集》對本條有注（對齊相似度1.00）。,傷寒來蘇集:p261,,,,,,,,,,,,
REL_02238,SHL_SONGBEN_0192,clause,CR_LAISU_0162,commentary,commentary_support,柯琴《傷寒來蘇集》對本條有注（對齊相似度0.86）。,傷寒來蘇集:p262,,,,,,,,,,,,
REL_02239,SHL_SONGBEN_0380,clause,CR_LAISU_0163,commentary,commentary_support,柯琴《傷寒來蘇集》對本條有注（對齊相似度0.91）。,傷寒來蘇集:p264,,,,,,,,,,,,
REL_02240,SHL_SONGBEN_0193,clause,CR_LAISU_0164,commentary,commentary_support,柯琴《傷寒來蘇集》對本條有注（對齊相似度0.80）。,傷寒來蘇集:p265,,,,,,,,,,,,
REL_02241,SHL_SONGBEN_0221,clause,CR_LAISU_0165,commentary,commentary_support,柯琴《傷寒來蘇集》對本條有注（對齊相似度0.92）。,傷寒來蘇集:p266,,,,,,,,,,,,
REL_02242,SHL_SONGBEN_0222,clause,CR_LAISU_0166,commentary,commentary_support,柯琴《傷寒來蘇集》對本條有注（對齊相似度1.00）。,傷寒來蘇集:p267,,,,,,,,,,,,
REL_02243,SHL_SONGBEN_0223,clause,CR_LAISU_0167,commentary,commentary_support,柯琴《傷寒來蘇集》對本條有注（對齊相似度1.00）。,傷寒來蘇集:p268,,,,,,,,,,,,
REL_02244,SHL_SONGBEN_0076,clause,CR_LAISU_0168,commentary,commentary_support,柯琴《傷寒來蘇集》對本條有注（對齊相似度0.79）。,傷寒來蘇集:p269,,,,,,,,,,,,
REL_02245,SHL_SONGBEN_0077,clause,CR_LAISU_0169,commentary,commentary_support,柯琴《傷寒來蘇集》對本條有注（對齊相似度0.91）。,傷寒來蘇集:p270,,,,,,,,,,,,
REL_02246,SHL_SONGBEN_0375,clause,CR_LAISU_0170,commentary,commentary_support,柯琴《傷寒來蘇集》對本條有注（對齊相似度0.92）。,傷寒來蘇集:p271,,,,,,,,,,,,
REL_02247,SHL_SONGBEN_0228,clause,CR_LAISU_0171,commentary,commentary_support,柯琴《傷寒來蘇集》對本條有注（對齊相似度0.94）。,傷寒來蘇集:p272,,,,,,,,,,,,
REL_02248,SHL_SONGBEN_0078,clause,CR_LAISU_0172,commentary,commentary_support,柯琴《傷寒來蘇集》對本條有注（對齊相似度0.94）。,傷寒來蘇集:p273,,,,,,,,,,,,
REL_02249,SHL_SONGBEN_0080,clause,CR_LAISU_0173,commentary,commentary_support,柯琴《傷寒來蘇集》對本條有注（對齊相似度1.00）。,傷寒來蘇集:p277,,,,,,,,,,,,
REL_02250,SHL_SONGBEN_0079,clause,CR_LAISU_0174,commentary,commentary_support,柯琴《傷寒來蘇集》對本條有注（對齊相似度0.84）。,傷寒來蘇集:p278,,,,,,,,,,,,
REL_02251,SHL_SONGBEN_0261,clause,CR_LAISU_0175,commentary,commentary_support,柯琴《傷寒來蘇集》對本條有注（對齊相似度0.64）。,傷寒來蘇集:p281,,,,,,,,,,,,
REL_02252,SHL_SONGBEN_0200,clause,CR_LAISU_0176,commentary,commentary_support,柯琴《傷寒來蘇集》對本條有注（對齊相似度1.00）。,傷寒來蘇集:p283,,,,,,,,,,,,
REL_02253,SHL_SONGBEN_0206,clause,CR_LAISU_0177,commentary,commentary_support,柯琴《傷寒來蘇集》對本條有注（對齊相似度0.68）。,傷寒來蘇集:p284,,,,,,,,,,,,
REL_02254,SHL_SONGBEN_0081,clause,CR_LAISU_0178,commentary,commentary_support,柯琴《傷寒來蘇集》對本條有注（對齊相似度1.00）。,傷寒來蘇集:p285,,,,,,,,,,,,
REL_02255,SHL_SONGBEN_0166,clause,CR_LAISU_0179,commentary,commentary_support,柯琴《傷寒來蘇集》對本條有注（對齊相似度0.93）。,傷寒來蘇集:p286,,,,,,,,,,,,
REL_02256,SHL_SONGBEN_0355,clause,CR_LAISU_0180,commentary,commentary_support,柯琴《傷寒來蘇集》對本條有注（對齊相似度0.96）。,傷寒來蘇集:p287,,,,,,,,,,,,
REL_02257,SHL_SONGBEN_0324,clause,CR_LAISU_0181,commentary,commentary_support,柯琴《傷寒來蘇集》對本條有注（對齊相似度0.96）。,傷寒來蘇集:p288,,,,,,,,,,,,
REL_02258,SHL_SONGBEN_0120,clause,CR_LAISU_0182,commentary,commentary_support,柯琴《傷寒來蘇集》對本條有注（對齊相似度0.96）。,傷寒來蘇集:p290,,,,,,,,,,,,
REL_02259,SHL_SONGBEN_0121,clause,CR_LAISU_0183,commentary,commentary_support,柯琴《傷寒來蘇集》對本條有注（對齊相似度1.00）。,傷寒來蘇集:p291,,,,,,,,,,,,
REL_02260,SHL_SONGBEN_0170,clause,CR_LAISU_0184,commentary,commentary_support,柯琴《傷寒來蘇集》對本條有注（對齊相似度0.95）。,傷寒來蘇集:p292,,,,,,,,,,,,
REL_02261,SHL_SONGBEN_0026,clause,CR_LAISU_0185,commentary,commentary_support,柯琴《傷寒來蘇集》對本條有注（對齊相似度1.00）。,傷寒來蘇集:p293,,,,,,,,,,,,
REL_02262,SHL_SONGBEN_0169,clause,CR_LAISU_0186,commentary,commentary_support,柯琴《傷寒來蘇集》對本條有注（對齊相似度1.00）。,傷寒來蘇集:p294,,,,,,,,,,,,
REL_02263,SHL_SONGBEN_0168,clause,CR_LAISU_0187,commentary,commentary_support,柯琴《傷寒來蘇集》對本條有注（對齊相似度0.91）。,傷寒來蘇集:p295,,,,,,,,,,,,
REL_02264,SHL_SONGBEN_0222,clause,CR_LAISU_0166,commentary,commentary_support,柯琴《傷寒來蘇集》對本條有注（對齊相似度0.92）。,傷寒來蘇集:p296,,,,,,,,,,,,
REL_02265,SHL_SONGBEN_0219,clause,CR_LAISU_0189,commentary,commentary_support,柯琴《傷寒來蘇集》對本條有注（對齊相似度0.84）。,傷寒來蘇集:p297,,,,,,,,,,,,
REL_02266,SHL_SONGBEN_0176,clause,CR_LAISU_0190,commentary,commentary_support,柯琴《傷寒來蘇集》對本條有注（對齊相似度0.79）。,傷寒來蘇集:p299,,,,,,,,,,,,
REL_02267,SHL_SONGBEN_0350,clause,CR_LAISU_0191,commentary,commentary_support,柯琴《傷寒來蘇集》對本條有注（對齊相似度0.90）。,傷寒來蘇集:p300,,,,,,,,,,,,
REL_02268,SHL_SONGBEN_0236,clause,CR_LAISU_0192,commentary,commentary_support,柯琴《傷寒來蘇集》對本條有注（對齊相似度0.82）。,傷寒來蘇集:p303,,,,,,,,,,,,
REL_02269,SHL_SONGBEN_0260,clause,CR_LAISU_0193,commentary,commentary_support,柯琴《傷寒來蘇集》對本條有注（對齊相似度1.00）。,傷寒來蘇集:p304,,,,,,,,,,,,
REL_02270,SHL_SONGBEN_0259,clause,CR_LAISU_0194,commentary,commentary_support,柯琴《傷寒來蘇集》對本條有注（對齊相似度0.84）。,傷寒來蘇集:p306,,,,,,,,,,,,
REL_02271,SHL_SONGBEN_0240,clause,CR_LAISU_0195,commentary,commentary_support,柯琴《傷寒來蘇集》對本條有注（對齊相似度0.76）。,傷寒來蘇集:p308,,,,,,,,,,,,
REL_02272,SHL_SONGBEN_0248,clause,CR_LAISU_0196,commentary,commentary_support,柯琴《傷寒來蘇集》對本條有注（對齊相似度0.76）。,傷寒來蘇集:p309,,,,,,,,,,,,
REL_02273,SHL_SONGBEN_0070,clause,CR_LAISU_0197,commentary,commentary_support,柯琴《傷寒來蘇集》對本條有注（對齊相似度0.90）。,傷寒來蘇集:p310,,,,,,,,,,,,
REL_02274,SHL_SONGBEN_0249,clause,CR_LAISU_0198,commentary,commentary_support,柯琴《傷寒來蘇集》對本條有注（對齊相似度1.00）。,傷寒來蘇集:p312,,,,,,,,,,,,
REL_02275,SHL_SONGBEN_0207,clause,CR_LAISU_0199,commentary,commentary_support,柯琴《傷寒來蘇集》對本條有注（對齊相似度1.00）。,傷寒來蘇集:p313,,,,,,,,,,,,
REL_02276,SHL_SONGBEN_0123,clause,CR_LAISU_0200,commentary,commentary_support,柯琴《傷寒來蘇集》對本條有注（對齊相似度0.69）。,傷寒來蘇集:p314,,,,,,,,,,,,
REL_02277,SHL_SONGBEN_0105,clause,CR_LAISU_0201,commentary,commentary_support,柯琴《傷寒來蘇集》對本條有注（對齊相似度0.90）。,傷寒來蘇集:p315,,,,,,,,,,,,
REL_02278,SHL_SONGBEN_0250,clause,CR_LAISU_0202,commentary,commentary_support,柯琴《傷寒來蘇集》對本條有注（對齊相似度0.89）。,傷寒來蘇集:p316,,,,,,,,,,,,
REL_02279,SHL_SONGBEN_0251,clause,CR_LAISU_0203,commentary,commentary_support,柯琴《傷寒來蘇集》對本條有注（對齊相似度0.91）。,傷寒來蘇集:p317,,,,,,,,,,,,
REL_02280,SHL_SONGBEN_0208,clause,CR_LAISU_0204,commentary,commentary_support,柯琴《傷寒來蘇集》對本條有注（對齊相似度0.92）。,傷寒來蘇集:p318,,,,,,,,,,,,
REL_02281,SHL_SONGBEN_0209,clause,CR_LAISU_0205,commentary,commentary_support,柯琴《傷寒來蘇集》對本條有注（對齊相似度0.91）。,傷寒來蘇集:p319,,,,,,,,,,,,
REL_02282,SHL_SONGBEN_0214,clause,CR_LAISU_0206,commentary,commentary_support,柯琴《傷寒來蘇集》對本條有注（對齊相似度0.95）。,傷寒來蘇集:p320,,,,,,,,,,,,
REL_02283,SHL_SONGBEN_0212,clause,CR_LAISU_0207,commentary,commentary_support,柯琴《傷寒來蘇集》對本條有注（對齊相似度0.94）。,傷寒來蘇集:p321,,,,,,,,,,,,
REL_02284,SHL_SONGBEN_0213,clause,CR_LAISU_0208,commentary,commentary_support,柯琴《傷寒來蘇集》對本條有注（對齊相似度0.96）。,傷寒來蘇集:p322,,,,,,,,,,,,
REL_02285,SHL_SONGBEN_0374,clause,CR_LAISU_0209,commentary,commentary_support,柯琴《傷寒來蘇集》對本條有注（對齊相似度1.00）。,傷寒來蘇集:p323,,,,,,,,,,,,
REL_02286,SHL_SONGBEN_0217,clause,CR_LAISU_0210,commentary,commentary_support,柯琴《傷寒來蘇集》對本條有注（對齊相似度0.85）。,傷寒來蘇集:p324,,,,,,,,,,,,
REL_02287,SHL_SONGBEN_0215,clause,CR_LAISU_0211,commentary,commentary_support,柯琴《傷寒來蘇集》對本條有注（對齊相似度0.88）。,傷寒來蘇集:p325,,,,,,,,,,,,
REL_02288,SHL_SONGBEN_0238,clause,CR_LAISU_0212,commentary,commentary_support,柯琴《傷寒來蘇集》對本條有注（對齊相似度0.86）。,傷寒來蘇集:p326,,,,,,,,,,,,
REL_02289,SHL_SONGBEN_0239,clause,CR_LAISU_0213,commentary,commentary_support,柯琴《傷寒來蘇集》對本條有注（對齊相似度0.92）。,傷寒來蘇集:p327,,,,,,,,,,,,
REL_02290,SHL_SONGBEN_0242,clause,CR_LAISU_0214,commentary,commentary_support,柯琴《傷寒來蘇集》對本條有注（對齊相似度1.00）。,傷寒來蘇集:p328,,,,,,,,,,,,
REL_02291,SHL_SONGBEN_0241,clause,CR_LAISU_0215,commentary,commentary_support,柯琴《傷寒來蘇集》對本條有注（對齊相似度0.96）。,傷寒來蘇集:p329,,,,,,,,,,,,
REL_02292,SHL_SONGBEN_0255,clause,CR_LAISU_0216,commentary,commentary_support,柯琴《傷寒來蘇集》對本條有注（對齊相似度1.00）。,傷寒來蘇集:p331,,,,,,,,,,,,
REL_02293,SHL_SONGBEN_0220,clause,CR_LAISU_0217,commentary,commentary_support,柯琴《傷寒來蘇集》對本條有注（對齊相似度0.85）。,傷寒來蘇集:p332,,,,,,,,,,,,
REL_02294,SHL_SONGBEN_0254,clause,CR_LAISU_0218,commentary,commentary_support,柯琴《傷寒來蘇集》對本條有注（對齊相似度1.00）。,傷寒來蘇集:p333,,,,,,,,,,,,
REL_02295,SHL_SONGBEN_0253,clause,CR_LAISU_0219,commentary,commentary_support,柯琴《傷寒來蘇集》對本條有注（對齊相似度1.00）。,傷寒來蘇集:p334,,,,,,,,,,,,
REL_02296,SHL_SONGBEN_0252,clause,CR_LAISU_0220,commentary,commentary_support,柯琴《傷寒來蘇集》對本條有注（對齊相似度1.00）。,傷寒來蘇集:p335,,,,,,,,,,,,
REL_02297,SHL_SONGBEN_0320,clause,CR_LAISU_0221,commentary,commentary_support,柯琴《傷寒來蘇集》對本條有注（對齊相似度0.74）。,傷寒來蘇集:p336,,,,,,,,,,,,
REL_02298,SHL_SONGBEN_0321,clause,CR_LAISU_0222,commentary,commentary_support,柯琴《傷寒來蘇集》對本條有注（對齊相似度0.86）。,傷寒來蘇集:p337,,,,,,,,,,,,
REL_02299,SHL_SONGBEN_0322,clause,CR_LAISU_0223,commentary,commentary_support,柯琴《傷寒來蘇集》對本條有注（對齊相似度1.00）。,傷寒來蘇集:p338,,,,,,,,,,,,
REL_02300,SHL_SONGBEN_0265,clause,CR_LAISU_0224,commentary,commentary_support,柯琴《傷寒來蘇集》對本條有注（對齊相似度0.94）。,傷寒來蘇集:p343,,,,,,,,,,,,
REL_02301,SHL_SONGBEN_0264,clause,CR_LAISU_0225,commentary,commentary_support,柯琴《傷寒來蘇集》對本條有注（對齊相似度1.00）。,傷寒來蘇集:p344,,,,,,,,,,,,
REL_02302,SHL_SONGBEN_0271,clause,CR_LAISU_0226,commentary,commentary_support,柯琴《傷寒來蘇集》對本條有注（對齊相似度1.00）。,傷寒來蘇集:p345,,,,,,,,,,,,
REL_02303,SHL_SONGBEN_0272,clause,CR_LAISU_0227,commentary,commentary_support,柯琴《傷寒來蘇集》對本條有注（對齊相似度1.00）。,傷寒來蘇集:p346,,,,,,,,,,,,
REL_02304,SHL_SONGBEN_0142,clause,CR_LAISU_0228,commentary,commentary_support,柯琴《傷寒來蘇集》對本條有注（對齊相似度0.87）。,傷寒來蘇集:p347,,,,,,,,,,,,
REL_02305,SHL_SONGBEN_0150,clause,CR_LAISU_0229,commentary,commentary_support,柯琴《傷寒來蘇集》對本條有注（對齊相似度0.68）。,傷寒來蘇集:p348,,,,,,,,,,,,
REL_02306,SHL_SONGBEN_0096,clause,CR_LAISU_0230,commentary,commentary_support,柯琴《傷寒來蘇集》對本條有注（對齊相似度0.86）。,傷寒來蘇集:p349,,,,,,,,,,,,
REL_02307,SHL_SONGBEN_0097,clause,CR_LAISU_0231,commentary,commentary_support,柯琴《傷寒來蘇集》對本條有注（對齊相似度0.71）。,傷寒來蘇集:p350,,,,,,,,,,,,
REL_02308,SHL_SONGBEN_0379,clause,CR_LAISU_0232,commentary,commentary_support,柯琴《傷寒來蘇集》對本條有注（對齊相似度1.00）。,傷寒來蘇集:p352,,,,,,,,,,,,
REL_02309,SHL_SONGBEN_0148,clause,CR_LAISU_0233,commentary,commentary_support,柯琴《傷寒來蘇集》對本條有注（對齊相似度0.92）。,傷寒來蘇集:p353,,,,,,,,,,,,
REL_02310,SHL_SONGBEN_0099,clause,CR_LAISU_0234,commentary,commentary_support,柯琴《傷寒來蘇集》對本條有注（對齊相似度0.85）。,傷寒來蘇集:p354,,,,,,,,,,,,
REL_02311,SHL_SONGBEN_0229,clause,CR_LAISU_0235,commentary,commentary_support,柯琴《傷寒來蘇集》對本條有注（對齊相似度0.71）。,傷寒來蘇集:p355,,,,,,,,,,,,
REL_02312,SHL_SONGBEN_0230,clause,CR_LAISU_0236,commentary,commentary_support,柯琴《傷寒來蘇集》對本條有注（對齊相似度0.89）。,傷寒來蘇集:p356,,,,,,,,,,,,
REL_02313,SHL_SONGBEN_0204,clause,CR_LAISU_0132,commentary,commentary_support,柯琴《傷寒來蘇集》對本條有注（對齊相似度1.00）。,傷寒來蘇集:p357,,,,,,,,,,,,
REL_02314,SHL_SONGBEN_0144,clause,CR_LAISU_0238,commentary,commentary_support,柯琴《傷寒來蘇集》對本條有注（對齊相似度1.00）。,傷寒來蘇集:p359,,,,,,,,,,,,
REL_02315,SHL_SONGBEN_0146,clause,CR_LAISU_0034,commentary,commentary_support,柯琴《傷寒來蘇集》對本條有注（對齊相似度0.94）。,傷寒來蘇集:p360,,,,,,,,,,,,
REL_02316,SHL_SONGBEN_0100,clause,CR_LAISU_0240,commentary,commentary_support,柯琴《傷寒來蘇集》對本條有注（對齊相似度0.89）。,傷寒來蘇集:p362,,,,,,,,,,,,
REL_02317,SHL_SONGBEN_0266,clause,CR_LAISU_0241,commentary,commentary_support,柯琴《傷寒來蘇集》對本條有注（對齊相似度0.61）。,傷寒來蘇集:p363,,,,,,,,,,,,
REL_02318,SHL_SONGBEN_0101,clause,CR_LAISU_0242,commentary,commentary_support,柯琴《傷寒來蘇集》對本條有注（對齊相似度0.67）。,傷寒來蘇集:p364,,,,,,,,,,,,
REL_02319,SHL_SONGBEN_0149,clause,CR_LAISU_0105,commentary,commentary_support,柯琴《傷寒來蘇集》對本條有注（對齊相似度0.76）。,傷寒來蘇集:p365,,,,,,,,,,,,
REL_02320,SHL_SONGBEN_0098,clause,CR_LAISU_0244,commentary,commentary_support,柯琴《傷寒來蘇集》對本條有注（對齊相似度0.86）。,傷寒來蘇集:p366,,,,,,,,,,,,
REL_02321,SHL_SONGBEN_0147,clause,CR_LAISU_0245,commentary,commentary_support,柯琴《傷寒來蘇集》對本條有注（對齊相似度0.88）。,傷寒來蘇集:p367,,,,,,,,,,,,
REL_02322,SHL_SONGBEN_0107,clause,CR_LAISU_0246,commentary,commentary_support,柯琴《傷寒來蘇集》對本條有注（對齊相似度1.00）。,傷寒來蘇集:p369,,,,,,,,,,,,
REL_02323,SHL_SONGBEN_0104,clause,CR_LAISU_0247,commentary,commentary_support,柯琴《傷寒來蘇集》對本條有注（對齊相似度0.84）。,傷寒來蘇集:p371,,,,,,,,,,,,
REL_02324,SHL_SONGBEN_0123,clause,CR_LAISU_0200,commentary,commentary_support,柯琴《傷寒來蘇集》對本條有注（對齊相似度0.92）。,傷寒來蘇集:p372,,,,,,,,,,,,
REL_02325,SHL_SONGBEN_0103,clause,CR_LAISU_0249,commentary,commentary_support,柯琴《傷寒來蘇集》對本條有注（對齊相似度1.00）。,傷寒來蘇集:p373,,,,,,,,,,,,
REL_02326,SHL_SONGBEN_0136,clause,CR_LAISU_0250,commentary,commentary_support,柯琴《傷寒來蘇集》對本條有注（對齊相似度0.60）。,傷寒來蘇集:p374,,,,,,,,,,,,
REL_02327,SHL_SONGBEN_0165,clause,CR_LAISU_0251,commentary,commentary_support,柯琴《傷寒來蘇集》對本條有注（對齊相似度0.83）。,傷寒來蘇集:p375,,,,,,,,,,,,
REL_02328,SHL_SONGBEN_0102,clause,CR_LAISU_0252,commentary,commentary_support,柯琴《傷寒來蘇集》對本條有注（對齊相似度1.00）。,傷寒來蘇集:p377,,,,,,,,,,,,
REL_02329,SHL_SONGBEN_0100,clause,CR_LAISU_0240,commentary,commentary_support,柯琴《傷寒來蘇集》對本條有注（對齊相似度0.89）。,傷寒來蘇集:p378,,,,,,,,,,,,
REL_02330,SHL_SONGBEN_0173,clause,CR_LAISU_0254,commentary,commentary_support,柯琴《傷寒來蘇集》對本條有注（對齊相似度1.00）。,傷寒來蘇集:p381,,,,,,,,,,,,
REL_02331,SHL_SONGBEN_0172,clause,CR_LAISU_0255,commentary,commentary_support,柯琴《傷寒來蘇集》對本條有注（對齊相似度1.00）。,傷寒來蘇集:p383,,,,,,,,,,,,
REL_02332,SHL_SONGBEN_0256,clause,CR_LAISU_0256,commentary,commentary_support,柯琴《傷寒來蘇集》對本條有注（對齊相似度0.64）。,傷寒來蘇集:p385,,,,,,,,,,,,
REL_02333,SHL_SONGBEN_0273,clause,CR_LAISU_0257,commentary,commentary_support,柯琴《傷寒來蘇集》對本條有注（對齊相似度1.00）。,傷寒來蘇集:p386,,,,,,,,,,,,
REL_02334,SHL_SONGBEN_0278,clause,CR_LAISU_0258,commentary,commentary_support,柯琴《傷寒來蘇集》對本條有注（對齊相似度1.00）。,傷寒來蘇集:p388,,,,,,,,,,,,
REL_02335,SHL_SONGBEN_0369,clause,CR_LAISU_0259,commentary,commentary_support,柯琴《傷寒來蘇集》對本條有注（對齊相似度1.00）。,傷寒來蘇集:p389,,,,,,,,,,,,
REL_02336,SHL_SONGBEN_0280,clause,CR_LAISU_0260,commentary,commentary_support,柯琴《傷寒來蘇集》對本條有注（對齊相似度0.92）。,傷寒來蘇集:p390,,,,,,,,,,,,
REL_02337,SHL_SONGBEN_0385,clause,CR_LAISU_0261,commentary,commentary_support,柯琴《傷寒來蘇集》對本條有注（對齊相似度0.89）。,傷寒來蘇集:p391,,,,,,,,,,,,
REL_02338,SHL_SONGBEN_0276,clause,CR_LAISU_0262,commentary,commentary_support,柯琴《傷寒來蘇集》對本條有注（對齊相似度1.00）。,傷寒來蘇集:p392,,,,,,,,,,,,
REL_02339,SHL_SONGBEN_0274,clause,CR_LAISU_0263,commentary,commentary_support,柯琴《傷寒來蘇集》對本條有注（對齊相似度0.91）。,傷寒來蘇集:p393,,,,,,,,,,,,
REL_02340,SHL_SONGBEN_0275,clause,CR_LAISU_0264,commentary,commentary_support,柯琴《傷寒來蘇集》對本條有注（對齊相似度1.00）。,傷寒來蘇集:p394,,,,,,,,,,,,
REL_02341,SHL_SONGBEN_0281,clause,CR_LAISU_0265,commentary,commentary_support,柯琴《傷寒來蘇集》對本條有注（對齊相似度1.00）。,傷寒來蘇集:p399,,,,,,,,,,,,
REL_02342,SHL_SONGBEN_0282,clause,CR_LAISU_0266,commentary,commentary_support,柯琴《傷寒來蘇集》對本條有注（對齊相似度0.95）。,傷寒來蘇集:p400,,,,,,,,,,,,
REL_02343,SHL_SONGBEN_0285,clause,CR_LAISU_0267,commentary,commentary_support,柯琴《傷寒來蘇集》對本條有注（對齊相似度0.79）。,傷寒來蘇集:p401,,,,,,,,,,,,
REL_02344,SHL_SONGBEN_0286,clause,CR_LAISU_0268,commentary,commentary_support,柯琴《傷寒來蘇集》對本條有注（對齊相似度0.92）。,傷寒來蘇集:p402,,,,,,,,,,,,
REL_02345,SHL_SONGBEN_0283,clause,CR_LAISU_0269,commentary,commentary_support,柯琴《傷寒來蘇集》對本條有注（對齊相似度0.94）。,傷寒來蘇集:p403,,,,,,,,,,,,
REL_02346,SHL_SONGBEN_0287,clause,CR_LAISU_0270,commentary,commentary_support,柯琴《傷寒來蘇集》對本條有注（對齊相似度1.00）。,傷寒來蘇集:p406,,,,,,,,,,,,
REL_02347,SHL_SONGBEN_0290,clause,CR_LAISU_0271,commentary,commentary_support,柯琴《傷寒來蘇集》對本條有注（對齊相似度1.00）。,傷寒來蘇集:p407,,,,,,,,,,,,
REL_02348,SHL_SONGBEN_0291,clause,CR_LAISU_0272,commentary,commentary_support,柯琴《傷寒來蘇集》對本條有注（對齊相似度1.00）。,傷寒來蘇集:p408,,,,,,,,,,,,
REL_02349,SHL_SONGBEN_0295,clause,CR_LAISU_0273,commentary,commentary_support,柯琴《傷寒來蘇集》對本條有注（對齊相似度0.68）。,傷寒來蘇集:p409,,,,,,,,,,,,
REL_02350,SHL_SONGBEN_0289,clause,CR_LAISU_0274,commentary,commentary_support,柯琴《傷寒來蘇集》對本條有注（對齊相似度0.68）。,傷寒來蘇集:p410,,,,,,,,,,,,
REL_02351,SHL_SONGBEN_0292,clause,CR_LAISU_0275,commentary,commentary_support,柯琴《傷寒來蘇集》對本條有注（對齊相似度0.87）。,傷寒來蘇集:p411,,,,,,,,,,,,
REL_02352,SHL_SONGBEN_0300,clause,CR_LAISU_0276,commentary,commentary_support,柯琴《傷寒來蘇集》對本條有注（對齊相似度0.72）。,傷寒來蘇集:p412,,,,,,,,,,,,
REL_02353,SHL_SONGBEN_0297,clause,CR_LAISU_0277,commentary,commentary_support,柯琴《傷寒來蘇集》對本條有注（對齊相似度0.96）。,傷寒來蘇集:p413,,,,,,,,,,,,
REL_02354,SHL_SONGBEN_0299,clause,CR_LAISU_0278,commentary,commentary_support,柯琴《傷寒來蘇集》對本條有注（對齊相似度1.00）。,傷寒來蘇集:p414,,,,,,,,,,,,
REL_02355,SHL_SONGBEN_0301,clause,CR_LAISU_0279,commentary,commentary_support,柯琴《傷寒來蘇集》對本條有注（對齊相似度0.73）。,傷寒來蘇集:p416,,,,,,,,,,,,
REL_02356,SHL_SONGBEN_0302,clause,CR_LAISU_0280,commentary,commentary_support,柯琴《傷寒來蘇集》對本條有注（對齊相似度0.88）。,傷寒來蘇集:p417,,,,,,,,,,,,
REL_02357,SHL_SONGBEN_0293,clause,CR_LAISU_0281,commentary,commentary_support,柯琴《傷寒來蘇集》對本條有注（對齊相似度1.00）。,傷寒來蘇集:p420,,,,,,,,,,,,
REL_02358,SHL_SONGBEN_0284,clause,CR_LAISU_0282,commentary,commentary_support,柯琴《傷寒來蘇集》對本條有注（對齊相似度1.00）。,傷寒來蘇集:p421,,,,,,,,,,,,
REL_02359,SHL_SONGBEN_0294,clause,CR_LAISU_0283,commentary,commentary_support,柯琴《傷寒來蘇集》對本條有注（對齊相似度0.96）。,傷寒來蘇集:p422,,,,,,,,,,,,
REL_02360,SHL_SONGBEN_0316,clause,CR_LAISU_0284,commentary,commentary_support,柯琴《傷寒來蘇集》對本條有注（對齊相似度0.98）。,傷寒來蘇集:p425,,,,,,,,,,,,
REL_02361,SHL_SONGBEN_0082,clause,CR_LAISU_0285,commentary,commentary_support,柯琴《傷寒來蘇集》對本條有注（對齊相似度1.00）。,傷寒來蘇集:p427,,,,,,,,,,,,
REL_02362,SHL_SONGBEN_0386,clause,CR_LAISU_0286,commentary,commentary_support,柯琴《傷寒來蘇集》對本條有注（對齊相似度0.60）。,傷寒來蘇集:p428,,,,,,,,,,,,
REL_02363,SHL_SONGBEN_0307,clause,CR_LAISU_0287,commentary,commentary_support,柯琴《傷寒來蘇集》對本條有注（對齊相似度1.00）。,傷寒來蘇集:p429,,,,,,,,,,,,
REL_02364,SHL_SONGBEN_0308,clause,CR_LAISU_0288,commentary,commentary_support,柯琴《傷寒來蘇集》對本條有注（對齊相似度0.71）。,傷寒來蘇集:p431,,,,,,,,,,,,
REL_02365,SHL_SONGBEN_0225,clause,CR_LAISU_0289,commentary,commentary_support,柯琴《傷寒來蘇集》對本條有注（對齊相似度1.00）。,傷寒來蘇集:p432,,,,,,,,,,,,
REL_02366,SHL_SONGBEN_0364,clause,CR_LAISU_0290,commentary,commentary_support,柯琴《傷寒來蘇集》對本條有注（對齊相似度0.83）。,傷寒來蘇集:p433,,,,,,,,,,,,
REL_02367,SHL_SONGBEN_0092,clause,CR_LAISU_0291,commentary,commentary_support,柯琴《傷寒來蘇集》對本條有注（對齊相似度0.91）。,傷寒來蘇集:p435,,,,,,,,,,,,
REL_02368,SHL_SONGBEN_0354,clause,CR_LAISU_0292,commentary,commentary_support,柯琴《傷寒來蘇集》對本條有注（對齊相似度1.00）。,傷寒來蘇集:p436,,,,,,,,,,,,
REL_02369,SHL_SONGBEN_0353,clause,CR_LAISU_0293,commentary,commentary_support,柯琴《傷寒來蘇集》對本條有注（對齊相似度1.00）。,傷寒來蘇集:p437,,,,,,,,,,,,
REL_02370,SHL_SONGBEN_0377,clause,CR_LAISU_0294,commentary,commentary_support,柯琴《傷寒來蘇集》對本條有注（對齊相似度1.00）。,傷寒來蘇集:p438,,,,,,,,,,,,
REL_02371,SHL_SONGBEN_0389,clause,CR_LAISU_0295,commentary,commentary_support,柯琴《傷寒來蘇集》對本條有注（對齊相似度1.00）。,傷寒來蘇集:p439,,,,,,,,,,,,
REL_02372,SHL_SONGBEN_0388,clause,CR_LAISU_0296,commentary,commentary_support,柯琴《傷寒來蘇集》對本條有注（對齊相似度1.00）。,傷寒來蘇集:p440,,,,,,,,,,,,
REL_02373,SHL_SONGBEN_0317,clause,CR_LAISU_0297,commentary,commentary_support,柯琴《傷寒來蘇集》對本條有注（對齊相似度1.00）。,傷寒來蘇集:p442,,,,,,,,,,,,
REL_02374,SHL_SONGBEN_0366,clause,CR_LAISU_0298,commentary,commentary_support,柯琴《傷寒來蘇集》對本條有注（對齊相似度0.85）。,傷寒來蘇集:p443,,,,,,,,,,,,
REL_02375,SHL_SONGBEN_0390,clause,CR_LAISU_0299,commentary,commentary_support,柯琴《傷寒來蘇集》對本條有注（對齊相似度1.00）。,傷寒來蘇集:p444,,,,,,,,,,,,
REL_02376,SHL_SONGBEN_0351,clause,CR_LAISU_0300,commentary,commentary_support,柯琴《傷寒來蘇集》對本條有注（對齊相似度0.87）。,傷寒來蘇集:p448,,,,,,,,,,,,
REL_02377,SHL_SONGBEN_0352,clause,CR_LAISU_0301,commentary,commentary_support,柯琴《傷寒來蘇集》對本條有注（對齊相似度0.97）。,傷寒來蘇集:p450,,,,,,,,,,,,
REL_02378,SHL_SONGBEN_0337,clause,CR_LAISU_0302,commentary,commentary_support,柯琴《傷寒來蘇集》對本條有注（對齊相似度0.92）。,傷寒來蘇集:p452,,,,,,,,,,,,
REL_02379,SHL_SONGBEN_0330,clause,CR_LAISU_0303,commentary,commentary_support,柯琴《傷寒來蘇集》對本條有注（對齊相似度1.00）。,傷寒來蘇集:p453,,,,,,,,,,,,
REL_02380,SHL_SONGBEN_0347,clause,CR_LAISU_0304,commentary,commentary_support,柯琴《傷寒來蘇集》對本條有注（對齊相似度0.94）。,傷寒來蘇集:p454,,,,,,,,,,,,
REL_02381,SHL_SONGBEN_0340,clause,CR_LAISU_0305,commentary,commentary_support,柯琴《傷寒來蘇集》對本條有注（對齊相似度1.00）。,傷寒來蘇集:p455,,,,,,,,,,,,
REL_02382,SHL_SONGBEN_0349,clause,CR_LAISU_0306,commentary,commentary_support,柯琴《傷寒來蘇集》對本條有注（對齊相似度0.80）。,傷寒來蘇集:p456,,,,,,,,,,,,
REL_02383,SHL_SONGBEN_0343,clause,CR_LAISU_0307,commentary,commentary_support,柯琴《傷寒來蘇集》對本條有注（對齊相似度1.00）。,傷寒來蘇集:p457,,,,,,,,,,,,
REL_02384,SHL_SONGBEN_0069,clause,CR_LAISU_0308,commentary,commentary_support,柯琴《傷寒來蘇集》對本條有注（對齊相似度1.00）。,傷寒來蘇集:p458,,,,,,,,,,,,
REL_02385,SHL_SONGBEN_0309,clause,CR_LAISU_0309,commentary,commentary_support,柯琴《傷寒來蘇集》對本條有注（對齊相似度0.85）。,傷寒來蘇集:p461,,,,,,,,,,,,
REL_02386,SHL_SONGBEN_0378,clause,CR_LAISU_0310,commentary,commentary_support,柯琴《傷寒來蘇集》對本條有注（對齊相似度0.67）。,傷寒來蘇集:p462,,,,,,,,,,,,
REL_02387,SHL_SONGBEN_0243,clause,CR_LAISU_0311,commentary,commentary_support,柯琴《傷寒來蘇集》對本條有注（對齊相似度0.95）。,傷寒來蘇集:p463,,,,,,,,,,,,
REL_02388,SHL_SONGBEN_0315,clause,CR_LAISU_0312,commentary,commentary_support,柯琴《傷寒來蘇集》對本條有注（對齊相似度0.96）。,傷寒來蘇集:p469,,,,,,,,,,,,
REL_02389,SHL_SONGBEN_0368,clause,CR_LAISU_0313,commentary,commentary_support,柯琴《傷寒來蘇集》對本條有注（對齊相似度0.71）。,傷寒來蘇集:p472,,,,,,,,,,,,
REL_02390,SHL_SONGBEN_0303,clause,CR_LAISU_0314,commentary,commentary_support,柯琴《傷寒來蘇集》對本條有注（對齊相似度0.90）。,傷寒來蘇集:p473,,,,,,,,,,,,
REL_02391,SHL_SONGBEN_0319,clause,CR_LAISU_0315,commentary,commentary_support,柯琴《傷寒來蘇集》對本條有注（對齊相似度1.00）。,傷寒來蘇集:p475,,,,,,,,,,,,
REL_02392,SHL_SONGBEN_0223,clause,CR_LAISU_0167,commentary,commentary_support,柯琴《傷寒來蘇集》對本條有注（對齊相似度0.92）。,傷寒來蘇集:p477,,,,,,,,,,,,
REL_02393,SHL_SONGBEN_0224,clause,CR_LAISU_0317,commentary,commentary_support,柯琴《傷寒來蘇集》對本條有注（對齊相似度0.91）。,傷寒來蘇集:p478,,,,,,,,,,,,
REL_02394,SHL_SONGBEN_0311,clause,CR_LAISU_0318,commentary,commentary_support,柯琴《傷寒來蘇集》對本條有注（對齊相似度0.91）。,傷寒來蘇集:p481,,,,,,,,,,,,
REL_02395,SHL_SONGBEN_0313,clause,CR_LAISU_0319,commentary,commentary_support,柯琴《傷寒來蘇集》對本條有注（對齊相似度0.65）。,傷寒來蘇集:p483,,,,,,,,,,,,
REL_02396,SHL_SONGBEN_0318,clause,CR_LAISU_0320,commentary,commentary_support,柯琴《傷寒來蘇集》對本條有注（對齊相似度0.79）。,傷寒來蘇集:p486,,,,,,,,,,,,
REL_02397,SHL_SONGBEN_0326,clause,CR_LAISU_0321,commentary,commentary_support,柯琴《傷寒來蘇集》對本條有注（對齊相似度0.86）。,傷寒來蘇集:p488,,,,,,,,,,,,
REL_02398,SHL_SONGBEN_0108,clause,CR_LAISU_0322,commentary,commentary_support,柯琴《傷寒來蘇集》對本條有注（對齊相似度0.91）。,傷寒來蘇集:p489,,,,,,,,,,,,
REL_02399,SHL_SONGBEN_0109,clause,CR_LAISU_0323,commentary,commentary_support,柯琴《傷寒來蘇集》對本條有注（對齊相似度0.89）。,傷寒來蘇集:p490,,,,,,,,,,,,
REL_02400,SHL_SONGBEN_0329,clause,CR_LAISU_0324,commentary,commentary_support,柯琴《傷寒來蘇集》對本條有注（對齊相似度1.00）。,傷寒來蘇集:p491,,,,,,,,,,,,
REL_02401,SHL_SONGBEN_0327,clause,CR_LAISU_0325,commentary,commentary_support,柯琴《傷寒來蘇集》對本條有注（對齊相似度1.00）。,傷寒來蘇集:p492,,,,,,,,,,,,
REL_02402,SHL_SONGBEN_0328,clause,CR_LAISU_0326,commentary,commentary_support,柯琴《傷寒來蘇集》對本條有注（對齊相似度1.00）。,傷寒來蘇集:p493,,,,,,,,,,,,
REL_02403,SHL_SONGBEN_0338,clause,CR_LAISU_0327,commentary,commentary_support,柯琴《傷寒來蘇集》對本條有注（對齊相似度0.89）。,傷寒來蘇集:p495,,,,,,,,,,,,
REL_02404,SHL_SONGBEN_0371,clause,CR_LAISU_0328,commentary,commentary_support,柯琴《傷寒來蘇集》對本條有注（對齊相似度1.00）。,傷寒來蘇集:p498,,,,,,,,,,,,
REL_02405,SHL_SONGBEN_0373,clause,CR_LAISU_0329,commentary,commentary_support,柯琴《傷寒來蘇集》對本條有注（對齊相似度1.00）。,傷寒來蘇集:p499,,,,,,,,,,,,
REL_02406,SHL_SONGBEN_0365,clause,CR_LAISU_0330,commentary,commentary_support,柯琴《傷寒來蘇集》對本條有注（對齊相似度1.00）。,傷寒來蘇集:p500,,,,,,,,,,,,
REL_02407,SHL_SONGBEN_0360,clause,CR_LAISU_0331,commentary,commentary_support,柯琴《傷寒來蘇集》對本條有注（對齊相似度0.70）。,傷寒來蘇集:p501,,,,,,,,,,,,
REL_02408,SHL_SONGBEN_0361,clause,CR_LAISU_0332,commentary,commentary_support,柯琴《傷寒來蘇集》對本條有注（對齊相似度0.80）。,傷寒來蘇集:p502,,,,,,,,,,,,
REL_02409,SHL_SONGBEN_0367,clause,CR_LAISU_0333,commentary,commentary_support,柯琴《傷寒來蘇集》對本條有注（對齊相似度0.81）。,傷寒來蘇集:p503,,,,,,,,,,,,
REL_02410,SHL_SONGBEN_0363,clause,CR_LAISU_0334,commentary,commentary_support,柯琴《傷寒來蘇集》對本條有注（對齊相似度0.87）。,傷寒來蘇集:p504,,,,,,,,,,,,
REL_02411,SHL_SONGBEN_0346,clause,CR_LAISU_0335,commentary,commentary_support,柯琴《傷寒來蘇集》對本條有注（對齊相似度0.92）。,傷寒來蘇集:p505,,,,,,,,,,,,
REL_02412,SHL_SONGBEN_0335,clause,CR_LAISU_0336,commentary,commentary_support,柯琴《傷寒來蘇集》對本條有注（對齊相似度0.96）。,傷寒來蘇集:p508,,,,,,,,,,,,
REL_02413,SHL_SONGBEN_0350,clause,CR_LAISU_0191,commentary,commentary_support,柯琴《傷寒來蘇集》對本條有注（對齊相似度0.81）。,傷寒來蘇集:p509,,,,,,,,,,,,
REL_02414,SHL_SONGBEN_0336,clause,CR_LAISU_0338,commentary,commentary_support,柯琴《傷寒來蘇集》對本條有注（對齊相似度0.95）。,傷寒來蘇集:p510,,,,,,,,,,,,
REL_02415,SHL_SONGBEN_0339,clause,CR_LAISU_0339,commentary,commentary_support,柯琴《傷寒來蘇集》對本條有注（對齊相似度0.78）。,傷寒來蘇集:p511,,,,,,,,,,,,
REL_02416,SHL_SONGBEN_0341,clause,CR_LAISU_0340,commentary,commentary_support,柯琴《傷寒來蘇集》對本條有注（對齊相似度0.92）。,傷寒來蘇集:p512,,,,,,,,,,,,
REL_02417,SHL_SONGBEN_0342,clause,CR_LAISU_0341,commentary,commentary_support,柯琴《傷寒來蘇集》對本條有注（對齊相似度1.00）。,傷寒來蘇集:p513,,,,,,,,,,,,
REL_02418,SHL_SONGBEN_0332,clause,CR_LAISU_0342,commentary,commentary_support,柯琴《傷寒來蘇集》對本條有注（對齊相似度0.94）。,傷寒來蘇集:p514,,,,,,,,,,,,
REL_02419,SHL_SONGBEN_0348,clause,CR_LAISU_0343,commentary,commentary_support,柯琴《傷寒來蘇集》對本條有注（對齊相似度0.86）。,傷寒來蘇集:p515,,,,,,,,,,,,
REL_02420,SHL_SONGBEN_0331,clause,CR_LAISU_0344,commentary,commentary_support,柯琴《傷寒來蘇集》對本條有注（對齊相似度1.00）。,傷寒來蘇集:p516,,,,,,,,,,,,
REL_02421,SHL_SONGBEN_0334,clause,CR_LAISU_0345,commentary,commentary_support,柯琴《傷寒來蘇集》對本條有注（對齊相似度0.89）。,傷寒來蘇集:p517,,,,,,,,,,,,
REL_02422,SHL_SONGBEN_0344,clause,CR_LAISU_0346,commentary,commentary_support,柯琴《傷寒來蘇集》對本條有注（對齊相似度0.79）。,傷寒來蘇集:p518,,,,,,,,,,,,
REL_02423,SHL_SONGBEN_0177,clause,CR_LAISU_0347,commentary,commentary_support,柯琴《傷寒來蘇集》對本條有注（對齊相似度0.89）。,傷寒來蘇集:p519,,,,,,,,,,,,
REL_02424,SHL_SONGBEN_0178,clause,CR_LAISU_0348,commentary,commentary_support,柯琴《傷寒來蘇集》對本條有注（對齊相似度0.85）。,傷寒來蘇集:p522,,,,,,,,,,,,
REL_02425,SHL_SONGBEN_0392,clause,CR_LAISU_0349,commentary,commentary_support,柯琴《傷寒來蘇集》對本條有注（對齊相似度0.88）。,傷寒來蘇集:p527,,,,,,,,,,,,
REL_02426,SHL_SONGBEN_0011,clause,CR_LAISU_0350,commentary,commentary_support,柯琴《傷寒來蘇集》對本條有注（對齊相似度0.92）。,傷寒來蘇集:p529,,,,,,,,,,,,
REL_02427,SHL_SONGBEN_0001,clause,CR_GUANZHU_0001,commentary,commentary_support,尤怡《傷寒貫珠集》對本條有注（對齊相似度1.00）。,傷寒貫珠集:p7,,,,,,,,,,,,
REL_02428,SHL_SONGBEN_0326,clause,CR_GUANZHU_0002,commentary,commentary_support,尤怡《傷寒貫珠集》對本條有注（對齊相似度0.63）。,傷寒貫珠集:p9,,,,,,,,,,,,
REL_02429,SHL_SONGBEN_0002,clause,CR_GUANZHU_0003,commentary,commentary_support,尤怡《傷寒貫珠集》對本條有注（對齊相似度1.00）。,傷寒貫珠集:p12,,,,,,,,,,,,
REL_02430,SHL_SONGBEN_0003,clause,CR_GUANZHU_0004,commentary,commentary_support,尤怡《傷寒貫珠集》對本條有注（對齊相似度0.92）。,傷寒貫珠集:p17,,,,,,,,,,,,
REL_02431,SHL_SONGBEN_0012,clause,CR_GUANZHU_0005,commentary,commentary_support,尤怡《傷寒貫珠集》對本條有注（對齊相似度1.00）。,傷寒貫珠集:p23,,,,,,,,,,,,
REL_02432,SHL_SONGBEN_0013,clause,CR_GUANZHU_0006,commentary,commentary_support,尤怡《傷寒貫珠集》對本條有注（對齊相似度0.90）。,傷寒貫珠集:p31,,,,,,,,,,,,
REL_02433,SHL_SONGBEN_0042,clause,CR_GUANZHU_0007,commentary,commentary_support,尤怡《傷寒貫珠集》對本條有注（對齊相似度1.00）。,傷寒貫珠集:p34,,,,,,,,,,,,
REL_02434,SHL_SONGBEN_0044,clause,CR_GUANZHU_0008,commentary,commentary_support,尤怡《傷寒貫珠集》對本條有注（對齊相似度0.89）。,傷寒貫珠集:p36,,,,,,,,,,,,
REL_02435,SHL_SONGBEN_0053,clause,CR_GUANZHU_0009,commentary,commentary_support,尤怡《傷寒貫珠集》對本條有注（對齊相似度0.73）。,傷寒貫珠集:p39,,,,,,,,,,,,
REL_02436,SHL_SONGBEN_0054,clause,CR_GUANZHU_0010,commentary,commentary_support,尤怡《傷寒貫珠集》對本條有注（對齊相似度0.88）。,傷寒貫珠集:p42,,,,,,,,,,,,
REL_02437,SHL_SONGBEN_0095,clause,CR_GUANZHU_0011,commentary,commentary_support,尤怡《傷寒貫珠集》對本條有注（對齊相似度0.92）。,傷寒貫珠集:p47,,,,,,,,,,,,
REL_02438,SHL_SONGBEN_0017,clause,CR_GUANZHU_0012,commentary,commentary_support,尤怡《傷寒貫珠集》對本條有注（對齊相似度0.90）。,傷寒貫珠集:p55,,,,,,,,,,,,
REL_02439,SHL_SONGBEN_0019,clause,CR_GUANZHU_0013,commentary,commentary_support,尤怡《傷寒貫珠集》對本條有注（對齊相似度1.00）。,傷寒貫珠集:p57,,,,,,,,,,,,
REL_02440,SHL_SONGBEN_0035,clause,CR_GUANZHU_0014,commentary,commentary_support,尤怡《傷寒貫珠集》對本條有注（對齊相似度1.00）。,傷寒貫珠集:p61,,,,,,,,,,,,
REL_02441,SHL_SONGBEN_0035,clause,CR_GUANZHU_0014,commentary,commentary_support,尤怡《傷寒貫珠集》對本條有注（對齊相似度0.64）。,傷寒貫珠集:p63,,,,,,,,,,,,
REL_02442,SHL_SONGBEN_0052,clause,CR_GUANZHU_0016,commentary,commentary_support,尤怡《傷寒貫珠集》對本條有注（對齊相似度1.00）。,傷寒貫珠集:p69,,,,,,,,,,,,
REL_02443,SHL_SONGBEN_0046,clause,CR_GUANZHU_0017,commentary,commentary_support,尤怡《傷寒貫珠集》對本條有注（對齊相似度1.00）。,傷寒貫珠集:p72,,,,,,,,,,,,
REL_02444,SHL_SONGBEN_0047,clause,CR_GUANZHU_0018,commentary,commentary_support,尤怡《傷寒貫珠集》對本條有注（對齊相似度1.00）。,傷寒貫珠集:p76,,,,,,,,,,,,
REL_02445,SHL_SONGBEN_0037,clause,CR_GUANZHU_0019,commentary,commentary_support,尤怡《傷寒貫珠集》對本條有注（對齊相似度0.90）。,傷寒貫珠集:p80,,,,,,,,,,,,
REL_02446,SHL_SONGBEN_0036,clause,CR_GUANZHU_0020,commentary,commentary_support,尤怡《傷寒貫珠集》對本條有注（對齊相似度0.95）。,傷寒貫珠集:p83,,,,,,,,,,,,
REL_02447,SHL_SONGBEN_0033,clause,CR_GUANZHU_0021,commentary,commentary_support,尤怡《傷寒貫珠集》對本條有注（對齊相似度0.85）。,傷寒貫珠集:p86,,,,,,,,,,,,
REL_02448,SHL_SONGBEN_0172,clause,CR_GUANZHU_0022,commentary,commentary_support,尤怡《傷寒貫珠集》對本條有注（對齊相似度1.00）。,傷寒貫珠集:p94,,,,,,,,,,,,
REL_02449,SHL_SONGBEN_0219,clause,CR_GUANZHU_0023,commentary,commentary_support,尤怡《傷寒貫珠集》對本條有注（對齊相似度0.78）。,傷寒貫珠集:p102,,,,,,,,,,,,
REL_02450,SHL_SONGBEN_0268,clause,CR_GUANZHU_0024,commentary,commentary_support,尤怡《傷寒貫珠集》對本條有注（對齊相似度0.83）。,傷寒貫珠集:p104,,,,,,,,,,,,
REL_02451,SHL_SONGBEN_0007,clause,CR_GUANZHU_0025,commentary,commentary_support,尤怡《傷寒貫珠集》對本條有注（對齊相似度0.72）。,傷寒貫珠集:p109,,,,,,,,,,,,
REL_02452,SHL_SONGBEN_0009,clause,CR_GUANZHU_0026,commentary,commentary_support,尤怡《傷寒貫珠集》對本條有注（對齊相似度0.90）。,傷寒貫珠集:p117,,,,,,,,,,,,
REL_02453,SHL_SONGBEN_0010,clause,CR_GUANZHU_0027,commentary,commentary_support,尤怡《傷寒貫珠集》對本條有注（對齊相似度1.00）。,傷寒貫珠集:p119,,,,,,,,,,,,
REL_02454,SHL_SONGBEN_0005,clause,CR_GUANZHU_0028,commentary,commentary_support,尤怡《傷寒貫珠集》對本條有注（對齊相似度1.00）。,傷寒貫珠集:p122,,,,,,,,,,,,
REL_02455,SHL_SONGBEN_0083,clause,CR_GUANZHU_0029,commentary,commentary_support,尤怡《傷寒貫珠集》對本條有注（對齊相似度0.75）。,傷寒貫珠集:p126,,,,,,,,,,,,
REL_02456,SHL_SONGBEN_0085,clause,CR_GUANZHU_0030,commentary,commentary_support,尤怡《傷寒貫珠集》對本條有注（對齊相似度1.00）。,傷寒貫珠集:p130,,,,,,,,,,,,
REL_02457,SHL_SONGBEN_0086,clause,CR_GUANZHU_0031,commentary,commentary_support,尤怡《傷寒貫珠集》對本條有注（對齊相似度0.77）。,傷寒貫珠集:p132,,,,,,,,,,,,
REL_02458,SHL_SONGBEN_0087,clause,CR_GUANZHU_0032,commentary,commentary_support,尤怡《傷寒貫珠集》對本條有注（對齊相似度0.83）。,傷寒貫珠集:p134,,,,,,,,,,,,
REL_02459,SHL_SONGBEN_0088,clause,CR_GUANZHU_0033,commentary,commentary_support,尤怡《傷寒貫珠集》對本條有注（對齊相似度1.00）。,傷寒貫珠集:p137,,,,,,,,,,,,
REL_02460,SHL_SONGBEN_0050,clause,CR_GUANZHU_0034,commentary,commentary_support,尤怡《傷寒貫珠集》對本條有注（對齊相似度0.88）。,傷寒貫珠集:p143,,,,,,,,,,,,
REL_02461,SHL_SONGBEN_0027,clause,CR_GUANZHU_0035,commentary,commentary_support,尤怡《傷寒貫珠集》對本條有注（對齊相似度1.00）。,傷寒貫珠集:p146,,,,,,,,,,,,
REL_02462,SHL_SONGBEN_0038,clause,CR_GUANZHU_0036,commentary,commentary_support,尤怡《傷寒貫珠集》對本條有注（對齊相似度0.95）。,傷寒貫珠集:p165,,,,,,,,,,,,
REL_02463,SHL_SONGBEN_0039,clause,CR_GUANZHU_0037,commentary,commentary_support,尤怡《傷寒貫珠集》對本條有注（對齊相似度1.00）。,傷寒貫珠集:p172,,,,,,,,,,,,
REL_02464,SHL_SONGBEN_0040,clause,CR_GUANZHU_0038,commentary,commentary_support,尤怡《傷寒貫珠集》對本條有注（對齊相似度0.86）。,傷寒貫珠集:p175,,,,,,,,,,,,
REL_02465,SHL_SONGBEN_0041,clause,CR_GUANZHU_0039,commentary,commentary_support,尤怡《傷寒貫珠集》對本條有注（對齊相似度0.94）。,傷寒貫珠集:p193,,,,,,,,,,,,
REL_02466,SHL_SONGBEN_0152,clause,CR_GUANZHU_0040,commentary,commentary_support,尤怡《傷寒貫珠集》對本條有注（對齊相似度0.85）。,傷寒貫珠集:p199,,,,,,,,,,,,
REL_02467,SHL_SONGBEN_0074,clause,CR_GUANZHU_0041,commentary,commentary_support,尤怡《傷寒貫珠集》對本條有注（對齊相似度0.94）。,傷寒貫珠集:p206,,,,,,,,,,,,
REL_02468,SHL_SONGBEN_0092,clause,CR_GUANZHU_0042,commentary,commentary_support,尤怡《傷寒貫珠集》對本條有注（對齊相似度0.82）。,傷寒貫珠集:p213,,,,,,,,,,,,
REL_02469,SHL_SONGBEN_0094,clause,CR_GUANZHU_0043,commentary,commentary_support,尤怡《傷寒貫珠集》對本條有注（對齊相似度0.92）。,傷寒貫珠集:p218,,,,,,,,,,,,
REL_02470,SHL_SONGBEN_0102,clause,CR_GUANZHU_0044,commentary,commentary_support,尤怡《傷寒貫珠集》對本條有注（對齊相似度1.00）。,傷寒貫珠集:p226,,,,,,,,,,,,
REL_02471,SHL_SONGBEN_0177,clause,CR_GUANZHU_0045,commentary,commentary_support,尤怡《傷寒貫珠集》對本條有注（對齊相似度1.00）。,傷寒貫珠集:p230,,,,,,,,,,,,
REL_02472,SHL_SONGBEN_0178,clause,CR_GUANZHU_0046,commentary,commentary_support,尤怡《傷寒貫珠集》對本條有注（對齊相似度0.65）。,傷寒貫珠集:p238,,,,,,,,,,,,
REL_02473,SHL_SONGBEN_0024,clause,CR_GUANZHU_0047,commentary,commentary_support,尤怡《傷寒貫珠集》對本條有注（對齊相似度1.00）。,傷寒貫珠集:p243,,,,,,,,,,,,
REL_02474,SHL_SONGBEN_0025,clause,CR_GUANZHU_0048,commentary,commentary_support,尤怡《傷寒貫珠集》對本條有注（對齊相似度0.90）。,傷寒貫珠集:p245,,,,,,,,,,,,
REL_02475,SHL_SONGBEN_0026,clause,CR_GUANZHU_0049,commentary,commentary_support,尤怡《傷寒貫珠集》對本條有注（對齊相似度1.00）。,傷寒貫珠集:p250,,,,,,,,,,,,
REL_02476,SHL_SONGBEN_0028,clause,CR_GUANZHU_0050,commentary,commentary_support,尤怡《傷寒貫珠集》對本條有注（對齊相似度0.99）。,傷寒貫珠集:p256,,,,,,,,,,,,
REL_02477,SHL_SONGBEN_0029,clause,CR_GUANZHU_0051,commentary,commentary_support,尤怡《傷寒貫珠集》對本條有注（對齊相似度0.96）。,傷寒貫珠集:p260,,,,,,,,,,,,
REL_02478,SHL_SONGBEN_0030,clause,CR_GUANZHU_0052,commentary,commentary_support,尤怡《傷寒貫珠集》對本條有注（對齊相似度0.71）。,傷寒貫珠集:p271,,,,,,,,,,,,
REL_02479,SHL_SONGBEN_0020,clause,CR_GUANZHU_0053,commentary,commentary_support,尤怡《傷寒貫珠集》對本條有注（對齊相似度1.00）。,傷寒貫珠集:p274,,,,,,,,,,,,
REL_02480,SHL_SONGBEN_0062,clause,CR_GUANZHU_0054,commentary,commentary_support,尤怡《傷寒貫珠集》對本條有注（對齊相似度1.00）。,傷寒貫珠集:p279,,,,,,,,,,,,
REL_02481,SHL_SONGBEN_0064,clause,CR_GUANZHU_0055,commentary,commentary_support,尤怡《傷寒貫珠集》對本條有注（對齊相似度1.00）。,傷寒貫珠集:p283,,,,,,,,,,,,
REL_02482,SHL_SONGBEN_0065,clause,CR_GUANZHU_0056,commentary,commentary_support,尤怡《傷寒貫珠集》對本條有注（對齊相似度1.00）。,傷寒貫珠集:p296,,,,,,,,,,,,
REL_02483,SHL_SONGBEN_0122,clause,CR_GUANZHU_0057,commentary,commentary_support,尤怡《傷寒貫珠集》對本條有注（對齊相似度0.95）。,傷寒貫珠集:p303,,,,,,,,,,,,
REL_02484,SHL_SONGBEN_0066,clause,CR_GUANZHU_0058,commentary,commentary_support,尤怡《傷寒貫珠集》對本條有注（對齊相似度0.84）。,傷寒貫珠集:p305,,,,,,,,,,,,
REL_02485,SHL_SONGBEN_0057,clause,CR_GUANZHU_0059,commentary,commentary_support,尤怡《傷寒貫珠集》對本條有注（對齊相似度0.88）。,傷寒貫珠集:p310,,,,,,,,,,,,
REL_02486,SHL_SONGBEN_0068,clause,CR_GUANZHU_0060,commentary,commentary_support,尤怡《傷寒貫珠集》對本條有注（對齊相似度0.85）。,傷寒貫珠集:p313,,,,,,,,,,,,
REL_02487,SHL_SONGBEN_0070,clause,CR_GUANZHU_0061,commentary,commentary_support,尤怡《傷寒貫珠集》對本條有注（對齊相似度1.00）。,傷寒貫珠集:p318,,,,,,,,,,,,
REL_02488,SHL_SONGBEN_0063,clause,CR_GUANZHU_0062,commentary,commentary_support,尤怡《傷寒貫珠集》對本條有注（對齊相似度1.00）。,傷寒貫珠集:p320,,,,,,,,,,,,
REL_02489,SHL_SONGBEN_0127,clause,CR_GUANZHU_0063,commentary,commentary_support,尤怡《傷寒貫珠集》對本條有注（對齊相似度0.91）。,傷寒貫珠集:p330,,,,,,,,,,,,
REL_02490,SHL_SONGBEN_0161,clause,CR_GUANZHU_0064,commentary,commentary_support,尤怡《傷寒貫珠集》對本條有注（對齊相似度0.86）。,傷寒貫珠集:p336,,,,,,,,,,,,
REL_02491,SHL_SONGBEN_0067,clause,CR_GUANZHU_0065,commentary,commentary_support,尤怡《傷寒貫珠集》對本條有注（對齊相似度0.85）。,傷寒貫珠集:p342,,,,,,,,,,,,
REL_02492,SHL_SONGBEN_0058,clause,CR_GUANZHU_0066,commentary,commentary_support,尤怡《傷寒貫珠集》對本條有注（對齊相似度0.95）。,傷寒貫珠集:p348,,,,,,,,,,,,
REL_02493,SHL_SONGBEN_0071,clause,CR_GUANZHU_0067,commentary,commentary_support,尤怡《傷寒貫珠集》對本條有注（對齊相似度0.74）。,傷寒貫珠集:p352,,,,,,,,,,,,
REL_02494,SHL_SONGBEN_0073,clause,CR_GUANZHU_0068,commentary,commentary_support,尤怡《傷寒貫珠集》對本條有注（對齊相似度1.00）。,傷寒貫珠集:p359,,,,,,,,,,,,
REL_02495,SHL_SONGBEN_0124,clause,CR_GUANZHU_0069,commentary,commentary_support,尤怡《傷寒貫珠集》對本條有注（對齊相似度0.93）。,傷寒貫珠集:p376,,,,,,,,,,,,
REL_02496,SHL_SONGBEN_0125,clause,CR_GUANZHU_0070,commentary,commentary_support,尤怡《傷寒貫珠集》對本條有注（對齊相似度0.87）。,傷寒貫珠集:p382,,,,,,,,,,,,
REL_02497,SHL_SONGBEN_0126,clause,CR_GUANZHU_0071,commentary,commentary_support,尤怡《傷寒貫珠集》對本條有注（對齊相似度0.93）。,傷寒貫珠集:p385,,,,,,,,,,,,
REL_02498,SHL_SONGBEN_0129,clause,CR_GUANZHU_0072,commentary,commentary_support,尤怡《傷寒貫珠集》對本條有注（對齊相似度0.65）。,傷寒貫珠集:p391,,,,,,,,,,,,
REL_02499,SHL_SONGBEN_0130,clause,CR_GUANZHU_0073,commentary,commentary_support,尤怡《傷寒貫珠集》對本條有注（對齊相似度0.86）。,傷寒貫珠集:p394,,,,,,,,,,,,
REL_02500,SHL_SONGBEN_0167,clause,CR_GUANZHU_0074,commentary,commentary_support,尤怡《傷寒貫珠集》對本條有注（對齊相似度0.82）。,傷寒貫珠集:p396,,,,,,,,,,,,
REL_02501,SHL_SONGBEN_0131,clause,CR_GUANZHU_0075,commentary,commentary_support,尤怡《傷寒貫珠集》對本條有注（對齊相似度0.75）。,傷寒貫珠集:p399,,,,,,,,,,,,
REL_02502,SHL_SONGBEN_0134,clause,CR_GUANZHU_0076,commentary,commentary_support,尤怡《傷寒貫珠集》對本條有注（對齊相似度0.90）。,傷寒貫珠集:p405,,,,,,,,,,,,
REL_02503,SHL_SONGBEN_0135,clause,CR_GUANZHU_0077,commentary,commentary_support,尤怡《傷寒貫珠集》對本條有注（對齊相似度0.92）。,傷寒貫珠集:p414,,,,,,,,,,,,
REL_02504,SHL_SONGBEN_0136,clause,CR_GUANZHU_0078,commentary,commentary_support,尤怡《傷寒貫珠集》對本條有注（對齊相似度0.86）。,傷寒貫珠集:p416,,,,,,,,,,,,
REL_02505,SHL_SONGBEN_0137,clause,CR_GUANZHU_0079,commentary,commentary_support,尤怡《傷寒貫珠集》對本條有注（對齊相似度0.82）。,傷寒貫珠集:p419,,,,,,,,,,,,
REL_02506,SHL_SONGBEN_0138,clause,CR_GUANZHU_0080,commentary,commentary_support,尤怡《傷寒貫珠集》對本條有注（對齊相似度1.00）。,傷寒貫珠集:p427,,,,,,,,,,,,
REL_02507,SHL_SONGBEN_0141,clause,CR_GUANZHU_0081,commentary,commentary_support,尤怡《傷寒貫珠集》對本條有注（對齊相似度0.95）。,傷寒貫珠集:p432,,,,,,,,,,,,
REL_02508,SHL_SONGBEN_0150,clause,CR_GUANZHU_0082,commentary,commentary_support,尤怡《傷寒貫珠集》對本條有注（對齊相似度0.85）。,傷寒貫珠集:p439,,,,,,,,,,,,
REL_02509,SHL_SONGBEN_0132,clause,CR_GUANZHU_0083,commentary,commentary_support,尤怡《傷寒貫珠集》對本條有注（對齊相似度1.00）。,傷寒貫珠集:p441,,,,,,,,,,,,
REL_02510,SHL_SONGBEN_0133,clause,CR_GUANZHU_0084,commentary,commentary_support,尤怡《傷寒貫珠集》對本條有注（對齊相似度0.82）。,傷寒貫珠集:p444,,,,,,,,,,,,
REL_02511,SHL_SONGBEN_0151,clause,CR_GUANZHU_0085,commentary,commentary_support,尤怡《傷寒貫珠集》對本條有注（對齊相似度0.91）。,傷寒貫珠集:p447,,,,,,,,,,,,
REL_02512,SHL_SONGBEN_0154,clause,CR_GUANZHU_0086,commentary,commentary_support,尤怡《傷寒貫珠集》對本條有注（對齊相似度1.00）。,傷寒貫珠集:p451,,,,,,,,,,,,
REL_02513,SHL_SONGBEN_0155,clause,CR_GUANZHU_0087,commentary,commentary_support,尤怡《傷寒貫珠集》對本條有注（對齊相似度1.00）。,傷寒貫珠集:p457,,,,,,,,,,,,
REL_02514,SHL_SONGBEN_0149,clause,CR_GUANZHU_0088,commentary,commentary_support,尤怡《傷寒貫珠集》對本條有注（對齊相似度0.70）。,傷寒貫珠集:p464,,,,,,,,,,,,
REL_02515,SHL_SONGBEN_0158,clause,CR_GUANZHU_0089,commentary,commentary_support,尤怡《傷寒貫珠集》對本條有注（對齊相似度0.89）。,傷寒貫珠集:p477,,,,,,,,,,,,
REL_02516,SHL_SONGBEN_0076,clause,CR_GUANZHU_0090,commentary,commentary_support,尤怡《傷寒貫珠集》對本條有注（對齊相似度0.80）。,傷寒貫珠集:p491,,,,,,,,,,,,
REL_02517,SHL_SONGBEN_0078,clause,CR_GUANZHU_0091,commentary,commentary_support,尤怡《傷寒貫珠集》對本條有注（對齊相似度1.00）。,傷寒貫珠集:p501,,,,,,,,,,,,
REL_02518,SHL_SONGBEN_0079,clause,CR_GUANZHU_0092,commentary,commentary_support,尤怡《傷寒貫珠集》對本條有注（對齊相似度1.00）。,傷寒貫珠集:p503,,,,,,,,,,,,
REL_02519,SHL_SONGBEN_0080,clause,CR_GUANZHU_0093,commentary,commentary_support,尤怡《傷寒貫珠集》對本條有注（對齊相似度1.00）。,傷寒貫珠集:p508,,,,,,,,,,,,
REL_02520,SHL_SONGBEN_0081,clause,CR_GUANZHU_0094,commentary,commentary_support,尤怡《傷寒貫珠集》對本條有注（對齊相似度0.87）。,傷寒貫珠集:p513,,,,,,,,,,,,
REL_02521,SHL_SONGBEN_0034,clause,CR_GUANZHU_0095,commentary,commentary_support,尤怡《傷寒貫珠集》對本條有注（對齊相似度0.94）。,傷寒貫珠集:p517,,,,,,,,,,,,
REL_02522,SHL_SONGBEN_0163,clause,CR_GUANZHU_0096,commentary,commentary_support,尤怡《傷寒貫珠集》對本條有注（對齊相似度0.89）。,傷寒貫珠集:p524,,,,,,,,,,,,
REL_02523,SHL_SONGBEN_0091,clause,CR_GUANZHU_0097,commentary,commentary_support,尤怡《傷寒貫珠集》對本條有注（對齊相似度0.92）。,傷寒貫珠集:p530,,,,,,,,,,,,
REL_02524,SHL_SONGBEN_0159,clause,CR_GUANZHU_0098,commentary,commentary_support,尤怡《傷寒貫珠集》對本條有注（對齊相似度0.68）。,傷寒貫珠集:p537,,,,,,,,,,,,
REL_02525,SHL_SONGBEN_0140,clause,CR_GUANZHU_0099,commentary,commentary_support,尤怡《傷寒貫珠集》對本條有注（對齊相似度0.95）。,傷寒貫珠集:p543,,,,,,,,,,,,
REL_02526,SHL_SONGBEN_0021,clause,CR_GUANZHU_0100,commentary,commentary_support,尤怡《傷寒貫珠集》對本條有注（對齊相似度0.75）。,傷寒貫珠集:p547,,,,,,,,,,,,
REL_02527,SHL_SONGBEN_0022,clause,CR_GUANZHU_0101,commentary,commentary_support,尤怡《傷寒貫珠集》對本條有注（對齊相似度0.70）。,傷寒貫珠集:p551,,,,,,,,,,,,
REL_02528,SHL_SONGBEN_0043,clause,CR_GUANZHU_0102,commentary,commentary_support,尤怡《傷寒貫珠集》對本條有注（對齊相似度0.78）。,傷寒貫珠集:p553,,,,,,,,,,,,
REL_02529,SHL_SONGBEN_0015,clause,CR_GUANZHU_0103,commentary,commentary_support,尤怡《傷寒貫珠集》對本條有注（對齊相似度0.94）。,傷寒貫珠集:p555,,,,,,,,,,,,
REL_02530,SHL_SONGBEN_0107,clause,CR_GUANZHU_0104,commentary,commentary_support,尤怡《傷寒貫珠集》對本條有注（對齊相似度1.00）。,傷寒貫珠集:p557,,,,,,,,,,,,
REL_02531,SHL_SONGBEN_0098,clause,CR_GUANZHU_0105,commentary,commentary_support,尤怡《傷寒貫珠集》對本條有注（對齊相似度0.90）。,傷寒貫珠集:p563,,,,,,,,,,,,
REL_02532,SHL_SONGBEN_0156,clause,CR_GUANZHU_0106,commentary,commentary_support,尤怡《傷寒貫珠集》對本條有注（對齊相似度1.00）。,傷寒貫珠集:p567,,,,,,,,,,,,
REL_02533,SHL_SONGBEN_0063,clause,CR_GUANZHU_0062,commentary,commentary_support,尤怡《傷寒貫珠集》對本條有注（對齊相似度0.95）。,傷寒貫珠集:p570,,,,,,,,,,,,
REL_02534,SHL_SONGBEN_0090,clause,CR_GUANZHU_0108,commentary,commentary_support,尤怡《傷寒貫珠集》對本條有注（對齊相似度0.96）。,傷寒貫珠集:p573,,,,,,,,,,,,
REL_02535,SHL_SONGBEN_0045,clause,CR_GUANZHU_0109,commentary,commentary_support,尤怡《傷寒貫珠集》對本條有注（對齊相似度0.94）。,傷寒貫珠集:p575,,,,,,,,,,,,
REL_02536,SHL_SONGBEN_0093,clause,CR_GUANZHU_0110,commentary,commentary_support,尤怡《傷寒貫珠集》對本條有注（對齊相似度0.77）。,傷寒貫珠集:p578,,,,,,,,,,,,
REL_02537,SHL_SONGBEN_0059,clause,CR_GUANZHU_0111,commentary,commentary_support,尤怡《傷寒貫珠集》對本條有注（對齊相似度1.00）。,傷寒貫珠集:p581,,,,,,,,,,,,
REL_02538,SHL_SONGBEN_0060,clause,CR_GUANZHU_0112,commentary,commentary_support,尤怡《傷寒貫珠集》對本條有注（對齊相似度1.00）。,傷寒貫珠集:p583,,,,,,,,,,,,
REL_02539,SHL_SONGBEN_0061,clause,CR_GUANZHU_0113,commentary,commentary_support,尤怡《傷寒貫珠集》對本條有注（對齊相似度0.95）。,傷寒貫珠集:p586,,,,,,,,,,,,
REL_02540,SHL_SONGBEN_0069,clause,CR_GUANZHU_0114,commentary,commentary_support,尤怡《傷寒貫珠集》對本條有注（對齊相似度1.00）。,傷寒貫珠集:p592,,,,,,,,,,,,
REL_02541,SHL_SONGBEN_0173,clause,CR_GUANZHU_0115,commentary,commentary_support,尤怡《傷寒貫珠集》對本條有注（對齊相似度1.00）。,傷寒貫珠集:p599,,,,,,,,,,,,
REL_02542,SHL_SONGBEN_0120,clause,CR_GUANZHU_0116,commentary,commentary_support,尤怡《傷寒貫珠集》對本條有注（對齊相似度0.94）。,傷寒貫珠集:p605,,,,,,,,,,,,
REL_02543,SHL_SONGBEN_0121,clause,CR_GUANZHU_0117,commentary,commentary_support,尤怡《傷寒貫珠集》對本條有注（對齊相似度1.00）。,傷寒貫珠集:p608,,,,,,,,,,,,
REL_02544,SHL_SONGBEN_0123,clause,CR_GUANZHU_0118,commentary,commentary_support,尤怡《傷寒貫珠集》對本條有注（對齊相似度0.87）。,傷寒貫珠集:p610,,,,,,,,,,,,
REL_02545,SHL_SONGBEN_0016,clause,CR_GUANZHU_0119,commentary,commentary_support,尤怡《傷寒貫珠集》對本條有注（對齊相似度0.61）。,傷寒貫珠集:p612,,,,,,,,,,,,
REL_02546,SHL_SONGBEN_0115,clause,CR_GUANZHU_0120,commentary,commentary_support,尤怡《傷寒貫珠集》對本條有注（對齊相似度0.84）。,傷寒貫珠集:p624,,,,,,,,,,,,
REL_02547,SHL_SONGBEN_0114,clause,CR_GUANZHU_0121,commentary,commentary_support,尤怡《傷寒貫珠集》對本條有注（對齊相似度0.83）。,傷寒貫珠集:p626,,,,,,,,,,,,
REL_02548,SHL_SONGBEN_0119,clause,CR_GUANZHU_0122,commentary,commentary_support,尤怡《傷寒貫珠集》對本條有注（對齊相似度1.00）。,傷寒貫珠集:p628,,,,,,,,,,,,
REL_02549,SHL_SONGBEN_0111,clause,CR_GUANZHU_0123,commentary,commentary_support,尤怡《傷寒貫珠集》對本條有注（對齊相似度0.98）。,傷寒貫珠集:p630,,,,,,,,,,,,
REL_02550,SHL_SONGBEN_0110,clause,CR_GUANZHU_0124,commentary,commentary_support,尤怡《傷寒貫珠集》對本條有注（對齊相似度0.73）。,傷寒貫珠集:p632,,,,,,,,,,,,
REL_02551,SHL_SONGBEN_0118,clause,CR_GUANZHU_0125,commentary,commentary_support,尤怡《傷寒貫珠集》對本條有注（對齊相似度1.00）。,傷寒貫珠集:p638,,,,,,,,,,,,
REL_02552,SHL_SONGBEN_0112,clause,CR_GUANZHU_0126,commentary,commentary_support,尤怡《傷寒貫珠集》對本條有注（對齊相似度0.86）。,傷寒貫珠集:p643,,,,,,,,,,,,
REL_02553,SHL_SONGBEN_0006,clause,CR_GUANZHU_0127,commentary,commentary_support,尤怡《傷寒貫珠集》對本條有注（對齊相似度0.62）。,傷寒貫珠集:p659,,,,,,,,,,,,
REL_02554,SHL_SONGBEN_0014,clause,CR_GUANZHU_0128,commentary,commentary_support,尤怡《傷寒貫珠集》對本條有注（對齊相似度0.80）。,傷寒貫珠集:p678,,,,,,,,,,,,
REL_02555,SHL_SONGBEN_0174,clause,CR_GUANZHU_0129,commentary,commentary_support,尤怡《傷寒貫珠集》對本條有注（對齊相似度0.90）。,傷寒貫珠集:p700,,,,,,,,,,,,
REL_02556,SHL_SONGBEN_0175,clause,CR_GUANZHU_0130,commentary,commentary_support,尤怡《傷寒貫珠集》對本條有注（對齊相似度0.93）。,傷寒貫珠集:p708,,,,,,,,,,,,
REL_02557,SHL_SONGBEN_0382,clause,CR_GUANZHU_0131,commentary,commentary_support,尤怡《傷寒貫珠集》對本條有注（對齊相似度0.81）。,傷寒貫珠集:p724,,,,,,,,,,,,
REL_02558,SHL_SONGBEN_0383,clause,CR_GUANZHU_0132,commentary,commentary_support,尤怡《傷寒貫珠集》對本條有注（對齊相似度0.99）。,傷寒貫珠集:p727,,,,,,,,,,,,
REL_02559,SHL_SONGBEN_0384,clause,CR_GUANZHU_0133,commentary,commentary_support,尤怡《傷寒貫珠集》對本條有注（對齊相似度0.69）。,傷寒貫珠集:p729,,,,,,,,,,,,
REL_02560,SHL_SONGBEN_0385,clause,CR_GUANZHU_0134,commentary,commentary_support,尤怡《傷寒貫珠集》對本條有注（對齊相似度0.92）。,傷寒貫珠集:p733,,,,,,,,,,,,
REL_02561,SHL_SONGBEN_0386,clause,CR_GUANZHU_0135,commentary,commentary_support,尤怡《傷寒貫珠集》對本條有注（對齊相似度1.00）。,傷寒貫珠集:p737,,,,,,,,,,,,
REL_02562,SHL_SONGBEN_0387,clause,CR_GUANZHU_0136,commentary,commentary_support,尤怡《傷寒貫珠集》對本條有注（對齊相似度1.00）。,傷寒貫珠集:p755,,,,,,,,,,,,
REL_02563,SHL_SONGBEN_0388,clause,CR_GUANZHU_0137,commentary,commentary_support,尤怡《傷寒貫珠集》對本條有注（對齊相似度0.90）。,傷寒貫珠集:p757,,,,,,,,,,,,
REL_02564,SHL_SONGBEN_0389,clause,CR_GUANZHU_0138,commentary,commentary_support,尤怡《傷寒貫珠集》對本條有注（對齊相似度1.00）。,傷寒貫珠集:p759,,,,,,,,,,,,
REL_02565,SHL_SONGBEN_0390,clause,CR_GUANZHU_0139,commentary,commentary_support,尤怡《傷寒貫珠集》對本條有注（對齊相似度0.93）。,傷寒貫珠集:p761,,,,,,,,,,,,
REL_02566,SHL_SONGBEN_0391,clause,CR_GUANZHU_0140,commentary,commentary_support,尤怡《傷寒貫珠集》對本條有注（對齊相似度1.00）。,傷寒貫珠集:p765,,,,,,,,,,,,
REL_02567,SHL_SONGBEN_0166,clause,CR_GUANZHU_0141,commentary,commentary_support,尤怡《傷寒貫珠集》對本條有注（對齊相似度0.77）。,傷寒貫珠集:p768,,,,,,,,,,,,
REL_02568,SHL_SONGBEN_0180,clause,CR_GUANZHU_0142,commentary,commentary_support,尤怡《傷寒貫珠集》對本條有注（對齊相似度0.82）。,傷寒貫珠集:p776,,,,,,,,,,,,
REL_02569,SHL_SONGBEN_0179,clause,CR_GUANZHU_0143,commentary,commentary_support,尤怡《傷寒貫珠集》對本條有注（對齊相似度0.74）。,傷寒貫珠集:p779,,,,,,,,,,,,
REL_02570,SHL_SONGBEN_0184,clause,CR_GUANZHU_0144,commentary,commentary_support,尤怡《傷寒貫珠集》對本條有注（對齊相似度0.88）。,傷寒貫珠集:p784,,,,,,,,,,,,
REL_02571,SHL_SONGBEN_0181,clause,CR_GUANZHU_0145,commentary,commentary_support,尤怡《傷寒貫珠集》對本條有注（對齊相似度0.74）。,傷寒貫珠集:p788,,,,,,,,,,,,
REL_02572,SHL_SONGBEN_0218,clause,CR_GUANZHU_0146,commentary,commentary_support,尤怡《傷寒貫珠集》對本條有注（對齊相似度0.88）。,傷寒貫珠集:p792,,,,,,,,,,,,
REL_02573,SHL_SONGBEN_0245,clause,CR_GUANZHU_0147,commentary,commentary_support,尤怡《傷寒貫珠集》對本條有注（對齊相似度0.83）。,傷寒貫珠集:p794,,,,,,,,,,,,
REL_02574,SHL_SONGBEN_0246,clause,CR_GUANZHU_0148,commentary,commentary_support,尤怡《傷寒貫珠集》對本條有注（對齊相似度1.00）。,傷寒貫珠集:p796,,,,,,,,,,,,
REL_02575,SHL_SONGBEN_0188,clause,CR_GUANZHU_0149,commentary,commentary_support,尤怡《傷寒貫珠集》對本條有注（對齊相似度0.74）。,傷寒貫珠集:p800,,,,,,,,,,,,
REL_02576,SHL_SONGBEN_0248,clause,CR_GUANZHU_0150,commentary,commentary_support,尤怡《傷寒貫珠集》對本條有注（對齊相似度1.00）。,傷寒貫珠集:p805,,,,,,,,,,,,
REL_02577,SHL_SONGBEN_0105,clause,CR_GUANZHU_0151,commentary,commentary_support,尤怡《傷寒貫珠集》對本條有注（對齊相似度0.72）。,傷寒貫珠集:p809,,,,,,,,,,,,
REL_02578,SHL_SONGBEN_0207,clause,CR_GUANZHU_0152,commentary,commentary_support,尤怡《傷寒貫珠集》對本條有注（對齊相似度1.00）。,傷寒貫珠集:p811,,,,,,,,,,,,
REL_02579,SHL_SONGBEN_0249,clause,CR_GUANZHU_0153,commentary,commentary_support,尤怡《傷寒貫珠集》對本條有注（對齊相似度1.00）。,傷寒貫珠集:p814,,,,,,,,,,,,
REL_02580,SHL_SONGBEN_0250,clause,CR_GUANZHU_0154,commentary,commentary_support,尤怡《傷寒貫珠集》對本條有注（對齊相似度0.87）。,傷寒貫珠集:p817,,,,,,,,,,,,
REL_02581,SHL_SONGBEN_0241,clause,CR_GUANZHU_0155,commentary,commentary_support,尤怡《傷寒貫珠集》對本條有注（對齊相似度1.00）。,傷寒貫珠集:p828,,,,,,,,,,,,
REL_02582,SHL_SONGBEN_0212,clause,CR_GUANZHU_0156,commentary,commentary_support,尤怡《傷寒貫珠集》對本條有注（對齊相似度0.93）。,傷寒貫珠集:p830,,,,,,,,,,,,
REL_02583,SHL_SONGBEN_0220,clause,CR_GUANZHU_0157,commentary,commentary_support,尤怡《傷寒貫珠集》對本條有注（對齊相似度0.88）。,傷寒貫珠集:p833,,,,,,,,,,,,
REL_02584,SHL_SONGBEN_0252,clause,CR_GUANZHU_0158,commentary,commentary_support,尤怡《傷寒貫珠集》對本條有注（對齊相似度0.94）。,傷寒貫珠集:p838,,,,,,,,,,,,
REL_02585,SHL_SONGBEN_0253,clause,CR_GUANZHU_0159,commentary,commentary_support,尤怡《傷寒貫珠集》對本條有注（對齊相似度1.00）。,傷寒貫珠集:p841,,,,,,,,,,,,
REL_02586,SHL_SONGBEN_0254,clause,CR_GUANZHU_0160,commentary,commentary_support,尤怡《傷寒貫珠集》對本條有注（對齊相似度1.00）。,傷寒貫珠集:p843,,,,,,,,,,,,
REL_02587,SHL_SONGBEN_0168,clause,CR_GUANZHU_0161,commentary,commentary_support,尤怡《傷寒貫珠集》對本條有注（對齊相似度0.77）。,傷寒貫珠集:p851,,,,,,,,,,,,
REL_02588,SHL_SONGBEN_0169,clause,CR_GUANZHU_0162,commentary,commentary_support,尤怡《傷寒貫珠集》對本條有注（對齊相似度1.00）。,傷寒貫珠集:p856,,,,,,,,,,,,
REL_02589,SHL_SONGBEN_0170,clause,CR_GUANZHU_0163,commentary,commentary_support,尤怡《傷寒貫珠集》對本條有注（對齊相似度0.95）。,傷寒貫珠集:p858,,,,,,,,,,,,
REL_02590,SHL_SONGBEN_0186,clause,CR_GUANZHU_0164,commentary,commentary_support,尤怡《傷寒貫珠集》對本條有注（對齊相似度1.00）。,傷寒貫珠集:p861,,,,,,,,,,,,
REL_02591,SHL_SONGBEN_0201,clause,CR_GUANZHU_0165,commentary,commentary_support,尤怡《傷寒貫珠集》對本條有注（對齊相似度1.00）。,傷寒貫珠集:p865,,,,,,,,,,,,
REL_02592,SHL_SONGBEN_0197,clause,CR_GUANZHU_0166,commentary,commentary_support,尤怡《傷寒貫珠集》對本條有注（對齊相似度0.82）。,傷寒貫珠集:p868,,,,,,,,,,,,
REL_02593,SHL_SONGBEN_0202,clause,CR_GUANZHU_0167,commentary,commentary_support,尤怡《傷寒貫珠集》對本條有注（對齊相似度0.87）。,傷寒貫珠集:p871,,,,,,,,,,,,
REL_02594,SHL_SONGBEN_0227,clause,CR_GUANZHU_0168,commentary,commentary_support,尤怡《傷寒貫珠集》對本條有注（對齊相似度1.00）。,傷寒貫珠集:p873,,,,,,,,,,,,
REL_02595,SHL_SONGBEN_0235,clause,CR_GUANZHU_0169,commentary,commentary_support,尤怡《傷寒貫珠集》對本條有注（對齊相似度1.00）。,傷寒貫珠集:p876,,,,,,,,,,,,
REL_02596,SHL_SONGBEN_0048,clause,CR_GUANZHU_0170,commentary,commentary_support,尤怡《傷寒貫珠集》對本條有注（對齊相似度0.86）。,傷寒貫珠集:p879,,,,,,,,,,,,
REL_02597,SHL_SONGBEN_0229,clause,CR_GUANZHU_0171,commentary,commentary_support,尤怡《傷寒貫珠集》對本條有注（對齊相似度0.81）。,傷寒貫珠集:p882,,,,,,,,,,,,
REL_02598,SHL_SONGBEN_0230,clause,CR_GUANZHU_0172,commentary,commentary_support,尤怡《傷寒貫珠集》對本條有注（對齊相似度0.73）。,傷寒貫珠集:p885,,,,,,,,,,,,
REL_02599,SHL_SONGBEN_0190,clause,CR_GUANZHU_0173,commentary,commentary_support,尤怡《傷寒貫珠集》對本條有注（對齊相似度1.00）。,傷寒貫珠集:p889,,,,,,,,,,,,
REL_02600,SHL_SONGBEN_0191,clause,CR_GUANZHU_0174,commentary,commentary_support,尤怡《傷寒貫珠集》對本條有注（對齊相似度0.89）。,傷寒貫珠集:p892,,,,,,,,,,,,
REL_02601,SHL_SONGBEN_0225,clause,CR_GUANZHU_0175,commentary,commentary_support,尤怡《傷寒貫珠集》對本條有注（對齊相似度0.65）。,傷寒貫珠集:p894,,,,,,,,,,,,
REL_02602,SHL_SONGBEN_0243,clause,CR_GUANZHU_0176,commentary,commentary_support,尤怡《傷寒貫珠集》對本條有注（對齊相似度0.95）。,傷寒貫珠集:p897,,,,,,,,,,,,
REL_02603,SHL_SONGBEN_0189,clause,CR_GUANZHU_0177,commentary,commentary_support,尤怡《傷寒貫珠集》對本條有注（對齊相似度1.00）。,傷寒貫珠集:p901,,,,,,,,,,,,
REL_02604,SHL_SONGBEN_0231,clause,CR_GUANZHU_0178,commentary,commentary_support,尤怡《傷寒貫珠集》對本條有注（對齊相似度0.78）。,傷寒貫珠集:p904,,,,,,,,,,,,
REL_02605,SHL_SONGBEN_0198,clause,CR_GUANZHU_0179,commentary,commentary_support,尤怡《傷寒貫珠集》對本條有注（對齊相似度0.72）。,傷寒貫珠集:p907,,,,,,,,,,,,
REL_02606,SHL_SONGBEN_0192,clause,CR_GUANZHU_0180,commentary,commentary_support,尤怡《傷寒貫珠集》對本條有注（對齊相似度0.84）。,傷寒貫珠集:p909,,,,,,,,,,,,
REL_02607,SHL_SONGBEN_0240,clause,CR_GUANZHU_0181,commentary,commentary_support,尤怡《傷寒貫珠集》對本條有注（對齊相似度0.95）。,傷寒貫珠集:p914,,,,,,,,,,,,
REL_02608,SHL_SONGBEN_0223,clause,CR_GUANZHU_0182,commentary,commentary_support,尤怡《傷寒貫珠集》對本條有注（對齊相似度0.67）。,傷寒貫珠集:p918,,,,,,,,,,,,
REL_02609,SHL_SONGBEN_0224,clause,CR_GUANZHU_0183,commentary,commentary_support,尤怡《傷寒貫珠集》對本條有注（對齊相似度0.95）。,傷寒貫珠集:p923,,,,,,,,,,,,
REL_02610,SHL_SONGBEN_0228,clause,CR_GUANZHU_0184,commentary,commentary_support,尤怡《傷寒貫珠集》對本條有注（對齊相似度0.95）。,傷寒貫珠集:p925,,,,,,,,,,,,
REL_02611,SHL_SONGBEN_0196,clause,CR_GUANZHU_0185,commentary,commentary_support,尤怡《傷寒貫珠集》對本條有注（對齊相似度1.00）。,傷寒貫珠集:p927,,,,,,,,,,,,
REL_02612,SHL_SONGBEN_0210,clause,CR_GUANZHU_0186,commentary,commentary_support,尤怡《傷寒貫珠集》對本條有注（對齊相似度0.65）。,傷寒貫珠集:p931,,,,,,,,,,,,
REL_02613,SHL_SONGBEN_0211,clause,CR_GUANZHU_0187,commentary,commentary_support,尤怡《傷寒貫珠集》對本條有注（對齊相似度1.00）。,傷寒貫珠集:p933,,,,,,,,,,,,
REL_02614,SHL_SONGBEN_0193,clause,CR_GUANZHU_0188,commentary,commentary_support,尤怡《傷寒貫珠集》對本條有注（對齊相似度1.00）。,傷寒貫珠集:p935,,,,,,,,,,,,
REL_02615,SHL_SONGBEN_0208,clause,CR_GUANZHU_0189,commentary,commentary_support,尤怡《傷寒貫珠集》對本條有注（對齊相似度0.90）。,傷寒貫珠集:p938,,,,,,,,,,,,
REL_02616,SHL_SONGBEN_0209,clause,CR_GUANZHU_0190,commentary,commentary_support,尤怡《傷寒貫珠集》對本條有注（對齊相似度0.89）。,傷寒貫珠集:p942,,,,,,,,,,,,
REL_02617,SHL_SONGBEN_0238,clause,CR_GUANZHU_0191,commentary,commentary_support,尤怡《傷寒貫珠集》對本條有注（對齊相似度0.90）。,傷寒貫珠集:p944,,,,,,,,,,,,
REL_02618,SHL_SONGBEN_0214,clause,CR_GUANZHU_0192,commentary,commentary_support,尤怡《傷寒貫珠集》對本條有注（對齊相似度0.86）。,傷寒貫珠集:p946,,,,,,,,,,,,
REL_02619,SHL_SONGBEN_0251,clause,CR_GUANZHU_0193,commentary,commentary_support,尤怡《傷寒貫珠集》對本條有注（對齊相似度0.89）。,傷寒貫珠集:p949,,,,,,,,,,,,
REL_02620,SHL_SONGBEN_0056,clause,CR_GUANZHU_0194,commentary,commentary_support,尤怡《傷寒貫珠集》對本條有注（對齊相似度0.95）。,傷寒貫珠集:p952,,,,,,,,,,,,
REL_02621,SHL_SONGBEN_0217,clause,CR_GUANZHU_0195,commentary,commentary_support,尤怡《傷寒貫珠集》對本條有注（對齊相似度0.89）。,傷寒貫珠集:p956,,,,,,,,,,,,
REL_02622,SHL_SONGBEN_0194,clause,CR_GUANZHU_0196,commentary,commentary_support,尤怡《傷寒貫珠集》對本條有注（對齊相似度0.94）。,傷寒貫珠集:p958,,,,,,,,,,,,
REL_02623,SHL_SONGBEN_0206,clause,CR_GUANZHU_0197,commentary,commentary_support,尤怡《傷寒貫珠集》對本條有注（對齊相似度0.73）。,傷寒貫珠集:p963,,,,,,,,,,,,
REL_02624,SHL_SONGBEN_0195,clause,CR_GUANZHU_0198,commentary,commentary_support,尤怡《傷寒貫珠集》對本條有注（對齊相似度0.90）。,傷寒貫珠集:p966,,,,,,,,,,,,
REL_02625,SHL_SONGBEN_0203,clause,CR_GUANZHU_0199,commentary,commentary_support,尤怡《傷寒貫珠集》對本條有注（對齊相似度0.89）。,傷寒貫珠集:p968,,,,,,,,,,,,
REL_02626,SHL_SONGBEN_0233,clause,CR_GUANZHU_0200,commentary,commentary_support,尤怡《傷寒貫珠集》對本條有注（對齊相似度0.96）。,傷寒貫珠集:p970,,,,,,,,,,,,
REL_02627,SHL_SONGBEN_0247,clause,CR_GUANZHU_0201,commentary,commentary_support,尤怡《傷寒貫珠集》對本條有注（對齊相似度0.65）。,傷寒貫珠集:p975,,,,,,,,,,,,
REL_02628,SHL_SONGBEN_0200,clause,CR_GUANZHU_0202,commentary,commentary_support,尤怡《傷寒貫珠集》對本條有注（對齊相似度0.91）。,傷寒貫珠集:p983,,,,,,,,,,,,
REL_02629,SHL_SONGBEN_0236,clause,CR_GUANZHU_0203,commentary,commentary_support,尤怡《傷寒貫珠集》對本條有注（對齊相似度0.90）。,傷寒貫珠集:p986,,,,,,,,,,,,
REL_02630,SHL_SONGBEN_0259,clause,CR_GUANZHU_0204,commentary,commentary_support,尤怡《傷寒貫珠集》對本條有注（對齊相似度0.94）。,傷寒貫珠集:p992,,,,,,,,,,,,
REL_02631,SHL_SONGBEN_0260,clause,CR_GUANZHU_0205,commentary,commentary_support,尤怡《傷寒貫珠集》對本條有注（對齊相似度1.00）。,傷寒貫珠集:p994,,,,,,,,,,,,
REL_02632,SHL_SONGBEN_0262,clause,CR_GUANZHU_0206,commentary,commentary_support,尤怡《傷寒貫珠集》對本條有注（對齊相似度0.81）。,傷寒貫珠集:p1001,,,,,,,,,,,,
REL_02633,SHL_SONGBEN_0237,clause,CR_GUANZHU_0207,commentary,commentary_support,尤怡《傷寒貫珠集》對本條有注（對齊相似度0.86）。,傷寒貫珠集:p1008,,,,,,,,,,,,
REL_02634,SHL_SONGBEN_0258,clause,CR_GUANZHU_0208,commentary,commentary_support,尤怡《傷寒貫珠集》對本條有注（對齊相似度0.61）。,傷寒貫珠集:p1012,,,,,,,,,,,,
REL_02635,SHL_SONGBEN_0263,clause,CR_GUANZHU_0209,commentary,commentary_support,尤怡《傷寒貫珠集》對本條有注（對齊相似度1.00）。,傷寒貫珠集:p1018,,,,,,,,,,,,
REL_02636,SHL_SONGBEN_0096,clause,CR_GUANZHU_0210,commentary,commentary_support,尤怡《傷寒貫珠集》對本條有注（對齊相似度0.81）。,傷寒貫珠集:p1021,,,,,,,,,,,,
REL_02637,SHL_SONGBEN_0097,clause,CR_GUANZHU_0211,commentary,commentary_support,尤怡《傷寒貫珠集》對本條有注（對齊相似度0.80）。,傷寒貫珠集:p1040,,,,,,,,,,,,
REL_02638,SHL_SONGBEN_0099,clause,CR_GUANZHU_0212,commentary,commentary_support,尤怡《傷寒貫珠集》對本條有注（對齊相似度0.92）。,傷寒貫珠集:p1045,,,,,,,,,,,,
REL_02639,SHL_SONGBEN_0101,clause,CR_GUANZHU_0213,commentary,commentary_support,尤怡《傷寒貫珠集》對本條有注（對齊相似度0.75）。,傷寒貫珠集:p1049,,,,,,,,,,,,
REL_02640,SHL_SONGBEN_0100,clause,CR_GUANZHU_0214,commentary,commentary_support,尤怡《傷寒貫珠集》對本條有注（對齊相似度0.81）。,傷寒貫珠集:p1051,,,,,,,,,,,,
REL_02641,SHL_SONGBEN_0266,clause,CR_GUANZHU_0215,commentary,commentary_support,尤怡《傷寒貫珠集》對本條有注（對齊相似度0.65）。,傷寒貫珠集:p1055,,,,,,,,,,,,
REL_02642,SHL_SONGBEN_0265,clause,CR_GUANZHU_0216,commentary,commentary_support,尤怡《傷寒貫珠集》對本條有注（對齊相似度0.97）。,傷寒貫珠集:p1059,,,,,,,,,,,,
REL_02643,SHL_SONGBEN_0264,clause,CR_GUANZHU_0217,commentary,commentary_support,尤怡《傷寒貫珠集》對本條有注（對齊相似度1.00）。,傷寒貫珠集:p1061,,,,,,,,,,,,
REL_02644,SHL_SONGBEN_0269,clause,CR_GUANZHU_0218,commentary,commentary_support,尤怡《傷寒貫珠集》對本條有注（對齊相似度1.00）。,傷寒貫珠集:p1064,,,,,,,,,,,,
REL_02645,SHL_SONGBEN_0270,clause,CR_GUANZHU_0219,commentary,commentary_support,尤怡《傷寒貫珠集》對本條有注（對齊相似度0.92）。,傷寒貫珠集:p1067,,,,,,,,,,,,
REL_02646,SHL_SONGBEN_0271,clause,CR_GUANZHU_0220,commentary,commentary_support,尤怡《傷寒貫珠集》對本條有注（對齊相似度1.00）。,傷寒貫珠集:p1070,,,,,,,,,,,,
REL_02647,SHL_SONGBEN_0146,clause,CR_GUANZHU_0221,commentary,commentary_support,尤怡《傷寒貫珠集》對本條有注（對齊相似度0.94）。,傷寒貫珠集:p1074,,,,,,,,,,,,
REL_02648,SHL_SONGBEN_0147,clause,CR_GUANZHU_0222,commentary,commentary_support,尤怡《傷寒貫珠集》對本條有注（對齊相似度0.74）。,傷寒貫珠集:p1080,,,,,,,,,,,,
REL_02649,SHL_SONGBEN_0104,clause,CR_GUANZHU_0223,commentary,commentary_support,尤怡《傷寒貫珠集》對本條有注（對齊相似度0.86）。,傷寒貫珠集:p1090,,,,,,,,,,,,
REL_02650,SHL_SONGBEN_0103,clause,CR_GUANZHU_0224,commentary,commentary_support,尤怡《傷寒貫珠集》對本條有注（對齊相似度0.90）。,傷寒貫珠集:p1096,,,,,,,,,,,,
REL_02651,SHL_SONGBEN_0109,clause,CR_GUANZHU_0225,commentary,commentary_support,尤怡《傷寒貫珠集》對本條有注（對齊相似度0.91）。,傷寒貫珠集:p1107,,,,,,,,,,,,
REL_02652,SHL_SONGBEN_0171,clause,CR_GUANZHU_0226,commentary,commentary_support,尤怡《傷寒貫珠集》對本條有注（對齊相似度0.85）。,傷寒貫珠集:p1113,,,,,,,,,,,,
REL_02653,SHL_SONGBEN_0273,clause,CR_GUANZHU_0227,commentary,commentary_support,尤怡《傷寒貫珠集》對本條有注（對齊相似度0.96）。,傷寒貫珠集:p1119,,,,,,,,,,,,
REL_02654,SHL_SONGBEN_0279,clause,CR_GUANZHU_0228,commentary,commentary_support,尤怡《傷寒貫珠集》對本條有注（對齊相似度0.81）。,傷寒貫珠集:p1123,,,,,,,,,,,,
REL_02655,SHL_SONGBEN_0280,clause,CR_GUANZHU_0229,commentary,commentary_support,尤怡《傷寒貫珠集》對本條有注（對齊相似度0.95）。,傷寒貫珠集:p1133,,,,,,,,,,,,
REL_02656,SHL_SONGBEN_0278,clause,CR_GUANZHU_0230,commentary,commentary_support,尤怡《傷寒貫珠集》對本條有注（對齊相似度0.77）。,傷寒貫珠集:p1135,,,,,,,,,,,,
REL_02657,SHL_SONGBEN_0277,clause,CR_GUANZHU_0231,commentary,commentary_support,尤怡《傷寒貫珠集》對本條有注（對齊相似度0.93）。,傷寒貫珠集:p1137,,,,,,,,,,,,
REL_02658,SHL_SONGBEN_0274,clause,CR_GUANZHU_0232,commentary,commentary_support,尤怡《傷寒貫珠集》對本條有注（對齊相似度0.80）。,傷寒貫珠集:p1140,,,,,,,,,,,,
REL_02659,SHL_SONGBEN_0276,clause,CR_GUANZHU_0233,commentary,commentary_support,尤怡《傷寒貫珠集》對本條有注（對齊相似度1.00）。,傷寒貫珠集:p1142,,,,,,,,,,,,
REL_02660,SHL_SONGBEN_0372,clause,CR_GUANZHU_0234,commentary,commentary_support,尤怡《傷寒貫珠集》對本條有注（對齊相似度0.86）。,傷寒貫珠集:p1145,,,,,,,,,,,,
REL_02661,SHL_SONGBEN_0275,clause,CR_GUANZHU_0235,commentary,commentary_support,尤怡《傷寒貫珠集》對本條有注（對齊相似度1.00）。,傷寒貫珠集:p1150,,,,,,,,,,,,
REL_02662,SHL_SONGBEN_0281,clause,CR_GUANZHU_0236,commentary,commentary_support,尤怡《傷寒貫珠集》對本條有注（對齊相似度1.00）。,傷寒貫珠集:p1154,,,,,,,,,,,,
REL_02663,SHL_SONGBEN_0282,clause,CR_GUANZHU_0237,commentary,commentary_support,尤怡《傷寒貫珠集》對本條有注（對齊相似度1.00）。,傷寒貫珠集:p1157,,,,,,,,,,,,
REL_02664,SHL_SONGBEN_0283,clause,CR_GUANZHU_0238,commentary,commentary_support,尤怡《傷寒貫珠集》對本條有注（對齊相似度0.92）。,傷寒貫珠集:p1160,,,,,,,,,,,,
REL_02665,SHL_SONGBEN_0293,clause,CR_GUANZHU_0239,commentary,commentary_support,尤怡《傷寒貫珠集》對本條有注（對齊相似度1.00）。,傷寒貫珠集:p1163,,,,,,,,,,,,
REL_02666,SHL_SONGBEN_0303,clause,CR_GUANZHU_0240,commentary,commentary_support,尤怡《傷寒貫珠集》對本條有注（對齊相似度1.00）。,傷寒貫珠集:p1167,,,,,,,,,,,,
REL_02667,SHL_SONGBEN_0318,clause,CR_GUANZHU_0241,commentary,commentary_support,尤怡《傷寒貫珠集》對本條有注（對齊相似度0.93）。,傷寒貫珠集:p1172,,,,,,,,,,,,
REL_02668,SHL_SONGBEN_0319,clause,CR_GUANZHU_0242,commentary,commentary_support,尤怡《傷寒貫珠集》對本條有注（對齊相似度0.91）。,傷寒貫珠集:p1185,,,,,,,,,,,,
REL_02669,SHL_SONGBEN_0312,clause,CR_GUANZHU_0243,commentary,commentary_support,尤怡《傷寒貫珠集》對本條有注（對齊相似度1.00）。,傷寒貫珠集:p1190,,,,,,,,,,,,
REL_02670,SHL_SONGBEN_0311,clause,CR_GUANZHU_0244,commentary,commentary_support,尤怡《傷寒貫珠集》對本條有注（對齊相似度0.90）。,傷寒貫珠集:p1195,,,,,,,,,,,,
REL_02671,SHL_SONGBEN_0313,clause,CR_GUANZHU_0245,commentary,commentary_support,尤怡《傷寒貫珠集》對本條有注（對齊相似度1.00）。,傷寒貫珠集:p1200,,,,,,,,,,,,
REL_02672,SHL_SONGBEN_0320,clause,CR_GUANZHU_0246,commentary,commentary_support,尤怡《傷寒貫珠集》對本條有注（對齊相似度1.00）。,傷寒貫珠集:p1206,,,,,,,,,,,,
REL_02673,SHL_SONGBEN_0321,clause,CR_GUANZHU_0247,commentary,commentary_support,尤怡《傷寒貫珠集》對本條有注（對齊相似度0.92）。,傷寒貫珠集:p1208,,,,,,,,,,,,
REL_02674,SHL_SONGBEN_0322,clause,CR_GUANZHU_0248,commentary,commentary_support,尤怡《傷寒貫珠集》對本條有注（對齊相似度1.00）。,傷寒貫珠集:p1210,,,,,,,,,,,,
REL_02675,SHL_SONGBEN_0301,clause,CR_GUANZHU_0249,commentary,commentary_support,尤怡《傷寒貫珠集》對本條有注（對齊相似度0.85）。,傷寒貫珠集:p1213,,,,,,,,,,,,
REL_02676,SHL_SONGBEN_0302,clause,CR_GUANZHU_0250,commentary,commentary_support,尤怡《傷寒貫珠集》對本條有注（對齊相似度0.94）。,傷寒貫珠集:p1219,,,,,,,,,,,,
REL_02677,SHL_SONGBEN_0304,clause,CR_GUANZHU_0251,commentary,commentary_support,尤怡《傷寒貫珠集》對本條有注（對齊相似度1.00）。,傷寒貫珠集:p1224,,,,,,,,,,,,
REL_02678,SHL_SONGBEN_0305,clause,CR_GUANZHU_0252,commentary,commentary_support,尤怡《傷寒貫珠集》對本條有注（對齊相似度1.00）。,傷寒貫珠集:p1231,,,,,,,,,,,,
REL_02679,SHL_SONGBEN_0316,clause,CR_GUANZHU_0253,commentary,commentary_support,尤怡《傷寒貫珠集》對本條有注（對齊相似度0.71）。,傷寒貫珠集:p1233,,,,,,,,,,,,
REL_02680,SHL_SONGBEN_0317,clause,CR_GUANZHU_0254,commentary,commentary_support,尤怡《傷寒貫珠集》對本條有注（對齊相似度0.87）。,傷寒貫珠集:p1243,,,,,,,,,,,,
REL_02681,SHL_SONGBEN_0324,clause,CR_GUANZHU_0255,commentary,commentary_support,尤怡《傷寒貫珠集》對本條有注（對齊相似度0.97）。,傷寒貫珠集:p1260,,,,,,,,,,,,
REL_02682,SHL_SONGBEN_0323,clause,CR_GUANZHU_0256,commentary,commentary_support,尤怡《傷寒貫珠集》對本條有注（對齊相似度1.00）。,傷寒貫珠集:p1265,,,,,,,,,,,,
REL_02683,SHL_SONGBEN_0325,clause,CR_GUANZHU_0257,commentary,commentary_support,尤怡《傷寒貫珠集》對本條有注（對齊相似度0.92）。,傷寒貫珠集:p1267,,,,,,,,,,,,
REL_02684,SHL_SONGBEN_0309,clause,CR_GUANZHU_0258,commentary,commentary_support,尤怡《傷寒貫珠集》對本條有注（對齊相似度0.89）。,傷寒貫珠集:p1270,,,,,,,,,,,,
REL_02685,SHL_SONGBEN_0315,clause,CR_GUANZHU_0259,commentary,commentary_support,尤怡《傷寒貫珠集》對本條有注（對齊相似度0.98）。,傷寒貫珠集:p1273,,,,,,,,,,,,
REL_02686,SHL_SONGBEN_0307,clause,CR_GUANZHU_0260,commentary,commentary_support,尤怡《傷寒貫珠集》對本條有注（對齊相似度0.92）。,傷寒貫珠集:p1280,,,,,,,,,,,,
REL_02687,SHL_SONGBEN_0290,clause,CR_GUANZHU_0261,commentary,commentary_support,尤怡《傷寒貫珠集》對本條有注（對齊相似度1.00）。,傷寒貫珠集:p1285,,,,,,,,,,,,
REL_02688,SHL_SONGBEN_0291,clause,CR_GUANZHU_0262,commentary,commentary_support,尤怡《傷寒貫珠集》對本條有注（對齊相似度1.00）。,傷寒貫珠集:p1287,,,,,,,,,,,,
REL_02689,SHL_SONGBEN_0287,clause,CR_GUANZHU_0263,commentary,commentary_support,尤怡《傷寒貫珠集》對本條有注（對齊相似度0.97）。,傷寒貫珠集:p1289,,,,,,,,,,,,
REL_02690,SHL_SONGBEN_0292,clause,CR_GUANZHU_0264,commentary,commentary_support,尤怡《傷寒貫珠集》對本條有注（對齊相似度1.00）。,傷寒貫珠集:p1294,,,,,,,,,,,,
REL_02691,SHL_SONGBEN_0298,clause,CR_GUANZHU_0265,commentary,commentary_support,尤怡《傷寒貫珠集》對本條有注（對齊相似度0.89）。,傷寒貫珠集:p1297,,,,,,,,,,,,
REL_02692,SHL_SONGBEN_0296,clause,CR_GUANZHU_0266,commentary,commentary_support,尤怡《傷寒貫珠集》對本條有注（對齊相似度0.70）。,傷寒貫珠集:p1301,,,,,,,,,,,,
REL_02693,SHL_SONGBEN_0297,clause,CR_GUANZHU_0267,commentary,commentary_support,尤怡《傷寒貫珠集》對本條有注（對齊相似度1.00）。,傷寒貫珠集:p1303,,,,,,,,,,,,
REL_02694,SHL_SONGBEN_0299,clause,CR_GUANZHU_0268,commentary,commentary_support,尤怡《傷寒貫珠集》對本條有注（對齊相似度1.00）。,傷寒貫珠集:p1305,,,,,,,,,,,,
REL_02695,SHL_SONGBEN_0300,clause,CR_GUANZHU_0269,commentary,commentary_support,尤怡《傷寒貫珠集》對本條有注（對齊相似度1.00）。,傷寒貫珠集:p1307,,,,,,,,,,,,
REL_02696,SHL_SONGBEN_0285,clause,CR_GUANZHU_0270,commentary,commentary_support,尤怡《傷寒貫珠集》對本條有注（對齊相似度0.86）。,傷寒貫珠集:p1310,,,,,,,,,,,,
REL_02697,SHL_SONGBEN_0286,clause,CR_GUANZHU_0271,commentary,commentary_support,尤怡《傷寒貫珠集》對本條有注（對齊相似度0.92）。,傷寒貫珠集:p1312,,,,,,,,,,,,
REL_02698,SHL_SONGBEN_0294,clause,CR_GUANZHU_0272,commentary,commentary_support,尤怡《傷寒貫珠集》對本條有注（對齊相似度0.96）。,傷寒貫珠集:p1315,,,,,,,,,,,,
REL_02699,SHL_SONGBEN_0284,clause,CR_GUANZHU_0273,commentary,commentary_support,尤怡《傷寒貫珠集》對本條有注（對齊相似度0.92）。,傷寒貫珠集:p1317,,,,,,,,,,,,
REL_02700,SHL_SONGBEN_0326,clause,CR_GUANZHU_0002,commentary,commentary_support,尤怡《傷寒貫珠集》對本條有注（對齊相似度0.86）。,傷寒貫珠集:p1323,,,,,,,,,,,,
REL_02701,SHL_SONGBEN_0363,clause,CR_GUANZHU_0275,commentary,commentary_support,尤怡《傷寒貫珠集》對本條有注（對齊相似度0.73）。,傷寒貫珠集:p1327,,,,,,,,,,,,
REL_02702,SHL_SONGBEN_0366,clause,CR_GUANZHU_0276,commentary,commentary_support,尤怡《傷寒貫珠集》對本條有注（對齊相似度0.95）。,傷寒貫珠集:p1329,,,,,,,,,,,,
REL_02703,SHL_SONGBEN_0340,clause,CR_GUANZHU_0277,commentary,commentary_support,尤怡《傷寒貫珠集》對本條有注（對齊相似度0.84）。,傷寒貫珠集:p1333,,,,,,,,,,,,
REL_02704,SHL_SONGBEN_0335,clause,CR_GUANZHU_0278,commentary,commentary_support,尤怡《傷寒貫珠集》對本條有注（對齊相似度0.96）。,傷寒貫珠集:p1336,,,,,,,,,,,,
REL_02705,SHL_SONGBEN_0336,clause,CR_GUANZHU_0279,commentary,commentary_support,尤怡《傷寒貫珠集》對本條有注（對齊相似度1.00）。,傷寒貫珠集:p1341,,,,,,,,,,,,
REL_02706,SHL_SONGBEN_0342,clause,CR_GUANZHU_0280,commentary,commentary_support,尤怡《傷寒貫珠集》對本條有注（對齊相似度0.88）。,傷寒貫珠集:p1345,,,,,,,,,,,,
REL_02707,SHL_SONGBEN_0331,clause,CR_GUANZHU_0281,commentary,commentary_support,尤怡《傷寒貫珠集》對本條有注（對齊相似度1.00）。,傷寒貫珠集:p1348,,,,,,,,,,,,
REL_02708,SHL_SONGBEN_0332,clause,CR_GUANZHU_0282,commentary,commentary_support,尤怡《傷寒貫珠集》對本條有注（對齊相似度0.82）。,傷寒貫珠集:p1352,,,,,,,,,,,,
REL_02709,SHL_SONGBEN_0334,clause,CR_GUANZHU_0283,commentary,commentary_support,尤怡《傷寒貫珠集》對本條有注（對齊相似度0.84）。,傷寒貫珠集:p1357,,,,,,,,,,,,
REL_02710,SHL_SONGBEN_0339,clause,CR_GUANZHU_0284,commentary,commentary_support,尤怡《傷寒貫珠集》對本條有注（對齊相似度0.83）。,傷寒貫珠集:p1361,,,,,,,,,,,,
REL_02711,SHL_SONGBEN_0337,clause,CR_GUANZHU_0285,commentary,commentary_support,尤怡《傷寒貫珠集》對本條有注（對齊相似度0.92）。,傷寒貫珠集:p1363,,,,,,,,,,,,
REL_02712,SHL_SONGBEN_0327,clause,CR_GUANZHU_0286,commentary,commentary_support,尤怡《傷寒貫珠集》對本條有注（對齊相似度1.00）。,傷寒貫珠集:p1366,,,,,,,,,,,,
REL_02713,SHL_SONGBEN_0369,clause,CR_GUANZHU_0287,commentary,commentary_support,尤怡《傷寒貫珠集》對本條有注（對齊相似度0.83）。,傷寒貫珠集:p1368,,,,,,,,,,,,
REL_02714,SHL_SONGBEN_0365,clause,CR_GUANZHU_0288,commentary,commentary_support,尤怡《傷寒貫珠集》對本條有注（對齊相似度1.00）。,傷寒貫珠集:p1371,,,,,,,,,,,,
REL_02715,SHL_SONGBEN_0361,clause,CR_GUANZHU_0289,commentary,commentary_support,尤怡《傷寒貫珠集》對本條有注（對齊相似度0.71）。,傷寒貫珠集:p1373,,,,,,,,,,,,
REL_02716,SHL_SONGBEN_0367,clause,CR_GUANZHU_0290,commentary,commentary_support,尤怡《傷寒貫珠集》對本條有注（對齊相似度0.71）。,傷寒貫珠集:p1375,,,,,,,,,,,,
REL_02717,SHL_SONGBEN_0348,clause,CR_GUANZHU_0291,commentary,commentary_support,尤怡《傷寒貫珠集》對本條有注（對齊相似度1.00）。,傷寒貫珠集:p1377,,,,,,,,,,,,
REL_02718,SHL_SONGBEN_0344,clause,CR_GUANZHU_0292,commentary,commentary_support,尤怡《傷寒貫珠集》對本條有注（對齊相似度1.00）。,傷寒貫珠集:p1379,,,,,,,,,,,,
REL_02719,SHL_SONGBEN_0345,clause,CR_GUANZHU_0293,commentary,commentary_support,尤怡《傷寒貫珠集》對本條有注（對齊相似度1.00）。,傷寒貫珠集:p1381,,,,,,,,,,,,
REL_02720,SHL_SONGBEN_0346,clause,CR_GUANZHU_0294,commentary,commentary_support,尤怡《傷寒貫珠集》對本條有注（對齊相似度1.00）。,傷寒貫珠集:p1384,,,,,,,,,,,,
REL_02721,SHL_SONGBEN_0362,clause,CR_GUANZHU_0295,commentary,commentary_support,尤怡《傷寒貫珠集》對本條有注（對齊相似度0.82）。,傷寒貫珠集:p1387,,,,,,,,,,,,
REL_02722,SHL_SONGBEN_0368,clause,CR_GUANZHU_0296,commentary,commentary_support,尤怡《傷寒貫珠集》對本條有注（對齊相似度0.93）。,傷寒貫珠集:p1389,,,,,,,,,,,,
REL_02723,SHL_SONGBEN_0343,clause,CR_GUANZHU_0297,commentary,commentary_support,尤怡《傷寒貫珠集》對本條有注（對齊相似度1.00）。,傷寒貫珠集:p1391,,,,,,,,,,,,
REL_02724,SHL_SONGBEN_0333,clause,CR_GUANZHU_0298,commentary,commentary_support,尤怡《傷寒貫珠集》對本條有注（對齊相似度1.00）。,傷寒貫珠集:p1394,,,,,,,,,,,,
REL_02725,SHL_SONGBEN_0328,clause,CR_GUANZHU_0299,commentary,commentary_support,尤怡《傷寒貫珠集》對本條有注（對齊相似度0.80）。,傷寒貫珠集:p1396,,,,,,,,,,,,
REL_02726,SHL_SONGBEN_0329,clause,CR_GUANZHU_0300,commentary,commentary_support,尤怡《傷寒貫珠集》對本條有注（對齊相似度1.00）。,傷寒貫珠集:p1399,,,,,,,,,,,,
REL_02727,SHL_SONGBEN_0373,clause,CR_GUANZHU_0301,commentary,commentary_support,尤怡《傷寒貫珠集》對本條有注（對齊相似度1.00）。,傷寒貫珠集:p1401,,,,,,,,,,,,
REL_02728,SHL_SONGBEN_0371,clause,CR_GUANZHU_0302,commentary,commentary_support,尤怡《傷寒貫珠集》對本條有注（對齊相似度1.00）。,傷寒貫珠集:p1405,,,,,,,,,,,,
REL_02729,SHL_SONGBEN_0375,clause,CR_GUANZHU_0303,commentary,commentary_support,尤怡《傷寒貫珠集》對本條有注（對齊相似度1.00）。,傷寒貫珠集:p1407,,,,,,,,,,,,
REL_02730,SHL_SONGBEN_0357,clause,CR_GUANZHU_0304,commentary,commentary_support,尤怡《傷寒貫珠集》對本條有注（對齊相似度0.88）。,傷寒貫珠集:p1409,,,,,,,,,,,,
REL_02731,SHL_SONGBEN_0338,clause,CR_GUANZHU_0305,commentary,commentary_support,尤怡《傷寒貫珠集》對本條有注（對齊相似度0.76）。,傷寒貫珠集:p1416,,,,,,,,,,,,
REL_02732,SHL_SONGBEN_0352,clause,CR_GUANZHU_0306,commentary,commentary_support,尤怡《傷寒貫珠集》對本條有注（對齊相似度0.75）。,傷寒貫珠集:p1422,,,,,,,,,,,,
REL_02733,SHL_SONGBEN_0352,clause,CR_GUANZHU_0306,commentary,commentary_support,尤怡《傷寒貫珠集》對本條有注（對齊相似度0.67）。,傷寒貫珠集:p1427,,,,,,,,,,,,
REL_02734,SHL_SONGBEN_0353,clause,CR_GUANZHU_0308,commentary,commentary_support,尤怡《傷寒貫珠集》對本條有注（對齊相似度1.00）。,傷寒貫珠集:p1430,,,,,,,,,,,,
REL_02735,SHL_SONGBEN_0354,clause,CR_GUANZHU_0309,commentary,commentary_support,尤怡《傷寒貫珠集》對本條有注（對齊相似度0.86）。,傷寒貫珠集:p1433,,,,,,,,,,,,
REL_02736,SHL_SONGBEN_0349,clause,CR_GUANZHU_0310,commentary,commentary_support,尤怡《傷寒貫珠集》對本條有注（對齊相似度0.86）。,傷寒貫珠集:p1435,,,,,,,,,,,,
REL_02737,SHL_SONGBEN_0377,clause,CR_GUANZHU_0311,commentary,commentary_support,尤怡《傷寒貫珠集》對本條有注（對齊相似度1.00）。,傷寒貫珠集:p1437,,,,,,,,,,,,
REL_02738,SHL_SONGBEN_0370,clause,CR_GUANZHU_0312,commentary,commentary_support,尤怡《傷寒貫珠集》對本條有注（對齊相似度0.89）。,傷寒貫珠集:p1439,,,,,,,,,,,,
REL_02739,SHL_SONGBEN_0356,clause,CR_GUANZHU_0313,commentary,commentary_support,尤怡《傷寒貫珠集》對本條有注（對齊相似度0.95）。,傷寒貫珠集:p1441,,,,,,,,,,,,
REL_02740,SHL_SONGBEN_0359,clause,CR_GUANZHU_0314,commentary,commentary_support,尤怡《傷寒貫珠集》對本條有注（對齊相似度0.94）。,傷寒貫珠集:p1444,,,,,,,,,,,,
REL_02741,SHL_SONGBEN_0347,clause,CR_GUANZHU_0315,commentary,commentary_support,尤怡《傷寒貫珠集》對本條有注（對齊相似度0.94）。,傷寒貫珠集:p1450,,,,,,,,,,,,
REL_02742,SHL_SONGBEN_0330,clause,CR_GUANZHU_0316,commentary,commentary_support,尤怡《傷寒貫珠集》對本條有注（對齊相似度1.00）。,傷寒貫珠集:p1452,,,,,,,,,,,,
REL_02743,SHL_SONGBEN_0376,clause,CR_GUANZHU_0317,commentary,commentary_support,尤怡《傷寒貫珠集》對本條有注（對齊相似度1.00）。,傷寒貫珠集:p1456,,,,,,,,,,,,
REL_02744,SHL_SONGBEN_0380,clause,CR_GUANZHU_0318,commentary,commentary_support,尤怡《傷寒貫珠集》對本條有注（對齊相似度0.93）。,傷寒貫珠集:p1460,,,,,,,,,,,,
REL_02745,SHL_SONGBEN_0355,clause,CR_GUANZHU_0319,commentary,commentary_support,尤怡《傷寒貫珠集》對本條有注（對齊相似度0.90）。,傷寒貫珠集:p1462,,,,,,,,,,,,
REL_02746,SHL_SONGBEN_0381,clause,CR_GUANZHU_0320,commentary,commentary_support,尤怡《傷寒貫珠集》對本條有注（對齊相似度0.91）。,傷寒貫珠集:p1464,,,,,,,,,,,,
REL_02747,SHL_SONGBEN_0379,clause,CR_GUANZHU_0321,commentary,commentary_support,尤怡《傷寒貫珠集》對本條有注（對齊相似度1.00）。,傷寒貫珠集:p1466,,,,,,,,,,,,
REL_02748,SHL_SONGBEN_0364,clause,CR_GUANZHU_0322,commentary,commentary_support,尤怡《傷寒貫珠集》對本條有注（對齊相似度1.00）。,傷寒貫珠集:p1469,,,,,,,,,,,,
REL_02749,SHL_SONGBEN_0350,clause,CR_GUANZHU_0323,commentary,commentary_support,尤怡《傷寒貫珠集》對本條有注（對齊相似度0.76）。,傷寒貫珠集:p1474,,,,,,,,,,,,
REL_02750,SHL_SONGBEN_0392,clause,CR_GUANZHU_0324,commentary,commentary_support,尤怡《傷寒貫珠集》對本條有注（對齊相似度0.78）。,傷寒貫珠集:p1477,,,,,,,,,,,,
REL_02751,SHL_SONGBEN_0395,clause,CR_GUANZHU_0325,commentary,commentary_support,尤怡《傷寒貫珠集》對本條有注（對齊相似度0.89）。,傷寒貫珠集:p1487,,,,,,,,,,,,
REL_02752,SHL_SONGBEN_0396,clause,CR_GUANZHU_0326,commentary,commentary_support,尤怡《傷寒貫珠集》對本條有注（對齊相似度0.81）。,傷寒貫珠集:p1493,,,,,,,,,,,,
REL_02753,SHL_SONGBEN_0397,clause,CR_GUANZHU_0327,commentary,commentary_support,尤怡《傷寒貫珠集》對本條有注（對齊相似度0.92）。,傷寒貫珠集:p1496,,,,,,,,,,,,
REL_02754,SHL_SONGBEN_0398,clause,CR_GUANZHU_0328,commentary,commentary_support,尤怡《傷寒貫珠集》對本條有注（對齊相似度0.88）。,傷寒貫珠集:p1501,,,,,,,,,,,,
REL_02755,SHL_SONGBEN_0007,clause,CR_SUYUAN_0001,commentary,commentary_support,錢潢《傷寒溯源集》對本條有注（對齊相似度0.85）。,傷寒溯源集:p39,,,,,,,,,,,,
REL_02756,SHL_SONGBEN_0304,clause,CR_SUYUAN_0002,commentary,commentary_support,錢潢《傷寒溯源集》對本條有注（對齊相似度0.63）。,傷寒溯源集:p46,,,,,,,,,,,,
REL_02757,SHL_SONGBEN_0287,clause,CR_SUYUAN_0003,commentary,commentary_support,錢潢《傷寒溯源集》對本條有注（對齊相似度0.68）。,傷寒溯源集:p48,,,,,,,,,,,,
REL_02758,SHL_SONGBEN_0001,clause,CR_SUYUAN_0004,commentary,commentary_support,錢潢《傷寒溯源集》對本條有注（對齊相似度1.00）。,傷寒溯源集:p56,,,,,,,,,,,,
REL_02759,SHL_SONGBEN_0008,clause,CR_SUYUAN_0005,commentary,commentary_support,錢潢《傷寒溯源集》對本條有注（對齊相似度0.91）。,傷寒溯源集:p63,,,,,,,,,,,,
REL_02760,SHL_SONGBEN_0009,clause,CR_SUYUAN_0006,commentary,commentary_support,錢潢《傷寒溯源集》對本條有注（對齊相似度1.00）。,傷寒溯源集:p68,,,,,,,,,,,,
REL_02761,SHL_SONGBEN_0002,clause,CR_SUYUAN_0007,commentary,commentary_support,錢潢《傷寒溯源集》對本條有注（對齊相似度1.00）。,傷寒溯源集:p74,,,,,,,,,,,,
REL_02762,SHL_SONGBEN_0012,clause,CR_SUYUAN_0008,commentary,commentary_support,錢潢《傷寒溯源集》對本條有注（對齊相似度1.00）。,傷寒溯源集:p79,,,,,,,,,,,,
REL_02763,SHL_SONGBEN_0013,clause,CR_SUYUAN_0009,commentary,commentary_support,錢潢《傷寒溯源集》對本條有注（對齊相似度0.90）。,傷寒溯源集:p101,,,,,,,,,,,,
REL_02764,SHL_SONGBEN_0042,clause,CR_SUYUAN_0010,commentary,commentary_support,錢潢《傷寒溯源集》對本條有注（對齊相似度1.00）。,傷寒溯源集:p103,,,,,,,,,,,,
REL_02765,SHL_SONGBEN_0095,clause,CR_SUYUAN_0011,commentary,commentary_support,錢潢《傷寒溯源集》對本條有注（對齊相似度0.88）。,傷寒溯源集:p106,,,,,,,,,,,,
REL_02766,SHL_SONGBEN_0053,clause,CR_SUYUAN_0012,commentary,commentary_support,錢潢《傷寒溯源集》對本條有注（對齊相似度0.77）。,傷寒溯源集:p109,,,,,,,,,,,,
REL_02767,SHL_SONGBEN_0054,clause,CR_SUYUAN_0013,commentary,commentary_support,錢潢《傷寒溯源集》對本條有注（對齊相似度0.83）。,傷寒溯源集:p114,,,,,,,,,,,,
REL_02768,SHL_SONGBEN_0024,clause,CR_SUYUAN_0014,commentary,commentary_support,錢潢《傷寒溯源集》對本條有注（對齊相似度1.00）。,傷寒溯源集:p118,,,,,,,,,,,,
REL_02769,SHL_SONGBEN_0010,clause,CR_SUYUAN_0015,commentary,commentary_support,錢潢《傷寒溯源集》對本條有注（對齊相似度1.00）。,傷寒溯源集:p124,,,,,,,,,,,,
REL_02770,SHL_SONGBEN_0019,clause,CR_SUYUAN_0016,commentary,commentary_support,錢潢《傷寒溯源集》對本條有注（對齊相似度1.00）。,傷寒溯源集:p126,,,,,,,,,,,,
REL_02771,SHL_SONGBEN_0017,clause,CR_SUYUAN_0017,commentary,commentary_support,錢潢《傷寒溯源集》對本條有注（對齊相似度0.90）。,傷寒溯源集:p129,,,,,,,,,,,,
REL_02772,SHL_SONGBEN_0162,clause,CR_SUYUAN_0018,commentary,commentary_support,錢潢《傷寒溯源集》對本條有注（對齊相似度1.00）。,傷寒溯源集:p137,,,,,,,,,,,,
REL_02773,SHL_SONGBEN_0016,clause,CR_SUYUAN_0019,commentary,commentary_support,錢潢《傷寒溯源集》對本條有注（對齊相似度0.72）。,傷寒溯源集:p153,,,,,,,,,,,,
REL_02774,SHL_SONGBEN_0094,clause,CR_SUYUAN_0020,commentary,commentary_support,錢潢《傷寒溯源集》對本條有注（對齊相似度0.94）。,傷寒溯源集:p160,,,,,,,,,,,,
REL_02775,SHL_SONGBEN_0074,clause,CR_SUYUAN_0021,commentary,commentary_support,錢潢《傷寒溯源集》對本條有注（對齊相似度0.88）。,傷寒溯源集:p169,,,,,,,,,,,,
REL_02776,SHL_SONGBEN_0127,clause,CR_SUYUAN_0022,commentary,commentary_support,錢潢《傷寒溯源集》對本條有注（對齊相似度0.91）。,傷寒溯源集:p193,,,,,,,,,,,,
REL_02777,SHL_SONGBEN_0115,clause,CR_SUYUAN_0023,commentary,commentary_support,錢潢《傷寒溯源集》對本條有注（對齊相似度0.84）。,傷寒溯源集:p205,,,,,,,,,,,,
REL_02778,SHL_SONGBEN_0114,clause,CR_SUYUAN_0024,commentary,commentary_support,錢潢《傷寒溯源集》對本條有注（對齊相似度0.92）。,傷寒溯源集:p209,,,,,,,,,,,,
REL_02779,SHL_SONGBEN_0110,clause,CR_SUYUAN_0025,commentary,commentary_support,錢潢《傷寒溯源集》對本條有注（對齊相似度0.80）。,傷寒溯源集:p211,,,,,,,,,,,,
REL_02780,SHL_SONGBEN_0111,clause,CR_SUYUAN_0026,commentary,commentary_support,錢潢《傷寒溯源集》對本條有注（對齊相似度0.96）。,傷寒溯源集:p224,,,,,,,,,,,,
REL_02781,SHL_SONGBEN_0117,clause,CR_SUYUAN_0027,commentary,commentary_support,錢潢《傷寒溯源集》對本條有注（對齊相似度0.95）。,傷寒溯源集:p234,,,,,,,,,,,,
REL_02782,SHL_SONGBEN_0120,clause,CR_SUYUAN_0028,commentary,commentary_support,錢潢《傷寒溯源集》對本條有注（對齊相似度0.68）。,傷寒溯源集:p253,,,,,,,,,,,,
REL_02783,SHL_SONGBEN_0121,clause,CR_SUYUAN_0029,commentary,commentary_support,錢潢《傷寒溯源集》對本條有注（對齊相似度1.00）。,傷寒溯源集:p260,,,,,,,,,,,,
REL_02784,SHL_SONGBEN_0071,clause,CR_SUYUAN_0030,commentary,commentary_support,錢潢《傷寒溯源集》對本條有注（對齊相似度0.89）。,傷寒溯源集:p262,,,,,,,,,,,,
REL_02785,SHL_SONGBEN_0020,clause,CR_SUYUAN_0031,commentary,commentary_support,錢潢《傷寒溯源集》對本條有注（對齊相似度1.00）。,傷寒溯源集:p269,,,,,,,,,,,,
REL_02786,SHL_SONGBEN_0082,clause,CR_SUYUAN_0032,commentary,commentary_support,錢潢《傷寒溯源集》對本條有注（對齊相似度0.95）。,傷寒溯源集:p279,,,,,,,,,,,,
REL_02787,SHL_SONGBEN_0062,clause,CR_SUYUAN_0033,commentary,commentary_support,錢潢《傷寒溯源集》對本條有注（對齊相似度1.00）。,傷寒溯源集:p286,,,,,,,,,,,,
REL_02788,SHL_SONGBEN_0090,clause,CR_SUYUAN_0034,commentary,commentary_support,錢潢《傷寒溯源集》對本條有注（對齊相似度1.00）。,傷寒溯源集:p302,,,,,,,,,,,,
REL_02789,SHL_SONGBEN_0093,clause,CR_SUYUAN_0035,commentary,commentary_support,錢潢《傷寒溯源集》對本條有注（對齊相似度0.80）。,傷寒溯源集:p305,,,,,,,,,,,,
REL_02790,SHL_SONGBEN_0060,clause,CR_SUYUAN_0036,commentary,commentary_support,錢潢《傷寒溯源集》對本條有注（對齊相似度1.00）。,傷寒溯源集:p310,,,,,,,,,,,,
REL_02791,SHL_SONGBEN_0061,clause,CR_SUYUAN_0037,commentary,commentary_support,錢潢《傷寒溯源集》對本條有注（對齊相似度1.00）。,傷寒溯源集:p313,,,,,,,,,,,,
REL_02792,SHL_SONGBEN_0059,clause,CR_SUYUAN_0038,commentary,commentary_support,錢潢《傷寒溯源集》對本條有注（對齊相似度0.94）。,傷寒溯源集:p319,,,,,,,,,,,,
REL_02793,SHL_SONGBEN_0044,clause,CR_SUYUAN_0039,commentary,commentary_support,錢潢《傷寒溯源集》對本條有注（對齊相似度0.89）。,傷寒溯源集:p322,,,,,,,,,,,,
REL_02794,SHL_SONGBEN_0045,clause,CR_SUYUAN_0040,commentary,commentary_support,錢潢《傷寒溯源集》對本條有注（對齊相似度0.94）。,傷寒溯源集:p324,,,,,,,,,,,,
REL_02795,SHL_SONGBEN_0015,clause,CR_SUYUAN_0041,commentary,commentary_support,錢潢《傷寒溯源集》對本條有注（對齊相似度0.94）。,傷寒溯源集:p326,,,,,,,,,,,,
REL_02796,SHL_SONGBEN_0034,clause,CR_SUYUAN_0042,commentary,commentary_support,錢潢《傷寒溯源集》對本條有注（對齊相似度0.94）。,傷寒溯源集:p332,,,,,,,,,,,,
REL_02797,SHL_SONGBEN_0043,clause,CR_SUYUAN_0043,commentary,commentary_support,錢潢《傷寒溯源集》對本條有注（對齊相似度0.91）。,傷寒溯源集:p339,,,,,,,,,,,,
REL_02798,SHL_SONGBEN_0018,clause,CR_SUYUAN_0044,commentary,commentary_support,錢潢《傷寒溯源集》對本條有注（對齊相似度1.00）。,傷寒溯源集:p344,,,,,,,,,,,,
REL_02799,SHL_SONGBEN_0021,clause,CR_SUYUAN_0045,commentary,commentary_support,錢潢《傷寒溯源集》對本條有注（對齊相似度0.75）。,傷寒溯源集:p347,,,,,,,,,,,,
REL_02800,SHL_SONGBEN_0022,clause,CR_SUYUAN_0046,commentary,commentary_support,錢潢《傷寒溯源集》對本條有注（對齊相似度0.70）。,傷寒溯源集:p355,,,,,,,,,,,,
REL_02801,SHL_SONGBEN_0140,clause,CR_SUYUAN_0047,commentary,commentary_support,錢潢《傷寒溯源集》對本條有注（對齊相似度0.92）。,傷寒溯源集:p357,,,,,,,,,,,,
REL_02802,SHL_SONGBEN_0163,clause,CR_SUYUAN_0048,commentary,commentary_support,錢潢《傷寒溯源集》對本條有注（對齊相似度0.89）。,傷寒溯源集:p363,,,,,,,,,,,,
REL_02803,SHL_SONGBEN_0139,clause,CR_SUYUAN_0049,commentary,commentary_support,錢潢《傷寒溯源集》對本條有注（對齊相似度0.88）。,傷寒溯源集:p373,,,,,,,,,,,,
REL_02804,SHL_SONGBEN_0106,clause,CR_SUYUAN_0050,commentary,commentary_support,錢潢《傷寒溯源集》對本條有注（對齊相似度0.79）。,傷寒溯源集:p378,,,,,,,,,,,,
REL_02805,SHL_SONGBEN_0124,clause,CR_SUYUAN_0051,commentary,commentary_support,錢潢《傷寒溯源集》對本條有注（對齊相似度0.93）。,傷寒溯源集:p402,,,,,,,,,,,,
REL_02806,SHL_SONGBEN_0125,clause,CR_SUYUAN_0052,commentary,commentary_support,錢潢《傷寒溯源集》對本條有注（對齊相似度0.94）。,傷寒溯源集:p417,,,,,,,,,,,,
REL_02807,SHL_SONGBEN_0003,clause,CR_SUYUAN_0053,commentary,commentary_support,錢潢《傷寒溯源集》對本條有注（對齊相似度0.92）。,傷寒溯源集:p419,,,,,,,,,,,,
REL_02808,SHL_SONGBEN_0035,clause,CR_SUYUAN_0054,commentary,commentary_support,錢潢《傷寒溯源集》對本條有注（對齊相似度1.00）。,傷寒溯源集:p438,,,,,,,,,,,,
REL_02809,SHL_SONGBEN_0052,clause,CR_SUYUAN_0055,commentary,commentary_support,錢潢《傷寒溯源集》對本條有注（對齊相似度1.00）。,傷寒溯源集:p450,,,,,,,,,,,,
REL_02810,SHL_SONGBEN_0051,clause,CR_SUYUAN_0056,commentary,commentary_support,錢潢《傷寒溯源集》對本條有注（對齊相似度0.60）。,傷寒溯源集:p456,,,,,,,,,,,,
REL_02811,SHL_SONGBEN_0004,clause,CR_SUYUAN_0057,commentary,commentary_support,錢潢《傷寒溯源集》對本條有注（對齊相似度0.92）。,傷寒溯源集:p460,,,,,,,,,,,,
REL_02812,SHL_SONGBEN_0005,clause,CR_SUYUAN_0058,commentary,commentary_support,錢潢《傷寒溯源集》對本條有注（對齊相似度1.00）。,傷寒溯源集:p463,,,,,,,,,,,,
REL_02813,SHL_SONGBEN_0047,clause,CR_SUYUAN_0059,commentary,commentary_support,錢潢《傷寒溯源集》對本條有注（對齊相似度1.00）。,傷寒溯源集:p465,,,,,,,,,,,,
REL_02814,SHL_SONGBEN_0055,clause,CR_SUYUAN_0060,commentary,commentary_support,錢潢《傷寒溯源集》對本條有注（對齊相似度1.00）。,傷寒溯源集:p467,,,,,,,,,,,,
REL_02815,SHL_SONGBEN_0046,clause,CR_SUYUAN_0061,commentary,commentary_support,錢潢《傷寒溯源集》對本條有注（對齊相似度1.00）。,傷寒溯源集:p469,,,,,,,,,,,,
REL_02816,SHL_SONGBEN_0177,clause,CR_SUYUAN_0062,commentary,commentary_support,錢潢《傷寒溯源集》對本條有注（對齊相似度0.89）。,傷寒溯源集:p474,,,,,,,,,,,,
REL_02817,SHL_SONGBEN_0178,clause,CR_SUYUAN_0063,commentary,commentary_support,錢潢《傷寒溯源集》對本條有注（對齊相似度0.96）。,傷寒溯源集:p483,,,,,,,,,,,,
REL_02818,SHL_SONGBEN_0050,clause,CR_SUYUAN_0064,commentary,commentary_support,錢潢《傷寒溯源集》對本條有注（對齊相似度0.90）。,傷寒溯源集:p490,,,,,,,,,,,,
REL_02819,SHL_SONGBEN_0049,clause,CR_SUYUAN_0065,commentary,commentary_support,錢潢《傷寒溯源集》對本條有注（對齊相似度0.82）。,傷寒溯源集:p494,,,,,,,,,,,,
REL_02820,SHL_SONGBEN_0083,clause,CR_SUYUAN_0066,commentary,commentary_support,錢潢《傷寒溯源集》對本條有注（對齊相似度0.75）。,傷寒溯源集:p505,,,,,,,,,,,,
REL_02821,SHL_SONGBEN_0084,clause,CR_SUYUAN_0067,commentary,commentary_support,錢潢《傷寒溯源集》對本條有注（對齊相似度0.78）。,傷寒溯源集:p507,,,,,,,,,,,,
REL_02822,SHL_SONGBEN_0086,clause,CR_SUYUAN_0068,commentary,commentary_support,錢潢《傷寒溯源集》對本條有注（對齊相似度0.93）。,傷寒溯源集:p512,,,,,,,,,,,,
REL_02823,SHL_SONGBEN_0087,clause,CR_SUYUAN_0069,commentary,commentary_support,錢潢《傷寒溯源集》對本條有注（對齊相似度0.87）。,傷寒溯源集:p519,,,,,,,,,,,,
REL_02824,SHL_SONGBEN_0085,clause,CR_SUYUAN_0070,commentary,commentary_support,錢潢《傷寒溯源集》對本條有注（對齊相似度0.85）。,傷寒溯源集:p523,,,,,,,,,,,,
REL_02825,SHL_SONGBEN_0088,clause,CR_SUYUAN_0071,commentary,commentary_support,錢潢《傷寒溯源集》對本條有注（對齊相似度1.00）。,傷寒溯源集:p526,,,,,,,,,,,,
REL_02826,SHL_SONGBEN_0072,clause,CR_SUYUAN_0072,commentary,commentary_support,錢潢《傷寒溯源集》對本條有注（對齊相似度1.00）。,傷寒溯源集:p534,,,,,,,,,,,,
REL_02827,SHL_SONGBEN_0073,clause,CR_SUYUAN_0073,commentary,commentary_support,錢潢《傷寒溯源集》對本條有注（對齊相似度1.00）。,傷寒溯源集:p542,,,,,,,,,,,,
REL_02828,SHL_SONGBEN_0065,clause,CR_SUYUAN_0074,commentary,commentary_support,錢潢《傷寒溯源集》對本條有注（對齊相似度1.00）。,傷寒溯源集:p559,,,,,,,,,,,,
REL_02829,SHL_SONGBEN_0066,clause,CR_SUYUAN_0075,commentary,commentary_support,錢潢《傷寒溯源集》對本條有注（對齊相似度0.84）。,傷寒溯源集:p566,,,,,,,,,,,,
REL_02830,SHL_SONGBEN_0064,clause,CR_SUYUAN_0076,commentary,commentary_support,錢潢《傷寒溯源集》對本條有注（對齊相似度1.00）。,傷寒溯源集:p572,,,,,,,,,,,,
REL_02831,SHL_SONGBEN_0075,clause,CR_SUYUAN_0077,commentary,commentary_support,錢潢《傷寒溯源集》對本條有注（對齊相似度0.65）。,傷寒溯源集:p580,,,,,,,,,,,,
REL_02832,SHL_SONGBEN_0068,clause,CR_SUYUAN_0078,commentary,commentary_support,錢潢《傷寒溯源集》對本條有注（對齊相似度1.00）。,傷寒溯源集:p588,,,,,,,,,,,,
REL_02833,SHL_SONGBEN_0070,clause,CR_SUYUAN_0079,commentary,commentary_support,錢潢《傷寒溯源集》對本條有注（對齊相似度0.94）。,傷寒溯源集:p595,,,,,,,,,,,,
REL_02834,SHL_SONGBEN_0069,clause,CR_SUYUAN_0080,commentary,commentary_support,錢潢《傷寒溯源集》對本條有注（對齊相似度1.00）。,傷寒溯源集:p600,,,,,,,,,,,,
REL_02835,SHL_SONGBEN_0091,clause,CR_SUYUAN_0081,commentary,commentary_support,錢潢《傷寒溯源集》對本條有注（對齊相似度0.92）。,傷寒溯源集:p607,,,,,,,,,,,,
REL_02836,SHL_SONGBEN_0078,clause,CR_SUYUAN_0082,commentary,commentary_support,錢潢《傷寒溯源集》對本條有注（對齊相似度1.00）。,傷寒溯源集:p621,,,,,,,,,,,,
REL_02837,SHL_SONGBEN_0077,clause,CR_SUYUAN_0083,commentary,commentary_support,錢潢《傷寒溯源集》對本條有注（對齊相似度1.00）。,傷寒溯源集:p631,,,,,,,,,,,,
REL_02838,SHL_SONGBEN_0079,clause,CR_SUYUAN_0084,commentary,commentary_support,錢潢《傷寒溯源集》對本條有注（對齊相似度1.00）。,傷寒溯源集:p633,,,,,,,,,,,,
REL_02839,SHL_SONGBEN_0080,clause,CR_SUYUAN_0085,commentary,commentary_support,錢潢《傷寒溯源集》對本條有注（對齊相似度1.00）。,傷寒溯源集:p639,,,,,,,,,,,,
REL_02840,SHL_SONGBEN_0076,clause,CR_SUYUAN_0086,commentary,commentary_support,錢潢《傷寒溯源集》對本條有注（對齊相似度0.80）。,傷寒溯源集:p646,,,,,,,,,,,,
REL_02841,SHL_SONGBEN_0081,clause,CR_SUYUAN_0087,commentary,commentary_support,錢潢《傷寒溯源集》對本條有注（對齊相似度0.87）。,傷寒溯源集:p654,,,,,,,,,,,,
REL_02842,SHL_SONGBEN_0067,clause,CR_SUYUAN_0088,commentary,commentary_support,錢潢《傷寒溯源集》對本條有注（對齊相似度1.00）。,傷寒溯源集:p656,,,,,,,,,,,,
REL_02843,SHL_SONGBEN_0126,clause,CR_SUYUAN_0089,commentary,commentary_support,錢潢《傷寒溯源集》對本條有注（對齊相似度0.93）。,傷寒溯源集:p665,,,,,,,,,,,,
REL_02844,SHL_SONGBEN_0131,clause,CR_SUYUAN_0090,commentary,commentary_support,錢潢《傷寒溯源集》對本條有注（對齊相似度0.75）。,傷寒溯源集:p673,,,,,,,,,,,,
REL_02845,SHL_SONGBEN_0134,clause,CR_SUYUAN_0091,commentary,commentary_support,錢潢《傷寒溯源集》對本條有注（對齊相似度0.94）。,傷寒溯源集:p714,,,,,,,,,,,,
REL_02846,SHL_SONGBEN_0137,clause,CR_SUYUAN_0092,commentary,commentary_support,錢潢《傷寒溯源集》對本條有注（對齊相似度0.96）。,傷寒溯源集:p751,,,,,,,,,,,,
REL_02847,SHL_SONGBEN_0135,clause,CR_SUYUAN_0093,commentary,commentary_support,錢潢《傷寒溯源集》對本條有注（對齊相似度0.86）。,傷寒溯源集:p763,,,,,,,,,,,,
REL_02848,SHL_SONGBEN_0136,clause,CR_SUYUAN_0094,commentary,commentary_support,錢潢《傷寒溯源集》對本條有注（對齊相似度0.86）。,傷寒溯源集:p767,,,,,,,,,,,,
REL_02849,SHL_SONGBEN_0138,clause,CR_SUYUAN_0095,commentary,commentary_support,錢潢《傷寒溯源集》對本條有注（對齊相似度1.00）。,傷寒溯源集:p773,,,,,,,,,,,,
REL_02850,SHL_SONGBEN_0141,clause,CR_SUYUAN_0096,commentary,commentary_support,錢潢《傷寒溯源集》對本條有注（對齊相似度0.92）。,傷寒溯源集:p782,,,,,,,,,,,,
REL_02851,SHL_SONGBEN_0132,clause,CR_SUYUAN_0097,commentary,commentary_support,錢潢《傷寒溯源集》對本條有注（對齊相似度1.00）。,傷寒溯源集:p794,,,,,,,,,,,,
REL_02852,SHL_SONGBEN_0133,clause,CR_SUYUAN_0098,commentary,commentary_support,錢潢《傷寒溯源集》對本條有注（對齊相似度1.00）。,傷寒溯源集:p798,,,,,,,,,,,,
REL_02853,SHL_SONGBEN_0151,clause,CR_SUYUAN_0099,commentary,commentary_support,錢潢《傷寒溯源集》對本條有注（對齊相似度0.82）。,傷寒溯源集:p805,,,,,,,,,,,,
REL_02854,SHL_SONGBEN_0154,clause,CR_SUYUAN_0100,commentary,commentary_support,錢潢《傷寒溯源集》對本條有注（對齊相似度1.00）。,傷寒溯源集:p810,,,,,,,,,,,,
REL_02855,SHL_SONGBEN_0155,clause,CR_SUYUAN_0101,commentary,commentary_support,錢潢《傷寒溯源集》對本條有注（對齊相似度1.00）。,傷寒溯源集:p830,,,,,,,,,,,,
REL_02856,SHL_SONGBEN_0164,clause,CR_SUYUAN_0102,commentary,commentary_support,錢潢《傷寒溯源集》對本條有注（對齊相似度1.00）。,傷寒溯源集:p835,,,,,,,,,,,,
REL_02857,SHL_SONGBEN_0149,clause,CR_SUYUAN_0103,commentary,commentary_support,錢潢《傷寒溯源集》對本條有注（對齊相似度0.98）。,傷寒溯源集:p860,,,,,,,,,,,,
REL_02858,SHL_SONGBEN_0165,clause,CR_SUYUAN_0104,commentary,commentary_support,錢潢《傷寒溯源集》對本條有注（對齊相似度0.83）。,傷寒溯源集:p883,,,,,,,,,,,,
REL_02859,SHL_SONGBEN_0161,clause,CR_SUYUAN_0105,commentary,commentary_support,錢潢《傷寒溯源集》對本條有注（對齊相似度0.86）。,傷寒溯源集:p886,,,,,,,,,,,,
REL_02860,SHL_SONGBEN_0159,clause,CR_SUYUAN_0106,commentary,commentary_support,錢潢《傷寒溯源集》對本條有注（對齊相似度0.64）。,傷寒溯源集:p899,,,,,,,,,,,,
REL_02861,SHL_SONGBEN_0156,clause,CR_SUYUAN_0107,commentary,commentary_support,錢潢《傷寒溯源集》對本條有注（對齊相似度1.00）。,傷寒溯源集:p914,,,,,,,,,,,,
REL_02862,SHL_SONGBEN_0163,clause,CR_SUYUAN_0048,commentary,commentary_support,錢潢《傷寒溯源集》對本條有注（對齊相似度0.83）。,傷寒溯源集:p931,,,,,,,,,,,,
REL_02863,SHL_SONGBEN_0153,clause,CR_SUYUAN_0109,commentary,commentary_support,錢潢《傷寒溯源集》對本條有注（對齊相似度0.67）。,傷寒溯源集:p933,,,,,,,,,,,,
REL_02864,SHL_SONGBEN_0142,clause,CR_SUYUAN_0110,commentary,commentary_support,錢潢《傷寒溯源集》對本條有注（對齊相似度0.76）。,傷寒溯源集:p939,,,,,,,,,,,,
REL_02865,SHL_SONGBEN_0171,clause,CR_SUYUAN_0111,commentary,commentary_support,錢潢《傷寒溯源集》對本條有注（對齊相似度0.85）。,傷寒溯源集:p941,,,,,,,,,,,,
REL_02866,SHL_SONGBEN_0244,clause,CR_SUYUAN_0112,commentary,commentary_support,錢潢《傷寒溯源集》對本條有注（對齊相似度0.93）。,傷寒溯源集:p944,,,,,,,,,,,,
REL_02867,SHL_SONGBEN_0160,clause,CR_SUYUAN_0113,commentary,commentary_support,錢潢《傷寒溯源集》對本條有注（對齊相似度0.92）。,傷寒溯源集:p946,,,,,,,,,,,,
REL_02868,SHL_SONGBEN_0166,clause,CR_SUYUAN_0114,commentary,commentary_support,錢潢《傷寒溯源集》對本條有注（對齊相似度0.88）。,傷寒溯源集:p951,,,,,,,,,,,,
REL_02869,SHL_SONGBEN_0129,clause,CR_SUYUAN_0115,commentary,commentary_support,錢潢《傷寒溯源集》對本條有注（對齊相似度0.81）。,傷寒溯源集:p968,,,,,,,,,,,,
REL_02870,SHL_SONGBEN_0130,clause,CR_SUYUAN_0116,commentary,commentary_support,錢潢《傷寒溯源集》對本條有注（對齊相似度0.86）。,傷寒溯源集:p976,,,,,,,,,,,,
REL_02871,SHL_SONGBEN_0167,clause,CR_SUYUAN_0117,commentary,commentary_support,錢潢《傷寒溯源集》對本條有注（對齊相似度0.82）。,傷寒溯源集:p980,,,,,,,,,,,,
REL_02872,SHL_SONGBEN_0038,clause,CR_SUYUAN_0118,commentary,commentary_support,錢潢《傷寒溯源集》對本條有注（對齊相似度0.85）。,傷寒溯源集:p983,,,,,,,,,,,,
REL_02873,SHL_SONGBEN_0039,clause,CR_SUYUAN_0119,commentary,commentary_support,錢潢《傷寒溯源集》對本條有注（對齊相似度0.92）。,傷寒溯源集:p1028,,,,,,,,,,,,
REL_02874,SHL_SONGBEN_0023,clause,CR_SUYUAN_0120,commentary,commentary_support,錢潢《傷寒溯源集》對本條有注（對齊相似度0.93）。,傷寒溯源集:p1035,,,,,,,,,,,,
REL_02875,SHL_SONGBEN_0027,clause,CR_SUYUAN_0121,commentary,commentary_support,錢潢《傷寒溯源集》對本條有注（對齊相似度0.93）。,傷寒溯源集:p1050,,,,,,,,,,,,
REL_02876,SHL_SONGBEN_0025,clause,CR_SUYUAN_0122,commentary,commentary_support,錢潢《傷寒溯源集》對本條有注（對齊相似度0.90）。,傷寒溯源集:p1060,,,,,,,,,,,,
REL_02877,SHL_SONGBEN_0028,clause,CR_SUYUAN_0123,commentary,commentary_support,錢潢《傷寒溯源集》對本條有注（對齊相似度0.83）。,傷寒溯源集:p1069,,,,,,,,,,,,
REL_02878,SHL_SONGBEN_0056,clause,CR_SUYUAN_0124,commentary,commentary_support,錢潢《傷寒溯源集》對本條有注（對齊相似度0.95）。,傷寒溯源集:p1083,,,,,,,,,,,,
REL_02879,SHL_SONGBEN_0057,clause,CR_SUYUAN_0125,commentary,commentary_support,錢潢《傷寒溯源集》對本條有注（對齊相似度0.90）。,傷寒溯源集:p1085,,,,,,,,,,,,
REL_02880,SHL_SONGBEN_0102,clause,CR_SUYUAN_0126,commentary,commentary_support,錢潢《傷寒溯源集》對本條有注（對齊相似度1.00）。,傷寒溯源集:p1088,,,,,,,,,,,,
REL_02881,SHL_SONGBEN_0119,clause,CR_SUYUAN_0127,commentary,commentary_support,錢潢《傷寒溯源集》對本條有注（對齊相似度1.00）。,傷寒溯源集:p1099,,,,,,,,,,,,
REL_02882,SHL_SONGBEN_0112,clause,CR_SUYUAN_0128,commentary,commentary_support,錢潢《傷寒溯源集》對本條有注（對齊相似度0.83）。,傷寒溯源集:p1102,,,,,,,,,,,,
REL_02883,SHL_SONGBEN_0118,clause,CR_SUYUAN_0129,commentary,commentary_support,錢潢《傷寒溯源集》對本條有注（對齊相似度1.00）。,傷寒溯源集:p1116,,,,,,,,,,,,
REL_02884,SHL_SONGBEN_0040,clause,CR_SUYUAN_0130,commentary,commentary_support,錢潢《傷寒溯源集》對本條有注（對齊相似度0.95）。,傷寒溯源集:p1124,,,,,,,,,,,,
REL_02885,SHL_SONGBEN_0041,clause,CR_SUYUAN_0131,commentary,commentary_support,錢潢《傷寒溯源集》對本條有注（對齊相似度0.94）。,傷寒溯源集:p1153,,,,,,,,,,,,
REL_02886,SHL_SONGBEN_0030,clause,CR_SUYUAN_0132,commentary,commentary_support,錢潢《傷寒溯源集》對本條有注（對齊相似度0.93）。,傷寒溯源集:p1158,,,,,,,,,,,,
REL_02887,SHL_SONGBEN_0176,clause,CR_SUYUAN_0133,commentary,commentary_support,錢潢《傷寒溯源集》對本條有注（對齊相似度0.79）。,傷寒溯源集:p1201,,,,,,,,,,,,
REL_02888,SHL_SONGBEN_0170,clause,CR_SUYUAN_0134,commentary,commentary_support,錢潢《傷寒溯源集》對本條有注（對齊相似度0.95）。,傷寒溯源集:p1210,,,,,,,,,,,,
REL_02889,SHL_SONGBEN_0026,clause,CR_SUYUAN_0135,commentary,commentary_support,錢潢《傷寒溯源集》對本條有注（對齊相似度1.00）。,傷寒溯源集:p1216,,,,,,,,,,,,
REL_02890,SHL_SONGBEN_0169,clause,CR_SUYUAN_0136,commentary,commentary_support,錢潢《傷寒溯源集》對本條有注（對齊相似度1.00）。,傷寒溯源集:p1221,,,,,,,,,,,,
REL_02891,SHL_SONGBEN_0168,clause,CR_SUYUAN_0137,commentary,commentary_support,錢潢《傷寒溯源集》對本條有注（對齊相似度0.87）。,傷寒溯源集:p1224,,,,,,,,,,,,
REL_02892,SHL_SONGBEN_0006,clause,CR_SUYUAN_0138,commentary,commentary_support,錢潢《傷寒溯源集》對本條有注（對齊相似度0.85）。,傷寒溯源集:p1242,,,,,,,,,,,,
REL_02893,SHL_SONGBEN_0113,clause,CR_SUYUAN_0139,commentary,commentary_support,錢潢《傷寒溯源集》對本條有注（對齊相似度0.97）。,傷寒溯源集:p1255,,,,,,,,,,,,
REL_02894,SHL_SONGBEN_0166,clause,CR_SUYUAN_0114,commentary,commentary_support,錢潢《傷寒溯源集》對本條有注（對齊相似度0.88）。,傷寒溯源集:p1257,,,,,,,,,,,,
REL_02895,SHL_SONGBEN_0259,clause,CR_SUYUAN_0141,commentary,commentary_support,錢潢《傷寒溯源集》對本條有注（對齊相似度0.94）。,傷寒溯源集:p1385,,,,,,,,,,,,
REL_02896,SHL_SONGBEN_0174,clause,CR_SUYUAN_0142,commentary,commentary_support,錢潢《傷寒溯源集》對本條有注（對齊相似度0.68）。,傷寒溯源集:p1392,,,,,,,,,,,,
REL_02897,SHL_SONGBEN_0175,clause,CR_SUYUAN_0143,commentary,commentary_support,錢潢《傷寒溯源集》對本條有注（對齊相似度0.90）。,傷寒溯源集:p1412,,,,,,,,,,,,
REL_02898,SHL_SONGBEN_0182,clause,CR_SUYUAN_0144,commentary,commentary_support,錢潢《傷寒溯源集》對本條有注（對齊相似度1.00）。,傷寒溯源集:p1464,,,,,,,,,,,,
REL_02899,SHL_SONGBEN_0183,clause,CR_SUYUAN_0145,commentary,commentary_support,錢潢《傷寒溯源集》對本條有注（對齊相似度0.87）。,傷寒溯源集:p1468,,,,,,,,,,,,
REL_02900,SHL_SONGBEN_0184,clause,CR_SUYUAN_0146,commentary,commentary_support,錢潢《傷寒溯源集》對本條有注（對齊相似度0.96）。,傷寒溯源集:p1472,,,,,,,,,,,,
REL_02901,SHL_SONGBEN_0181,clause,CR_SUYUAN_0147,commentary,commentary_support,錢潢《傷寒溯源集》對本條有注（對齊相似度0.78）。,傷寒溯源集:p1480,,,,,,,,,,,,
REL_02902,SHL_SONGBEN_0185,clause,CR_SUYUAN_0148,commentary,commentary_support,錢潢《傷寒溯源集》對本條有注（對齊相似度0.67）。,傷寒溯源集:p1485,,,,,,,,,,,,
REL_02903,SHL_SONGBEN_0188,clause,CR_SUYUAN_0149,commentary,commentary_support,錢潢《傷寒溯源集》對本條有注（對齊相似度0.74）。,傷寒溯源集:p1488,,,,,,,,,,,,
REL_02904,SHL_SONGBEN_0185,clause,CR_SUYUAN_0148,commentary,commentary_support,錢潢《傷寒溯源集》對本條有注（對齊相似度0.66）。,傷寒溯源集:p1491,,,,,,,,,,,,
REL_02905,SHL_SONGBEN_0193,clause,CR_SUYUAN_0151,commentary,commentary_support,錢潢《傷寒溯源集》對本條有注（對齊相似度1.00）。,傷寒溯源集:p1494,,,,,,,,,,,,
REL_02906,SHL_SONGBEN_0179,clause,CR_SUYUAN_0152,commentary,commentary_support,錢潢《傷寒溯源集》對本條有注（對齊相似度1.00）。,傷寒溯源集:p1506,,,,,,,,,,,,
REL_02907,SHL_SONGBEN_0190,clause,CR_SUYUAN_0153,commentary,commentary_support,錢潢《傷寒溯源集》對本條有注（對齊相似度0.64）。,傷寒溯源集:p1508,,,,,,,,,,,,
REL_02908,SHL_SONGBEN_0234,clause,CR_SUYUAN_0154,commentary,commentary_support,錢潢《傷寒溯源集》對本條有注（對齊相似度1.00）。,傷寒溯源集:p1521,,,,,,,,,,,,
REL_02909,SHL_SONGBEN_0014,clause,CR_SUYUAN_0155,commentary,commentary_support,錢潢《傷寒溯源集》對本條有注（對齊相似度0.90）。,傷寒溯源集:p1526,,,,,,,,,,,,
REL_02910,SHL_SONGBEN_0201,clause,CR_SUYUAN_0156,commentary,commentary_support,錢潢《傷寒溯源集》對本條有注（對齊相似度1.00）。,傷寒溯源集:p1537,,,,,,,,,,,,
REL_02911,SHL_SONGBEN_0198,clause,CR_SUYUAN_0157,commentary,commentary_support,錢潢《傷寒溯源集》對本條有注（對齊相似度0.72）。,傷寒溯源集:p1540,,,,,,,,,,,,
REL_02912,SHL_SONGBEN_0227,clause,CR_SUYUAN_0158,commentary,commentary_support,錢潢《傷寒溯源集》對本條有注（對齊相似度1.00）。,傷寒溯源集:p1542,,,,,,,,,,,,
REL_02913,SHL_SONGBEN_0202,clause,CR_SUYUAN_0159,commentary,commentary_support,錢潢《傷寒溯源集》對本條有注（對齊相似度0.83）。,傷寒溯源集:p1546,,,,,,,,,,,,
REL_02914,SHL_SONGBEN_0222,clause,CR_SUYUAN_0160,commentary,commentary_support,錢潢《傷寒溯源集》對本條有注（對齊相似度0.91）。,傷寒溯源集:p1549,,,,,,,,,,,,
REL_02915,SHL_SONGBEN_0223,clause,CR_SUYUAN_0161,commentary,commentary_support,錢潢《傷寒溯源集》對本條有注（對齊相似度1.00）。,傷寒溯源集:p1551,,,,,,,,,,,,
REL_02916,SHL_SONGBEN_0224,clause,CR_SUYUAN_0162,commentary,commentary_support,錢潢《傷寒溯源集》對本條有注（對齊相似度1.00）。,傷寒溯源集:p1565,,,,,,,,,,,,
REL_02917,SHL_SONGBEN_0240,clause,CR_SUYUAN_0163,commentary,commentary_support,錢潢《傷寒溯源集》對本條有注（對齊相似度0.95）。,傷寒溯源集:p1568,,,,,,,,,,,,
REL_02918,SHL_SONGBEN_0228,clause,CR_SUYUAN_0164,commentary,commentary_support,錢潢《傷寒溯源集》對本條有注（對齊相似度0.89）。,傷寒溯源集:p1582,,,,,,,,,,,,
REL_02919,SHL_SONGBEN_0189,clause,CR_SUYUAN_0165,commentary,commentary_support,錢潢《傷寒溯源集》對本條有注（對齊相似度1.00）。,傷寒溯源集:p1585,,,,,,,,,,,,
REL_02920,SHL_SONGBEN_0231,clause,CR_SUYUAN_0166,commentary,commentary_support,錢潢《傷寒溯源集》對本條有注（對齊相似度0.63）。,傷寒溯源集:p1588,,,,,,,,,,,,
REL_02921,SHL_SONGBEN_0232,clause,CR_SUYUAN_0167,commentary,commentary_support,錢潢《傷寒溯源集》對本條有注（對齊相似度0.62）。,傷寒溯源集:p1590,,,,,,,,,,,,
REL_02922,SHL_SONGBEN_0244,clause,CR_SUYUAN_0112,commentary,commentary_support,錢潢《傷寒溯源集》對本條有注（對齊相似度0.93）。,傷寒溯源集:p1610,,,,,,,,,,,,
REL_02923,SHL_SONGBEN_0203,clause,CR_SUYUAN_0169,commentary,commentary_support,錢潢《傷寒溯源集》對本條有注（對齊相似度0.71）。,傷寒溯源集:p1621,,,,,,,,,,,,
REL_02924,SHL_SONGBEN_0233,clause,CR_SUYUAN_0170,commentary,commentary_support,錢潢《傷寒溯源集》對本條有注（對齊相似度0.81）。,傷寒溯源集:p1627,,,,,,,,,,,,
REL_02925,SHL_SONGBEN_0213,clause,CR_SUYUAN_0171,commentary,commentary_support,錢潢《傷寒溯源集》對本條有注（對齊相似度0.88）。,傷寒溯源集:p1634,,,,,,,,,,,,
REL_02926,SHL_SONGBEN_0211,clause,CR_SUYUAN_0172,commentary,commentary_support,錢潢《傷寒溯源集》對本條有注（對齊相似度1.00）。,傷寒溯源集:p1638,,,,,,,,,,,,
REL_02927,SHL_SONGBEN_0246,clause,CR_SUYUAN_0173,commentary,commentary_support,錢潢《傷寒溯源集》對本條有注（對齊相似度1.00）。,傷寒溯源集:p1641,,,,,,,,,,,,
REL_02928,SHL_SONGBEN_0247,clause,CR_SUYUAN_0174,commentary,commentary_support,錢潢《傷寒溯源集》對本條有注（對齊相似度0.71）。,傷寒溯源集:p1644,,,,,,,,,,,,
REL_02929,SHL_SONGBEN_0235,clause,CR_SUYUAN_0175,commentary,commentary_support,錢潢《傷寒溯源集》對本條有注（對齊相似度1.00）。,傷寒溯源集:p1672,,,,,,,,,,,,
REL_02930,SHL_SONGBEN_0031,clause,CR_SUYUAN_0176,commentary,commentary_support,錢潢《傷寒溯源集》對本條有注（對齊相似度0.77）。,傷寒溯源集:p1677,,,,,,,,,,,,
REL_02931,SHL_SONGBEN_0204,clause,CR_SUYUAN_0177,commentary,commentary_support,錢潢《傷寒溯源集》對本條有注（對齊相似度0.83）。,傷寒溯源集:p1687,,,,,,,,,,,,
REL_02932,SHL_SONGBEN_0205,clause,CR_SUYUAN_0178,commentary,commentary_support,錢潢《傷寒溯源集》對本條有注（對齊相似度0.90）。,傷寒溯源集:p1690,,,,,,,,,,,,
REL_02933,SHL_SONGBEN_0245,clause,CR_SUYUAN_0179,commentary,commentary_support,錢潢《傷寒溯源集》對本條有注（對齊相似度0.68）。,傷寒溯源集:p1696,,,,,,,,,,,,
REL_02934,SHL_SONGBEN_0218,clause,CR_SUYUAN_0180,commentary,commentary_support,錢潢《傷寒溯源集》對本條有注（對齊相似度0.88）。,傷寒溯源集:p1701,,,,,,,,,,,,
REL_02935,SHL_SONGBEN_0105,clause,CR_SUYUAN_0181,commentary,commentary_support,錢潢《傷寒溯源集》對本條有注（對齊相似度0.94）。,傷寒溯源集:p1705,,,,,,,,,,,,
REL_02936,SHL_SONGBEN_0250,clause,CR_SUYUAN_0182,commentary,commentary_support,錢潢《傷寒溯源集》對本條有注（對齊相似度0.87）。,傷寒溯源集:p1709,,,,,,,,,,,,
REL_02937,SHL_SONGBEN_0195,clause,CR_SUYUAN_0183,commentary,commentary_support,錢潢《傷寒溯源集》對本條有注（對齊相似度0.90）。,傷寒溯源集:p1711,,,,,,,,,,,,
REL_02938,SHL_SONGBEN_0191,clause,CR_SUYUAN_0184,commentary,commentary_support,錢潢《傷寒溯源集》對本條有注（對齊相似度0.80）。,傷寒溯源集:p1717,,,,,,,,,,,,
REL_02939,SHL_SONGBEN_0192,clause,CR_SUYUAN_0185,commentary,commentary_support,錢潢《傷寒溯源集》對本條有注（對齊相似度0.75）。,傷寒溯源集:p1726,,,,,,,,,,,,
REL_02940,SHL_SONGBEN_0194,clause,CR_SUYUAN_0186,commentary,commentary_support,錢潢《傷寒溯源集》對本條有注（對齊相似度0.94）。,傷寒溯源集:p1733,,,,,,,,,,,,
REL_02941,SHL_SONGBEN_0226,clause,CR_SUYUAN_0187,commentary,commentary_support,錢潢《傷寒溯源集》對本條有注（對齊相似度1.00）。,傷寒溯源集:p1736,,,,,,,,,,,,
REL_02942,SHL_SONGBEN_0225,clause,CR_SUYUAN_0188,commentary,commentary_support,錢潢《傷寒溯源集》對本條有注（對齊相似度0.79）。,傷寒溯源集:p1738,,,,,,,,,,,,
REL_02943,SHL_SONGBEN_0197,clause,CR_SUYUAN_0189,commentary,commentary_support,錢潢《傷寒溯源集》對本條有注（對齊相似度0.88）。,傷寒溯源集:p1741,,,,,,,,,,,,
REL_02944,SHL_SONGBEN_0196,clause,CR_SUYUAN_0190,commentary,commentary_support,錢潢《傷寒溯源集》對本條有注（對齊相似度1.00）。,傷寒溯源集:p1750,,,,,,,,,,,,
REL_02945,SHL_SONGBEN_0243,clause,CR_SUYUAN_0191,commentary,commentary_support,錢潢《傷寒溯源集》對本條有注（對齊相似度0.95）。,傷寒溯源集:p1752,,,,,,,,,,,,
REL_02946,SHL_SONGBEN_0208,clause,CR_SUYUAN_0192,commentary,commentary_support,錢潢《傷寒溯源集》對本條有注（對齊相似度0.90）。,傷寒溯源集:p1760,,,,,,,,,,,,
REL_02947,SHL_SONGBEN_0180,clause,CR_SUYUAN_0193,commentary,commentary_support,錢潢《傷寒溯源集》對本條有注（對齊相似度1.00）。,傷寒溯源集:p1775,,,,,,,,,,,,
REL_02948,SHL_SONGBEN_0186,clause,CR_SUYUAN_0194,commentary,commentary_support,錢潢《傷寒溯源集》對本條有注（對齊相似度1.00）。,傷寒溯源集:p1779,,,,,,,,,,,,
REL_02949,SHL_SONGBEN_0248,clause,CR_SUYUAN_0195,commentary,commentary_support,錢潢《傷寒溯源集》對本條有注（對齊相似度1.00）。,傷寒溯源集:p1787,,,,,,,,,,,,
REL_02950,SHL_SONGBEN_0207,clause,CR_SUYUAN_0196,commentary,commentary_support,錢潢《傷寒溯源集》對本條有注（對齊相似度1.00）。,傷寒溯源集:p1792,,,,,,,,,,,,
REL_02951,SHL_SONGBEN_0209,clause,CR_SUYUAN_0197,commentary,commentary_support,錢潢《傷寒溯源集》對本條有注（對齊相似度0.90）。,傷寒溯源集:p1794,,,,,,,,,,,,
REL_02952,SHL_SONGBEN_0214,clause,CR_SUYUAN_0198,commentary,commentary_support,錢潢《傷寒溯源集》對本條有注（對齊相似度0.86）。,傷寒溯源集:p1814,,,,,,,,,,,,
REL_02953,SHL_SONGBEN_0238,clause,CR_SUYUAN_0199,commentary,commentary_support,錢潢《傷寒溯源集》對本條有注（對齊相似度0.90）。,傷寒溯源集:p1819,,,,,,,,,,,,
REL_02954,SHL_SONGBEN_0239,clause,CR_SUYUAN_0200,commentary,commentary_support,錢潢《傷寒溯源集》對本條有注（對齊相似度0.92）。,傷寒溯源集:p1825,,,,,,,,,,,,
REL_02955,SHL_SONGBEN_0242,clause,CR_SUYUAN_0201,commentary,commentary_support,錢潢《傷寒溯源集》對本條有注（對齊相似度0.93）。,傷寒溯源集:p1827,,,,,,,,,,,,
REL_02956,SHL_SONGBEN_0241,clause,CR_SUYUAN_0202,commentary,commentary_support,錢潢《傷寒溯源集》對本條有注（對齊相似度0.83）。,傷寒溯源集:p1831,,,,,,,,,,,,
REL_02957,SHL_SONGBEN_0217,clause,CR_SUYUAN_0203,commentary,commentary_support,錢潢《傷寒溯源集》對本條有注（對齊相似度0.89）。,傷寒溯源集:p1833,,,,,,,,,,,,
REL_02958,SHL_SONGBEN_0215,clause,CR_SUYUAN_0204,commentary,commentary_support,錢潢《傷寒溯源集》對本條有注（對齊相似度0.91）。,傷寒溯源集:p1839,,,,,,,,,,,,
REL_02959,SHL_SONGBEN_0212,clause,CR_SUYUAN_0205,commentary,commentary_support,錢潢《傷寒溯源集》對本條有注（對齊相似度0.68）。,傷寒溯源集:p1845,,,,,,,,,,,,
REL_02960,SHL_SONGBEN_0253,clause,CR_SUYUAN_0206,commentary,commentary_support,錢潢《傷寒溯源集》對本條有注（對齊相似度1.00）。,傷寒溯源集:p1854,,,,,,,,,,,,
REL_02961,SHL_SONGBEN_0254,clause,CR_SUYUAN_0207,commentary,commentary_support,錢潢《傷寒溯源集》對本條有注（對齊相似度1.00）。,傷寒溯源集:p1857,,,,,,,,,,,,
REL_02962,SHL_SONGBEN_0255,clause,CR_SUYUAN_0208,commentary,commentary_support,錢潢《傷寒溯源集》對本條有注（對齊相似度1.00）。,傷寒溯源集:p1860,,,,,,,,,,,,
REL_02963,SHL_SONGBEN_0252,clause,CR_SUYUAN_0209,commentary,commentary_support,錢潢《傷寒溯源集》對本條有注（對齊相似度0.94）。,傷寒溯源集:p1863,,,,,,,,,,,,
REL_02964,SHL_SONGBEN_0210,clause,CR_SUYUAN_0210,commentary,commentary_support,錢潢《傷寒溯源集》對本條有注（對齊相似度0.65）。,傷寒溯源集:p1872,,,,,,,,,,,,
REL_02965,SHL_SONGBEN_0199,clause,CR_SUYUAN_0211,commentary,commentary_support,錢潢《傷寒溯源集》對本條有注（對齊相似度0.91）。,傷寒溯源集:p1875,,,,,,,,,,,,
REL_02966,SHL_SONGBEN_0206,clause,CR_SUYUAN_0212,commentary,commentary_support,錢潢《傷寒溯源集》對本條有注（對齊相似度0.68）。,傷寒溯源集:p1879,,,,,,,,,,,,
REL_02967,SHL_SONGBEN_0236,clause,CR_SUYUAN_0213,commentary,commentary_support,錢潢《傷寒溯源集》對本條有注（對齊相似度0.80）。,傷寒溯源集:p1886,,,,,,,,,,,,
REL_02968,SHL_SONGBEN_0200,clause,CR_SUYUAN_0214,commentary,commentary_support,錢潢《傷寒溯源集》對本條有注（對齊相似度0.91）。,傷寒溯源集:p1896,,,,,,,,,,,,
REL_02969,SHL_SONGBEN_0260,clause,CR_SUYUAN_0215,commentary,commentary_support,錢潢《傷寒溯源集》對本條有注（對齊相似度1.00）。,傷寒溯源集:p1899,,,,,,,,,,,,
REL_02970,SHL_SONGBEN_0261,clause,CR_SUYUAN_0216,commentary,commentary_support,錢潢《傷寒溯源集》對本條有注（對齊相似度0.88）。,傷寒溯源集:p1903,,,,,,,,,,,,
REL_02971,SHL_SONGBEN_0262,clause,CR_SUYUAN_0217,commentary,commentary_support,錢潢《傷寒溯源集》對本條有注（對齊相似度0.81）。,傷寒溯源集:p1910,,,,,,,,,,,,
REL_02972,SHL_SONGBEN_0187,clause,CR_SUYUAN_0218,commentary,commentary_support,錢潢《傷寒溯源集》對本條有注（對齊相似度0.87）。,傷寒溯源集:p1923,,,,,,,,,,,,
REL_02973,SHL_SONGBEN_0216,clause,CR_SUYUAN_0219,commentary,commentary_support,錢潢《傷寒溯源集》對本條有注（對齊相似度0.95）。,傷寒溯源集:p1929,,,,,,,,,,,,
REL_02974,SHL_SONGBEN_0237,clause,CR_SUYUAN_0220,commentary,commentary_support,錢潢《傷寒溯源集》對本條有注（對齊相似度0.81）。,傷寒溯源集:p1937,,,,,,,,,,,,
REL_02975,SHL_SONGBEN_0257,clause,CR_SUYUAN_0221,commentary,commentary_support,錢潢《傷寒溯源集》對本條有注（對齊相似度0.89）。,傷寒溯源集:p1939,,,,,,,,,,,,
REL_02976,SHL_SONGBEN_0258,clause,CR_SUYUAN_0222,commentary,commentary_support,錢潢《傷寒溯源集》對本條有注（對齊相似度0.81）。,傷寒溯源集:p1943,,,,,,,,,,,,
REL_02977,SHL_SONGBEN_0179,clause,CR_SUYUAN_0152,commentary,commentary_support,錢潢《傷寒溯源集》對本條有注（對齊相似度0.62）。,傷寒溯源集:p1948,,,,,,,,,,,,
REL_02978,SHL_SONGBEN_0229,clause,CR_SUYUAN_0224,commentary,commentary_support,錢潢《傷寒溯源集》對本條有注（對齊相似度0.81）。,傷寒溯源集:p1967,,,,,,,,,,,,
REL_02979,SHL_SONGBEN_0230,clause,CR_SUYUAN_0225,commentary,commentary_support,錢潢《傷寒溯源集》對本條有注（對齊相似度0.73）。,傷寒溯源集:p1971,,,,,,,,,,,,
REL_02980,SHL_SONGBEN_0263,clause,CR_SUYUAN_0226,commentary,commentary_support,錢潢《傷寒溯源集》對本條有注（對齊相似度1.00）。,傷寒溯源集:p1980,,,,,,,,,,,,
REL_02981,SHL_SONGBEN_0096,clause,CR_SUYUAN_0227,commentary,commentary_support,錢潢《傷寒溯源集》對本條有注（對齊相似度0.76）。,傷寒溯源集:p1986,,,,,,,,,,,,
REL_02982,SHL_SONGBEN_0099,clause,CR_SUYUAN_0228,commentary,commentary_support,錢潢《傷寒溯源集》對本條有注（對齊相似度0.92）。,傷寒溯源集:p2051,,,,,,,,,,,,
REL_02983,SHL_SONGBEN_0100,clause,CR_SUYUAN_0229,commentary,commentary_support,錢潢《傷寒溯源集》對本條有注（對齊相似度0.76）。,傷寒溯源集:p2054,,,,,,,,,,,,
REL_02984,SHL_SONGBEN_0148,clause,CR_SUYUAN_0230,commentary,commentary_support,錢潢《傷寒溯源集》對本條有注（對齊相似度0.62）。,傷寒溯源集:p2060,,,,,,,,,,,,
REL_02985,SHL_SONGBEN_0108,clause,CR_SUYUAN_0231,commentary,commentary_support,錢潢《傷寒溯源集》對本條有注（對齊相似度1.00）。,傷寒溯源集:p2076,,,,,,,,,,,,
REL_02986,SHL_SONGBEN_0109,clause,CR_SUYUAN_0232,commentary,commentary_support,錢潢《傷寒溯源集》對本條有注（對齊相似度1.00）。,傷寒溯源集:p2088,,,,,,,,,,,,
REL_02987,SHL_SONGBEN_0271,clause,CR_SUYUAN_0233,commentary,commentary_support,錢潢《傷寒溯源集》對本條有注（對齊相似度0.79）。,傷寒溯源集:p2101,,,,,,,,,,,,
REL_02988,SHL_SONGBEN_0272,clause,CR_SUYUAN_0234,commentary,commentary_support,錢潢《傷寒溯源集》對本條有注（對齊相似度1.00）。,傷寒溯源集:p2104,,,,,,,,,,,,
REL_02989,SHL_SONGBEN_0270,clause,CR_SUYUAN_0235,commentary,commentary_support,錢潢《傷寒溯源集》對本條有注（對齊相似度0.94）。,傷寒溯源集:p2107,,,,,,,,,,,,
REL_02990,SHL_SONGBEN_0269,clause,CR_SUYUAN_0236,commentary,commentary_support,錢潢《傷寒溯源集》對本條有注（對齊相似度1.00）。,傷寒溯源集:p2112,,,,,,,,,,,,
REL_02991,SHL_SONGBEN_0265,clause,CR_SUYUAN_0237,commentary,commentary_support,錢潢《傷寒溯源集》對本條有注（對齊相似度0.97）。,傷寒溯源集:p2116,,,,,,,,,,,,
REL_02992,SHL_SONGBEN_0264,clause,CR_SUYUAN_0238,commentary,commentary_support,錢潢《傷寒溯源集》對本條有注（對齊相似度1.00）。,傷寒溯源集:p2119,,,,,,,,,,,,
REL_02993,SHL_SONGBEN_0266,clause,CR_SUYUAN_0239,commentary,commentary_support,錢潢《傷寒溯源集》對本條有注（對齊相似度0.67）。,傷寒溯源集:p2122,,,,,,,,,,,,
REL_02994,SHL_SONGBEN_0101,clause,CR_SUYUAN_0240,commentary,commentary_support,錢潢《傷寒溯源集》對本條有注（對齊相似度0.75）。,傷寒溯源集:p2129,,,,,,,,,,,,
REL_02995,SHL_SONGBEN_0149,clause,CR_SUYUAN_0103,commentary,commentary_support,錢潢《傷寒溯源集》對本條有注（對齊相似度0.96）。,傷寒溯源集:p2134,,,,,,,,,,,,
REL_02996,SHL_SONGBEN_0147,clause,CR_SUYUAN_0242,commentary,commentary_support,錢潢《傷寒溯源集》對本條有注（對齊相似度0.79）。,傷寒溯源集:p2158,,,,,,,,,,,,
REL_02997,SHL_SONGBEN_0146,clause,CR_SUYUAN_0243,commentary,commentary_support,錢潢《傷寒溯源集》對本條有注（對齊相似度0.94）。,傷寒溯源集:p2172,,,,,,,,,,,,
REL_02998,SHL_SONGBEN_0107,clause,CR_SUYUAN_0244,commentary,commentary_support,錢潢《傷寒溯源集》對本條有注（對齊相似度1.00）。,傷寒溯源集:p2185,,,,,,,,,,,,
REL_02999,SHL_SONGBEN_0103,clause,CR_SUYUAN_0245,commentary,commentary_support,錢潢《傷寒溯源集》對本條有注（對齊相似度0.75）。,傷寒溯源集:p2200,,,,,,,,,,,,
REL_03000,SHL_SONGBEN_0123,clause,CR_SUYUAN_0246,commentary,commentary_support,錢潢《傷寒溯源集》對本條有注（對齊相似度0.90）。,傷寒溯源集:p2211,,,,,,,,,,,,
REL_03001,SHL_SONGBEN_0037,clause,CR_SUYUAN_0247,commentary,commentary_support,錢潢《傷寒溯源集》對本條有注（對齊相似度0.94）。,傷寒溯源集:p2216,,,,,,,,,,,,
REL_03002,SHL_SONGBEN_0104,clause,CR_SUYUAN_0248,commentary,commentary_support,錢潢《傷寒溯源集》對本條有注（對齊相似度0.84）。,傷寒溯源集:p2222,,,,,,,,,,,,
REL_03003,SHL_SONGBEN_0144,clause,CR_SUYUAN_0249,commentary,commentary_support,錢潢《傷寒溯源集》對本條有注（對齊相似度0.92）。,傷寒溯源集:p2241,,,,,,,,,,,,
REL_03004,SHL_SONGBEN_0145,clause,CR_SUYUAN_0250,commentary,commentary_support,錢潢《傷寒溯源集》對本條有注（對齊相似度0.96）。,傷寒溯源集:p2248,,,,,,,,,,,,
REL_03005,SHL_SONGBEN_0097,clause,CR_SUYUAN_0251,commentary,commentary_support,錢潢《傷寒溯源集》對本條有注（對齊相似度0.75）。,傷寒溯源集:p2254,,,,,,,,,,,,
REL_03006,SHL_SONGBEN_0036,clause,CR_SUYUAN_0252,commentary,commentary_support,錢潢《傷寒溯源集》對本條有注（對齊相似度0.86）。,傷寒溯源集:p2272,,,,,,,,,,,,
REL_03007,SHL_SONGBEN_0032,clause,CR_SUYUAN_0253,commentary,commentary_support,錢潢《傷寒溯源集》對本條有注（對齊相似度1.00）。,傷寒溯源集:p2276,,,,,,,,,,,,
REL_03008,SHL_SONGBEN_0033,clause,CR_SUYUAN_0254,commentary,commentary_support,錢潢《傷寒溯源集》對本條有注（對齊相似度1.00）。,傷寒溯源集:p2282,,,,,,,,,,,,
REL_03009,SHL_SONGBEN_0172,clause,CR_SUYUAN_0255,commentary,commentary_support,錢潢《傷寒溯源集》對本條有注（對齊相似度0.96）。,傷寒溯源集:p2289,,,,,,,,,,,,
REL_03010,SHL_SONGBEN_0255,clause,CR_SUYUAN_0208,commentary,commentary_support,錢潢《傷寒溯源集》對本條有注（對齊相似度0.64）。,傷寒溯源集:p2297,,,,,,,,,,,,
REL_03011,SHL_SONGBEN_0268,clause,CR_SUYUAN_0257,commentary,commentary_support,錢潢《傷寒溯源集》對本條有注（對齊相似度1.00）。,傷寒溯源集:p2305,,,,,,,,,,,,
REL_03012,SHL_SONGBEN_0219,clause,CR_SUYUAN_0258,commentary,commentary_support,錢潢《傷寒溯源集》對本條有注（對齊相似度0.89）。,傷寒溯源集:p2312,,,,,,,,,,,,
REL_03013,SHL_SONGBEN_0048,clause,CR_SUYUAN_0259,commentary,commentary_support,錢潢《傷寒溯源集》對本條有注（對齊相似度0.80）。,傷寒溯源集:p2323,,,,,,,,,,,,
REL_03014,SHL_SONGBEN_0220,clause,CR_SUYUAN_0260,commentary,commentary_support,錢潢《傷寒溯源集》對本條有注（對齊相似度0.88）。,傷寒溯源集:p2337,,,,,,,,,,,,
REL_03015,SHL_SONGBEN_0142,clause,CR_SUYUAN_0110,commentary,commentary_support,錢潢《傷寒溯源集》對本條有注（對齊相似度0.76）。,傷寒溯源集:p2339,,,,,,,,,,,,
REL_03016,SHL_SONGBEN_0171,clause,CR_SUYUAN_0111,commentary,commentary_support,錢潢《傷寒溯源集》對本條有注（對齊相似度0.85）。,傷寒溯源集:p2350,,,,,,,,,,,,
REL_03017,SHL_SONGBEN_0150,clause,CR_SUYUAN_0263,commentary,commentary_support,錢潢《傷寒溯源集》對本條有注（對齊相似度0.85）。,傷寒溯源集:p2352,,,,,,,,,,,,
REL_03018,SHL_SONGBEN_0273,clause,CR_SUYUAN_0264,commentary,commentary_support,錢潢《傷寒溯源集》對本條有注（對齊相似度0.96）。,傷寒溯源集:p2359,,,,,,,,,,,,
REL_03019,SHL_SONGBEN_0277,clause,CR_SUYUAN_0265,commentary,commentary_support,錢潢《傷寒溯源集》對本條有注（對齊相似度1.00）。,傷寒溯源集:p2373,,,,,,,,,,,,
REL_03020,SHL_SONGBEN_0278,clause,CR_SUYUAN_0266,commentary,commentary_support,錢潢《傷寒溯源集》對本條有注（對齊相似度0.87）。,傷寒溯源集:p2387,,,,,,,,,,,,
REL_03021,SHL_SONGBEN_0173,clause,CR_SUYUAN_0267,commentary,commentary_support,錢潢《傷寒溯源集》對本條有注（對齊相似度1.00）。,傷寒溯源集:p2393,,,,,,,,,,,,
REL_03022,SHL_SONGBEN_0274,clause,CR_SUYUAN_0268,commentary,commentary_support,錢潢《傷寒溯源集》對本條有注（對齊相似度0.80）。,傷寒溯源集:p2401,,,,,,,,,,,,
REL_03023,SHL_SONGBEN_0275,clause,CR_SUYUAN_0269,commentary,commentary_support,錢潢《傷寒溯源集》對本條有注（對齊相似度1.00）。,傷寒溯源集:p2410,,,,,,,,,,,,
REL_03024,SHL_SONGBEN_0276,clause,CR_SUYUAN_0270,commentary,commentary_support,錢潢《傷寒溯源集》對本條有注（對齊相似度1.00）。,傷寒溯源集:p2413,,,,,,,,,,,,
REL_03025,SHL_SONGBEN_0279,clause,CR_SUYUAN_0271,commentary,commentary_support,錢潢《傷寒溯源集》對本條有注（對齊相似度0.81）。,傷寒溯源集:p2431,,,,,,,,,,,,
REL_03026,SHL_SONGBEN_0280,clause,CR_SUYUAN_0272,commentary,commentary_support,錢潢《傷寒溯源集》對本條有注（對齊相似度1.00）。,傷寒溯源集:p2444,,,,,,,,,,,,
REL_03027,SHL_SONGBEN_0382,clause,CR_SUYUAN_0273,commentary,commentary_support,錢潢《傷寒溯源集》對本條有注（對齊相似度0.81）。,傷寒溯源集:p2448,,,,,,,,,,,,
REL_03028,SHL_SONGBEN_0383,clause,CR_SUYUAN_0274,commentary,commentary_support,錢潢《傷寒溯源集》對本條有注（對齊相似度0.99）。,傷寒溯源集:p2453,,,,,,,,,,,,
REL_03029,SHL_SONGBEN_0384,clause,CR_SUYUAN_0275,commentary,commentary_support,錢潢《傷寒溯源集》對本條有注（對齊相似度0.66）。,傷寒溯源集:p2458,,,,,,,,,,,,
REL_03030,SHL_SONGBEN_0385,clause,CR_SUYUAN_0276,commentary,commentary_support,錢潢《傷寒溯源集》對本條有注（對齊相似度1.00）。,傷寒溯源集:p2469,,,,,,,,,,,,
REL_03031,SHL_SONGBEN_0386,clause,CR_SUYUAN_0277,commentary,commentary_support,錢潢《傷寒溯源集》對本條有注（對齊相似度1.00）。,傷寒溯源集:p2479,,,,,,,,,,,,
REL_03032,SHL_SONGBEN_0387,clause,CR_SUYUAN_0278,commentary,commentary_support,錢潢《傷寒溯源集》對本條有注（對齊相似度1.00）。,傷寒溯源集:p2510,,,,,,,,,,,,
REL_03033,SHL_SONGBEN_0388,clause,CR_SUYUAN_0279,commentary,commentary_support,錢潢《傷寒溯源集》對本條有注（對齊相似度1.00）。,傷寒溯源集:p2516,,,,,,,,,,,,
REL_03034,SHL_SONGBEN_0389,clause,CR_SUYUAN_0280,commentary,commentary_support,錢潢《傷寒溯源集》對本條有注（對齊相似度1.00）。,傷寒溯源集:p2519,,,,,,,,,,,,
REL_03035,SHL_SONGBEN_0390,clause,CR_SUYUAN_0281,commentary,commentary_support,錢潢《傷寒溯源集》對本條有注（對齊相似度1.00）。,傷寒溯源集:p2521,,,,,,,,,,,,
REL_03036,SHL_SONGBEN_0391,clause,CR_SUYUAN_0282,commentary,commentary_support,錢潢《傷寒溯源集》對本條有注（對齊相似度1.00）。,傷寒溯源集:p2523,,,,,,,,,,,,
REL_03037,SHL_SONGBEN_0281,clause,CR_SUYUAN_0283,commentary,commentary_support,錢潢《傷寒溯源集》對本條有注（對齊相似度1.00）。,傷寒溯源集:p2525,,,,,,,,,,,,
REL_03038,SHL_SONGBEN_0291,clause,CR_SUYUAN_0284,commentary,commentary_support,錢潢《傷寒溯源集》對本條有注（對齊相似度1.00）。,傷寒溯源集:p2537,,,,,,,,,,,,
REL_03039,SHL_SONGBEN_0286,clause,CR_SUYUAN_0285,commentary,commentary_support,錢潢《傷寒溯源集》對本條有注（對齊相似度0.92）。,傷寒溯源集:p2540,,,,,,,,,,,,
REL_03040,SHL_SONGBEN_0301,clause,CR_SUYUAN_0286,commentary,commentary_support,錢潢《傷寒溯源集》對本條有注（對齊相似度0.85）。,傷寒溯源集:p2549,,,,,,,,,,,,
REL_03041,SHL_SONGBEN_0302,clause,CR_SUYUAN_0287,commentary,commentary_support,錢潢《傷寒溯源集》對本條有注（對齊相似度0.94）。,傷寒溯源集:p2558,,,,,,,,,,,,
REL_03042,SHL_SONGBEN_0304,clause,CR_SUYUAN_0002,commentary,commentary_support,錢潢《傷寒溯源集》對本條有注（對齊相似度1.00）。,傷寒溯源集:p2563,,,,,,,,,,,,
REL_03043,SHL_SONGBEN_0305,clause,CR_SUYUAN_0289,commentary,commentary_support,錢潢《傷寒溯源集》對本條有注（對齊相似度1.00）。,傷寒溯源集:p2573,,,,,,,,,,,,
REL_03044,SHL_SONGBEN_0323,clause,CR_SUYUAN_0290,commentary,commentary_support,錢潢《傷寒溯源集》對本條有注（對齊相似度1.00）。,傷寒溯源集:p2576,,,,,,,,,,,,
REL_03045,SHL_SONGBEN_0289,clause,CR_SUYUAN_0291,commentary,commentary_support,錢潢《傷寒溯源集》對本條有注（對齊相似度0.88）。,傷寒溯源集:p2579,,,,,,,,,,,,
REL_03046,SHL_SONGBEN_0283,clause,CR_SUYUAN_0292,commentary,commentary_support,錢潢《傷寒溯源集》對本條有注（對齊相似度0.92）。,傷寒溯源集:p2582,,,,,,,,,,,,
REL_03047,SHL_SONGBEN_0282,clause,CR_SUYUAN_0293,commentary,commentary_support,錢潢《傷寒溯源集》對本條有注（對齊相似度0.62）。,傷寒溯源集:p2591,,,,,,,,,,,,
REL_03048,SHL_SONGBEN_0325,clause,CR_SUYUAN_0294,commentary,commentary_support,錢潢《傷寒溯源集》對本條有注（對齊相似度0.92）。,傷寒溯源集:p2599,,,,,,,,,,,,
REL_03049,SHL_SONGBEN_0306,clause,CR_SUYUAN_0295,commentary,commentary_support,錢潢《傷寒溯源集》對本條有注（對齊相似度1.00）。,傷寒溯源集:p2605,,,,,,,,,,,,
REL_03050,SHL_SONGBEN_0316,clause,CR_SUYUAN_0296,commentary,commentary_support,錢潢《傷寒溯源集》對本條有注（對齊相似度0.96）。,傷寒溯源集:p2622,,,,,,,,,,,,
REL_03051,SHL_SONGBEN_0287,clause,CR_SUYUAN_0003,commentary,commentary_support,錢潢《傷寒溯源集》對本條有注（對齊相似度1.00）。,傷寒溯源集:p2643,,,,,,,,,,,,
REL_03052,SHL_SONGBEN_0309,clause,CR_SUYUAN_0298,commentary,commentary_support,錢潢《傷寒溯源集》對本條有注（對齊相似度0.89）。,傷寒溯源集:p2647,,,,,,,,,,,,
REL_03053,SHL_SONGBEN_0288,clause,CR_SUYUAN_0299,commentary,commentary_support,錢潢《傷寒溯源集》對本條有注（對齊相似度0.89）。,傷寒溯源集:p2652,,,,,,,,,,,,
REL_03054,SHL_SONGBEN_0292,clause,CR_SUYUAN_0300,commentary,commentary_support,錢潢《傷寒溯源集》對本條有注（對齊相似度1.00）。,傷寒溯源集:p2656,,,,,,,,,,,,
REL_03055,SHL_SONGBEN_0317,clause,CR_SUYUAN_0301,commentary,commentary_support,錢潢《傷寒溯源集》對本條有注（對齊相似度0.91）。,傷寒溯源集:p2660,,,,,,,,,,,,
REL_03056,SHL_SONGBEN_0314,clause,CR_SUYUAN_0302,commentary,commentary_support,錢潢《傷寒溯源集》對本條有注（對齊相似度1.00）。,傷寒溯源集:p2686,,,,,,,,,,,,
REL_03057,SHL_SONGBEN_0315,clause,CR_SUYUAN_0303,commentary,commentary_support,錢潢《傷寒溯源集》對本條有注（對齊相似度0.96）。,傷寒溯源集:p2691,,,,,,,,,,,,
REL_03058,SHL_SONGBEN_0300,clause,CR_SUYUAN_0304,commentary,commentary_support,錢潢《傷寒溯源集》對本條有注（對齊相似度0.84）。,傷寒溯源集:p2701,,,,,,,,,,,,
REL_03059,SHL_SONGBEN_0295,clause,CR_SUYUAN_0305,commentary,commentary_support,錢潢《傷寒溯源集》對本條有注（對齊相似度0.87）。,傷寒溯源集:p2705,,,,,,,,,,,,
REL_03060,SHL_SONGBEN_0296,clause,CR_SUYUAN_0306,commentary,commentary_support,錢潢《傷寒溯源集》對本條有注（對齊相似度0.70）。,傷寒溯源集:p2708,,,,,,,,,,,,
REL_03061,SHL_SONGBEN_0297,clause,CR_SUYUAN_0307,commentary,commentary_support,錢潢《傷寒溯源集》對本條有注（對齊相似度1.00）。,傷寒溯源集:p2711,,,,,,,,,,,,
REL_03062,SHL_SONGBEN_0298,clause,CR_SUYUAN_0308,commentary,commentary_support,錢潢《傷寒溯源集》對本條有注（對齊相似度0.89）。,傷寒溯源集:p2714,,,,,,,,,,,,
REL_03063,SHL_SONGBEN_0299,clause,CR_SUYUAN_0309,commentary,commentary_support,錢潢《傷寒溯源集》對本條有注（對齊相似度1.00）。,傷寒溯源集:p2717,,,,,,,,,,,,
REL_03064,SHL_SONGBEN_0290,clause,CR_SUYUAN_0310,commentary,commentary_support,錢潢《傷寒溯源集》對本條有注（對齊相似度0.87）。,傷寒溯源集:p2721,,,,,,,,,,,,
REL_03065,SHL_SONGBEN_0285,clause,CR_SUYUAN_0311,commentary,commentary_support,錢潢《傷寒溯源集》對本條有注（對齊相似度0.86）。,傷寒溯源集:p2726,,,,,,,,,,,,
REL_03066,SHL_SONGBEN_0284,clause,CR_SUYUAN_0312,commentary,commentary_support,錢潢《傷寒溯源集》對本條有注（對齊相似度0.92）。,傷寒溯源集:p2729,,,,,,,,,,,,
REL_03067,SHL_SONGBEN_0294,clause,CR_SUYUAN_0313,commentary,commentary_support,錢潢《傷寒溯源集》對本條有注（對齊相似度0.96）。,傷寒溯源集:p2734,,,,,,,,,,,,
REL_03068,SHL_SONGBEN_0311,clause,CR_SUYUAN_0314,commentary,commentary_support,錢潢《傷寒溯源集》對本條有注（對齊相似度0.90）。,傷寒溯源集:p2742,,,,,,,,,,,,
REL_03069,SHL_SONGBEN_0313,clause,CR_SUYUAN_0315,commentary,commentary_support,錢潢《傷寒溯源集》對本條有注（對齊相似度1.00）。,傷寒溯源集:p2749,,,,,,,,,,,,
REL_03070,SHL_SONGBEN_0312,clause,CR_SUYUAN_0316,commentary,commentary_support,錢潢《傷寒溯源集》對本條有注（對齊相似度1.00）。,傷寒溯源集:p2757,,,,,,,,,,,,
REL_03071,SHL_SONGBEN_0310,clause,CR_SUYUAN_0317,commentary,commentary_support,錢潢《傷寒溯源集》對本條有注（對齊相似度0.90）。,傷寒溯源集:p2769,,,,,,,,,,,,
REL_03072,SHL_SONGBEN_0318,clause,CR_SUYUAN_0318,commentary,commentary_support,錢潢《傷寒溯源集》對本條有注（對齊相似度0.93）。,傷寒溯源集:p2779,,,,,,,,,,,,
REL_03073,SHL_SONGBEN_0319,clause,CR_SUYUAN_0319,commentary,commentary_support,錢潢《傷寒溯源集》對本條有注（對齊相似度0.91）。,傷寒溯源集:p2807,,,,,,,,,,,,
REL_03074,SHL_SONGBEN_0303,clause,CR_SUYUAN_0320,commentary,commentary_support,錢潢《傷寒溯源集》對本條有注（對齊相似度1.00）。,傷寒溯源集:p2812,,,,,,,,,,,,
REL_03075,SHL_SONGBEN_0293,clause,CR_SUYUAN_0321,commentary,commentary_support,錢潢《傷寒溯源集》對本條有注（對齊相似度1.00）。,傷寒溯源集:p2823,,,,,,,,,,,,
REL_03076,SHL_SONGBEN_0308,clause,CR_SUYUAN_0322,commentary,commentary_support,錢潢《傷寒溯源集》對本條有注（對齊相似度1.00）。,傷寒溯源集:p2825,,,,,,,,,,,,
REL_03077,SHL_SONGBEN_0320,clause,CR_SUYUAN_0323,commentary,commentary_support,錢潢《傷寒溯源集》對本條有注（對齊相似度1.00）。,傷寒溯源集:p2827,,,,,,,,,,,,
REL_03078,SHL_SONGBEN_0321,clause,CR_SUYUAN_0324,commentary,commentary_support,錢潢《傷寒溯源集》對本條有注（對齊相似度0.92）。,傷寒溯源集:p2835,,,,,,,,,,,,
REL_03079,SHL_SONGBEN_0322,clause,CR_SUYUAN_0325,commentary,commentary_support,錢潢《傷寒溯源集》對本條有注（對齊相似度1.00）。,傷寒溯源集:p2848,,,,,,,,,,,,
REL_03080,SHL_SONGBEN_0326,clause,CR_SUYUAN_0326,commentary,commentary_support,錢潢《傷寒溯源集》對本條有注（對齊相似度0.93）。,傷寒溯源集:p2850,,,,,,,,,,,,
REL_03081,SHL_SONGBEN_0327,clause,CR_SUYUAN_0327,commentary,commentary_support,錢潢《傷寒溯源集》對本條有注（對齊相似度1.00）。,傷寒溯源集:p2855,,,,,,,,,,,,
REL_03082,SHL_SONGBEN_0329,clause,CR_SUYUAN_0328,commentary,commentary_support,錢潢《傷寒溯源集》對本條有注（對齊相似度0.87）。,傷寒溯源集:p2858,,,,,,,,,,,,
REL_03083,SHL_SONGBEN_0328,clause,CR_SUYUAN_0329,commentary,commentary_support,錢潢《傷寒溯源集》對本條有注（對齊相似度1.00）。,傷寒溯源集:p2860,,,,,,,,,,,,
REL_03084,SHL_SONGBEN_0330,clause,CR_SUYUAN_0330,commentary,commentary_support,錢潢《傷寒溯源集》對本條有注（對齊相似度1.00）。,傷寒溯源集:p2862,,,,,,,,,,,,
REL_03085,SHL_SONGBEN_0337,clause,CR_SUYUAN_0331,commentary,commentary_support,錢潢《傷寒溯源集》對本條有注（對齊相似度1.00）。,傷寒溯源集:p2867,,,,,,,,,,,,
REL_03086,SHL_SONGBEN_0335,clause,CR_SUYUAN_0332,commentary,commentary_support,錢潢《傷寒溯源集》對本條有注（對齊相似度1.00）。,傷寒溯源集:p2874,,,,,,,,,,,,
REL_03087,SHL_SONGBEN_0336,clause,CR_SUYUAN_0333,commentary,commentary_support,錢潢《傷寒溯源集》對本條有注（對齊相似度0.93）。,傷寒溯源集:p2881,,,,,,,,,,,,
REL_03088,SHL_SONGBEN_0341,clause,CR_SUYUAN_0334,commentary,commentary_support,錢潢《傷寒溯源集》對本條有注（對齊相似度0.95）。,傷寒溯源集:p2884,,,,,,,,,,,,
REL_03089,SHL_SONGBEN_0342,clause,CR_SUYUAN_0335,commentary,commentary_support,錢潢《傷寒溯源集》對本條有注（對齊相似度1.00）。,傷寒溯源集:p2886,,,,,,,,,,,,
REL_03090,SHL_SONGBEN_0339,clause,CR_SUYUAN_0336,commentary,commentary_support,錢潢《傷寒溯源集》對本條有注（對齊相似度0.68）。,傷寒溯源集:p2888,,,,,,,,,,,,
REL_03091,SHL_SONGBEN_0331,clause,CR_SUYUAN_0337,commentary,commentary_support,錢潢《傷寒溯源集》對本條有注（對齊相似度1.00）。,傷寒溯源集:p2894,,,,,,,,,,,,
REL_03092,SHL_SONGBEN_0334,clause,CR_SUYUAN_0338,commentary,commentary_support,錢潢《傷寒溯源集》對本條有注（對齊相似度1.00）。,傷寒溯源集:p2897,,,,,,,,,,,,
REL_03093,SHL_SONGBEN_0332,clause,CR_SUYUAN_0339,commentary,commentary_support,錢潢《傷寒溯源集》對本條有注（對齊相似度0.72）。,傷寒溯源集:p2902,,,,,,,,,,,,
REL_03094,SHL_SONGBEN_0333,clause,CR_SUYUAN_0340,commentary,commentary_support,錢潢《傷寒溯源集》對本條有注（對齊相似度0.77）。,傷寒溯源集:p2911,,,,,,,,,,,,
REL_03095,SHL_SONGBEN_0338,clause,CR_SUYUAN_0341,commentary,commentary_support,錢潢《傷寒溯源集》對本條有注（對齊相似度0.72）。,傷寒溯源集:p2913,,,,,,,,,,,,
REL_03096,SHL_SONGBEN_0089,clause,CR_SUYUAN_0342,commentary,commentary_support,錢潢《傷寒溯源集》對本條有注（對齊相似度0.75）。,傷寒溯源集:p2925,,,,,,,,,,,,
REL_03097,SHL_SONGBEN_0350,clause,CR_SUYUAN_0343,commentary,commentary_support,錢潢《傷寒溯源集》對本條有注（對齊相似度0.76）。,傷寒溯源集:p2928,,,,,,,,,,,,
REL_03098,SHL_SONGBEN_0379,clause,CR_SUYUAN_0344,commentary,commentary_support,錢潢《傷寒溯源集》對本條有注（對齊相似度1.00）。,傷寒溯源集:p2931,,,,,,,,,,,,
REL_03099,SHL_SONGBEN_0376,clause,CR_SUYUAN_0345,commentary,commentary_support,錢潢《傷寒溯源集》對本條有注（對齊相似度1.00）。,傷寒溯源集:p2933,,,,,,,,,,,,
REL_03100,SHL_SONGBEN_0378,clause,CR_SUYUAN_0346,commentary,commentary_support,錢潢《傷寒溯源集》對本條有注（對齊相似度0.83）。,傷寒溯源集:p2935,,,,,,,,,,,,
REL_03101,SHL_SONGBEN_0377,clause,CR_SUYUAN_0347,commentary,commentary_support,錢潢《傷寒溯源集》對本條有注（對齊相似度1.00）。,傷寒溯源集:p2938,,,,,,,,,,,,
REL_03102,SHL_SONGBEN_0351,clause,CR_SUYUAN_0348,commentary,commentary_support,錢潢《傷寒溯源集》對本條有注（對齊相似度1.00）。,傷寒溯源集:p2941,,,,,,,,,,,,
REL_03103,SHL_SONGBEN_0352,clause,CR_SUYUAN_0349,commentary,commentary_support,錢潢《傷寒溯源集》對本條有注（對齊相似度1.00）。,傷寒溯源集:p2953,,,,,,,,,,,,
REL_03104,SHL_SONGBEN_0352,clause,CR_SUYUAN_0349,commentary,commentary_support,錢潢《傷寒溯源集》對本條有注（對齊相似度0.67）。,傷寒溯源集:p2957,,,,,,,,,,,,
REL_03105,SHL_SONGBEN_0340,clause,CR_SUYUAN_0351,commentary,commentary_support,錢潢《傷寒溯源集》對本條有注（對齊相似度1.00）。,傷寒溯源集:p2960,,,,,,,,,,,,
REL_03106,SHL_SONGBEN_0355,clause,CR_SUYUAN_0352,commentary,commentary_support,錢潢《傷寒溯源集》對本條有注（對齊相似度0.94）。,傷寒溯源集:p2965,,,,,,,,,,,,
REL_03107,SHL_SONGBEN_0347,clause,CR_SUYUAN_0353,commentary,commentary_support,錢潢《傷寒溯源集》對本條有注（對齊相似度0.89）。,傷寒溯源集:p2970,,,,,,,,,,,,
REL_03108,SHL_SONGBEN_0349,clause,CR_SUYUAN_0354,commentary,commentary_support,錢潢《傷寒溯源集》對本條有注（對齊相似度0.86）。,傷寒溯源集:p2974,,,,,,,,,,,,
REL_03109,SHL_SONGBEN_0343,clause,CR_SUYUAN_0355,commentary,commentary_support,錢潢《傷寒溯源集》對本條有注（對齊相似度1.00）。,傷寒溯源集:p2977,,,,,,,,,,,,
REL_03110,SHL_SONGBEN_0357,clause,CR_SUYUAN_0356,commentary,commentary_support,錢潢《傷寒溯源集》對本條有注（對齊相似度0.93）。,傷寒溯源集:p2980,,,,,,,,,,,,
REL_03111,SHL_SONGBEN_0359,clause,CR_SUYUAN_0357,commentary,commentary_support,錢潢《傷寒溯源集》對本條有注（對齊相似度0.94）。,傷寒溯源集:p3004,,,,,,,,,,,,
REL_03112,SHL_SONGBEN_0380,clause,CR_SUYUAN_0358,commentary,commentary_support,錢潢《傷寒溯源集》對本條有注（對齊相似度0.84）。,傷寒溯源集:p3012,,,,,,,,,,,,
REL_03113,SHL_SONGBEN_0381,clause,CR_SUYUAN_0359,commentary,commentary_support,錢潢《傷寒溯源集》對本條有注（對齊相似度0.89）。,傷寒溯源集:p3019,,,,,,,,,,,,
REL_03114,SHL_SONGBEN_0371,clause,CR_SUYUAN_0360,commentary,commentary_support,錢潢《傷寒溯源集》對本條有注（對齊相似度1.00）。,傷寒溯源集:p3026,,,,,,,,,,,,
REL_03115,SHL_SONGBEN_0373,clause,CR_SUYUAN_0361,commentary,commentary_support,錢潢《傷寒溯源集》對本條有注（對齊相似度1.00）。,傷寒溯源集:p3034,,,,,,,,,,,,
REL_03116,SHL_SONGBEN_0373,clause,CR_SUYUAN_0361,commentary,commentary_support,錢潢《傷寒溯源集》對本條有注（對齊相似度0.91）。,傷寒溯源集:p3038,,,,,,,,,,,,
REL_03117,SHL_SONGBEN_0375,clause,CR_SUYUAN_0363,commentary,commentary_support,錢潢《傷寒溯源集》對本條有注（對齊相似度1.00）。,傷寒溯源集:p3048,,,,,,,,,,,,
REL_03118,SHL_SONGBEN_0374,clause,CR_SUYUAN_0364,commentary,commentary_support,錢潢《傷寒溯源集》對本條有注（對齊相似度0.85）。,傷寒溯源集:p3051,,,,,,,,,,,,
REL_03119,SHL_SONGBEN_0356,clause,CR_SUYUAN_0365,commentary,commentary_support,錢潢《傷寒溯源集》對本條有注（對齊相似度0.89）。,傷寒溯源集:p3056,,,,,,,,,,,,
REL_03120,SHL_SONGBEN_0358,clause,CR_SUYUAN_0366,commentary,commentary_support,錢潢《傷寒溯源集》對本條有注（對齊相似度0.90）。,傷寒溯源集:p3059,,,,,,,,,,,,
REL_03121,SHL_SONGBEN_0372,clause,CR_SUYUAN_0367,commentary,commentary_support,錢潢《傷寒溯源集》對本條有注（對齊相似度0.86）。,傷寒溯源集:p3061,,,,,,,,,,,,
REL_03122,SHL_SONGBEN_0366,clause,CR_SUYUAN_0368,commentary,commentary_support,錢潢《傷寒溯源集》對本條有注（對齊相似度0.95）。,傷寒溯源集:p3065,,,,,,,,,,,,
REL_03123,SHL_SONGBEN_0364,clause,CR_SUYUAN_0369,commentary,commentary_support,錢潢《傷寒溯源集》對本條有注（對齊相似度1.00）。,傷寒溯源集:p3069,,,,,,,,,,,,
REL_03124,SHL_SONGBEN_0370,clause,CR_SUYUAN_0370,commentary,commentary_support,錢潢《傷寒溯源集》對本條有注（對齊相似度0.89）。,傷寒溯源集:p3072,,,,,,,,,,,,
REL_03125,SHL_SONGBEN_0353,clause,CR_SUYUAN_0371,commentary,commentary_support,錢潢《傷寒溯源集》對本條有注（對齊相似度1.00）。,傷寒溯源集:p3075,,,,,,,,,,,,
REL_03126,SHL_SONGBEN_0354,clause,CR_SUYUAN_0372,commentary,commentary_support,錢潢《傷寒溯源集》對本條有注（對齊相似度1.00）。,傷寒溯源集:p3077,,,,,,,,,,,,
REL_03127,SHL_SONGBEN_0368,clause,CR_SUYUAN_0373,commentary,commentary_support,錢潢《傷寒溯源集》對本條有注（對齊相似度0.93）。,傷寒溯源集:p3079,,,,,,,,,,,,
REL_03128,SHL_SONGBEN_0362,clause,CR_SUYUAN_0374,commentary,commentary_support,錢潢《傷寒溯源集》對本條有注（對齊相似度0.75）。,傷寒溯源集:p3084,,,,,,,,,,,,
REL_03129,SHL_SONGBEN_0346,clause,CR_SUYUAN_0375,commentary,commentary_support,錢潢《傷寒溯源集》對本條有注（對齊相似度1.00）。,傷寒溯源集:p3086,,,,,,,,,,,,
REL_03130,SHL_SONGBEN_0345,clause,CR_SUYUAN_0376,commentary,commentary_support,錢潢《傷寒溯源集》對本條有注（對齊相似度1.00）。,傷寒溯源集:p3095,,,,,,,,,,,,
REL_03131,SHL_SONGBEN_0344,clause,CR_SUYUAN_0377,commentary,commentary_support,錢潢《傷寒溯源集》對本條有注（對齊相似度1.00）。,傷寒溯源集:p3097,,,,,,,,,,,,
REL_03132,SHL_SONGBEN_0369,clause,CR_SUYUAN_0378,commentary,commentary_support,錢潢《傷寒溯源集》對本條有注（對齊相似度0.83）。,傷寒溯源集:p3099,,,,,,,,,,,,
REL_03133,SHL_SONGBEN_0360,clause,CR_SUYUAN_0379,commentary,commentary_support,錢潢《傷寒溯源集》對本條有注（對齊相似度0.83）。,傷寒溯源集:p3103,,,,,,,,,,,,
REL_03134,SHL_SONGBEN_0367,clause,CR_SUYUAN_0380,commentary,commentary_support,錢潢《傷寒溯源集》對本條有注（對齊相似度0.81）。,傷寒溯源集:p3108,,,,,,,,,,,,
REL_03135,SHL_SONGBEN_0361,clause,CR_SUYUAN_0381,commentary,commentary_support,錢潢《傷寒溯源集》對本條有注（對齊相似度0.88）。,傷寒溯源集:p3110,,,,,,,,,,,,
REL_03136,SHL_SONGBEN_0363,clause,CR_SUYUAN_0382,commentary,commentary_support,錢潢《傷寒溯源集》對本條有注（對齊相似度0.73）。,傷寒溯源集:p3114,,,,,,,,,,,,
REL_03137,SHL_SONGBEN_0365,clause,CR_SUYUAN_0383,commentary,commentary_support,錢潢《傷寒溯源集》對本條有注（對齊相似度0.96）。,傷寒溯源集:p3120,,,,,,,,,,,,
REL_03138,SHL_SONGBEN_0392,clause,CR_SUYUAN_0384,commentary,commentary_support,錢潢《傷寒溯源集》對本條有注（對齊相似度0.92）。,傷寒溯源集:p3126,,,,,,,,,,,,
REL_03139,SHL_SONGBEN_0398,clause,CR_SUYUAN_0385,commentary,commentary_support,錢潢《傷寒溯源集》對本條有注（對齊相似度0.88）。,傷寒溯源集:p3162,,,,,,,,,,,,
REL_03140,SHL_SONGBEN_0394,clause,CR_SUYUAN_0386,commentary,commentary_support,錢潢《傷寒溯源集》對本條有注（對齊相似度0.86）。,傷寒溯源集:p3167,,,,,,,,,,,,
REL_03141,SHL_SONGBEN_0395,clause,CR_SUYUAN_0387,commentary,commentary_support,錢潢《傷寒溯源集》對本條有注（對齊相似度0.89）。,傷寒溯源集:p3171,,,,,,,,,,,,
REL_03142,SHL_SONGBEN_0396,clause,CR_SUYUAN_0388,commentary,commentary_support,錢潢《傷寒溯源集》對本條有注（對齊相似度0.81）。,傷寒溯源集:p3189,,,,,,,,,,,,
REL_03143,SHL_SONGBEN_0397,clause,CR_SUYUAN_0389,commentary,commentary_support,錢潢《傷寒溯源集》對本條有注（對齊相似度0.92）。,傷寒溯源集:p3198,,,,,,,,,,,,
REL_03144,SHL_SONGBEN_0001,clause,CR_ZHANGQINGZI_0001,commentary,commentary_support,張卿子《張卿子傷寒論》對本條有注（對齊相似度1.00）。,張卿子傷寒論:p742,,,,,,,,,,,,
REL_03145,SHL_SONGBEN_0002,clause,CR_ZHANGQINGZI_0002,commentary,commentary_support,張卿子《張卿子傷寒論》對本條有注（對齊相似度1.00）。,張卿子傷寒論:p745,,,,,,,,,,,,
REL_03146,SHL_SONGBEN_0003,clause,CR_ZHANGQINGZI_0003,commentary,commentary_support,張卿子《張卿子傷寒論》對本條有注（對齊相似度0.92）。,張卿子傷寒論:p748,,,,,,,,,,,,
REL_03147,SHL_SONGBEN_0004,clause,CR_ZHANGQINGZI_0004,commentary,commentary_support,張卿子《張卿子傷寒論》對本條有注（對齊相似度1.00）。,張卿子傷寒論:p750,,,,,,,,,,,,
REL_03148,SHL_SONGBEN_0005,clause,CR_ZHANGQINGZI_0005,commentary,commentary_support,張卿子《張卿子傷寒論》對本條有注（對齊相似度1.00）。,張卿子傷寒論:p752,,,,,,,,,,,,
REL_03149,SHL_SONGBEN_0007,clause,CR_ZHANGQINGZI_0006,commentary,commentary_support,張卿子《張卿子傷寒論》對本條有注（對齊相似度0.90）。,張卿子傷寒論:p763,,,,,,,,,,,,
REL_03150,SHL_SONGBEN_0008,clause,CR_ZHANGQINGZI_0007,commentary,commentary_support,張卿子《張卿子傷寒論》對本條有注（對齊相似度0.91）。,張卿子傷寒論:p767,,,,,,,,,,,,
REL_03151,SHL_SONGBEN_0009,clause,CR_ZHANGQINGZI_0008,commentary,commentary_support,張卿子《張卿子傷寒論》對本條有注（對齊相似度1.00）。,張卿子傷寒論:p770,,,,,,,,,,,,
REL_03152,SHL_SONGBEN_0010,clause,CR_ZHANGQINGZI_0009,commentary,commentary_support,張卿子《張卿子傷寒論》對本條有注（對齊相似度1.00）。,張卿子傷寒論:p772,,,,,,,,,,,,
REL_03153,SHL_SONGBEN_0011,clause,CR_ZHANGQINGZI_0010,commentary,commentary_support,張卿子《張卿子傷寒論》對本條有注（對齊相似度0.89）。,張卿子傷寒論:p774,,,,,,,,,,,,
REL_03154,SHL_SONGBEN_0012,clause,CR_ZHANGQINGZI_0011,commentary,commentary_support,張卿子《張卿子傷寒論》對本條有注（對齊相似度0.79）。,張卿子傷寒論:p776,,,,,,,,,,,,
REL_03155,SHL_SONGBEN_0013,clause,CR_ZHANGQINGZI_0012,commentary,commentary_support,張卿子《張卿子傷寒論》對本條有注（對齊相似度0.90）。,張卿子傷寒論:p794,,,,,,,,,,,,
REL_03156,SHL_SONGBEN_0014,clause,CR_ZHANGQINGZI_0013,commentary,commentary_support,張卿子《張卿子傷寒論》對本條有注（對齊相似度0.90）。,張卿子傷寒論:p796,,,,,,,,,,,,
REL_03157,SHL_SONGBEN_0015,clause,CR_ZHANGQINGZI_0014,commentary,commentary_support,張卿子《張卿子傷寒論》對本條有注（對齊相似度0.94）。,張卿子傷寒論:p803,,,,,,,,,,,,
REL_03158,SHL_SONGBEN_0017,clause,CR_ZHANGQINGZI_0015,commentary,commentary_support,張卿子《張卿子傷寒論》對本條有注（對齊相似度0.90）。,張卿子傷寒論:p811,,,,,,,,,,,,
REL_03159,SHL_SONGBEN_0018,clause,CR_ZHANGQINGZI_0016,commentary,commentary_support,張卿子《張卿子傷寒論》對本條有注（對齊相似度1.00）。,張卿子傷寒論:p813,,,,,,,,,,,,
REL_03160,SHL_SONGBEN_0019,clause,CR_ZHANGQINGZI_0017,commentary,commentary_support,張卿子《張卿子傷寒論》對本條有注（對齊相似度1.00）。,張卿子傷寒論:p816,,,,,,,,,,,,
REL_03161,SHL_SONGBEN_0020,clause,CR_ZHANGQINGZI_0018,commentary,commentary_support,張卿子《張卿子傷寒論》對本條有注（對齊相似度1.00）。,張卿子傷寒論:p819,,,,,,,,,,,,
REL_03162,SHL_SONGBEN_0021,clause,CR_ZHANGQINGZI_0019,commentary,commentary_support,張卿子《張卿子傷寒論》對本條有注（對齊相似度0.75）。,張卿子傷寒論:p824,,,,,,,,,,,,
REL_03163,SHL_SONGBEN_0023,clause,CR_ZHANGQINGZI_0020,commentary,commentary_support,張卿子《張卿子傷寒論》對本條有注（對齊相似度0.82）。,張卿子傷寒論:p831,,,,,,,,,,,,
REL_03164,SHL_SONGBEN_0024,clause,CR_ZHANGQINGZI_0021,commentary,commentary_support,張卿子《張卿子傷寒論》對本條有注（對齊相似度1.00）。,張卿子傷寒論:p841,,,,,,,,,,,,
REL_03165,SHL_SONGBEN_0025,clause,CR_ZHANGQINGZI_0022,commentary,commentary_support,張卿子《張卿子傷寒論》對本條有注（對齊相似度0.77）。,張卿子傷寒論:p843,,,,,,,,,,,,
REL_03166,SHL_SONGBEN_0026,clause,CR_ZHANGQINGZI_0023,commentary,commentary_support,張卿子《張卿子傷寒論》對本條有注（對齊相似度1.00）。,張卿子傷寒論:p849,,,,,,,,,,,,
REL_03167,SHL_SONGBEN_0028,clause,CR_ZHANGQINGZI_0024,commentary,commentary_support,張卿子《張卿子傷寒論》對本條有注（對齊相似度0.83）。,張卿子傷寒論:p862,,,,,,,,,,,,
REL_03168,SHL_SONGBEN_0030,clause,CR_ZHANGQINGZI_0025,commentary,commentary_support,張卿子《張卿子傷寒論》對本條有注（對齊相似度0.95）。,張卿子傷寒論:p887,,,,,,,,,,,,
REL_03169,SHL_SONGBEN_0031,clause,CR_ZHANGQINGZI_0026,commentary,commentary_support,張卿子《張卿子傷寒論》對本條有注（對齊相似度0.87）。,張卿子傷寒論:p892,,,,,,,,,,,,
REL_03170,SHL_SONGBEN_0032,clause,CR_ZHANGQINGZI_0027,commentary,commentary_support,張卿子《張卿子傷寒論》對本條有注（對齊相似度1.00）。,張卿子傷寒論:p899,,,,,,,,,,,,
REL_03171,SHL_SONGBEN_0033,clause,CR_ZHANGQINGZI_0028,commentary,commentary_support,張卿子《張卿子傷寒論》對本條有注（對齊相似度1.00）。,張卿子傷寒論:p901,,,,,,,,,,,,
REL_03172,SHL_SONGBEN_0034,clause,CR_ZHANGQINGZI_0029,commentary,commentary_support,張卿子《張卿子傷寒論》對本條有注（對齊相似度0.94）。,張卿子傷寒論:p906,,,,,,,,,,,,
REL_03173,SHL_SONGBEN_0035,clause,CR_ZHANGQINGZI_0030,commentary,commentary_support,張卿子《張卿子傷寒論》對本條有注（對齊相似度1.00）。,張卿子傷寒論:p911,,,,,,,,,,,,
REL_03174,SHL_SONGBEN_0036,clause,CR_ZHANGQINGZI_0031,commentary,commentary_support,張卿子《張卿子傷寒論》對本條有注（對齊相似度0.95）。,張卿子傷寒論:p918,,,,,,,,,,,,
REL_03175,SHL_SONGBEN_0037,clause,CR_ZHANGQINGZI_0032,commentary,commentary_support,張卿子《張卿子傷寒論》對本條有注（對齊相似度0.89）。,張卿子傷寒論:p920,,,,,,,,,,,,
REL_03176,SHL_SONGBEN_0038,clause,CR_ZHANGQINGZI_0033,commentary,commentary_support,張卿子《張卿子傷寒論》對本條有注（對齊相似度0.75）。,張卿子傷寒論:p922,,,,,,,,,,,,
REL_03177,SHL_SONGBEN_0039,clause,CR_ZHANGQINGZI_0034,commentary,commentary_support,張卿子《張卿子傷寒論》對本條有注（對齊相似度1.00）。,張卿子傷寒論:p929,,,,,,,,,,,,
REL_03178,SHL_SONGBEN_0040,clause,CR_ZHANGQINGZI_0035,commentary,commentary_support,張卿子《張卿子傷寒論》對本條有注（對齊相似度0.95）。,張卿子傷寒論:p933,,,,,,,,,,,,
REL_03179,SHL_SONGBEN_0041,clause,CR_ZHANGQINGZI_0036,commentary,commentary_support,張卿子《張卿子傷寒論》對本條有注（對齊相似度0.94）。,張卿子傷寒論:p946,,,,,,,,,,,,
REL_03180,SHL_SONGBEN_0042,clause,CR_ZHANGQINGZI_0037,commentary,commentary_support,張卿子《張卿子傷寒論》對本條有注（對齊相似度0.89）。,張卿子傷寒論:p948,,,,,,,,,,,,
REL_03181,SHL_SONGBEN_0043,clause,CR_ZHANGQINGZI_0038,commentary,commentary_support,張卿子《張卿子傷寒論》對本條有注（對齊相似度0.91）。,張卿子傷寒論:p950,,,,,,,,,,,,
REL_03182,SHL_SONGBEN_0045,clause,CR_ZHANGQINGZI_0039,commentary,commentary_support,張卿子《張卿子傷寒論》對本條有注（對齊相似度0.79）。,張卿子傷寒論:p954,,,,,,,,,,,,
REL_03183,SHL_SONGBEN_0046,clause,CR_ZHANGQINGZI_0040,commentary,commentary_support,張卿子《張卿子傷寒論》對本條有注（對齊相似度1.00）。,張卿子傷寒論:p957,,,,,,,,,,,,
REL_03184,SHL_SONGBEN_0047,clause,CR_ZHANGQINGZI_0041,commentary,commentary_support,張卿子《張卿子傷寒論》對本條有注（對齊相似度1.00）。,張卿子傷寒論:p961,,,,,,,,,,,,
REL_03185,SHL_SONGBEN_0048,clause,CR_ZHANGQINGZI_0042,commentary,commentary_support,張卿子《張卿子傷寒論》對本條有注（對齊相似度0.62）。,張卿子傷寒論:p965,,,,,,,,,,,,
REL_03186,SHL_SONGBEN_0049,clause,CR_ZHANGQINGZI_0043,commentary,commentary_support,張卿子《張卿子傷寒論》對本條有注（對齊相似度0.92）。,張卿子傷寒論:p970,,,,,,,,,,,,
REL_03187,SHL_SONGBEN_0050,clause,CR_ZHANGQINGZI_0044,commentary,commentary_support,張卿子《張卿子傷寒論》對本條有注（對齊相似度0.96）。,張卿子傷寒論:p973,,,,,,,,,,,,
REL_03188,SHL_SONGBEN_0051,clause,CR_ZHANGQINGZI_0045,commentary,commentary_support,張卿子《張卿子傷寒論》對本條有注（對齊相似度1.00）。,張卿子傷寒論:p975,,,,,,,,,,,,
REL_03189,SHL_SONGBEN_0052,clause,CR_ZHANGQINGZI_0046,commentary,commentary_support,張卿子《張卿子傷寒論》對本條有注（對齊相似度1.00）。,張卿子傷寒論:p977,,,,,,,,,,,,
REL_03190,SHL_SONGBEN_0053,clause,CR_ZHANGQINGZI_0047,commentary,commentary_support,張卿子《張卿子傷寒論》對本條有注（對齊相似度0.95）。,張卿子傷寒論:p979,,,,,,,,,,,,
REL_03191,SHL_SONGBEN_0054,clause,CR_ZHANGQINGZI_0048,commentary,commentary_support,張卿子《張卿子傷寒論》對本條有注（對齊相似度0.88）。,張卿子傷寒論:p981,,,,,,,,,,,,
REL_03192,SHL_SONGBEN_0055,clause,CR_ZHANGQINGZI_0049,commentary,commentary_support,張卿子《張卿子傷寒論》對本條有注（對齊相似度1.00）。,張卿子傷寒論:p983,,,,,,,,,,,,
REL_03193,SHL_SONGBEN_0056,clause,CR_ZHANGQINGZI_0050,commentary,commentary_support,張卿子《張卿子傷寒論》對本條有注（對齊相似度0.76）。,張卿子傷寒論:p988,,,,,,,,,,,,
REL_03194,SHL_SONGBEN_0057,clause,CR_ZHANGQINGZI_0051,commentary,commentary_support,張卿子《張卿子傷寒論》對本條有注（對齊相似度0.95）。,張卿子傷寒論:p993,,,,,,,,,,,,
REL_03195,SHL_SONGBEN_0058,clause,CR_ZHANGQINGZI_0052,commentary,commentary_support,張卿子《張卿子傷寒論》對本條有注（對齊相似度0.95）。,張卿子傷寒論:p995,,,,,,,,,,,,
REL_03196,SHL_SONGBEN_0059,clause,CR_ZHANGQINGZI_0053,commentary,commentary_support,張卿子《張卿子傷寒論》對本條有注（對齊相似度1.00）。,張卿子傷寒論:p997,,,,,,,,,,,,
REL_03197,SHL_SONGBEN_0060,clause,CR_ZHANGQINGZI_0054,commentary,commentary_support,張卿子《張卿子傷寒論》對本條有注（對齊相似度1.00）。,張卿子傷寒論:p999,,,,,,,,,,,,
REL_03198,SHL_SONGBEN_0061,clause,CR_ZHANGQINGZI_0055,commentary,commentary_support,張卿子《張卿子傷寒論》對本條有注（對齊相似度1.00）。,張卿子傷寒論:p1001,,,,,,,,,,,,
REL_03199,SHL_SONGBEN_0062,clause,CR_ZHANGQINGZI_0056,commentary,commentary_support,張卿子《張卿子傷寒論》對本條有注（對齊相似度1.00）。,張卿子傷寒論:p1009,,,,,,,,,,,,
REL_03200,SHL_SONGBEN_0063,clause,CR_ZHANGQINGZI_0057,commentary,commentary_support,張卿子《張卿子傷寒論》對本條有注（對齊相似度0.97）。,張卿子傷寒論:p1013,,,,,,,,,,,,
REL_03201,SHL_SONGBEN_0065,clause,CR_ZHANGQINGZI_0058,commentary,commentary_support,張卿子《張卿子傷寒論》對本條有注（對齊相似度1.00）。,張卿子傷寒論:p1030,,,,,,,,,,,,
REL_03202,SHL_SONGBEN_0066,clause,CR_ZHANGQINGZI_0059,commentary,commentary_support,張卿子《張卿子傷寒論》對本條有注（對齊相似度0.84）。,張卿子傷寒論:p1036,,,,,,,,,,,,
REL_03203,SHL_SONGBEN_0067,clause,CR_ZHANGQINGZI_0060,commentary,commentary_support,張卿子《張卿子傷寒論》對本條有注（對齊相似度1.00）。,張卿子傷寒論:p1045,,,,,,,,,,,,
REL_03204,SHL_SONGBEN_0068,clause,CR_ZHANGQINGZI_0061,commentary,commentary_support,張卿子《張卿子傷寒論》對本條有注（對齊相似度1.00）。,張卿子傷寒論:p1052,,,,,,,,,,,,
REL_03205,SHL_SONGBEN_0069,clause,CR_ZHANGQINGZI_0062,commentary,commentary_support,張卿子《張卿子傷寒論》對本條有注（對齊相似度1.00）。,張卿子傷寒論:p1057,,,,,,,,,,,,
REL_03206,SHL_SONGBEN_0070,clause,CR_ZHANGQINGZI_0063,commentary,commentary_support,張卿子《張卿子傷寒論》對本條有注（對齊相似度1.00）。,張卿子傷寒論:p1064,,,,,,,,,,,,
REL_03207,SHL_SONGBEN_0071,clause,CR_ZHANGQINGZI_0064,commentary,commentary_support,張卿子《張卿子傷寒論》對本條有注（對齊相似度0.93）。,張卿子傷寒論:p1066,,,,,,,,,,,,
REL_03208,SHL_SONGBEN_0072,clause,CR_ZHANGQINGZI_0065,commentary,commentary_support,張卿子《張卿子傷寒論》對本條有注（對齊相似度1.00）。,張卿子傷寒論:p1077,,,,,,,,,,,,
REL_03209,SHL_SONGBEN_0073,clause,CR_ZHANGQINGZI_0066,commentary,commentary_support,張卿子《張卿子傷寒論》對本條有注（對齊相似度1.00）。,張卿子傷寒論:p1079,,,,,,,,,,,,
REL_03210,SHL_SONGBEN_0074,clause,CR_ZHANGQINGZI_0067,commentary,commentary_support,張卿子《張卿子傷寒論》對本條有注（對齊相似度0.94）。,張卿子傷寒論:p1085,,,,,,,,,,,,
REL_03211,SHL_SONGBEN_0075,clause,CR_ZHANGQINGZI_0068,commentary,commentary_support,張卿子《張卿子傷寒論》對本條有注（對齊相似度0.69）。,張卿子傷寒論:p1088,,,,,,,,,,,,
REL_03212,SHL_SONGBEN_0077,clause,CR_ZHANGQINGZI_0069,commentary,commentary_support,張卿子《張卿子傷寒論》對本條有注（對齊相似度1.00）。,張卿子傷寒論:p1106,,,,,,,,,,,,
REL_03213,SHL_SONGBEN_0078,clause,CR_ZHANGQINGZI_0070,commentary,commentary_support,張卿子《張卿子傷寒論》對本條有注（對齊相似度1.00）。,張卿子傷寒論:p1108,,,,,,,,,,,,
REL_03214,SHL_SONGBEN_0079,clause,CR_ZHANGQINGZI_0071,commentary,commentary_support,張卿子《張卿子傷寒論》對本條有注（對齊相似度1.00）。,張卿子傷寒論:p1111,,,,,,,,,,,,
REL_03215,SHL_SONGBEN_0080,clause,CR_ZHANGQINGZI_0072,commentary,commentary_support,張卿子《張卿子傷寒論》對本條有注（對齊相似度0.91）。,張卿子傷寒論:p1117,,,,,,,,,,,,
REL_03216,SHL_SONGBEN_0081,clause,CR_ZHANGQINGZI_0073,commentary,commentary_support,張卿子《張卿子傷寒論》對本條有注（對齊相似度0.87）。,張卿子傷寒論:p1123,,,,,,,,,,,,
REL_03217,SHL_SONGBEN_0082,clause,CR_ZHANGQINGZI_0074,commentary,commentary_support,張卿子《張卿子傷寒論》對本條有注（對齊相似度0.95）。,張卿子傷寒論:p1125,,,,,,,,,,,,
REL_03218,SHL_SONGBEN_0083,clause,CR_ZHANGQINGZI_0075,commentary,commentary_support,張卿子《張卿子傷寒論》對本條有注（對齊相似度0.75）。,張卿子傷寒論:p1127,,,,,,,,,,,,
REL_03219,SHL_SONGBEN_0084,clause,CR_ZHANGQINGZI_0076,commentary,commentary_support,張卿子《張卿子傷寒論》對本條有注（對齊相似度1.00）。,張卿子傷寒論:p1129,,,,,,,,,,,,
REL_03220,SHL_SONGBEN_0085,clause,CR_ZHANGQINGZI_0077,commentary,commentary_support,張卿子《張卿子傷寒論》對本條有注（對齊相似度0.75）。,張卿子傷寒論:p1131,,,,,,,,,,,,
REL_03221,SHL_SONGBEN_0086,clause,CR_ZHANGQINGZI_0078,commentary,commentary_support,張卿子《張卿子傷寒論》對本條有注（對齊相似度0.93）。,張卿子傷寒論:p1133,,,,,,,,,,,,
REL_03222,SHL_SONGBEN_0087,clause,CR_ZHANGQINGZI_0079,commentary,commentary_support,張卿子《張卿子傷寒論》對本條有注（對齊相似度0.83）。,張卿子傷寒論:p1135,,,,,,,,,,,,
REL_03223,SHL_SONGBEN_0088,clause,CR_ZHANGQINGZI_0080,commentary,commentary_support,張卿子《張卿子傷寒論》對本條有注（對齊相似度0.97）。,張卿子傷寒論:p1137,,,,,,,,,,,,
REL_03224,SHL_SONGBEN_0089,clause,CR_ZHANGQINGZI_0081,commentary,commentary_support,張卿子《張卿子傷寒論》對本條有注（對齊相似度0.75）。,張卿子傷寒論:p1140,,,,,,,,,,,,
REL_03225,SHL_SONGBEN_0090,clause,CR_ZHANGQINGZI_0082,commentary,commentary_support,張卿子《張卿子傷寒論》對本條有注（對齊相似度0.90）。,張卿子傷寒論:p1144,,,,,,,,,,,,
REL_03226,SHL_SONGBEN_0091,clause,CR_ZHANGQINGZI_0083,commentary,commentary_support,張卿子《張卿子傷寒論》對本條有注（對齊相似度0.86）。,張卿子傷寒論:p1149,,,,,,,,,,,,
REL_03227,SHL_SONGBEN_0092,clause,CR_ZHANGQINGZI_0084,commentary,commentary_support,張卿子《張卿子傷寒論》對本條有注（對齊相似度0.82）。,張卿子傷寒論:p1154,,,,,,,,,,,,
REL_03228,SHL_SONGBEN_0093,clause,CR_ZHANGQINGZI_0085,commentary,commentary_support,張卿子《張卿子傷寒論》對本條有注（對齊相似度0.88）。,張卿子傷寒論:p1158,,,,,,,,,,,,
REL_03229,SHL_SONGBEN_0094,clause,CR_ZHANGQINGZI_0086,commentary,commentary_support,張卿子《張卿子傷寒論》對本條有注（對齊相似度0.92）。,張卿子傷寒論:p1160,,,,,,,,,,,,
REL_03230,SHL_SONGBEN_0095,clause,CR_ZHANGQINGZI_0087,commentary,commentary_support,張卿子《張卿子傷寒論》對本條有注（對齊相似度1.00）。,張卿子傷寒論:p1166,,,,,,,,,,,,
REL_03231,SHL_SONGBEN_0096,clause,CR_ZHANGQINGZI_0088,commentary,commentary_support,張卿子《張卿子傷寒論》對本條有注（對齊相似度0.73）。,張卿子傷寒論:p1168,,,,,,,,,,,,
REL_03232,SHL_SONGBEN_0097,clause,CR_ZHANGQINGZI_0089,commentary,commentary_support,張卿子《張卿子傷寒論》對本條有注（對齊相似度0.78）。,張卿子傷寒論:p1196,,,,,,,,,,,,
REL_03233,SHL_SONGBEN_0098,clause,CR_ZHANGQINGZI_0090,commentary,commentary_support,張卿子《張卿子傷寒論》對本條有注（對齊相似度0.90）。,張卿子傷寒論:p1204,,,,,,,,,,,,
REL_03234,SHL_SONGBEN_0099,clause,CR_ZHANGQINGZI_0091,commentary,commentary_support,張卿子《張卿子傷寒論》對本條有注（對齊相似度0.92）。,張卿子傷寒論:p1209,,,,,,,,,,,,
REL_03235,SHL_SONGBEN_0100,clause,CR_ZHANGQINGZI_0092,commentary,commentary_support,張卿子《張卿子傷寒論》對本條有注（對齊相似度0.81）。,張卿子傷寒論:p1212,,,,,,,,,,,,
REL_03236,SHL_SONGBEN_0101,clause,CR_ZHANGQINGZI_0093,commentary,commentary_support,張卿子《張卿子傷寒論》對本條有注（對齊相似度0.75）。,張卿子傷寒論:p1223,,,,,,,,,,,,
REL_03237,SHL_SONGBEN_0102,clause,CR_ZHANGQINGZI_0094,commentary,commentary_support,張卿子《張卿子傷寒論》對本條有注（對齊相似度1.00）。,張卿子傷寒論:p1227,,,,,,,,,,,,
REL_03238,SHL_SONGBEN_0103,clause,CR_ZHANGQINGZI_0095,commentary,commentary_support,張卿子《張卿子傷寒論》對本條有注（對齊相似度0.90）。,張卿子傷寒論:p1232,,,,,,,,,,,,
REL_03239,SHL_SONGBEN_0104,clause,CR_ZHANGQINGZI_0096,commentary,commentary_support,張卿子《張卿子傷寒論》對本條有注（對齊相似度0.82）。,張卿子傷寒論:p1241,,,,,,,,,,,,
REL_03240,SHL_SONGBEN_0105,clause,CR_ZHANGQINGZI_0097,commentary,commentary_support,張卿子《張卿子傷寒論》對本條有注（對齊相似度0.60）。,張卿子傷寒論:p1248,,,,,,,,,,,,
REL_03241,SHL_SONGBEN_0106,clause,CR_ZHANGQINGZI_0098,commentary,commentary_support,張卿子《張卿子傷寒論》對本條有注（對齊相似度0.97）。,張卿子傷寒論:p1258,,,,,,,,,,,,
REL_03242,SHL_SONGBEN_0107,clause,CR_ZHANGQINGZI_0099,commentary,commentary_support,張卿子《張卿子傷寒論》對本條有注（對齊相似度1.00）。,張卿子傷寒論:p1265,,,,,,,,,,,,
REL_03243,SHL_SONGBEN_0108,clause,CR_ZHANGQINGZI_0100,commentary,commentary_support,張卿子《張卿子傷寒論》對本條有注（對齊相似度1.00）。,張卿子傷寒論:p1274,,,,,,,,,,,,
REL_03244,SHL_SONGBEN_0109,clause,CR_ZHANGQINGZI_0101,commentary,commentary_support,張卿子《張卿子傷寒論》對本條有注（對齊相似度1.00）。,張卿子傷寒論:p1276,,,,,,,,,,,,
REL_03245,SHL_SONGBEN_0110,clause,CR_ZHANGQINGZI_0102,commentary,commentary_support,張卿子《張卿子傷寒論》對本條有注（對齊相似度0.92）。,張卿子傷寒論:p1280,,,,,,,,,,,,
REL_03246,SHL_SONGBEN_0111,clause,CR_ZHANGQINGZI_0103,commentary,commentary_support,張卿子《張卿子傷寒論》對本條有注（對齊相似度0.98）。,張卿子傷寒論:p1287,,,,,,,,,,,,
REL_03247,SHL_SONGBEN_0112,clause,CR_ZHANGQINGZI_0104,commentary,commentary_support,張卿子《張卿子傷寒論》對本條有注（對齊相似度0.92）。,張卿子傷寒論:p1291,,,,,,,,,,,,
REL_03248,SHL_SONGBEN_0113,clause,CR_ZHANGQINGZI_0105,commentary,commentary_support,張卿子《張卿子傷寒論》對本條有注（對齊相似度0.89）。,張卿子傷寒論:p1296,,,,,,,,,,,,
REL_03249,SHL_SONGBEN_0114,clause,CR_ZHANGQINGZI_0106,commentary,commentary_support,張卿子《張卿子傷寒論》對本條有注（對齊相似度0.92）。,張卿子傷寒論:p1299,,,,,,,,,,,,
REL_03250,SHL_SONGBEN_0115,clause,CR_ZHANGQINGZI_0107,commentary,commentary_support,張卿子《張卿子傷寒論》對本條有注（對齊相似度0.84）。,張卿子傷寒論:p1301,,,,,,,,,,,,
REL_03251,SHL_SONGBEN_0117,clause,CR_ZHANGQINGZI_0108,commentary,commentary_support,張卿子《張卿子傷寒論》對本條有注（對齊相似度0.94）。,張卿子傷寒論:p1312,,,,,,,,,,,,
REL_03252,SHL_SONGBEN_0118,clause,CR_ZHANGQINGZI_0109,commentary,commentary_support,張卿子《張卿子傷寒論》對本條有注（對齊相似度1.00）。,張卿子傷寒論:p1315,,,,,,,,,,,,
REL_03253,SHL_SONGBEN_0119,clause,CR_ZHANGQINGZI_0110,commentary,commentary_support,張卿子《張卿子傷寒論》對本條有注（對齊相似度1.00）。,張卿子傷寒論:p1320,,,,,,,,,,,,
REL_03254,SHL_SONGBEN_0120,clause,CR_ZHANGQINGZI_0111,commentary,commentary_support,張卿子《張卿子傷寒論》對本條有注（對齊相似度0.98）。,張卿子傷寒論:p1324,,,,,,,,,,,,
REL_03255,SHL_SONGBEN_0121,clause,CR_ZHANGQINGZI_0112,commentary,commentary_support,張卿子《張卿子傷寒論》對本條有注（對齊相似度1.00）。,張卿子傷寒論:p1329,,,,,,,,,,,,
REL_03256,SHL_SONGBEN_0122,clause,CR_ZHANGQINGZI_0113,commentary,commentary_support,張卿子《張卿子傷寒論》對本條有注（對齊相似度0.95）。,張卿子傷寒論:p1331,,,,,,,,,,,,
REL_03257,SHL_SONGBEN_0123,clause,CR_ZHANGQINGZI_0114,commentary,commentary_support,張卿子《張卿子傷寒論》對本條有注（對齊相似度0.90）。,張卿子傷寒論:p1334,,,,,,,,,,,,
REL_03258,SHL_SONGBEN_0124,clause,CR_ZHANGQINGZI_0115,commentary,commentary_support,張卿子《張卿子傷寒論》對本條有注（對齊相似度0.93）。,張卿子傷寒論:p1336,,,,,,,,,,,,
REL_03259,SHL_SONGBEN_0125,clause,CR_ZHANGQINGZI_0116,commentary,commentary_support,張卿子《張卿子傷寒論》對本條有注（對齊相似度0.79）。,張卿子傷寒論:p1347,,,,,,,,,,,,
REL_03260,SHL_SONGBEN_0126,clause,CR_ZHANGQINGZI_0117,commentary,commentary_support,張卿子《張卿子傷寒論》對本條有注（對齊相似度0.93）。,張卿子傷寒論:p1350,,,,,,,,,,,,
REL_03261,SHL_SONGBEN_0129,clause,CR_ZHANGQINGZI_0118,commentary,commentary_support,張卿子《張卿子傷寒論》對本條有注（對齊相似度0.68）。,張卿子傷寒論:p1356,,,,,,,,,,,,
REL_03262,SHL_SONGBEN_0130,clause,CR_ZHANGQINGZI_0119,commentary,commentary_support,張卿子《張卿子傷寒論》對本條有注（對齊相似度0.86）。,張卿子傷寒論:p1361,,,,,,,,,,,,
REL_03263,SHL_SONGBEN_0131,clause,CR_ZHANGQINGZI_0120,commentary,commentary_support,張卿子《張卿子傷寒論》對本條有注（對齊相似度0.64）。,張卿子傷寒論:p1363,,,,,,,,,,,,
REL_03264,SHL_SONGBEN_0132,clause,CR_ZHANGQINGZI_0121,commentary,commentary_support,張卿子《張卿子傷寒論》對本條有注（對齊相似度1.00）。,張卿子傷寒論:p1374,,,,,,,,,,,,
REL_03265,SHL_SONGBEN_0133,clause,CR_ZHANGQINGZI_0122,commentary,commentary_support,張卿子《張卿子傷寒論》對本條有注（對齊相似度1.00）。,張卿子傷寒論:p1377,,,,,,,,,,,,
REL_03266,SHL_SONGBEN_0134,clause,CR_ZHANGQINGZI_0123,commentary,commentary_support,張卿子《張卿子傷寒論》對本條有注（對齊相似度0.94）。,張卿子傷寒論:p1379,,,,,,,,,,,,
REL_03267,SHL_SONGBEN_0135,clause,CR_ZHANGQINGZI_0124,commentary,commentary_support,張卿子《張卿子傷寒論》對本條有注（對齊相似度0.92）。,張卿子傷寒論:p1389,,,,,,,,,,,,
REL_03268,SHL_SONGBEN_0136,clause,CR_ZHANGQINGZI_0125,commentary,commentary_support,張卿子《張卿子傷寒論》對本條有注（對齊相似度0.86）。,張卿子傷寒論:p1392,,,,,,,,,,,,
REL_03269,SHL_SONGBEN_0137,clause,CR_ZHANGQINGZI_0126,commentary,commentary_support,張卿子《張卿子傷寒論》對本條有注（對齊相似度0.96）。,張卿子傷寒論:p1396,,,,,,,,,,,,
REL_03270,SHL_SONGBEN_0138,clause,CR_ZHANGQINGZI_0127,commentary,commentary_support,張卿子《張卿子傷寒論》對本條有注（對齊相似度1.00）。,張卿子傷寒論:p1400,,,,,,,,,,,,
REL_03271,SHL_SONGBEN_0139,clause,CR_ZHANGQINGZI_0128,commentary,commentary_support,張卿子《張卿子傷寒論》對本條有注（對齊相似度1.00）。,張卿子傷寒論:p1408,,,,,,,,,,,,
REL_03272,SHL_SONGBEN_0140,clause,CR_ZHANGQINGZI_0129,commentary,commentary_support,張卿子《張卿子傷寒論》對本條有注（對齊相似度0.95）。,張卿子傷寒論:p1411,,,,,,,,,,,,
REL_03273,SHL_SONGBEN_0141,clause,CR_ZHANGQINGZI_0130,commentary,commentary_support,張卿子《張卿子傷寒論》對本條有注（對齊相似度0.83）。,張卿子傷寒論:p1416,,,,,,,,,,,,
REL_03274,SHL_SONGBEN_0142,clause,CR_ZHANGQINGZI_0131,commentary,commentary_support,張卿子《張卿子傷寒論》對本條有注（對齊相似度0.90）。,張卿子傷寒論:p1428,,,,,,,,,,,,
REL_03275,SHL_SONGBEN_0143,clause,CR_ZHANGQINGZI_0132,commentary,commentary_support,張卿子《張卿子傷寒論》對本條有注（對齊相似度0.92）。,張卿子傷寒論:p1431,,,,,,,,,,,,
REL_03276,SHL_SONGBEN_0144,clause,CR_ZHANGQINGZI_0133,commentary,commentary_support,張卿子《張卿子傷寒論》對本條有注（對齊相似度1.00）。,張卿子傷寒論:p1435,,,,,,,,,,,,
REL_03277,SHL_SONGBEN_0145,clause,CR_ZHANGQINGZI_0134,commentary,commentary_support,張卿子《張卿子傷寒論》對本條有注（對齊相似度0.96）。,張卿子傷寒論:p1439,,,,,,,,,,,,
REL_03278,SHL_SONGBEN_0146,clause,CR_ZHANGQINGZI_0135,commentary,commentary_support,張卿子《張卿子傷寒論》對本條有注（對齊相似度0.95）。,張卿子傷寒論:p1443,,,,,,,,,,,,
REL_03279,SHL_SONGBEN_0148,clause,CR_ZHANGQINGZI_0136,commentary,commentary_support,張卿子《張卿子傷寒論》對本條有注（對齊相似度0.93）。,張卿子傷寒論:p1457,,,,,,,,,,,,
REL_03280,SHL_SONGBEN_0149,clause,CR_ZHANGQINGZI_0137,commentary,commentary_support,張卿子《張卿子傷寒論》對本條有注（對齊相似度0.98）。,張卿子傷寒論:p1460,,,,,,,,,,,,
REL_03281,SHL_SONGBEN_0150,clause,CR_ZHANGQINGZI_0138,commentary,commentary_support,張卿子《張卿子傷寒論》對本條有注（對齊相似度0.85）。,張卿子傷寒論:p1468,,,,,,,,,,,,
REL_03282,SHL_SONGBEN_0151,clause,CR_ZHANGQINGZI_0139,commentary,commentary_support,張卿子《張卿子傷寒論》對本條有注（對齊相似度0.91）。,張卿子傷寒論:p1470,,,,,,,,,,,,
REL_03283,SHL_SONGBEN_0153,clause,CR_ZHANGQINGZI_0140,commentary,commentary_support,張卿子《張卿子傷寒論》對本條有注（對齊相似度0.90）。,張卿子傷寒論:p1483,,,,,,,,,,,,
REL_03284,SHL_SONGBEN_0155,clause,CR_ZHANGQINGZI_0141,commentary,commentary_support,張卿子《張卿子傷寒論》對本條有注（對齊相似度1.00）。,張卿子傷寒論:p1491,,,,,,,,,,,,
REL_03285,SHL_SONGBEN_0158,clause,CR_ZHANGQINGZI_0142,commentary,commentary_support,張卿子《張卿子傷寒論》對本條有注（對齊相似度0.75）。,張卿子傷寒論:p1505,,,,,,,,,,,,
REL_03286,SHL_SONGBEN_0159,clause,CR_ZHANGQINGZI_0143,commentary,commentary_support,張卿子《張卿子傷寒論》對本條有注（對齊相似度0.90）。,張卿子傷寒論:p1513,,,,,,,,,,,,
REL_03287,SHL_SONGBEN_0160,clause,CR_ZHANGQINGZI_0144,commentary,commentary_support,張卿子《張卿子傷寒論》對本條有注（對齊相似度0.77）。,張卿子傷寒論:p1519,,,,,,,,,,,,
REL_03288,SHL_SONGBEN_0161,clause,CR_ZHANGQINGZI_0145,commentary,commentary_support,張卿子《張卿子傷寒論》對本條有注（對齊相似度0.86）。,張卿子傷寒論:p1522,,,,,,,,,,,,
REL_03289,SHL_SONGBEN_0162,clause,CR_ZHANGQINGZI_0146,commentary,commentary_support,張卿子《張卿子傷寒論》對本條有注（對齊相似度1.00）。,張卿子傷寒論:p1529,,,,,,,,,,,,
REL_03290,SHL_SONGBEN_0163,clause,CR_ZHANGQINGZI_0147,commentary,commentary_support,張卿子《張卿子傷寒論》對本條有注（對齊相似度0.89）。,張卿子傷寒論:p1531,,,,,,,,,,,,
REL_03291,SHL_SONGBEN_0165,clause,CR_ZHANGQINGZI_0148,commentary,commentary_support,張卿子《張卿子傷寒論》對本條有注（對齊相似度0.91）。,張卿子傷寒論:p1541,,,,,,,,,,,,
REL_03292,SHL_SONGBEN_0166,clause,CR_ZHANGQINGZI_0149,commentary,commentary_support,張卿子《張卿子傷寒論》對本條有注（對齊相似度0.82）。,張卿子傷寒論:p1543,,,,,,,,,,,,
REL_03293,SHL_SONGBEN_0167,clause,CR_ZHANGQINGZI_0150,commentary,commentary_support,張卿子《張卿子傷寒論》對本條有注（對齊相似度0.82）。,張卿子傷寒論:p1550,,,,,,,,,,,,
REL_03294,SHL_SONGBEN_0168,clause,CR_ZHANGQINGZI_0151,commentary,commentary_support,張卿子《張卿子傷寒論》對本條有注（對齊相似度0.84）。,張卿子傷寒論:p1553,,,,,,,,,,,,
REL_03295,SHL_SONGBEN_0169,clause,CR_ZHANGQINGZI_0152,commentary,commentary_support,張卿子《張卿子傷寒論》對本條有注（對齊相似度1.00）。,張卿子傷寒論:p1557,,,,,,,,,,,,
REL_03296,SHL_SONGBEN_0170,clause,CR_ZHANGQINGZI_0153,commentary,commentary_support,張卿子《張卿子傷寒論》對本條有注（對齊相似度0.95）。,張卿子傷寒論:p1561,,,,,,,,,,,,
REL_03297,SHL_SONGBEN_0171,clause,CR_ZHANGQINGZI_0154,commentary,commentary_support,張卿子《張卿子傷寒論》對本條有注（對齊相似度0.80）。,張卿子傷寒論:p1564,,,,,,,,,,,,
REL_03298,SHL_SONGBEN_0172,clause,CR_ZHANGQINGZI_0155,commentary,commentary_support,張卿子《張卿子傷寒論》對本條有注（對齊相似度1.00）。,張卿子傷寒論:p1566,,,,,,,,,,,,
REL_03299,SHL_SONGBEN_0173,clause,CR_ZHANGQINGZI_0156,commentary,commentary_support,張卿子《張卿子傷寒論》對本條有注（對齊相似度1.00）。,張卿子傷寒論:p1572,,,,,,,,,,,,
REL_03300,SHL_SONGBEN_0174,clause,CR_ZHANGQINGZI_0157,commentary,commentary_support,張卿子《張卿子傷寒論》對本條有注（對齊相似度0.75）。,張卿子傷寒論:p1580,,,,,,,,,,,,
REL_03301,SHL_SONGBEN_0176,clause,CR_ZHANGQINGZI_0158,commentary,commentary_support,張卿子《張卿子傷寒論》對本條有注（對齊相似度0.79）。,張卿子傷寒論:p1598,,,,,,,,,,,,
REL_03302,SHL_SONGBEN_0177,clause,CR_ZHANGQINGZI_0159,commentary,commentary_support,張卿子《張卿子傷寒論》對本條有注（對齊相似度1.00）。,張卿子傷寒論:p1606,,,,,,,,,,,,
REL_03303,SHL_SONGBEN_0178,clause,CR_ZHANGQINGZI_0160,commentary,commentary_support,張卿子《張卿子傷寒論》對本條有注（對齊相似度0.96）。,張卿子傷寒論:p1613,,,,,,,,,,,,
REL_03304,SHL_SONGBEN_0179,clause,CR_ZHANGQINGZI_0161,commentary,commentary_support,張卿子《張卿子傷寒論》對本條有注（對齊相似度0.69）。,張卿子傷寒論:p1616,,,,,,,,,,,,
REL_03305,SHL_SONGBEN_0180,clause,CR_ZHANGQINGZI_0162,commentary,commentary_support,張卿子《張卿子傷寒論》對本條有注（對齊相似度0.82）。,張卿子傷寒論:p1623,,,,,,,,,,,,
REL_03306,SHL_SONGBEN_0181,clause,CR_ZHANGQINGZI_0163,commentary,commentary_support,張卿子《張卿子傷寒論》對本條有注（對齊相似度0.92）。,張卿子傷寒論:p1625,,,,,,,,,,,,
REL_03307,SHL_SONGBEN_0182,clause,CR_ZHANGQINGZI_0164,commentary,commentary_support,張卿子《張卿子傷寒論》對本條有注（對齊相似度1.00）。,張卿子傷寒論:p1627,,,,,,,,,,,,
REL_03308,SHL_SONGBEN_0183,clause,CR_ZHANGQINGZI_0165,commentary,commentary_support,張卿子《張卿子傷寒論》對本條有注（對齊相似度1.00）。,張卿子傷寒論:p1629,,,,,,,,,,,,
REL_03309,SHL_SONGBEN_0184,clause,CR_ZHANGQINGZI_0166,commentary,commentary_support,張卿子《張卿子傷寒論》對本條有注（對齊相似度0.96）。,張卿子傷寒論:p1631,,,,,,,,,,,,
REL_03310,SHL_SONGBEN_0185,clause,CR_ZHANGQINGZI_0167,commentary,commentary_support,張卿子《張卿子傷寒論》對本條有注（對齊相似度0.67）。,張卿子傷寒論:p1633,,,,,,,,,,,,
REL_03311,SHL_SONGBEN_0185,clause,CR_ZHANGQINGZI_0167,commentary,commentary_support,張卿子《張卿子傷寒論》對本條有注（對齊相似度0.66）。,張卿子傷寒論:p1635,,,,,,,,,,,,
REL_03312,SHL_SONGBEN_0186,clause,CR_ZHANGQINGZI_0169,commentary,commentary_support,張卿子《張卿子傷寒論》對本條有注（對齊相似度1.00）。,張卿子傷寒論:p1637,,,,,,,,,,,,
REL_03313,SHL_SONGBEN_0187,clause,CR_ZHANGQINGZI_0170,commentary,commentary_support,張卿子《張卿子傷寒論》對本條有注（對齊相似度0.72）。,張卿子傷寒論:p1639,,,,,,,,,,,,
REL_03314,SHL_SONGBEN_0188,clause,CR_ZHANGQINGZI_0171,commentary,commentary_support,張卿子《張卿子傷寒論》對本條有注（對齊相似度0.74）。,張卿子傷寒論:p1642,,,,,,,,,,,,
REL_03315,SHL_SONGBEN_0189,clause,CR_ZHANGQINGZI_0172,commentary,commentary_support,張卿子《張卿子傷寒論》對本條有注（對齊相似度1.00）。,張卿子傷寒論:p1644,,,,,,,,,,,,
REL_03316,SHL_SONGBEN_0190,clause,CR_ZHANGQINGZI_0173,commentary,commentary_support,張卿子《張卿子傷寒論》對本條有注（對齊相似度1.00）。,張卿子傷寒論:p1647,,,,,,,,,,,,
REL_03317,SHL_SONGBEN_0191,clause,CR_ZHANGQINGZI_0174,commentary,commentary_support,張卿子《張卿子傷寒論》對本條有注（對齊相似度0.89）。,張卿子傷寒論:p1650,,,,,,,,,,,,
REL_03318,SHL_SONGBEN_0192,clause,CR_ZHANGQINGZI_0175,commentary,commentary_support,張卿子《張卿子傷寒論》對本條有注（對齊相似度0.86）。,張卿子傷寒論:p1653,,,,,,,,,,,,
REL_03319,SHL_SONGBEN_0193,clause,CR_ZHANGQINGZI_0176,commentary,commentary_support,張卿子《張卿子傷寒論》對本條有注（對齊相似度0.90）。,張卿子傷寒論:p1658,,,,,,,,,,,,
REL_03320,SHL_SONGBEN_0194,clause,CR_ZHANGQINGZI_0177,commentary,commentary_support,張卿子《張卿子傷寒論》對本條有注（對齊相似度0.94）。,張卿子傷寒論:p1660,,,,,,,,,,,,
REL_03321,SHL_SONGBEN_0195,clause,CR_ZHANGQINGZI_0178,commentary,commentary_support,張卿子《張卿子傷寒論》對本條有注（對齊相似度0.95）。,張卿子傷寒論:p1662,,,,,,,,,,,,
REL_03322,SHL_SONGBEN_0196,clause,CR_ZHANGQINGZI_0179,commentary,commentary_support,張卿子《張卿子傷寒論》對本條有注（對齊相似度1.00）。,張卿子傷寒論:p1667,,,,,,,,,,,,
REL_03323,SHL_SONGBEN_0197,clause,CR_ZHANGQINGZI_0180,commentary,commentary_support,張卿子《張卿子傷寒論》對本條有注（對齊相似度0.77）。,張卿子傷寒論:p1669,,,,,,,,,,,,
REL_03324,SHL_SONGBEN_0198,clause,CR_ZHANGQINGZI_0181,commentary,commentary_support,張卿子《張卿子傷寒論》對本條有注（對齊相似度0.72）。,張卿子傷寒論:p1673,,,,,,,,,,,,
REL_03325,SHL_SONGBEN_0199,clause,CR_ZHANGQINGZI_0182,commentary,commentary_support,張卿子《張卿子傷寒論》對本條有注（對齊相似度0.91）。,張卿子傷寒論:p1676,,,,,,,,,,,,
REL_03326,SHL_SONGBEN_0200,clause,CR_ZHANGQINGZI_0183,commentary,commentary_support,張卿子《張卿子傷寒論》對本條有注（對齊相似度0.91）。,張卿子傷寒論:p1678,,,,,,,,,,,,
REL_03327,SHL_SONGBEN_0201,clause,CR_ZHANGQINGZI_0184,commentary,commentary_support,張卿子《張卿子傷寒論》對本條有注（對齊相似度1.00）。,張卿子傷寒論:p1681,,,,,,,,,,,,
REL_03328,SHL_SONGBEN_0202,clause,CR_ZHANGQINGZI_0185,commentary,commentary_support,張卿子《張卿子傷寒論》對本條有注（對齊相似度0.87）。,張卿子傷寒論:p1683,,,,,,,,,,,,
REL_03329,SHL_SONGBEN_0204,clause,CR_ZHANGQINGZI_0186,commentary,commentary_support,張卿子《張卿子傷寒論》對本條有注（對齊相似度1.00）。,張卿子傷寒論:p1689,,,,,,,,,,,,
REL_03330,SHL_SONGBEN_0205,clause,CR_ZHANGQINGZI_0187,commentary,commentary_support,張卿子《張卿子傷寒論》對本條有注（對齊相似度0.90）。,張卿子傷寒論:p1691,,,,,,,,,,,,
REL_03331,SHL_SONGBEN_0206,clause,CR_ZHANGQINGZI_0188,commentary,commentary_support,張卿子《張卿子傷寒論》對本條有注（對齊相似度0.78）。,張卿子傷寒論:p1693,,,,,,,,,,,,
REL_03332,SHL_SONGBEN_0209,clause,CR_ZHANGQINGZI_0189,commentary,commentary_support,張卿子《張卿子傷寒論》對本條有注（對齊相似度0.89）。,張卿子傷寒論:p1713,,,,,,,,,,,,
REL_03333,SHL_SONGBEN_0210,clause,CR_ZHANGQINGZI_0190,commentary,commentary_support,張卿子《張卿子傷寒論》對本條有注（對齊相似度0.65）。,張卿子傷寒論:p1722,,,,,,,,,,,,
REL_03334,SHL_SONGBEN_0211,clause,CR_ZHANGQINGZI_0191,commentary,commentary_support,張卿子《張卿子傷寒論》對本條有注（對齊相似度1.00）。,張卿子傷寒論:p1724,,,,,,,,,,,,
REL_03335,SHL_SONGBEN_0212,clause,CR_ZHANGQINGZI_0192,commentary,commentary_support,張卿子《張卿子傷寒論》對本條有注（對齊相似度0.72）。,張卿子傷寒論:p1727,,,,,,,,,,,,
REL_03336,SHL_SONGBEN_0213,clause,CR_ZHANGQINGZI_0193,commentary,commentary_support,張卿子《張卿子傷寒論》對本條有注（對齊相似度0.76）。,張卿子傷寒論:p1731,,,,,,,,,,,,
REL_03337,SHL_SONGBEN_0214,clause,CR_ZHANGQINGZI_0194,commentary,commentary_support,張卿子《張卿子傷寒論》對本條有注（對齊相似度0.82）。,張卿子傷寒論:p1734,,,,,,,,,,,,
REL_03338,SHL_SONGBEN_0215,clause,CR_ZHANGQINGZI_0195,commentary,commentary_support,張卿子《張卿子傷寒論》對本條有注（對齊相似度0.82）。,張卿子傷寒論:p1737,,,,,,,,,,,,
REL_03339,SHL_SONGBEN_0216,clause,CR_ZHANGQINGZI_0196,commentary,commentary_support,張卿子《張卿子傷寒論》對本條有注（對齊相似度0.95）。,張卿子傷寒論:p1740,,,,,,,,,,,,
REL_03340,SHL_SONGBEN_0217,clause,CR_ZHANGQINGZI_0197,commentary,commentary_support,張卿子《張卿子傷寒論》對本條有注（對齊相似度0.89）。,張卿子傷寒論:p1743,,,,,,,,,,,,
REL_03341,SHL_SONGBEN_0218,clause,CR_ZHANGQINGZI_0198,commentary,commentary_support,張卿子《張卿子傷寒論》對本條有注（對齊相似度0.88）。,張卿子傷寒論:p1748,,,,,,,,,,,,
REL_03342,SHL_SONGBEN_0219,clause,CR_ZHANGQINGZI_0199,commentary,commentary_support,張卿子《張卿子傷寒論》對本條有注（對齊相似度0.92）。,張卿子傷寒論:p1750,,,,,,,,,,,,
REL_03343,SHL_SONGBEN_0220,clause,CR_ZHANGQINGZI_0200,commentary,commentary_support,張卿子《張卿子傷寒論》對本條有注（對齊相似度0.88）。,張卿子傷寒論:p1753,,,,,,,,,,,,
REL_03344,SHL_SONGBEN_0222,clause,CR_ZHANGQINGZI_0201,commentary,commentary_support,張卿子《張卿子傷寒論》對本條有注（對齊相似度1.00）。,張卿子傷寒論:p1760,,,,,,,,,,,,
REL_03345,SHL_SONGBEN_0223,clause,CR_ZHANGQINGZI_0202,commentary,commentary_support,張卿子《張卿子傷寒論》對本條有注（對齊相似度1.00）。,張卿子傷寒論:p1762,,,,,,,,,,,,
REL_03346,SHL_SONGBEN_0224,clause,CR_ZHANGQINGZI_0203,commentary,commentary_support,張卿子《張卿子傷寒論》對本條有注（對齊相似度1.00）。,張卿子傷寒論:p1770,,,,,,,,,,,,
REL_03347,SHL_SONGBEN_0225,clause,CR_ZHANGQINGZI_0204,commentary,commentary_support,張卿子《張卿子傷寒論》對本條有注（對齊相似度0.88）。,張卿子傷寒論:p1773,,,,,,,,,,,,
REL_03348,SHL_SONGBEN_0226,clause,CR_ZHANGQINGZI_0205,commentary,commentary_support,張卿子《張卿子傷寒論》對本條有注（對齊相似度1.00）。,張卿子傷寒論:p1775,,,,,,,,,,,,
REL_03349,SHL_SONGBEN_0227,clause,CR_ZHANGQINGZI_0206,commentary,commentary_support,張卿子《張卿子傷寒論》對本條有注（對齊相似度1.00）。,張卿子傷寒論:p1777,,,,,,,,,,,,
REL_03350,SHL_SONGBEN_0228,clause,CR_ZHANGQINGZI_0207,commentary,commentary_support,張卿子《張卿子傷寒論》對本條有注（對齊相似度0.85）。,張卿子傷寒論:p1780,,,,,,,,,,,,
REL_03351,SHL_SONGBEN_0229,clause,CR_ZHANGQINGZI_0208,commentary,commentary_support,張卿子《張卿子傷寒論》對本條有注（對齊相似度0.81）。,張卿子傷寒論:p1783,,,,,,,,,,,,
REL_03352,SHL_SONGBEN_0230,clause,CR_ZHANGQINGZI_0209,commentary,commentary_support,張卿子《張卿子傷寒論》對本條有注（對齊相似度0.68）。,張卿子傷寒論:p1786,,,,,,,,,,,,
REL_03353,SHL_SONGBEN_0232,clause,CR_ZHANGQINGZI_0210,commentary,commentary_support,張卿子《張卿子傷寒論》對本條有注（對齊相似度0.64）。,張卿子傷寒論:p1791,,,,,,,,,,,,
REL_03354,SHL_SONGBEN_0233,clause,CR_ZHANGQINGZI_0211,commentary,commentary_support,張卿子《張卿子傷寒論》對本條有注（對齊相似度0.93）。,張卿子傷寒論:p1794,,,,,,,,,,,,
REL_03355,SHL_SONGBEN_0236,clause,CR_ZHANGQINGZI_0212,commentary,commentary_support,張卿子《張卿子傷寒論》對本條有注（對齊相似度0.91）。,張卿子傷寒論:p1802,,,,,,,,,,,,
REL_03356,SHL_SONGBEN_0237,clause,CR_ZHANGQINGZI_0213,commentary,commentary_support,張卿子《張卿子傷寒論》對本條有注（對齊相似度0.86）。,張卿子傷寒論:p1809,,,,,,,,,,,,
REL_03357,SHL_SONGBEN_0239,clause,CR_ZHANGQINGZI_0214,commentary,commentary_support,張卿子《張卿子傷寒論》對本條有注（對齊相似度0.92）。,張卿子傷寒論:p1815,,,,,,,,,,,,
REL_03358,SHL_SONGBEN_0240,clause,CR_ZHANGQINGZI_0215,commentary,commentary_support,張卿子《張卿子傷寒論》對本條有注（對齊相似度0.95）。,張卿子傷寒論:p1818,,,,,,,,,,,,
REL_03359,SHL_SONGBEN_0241,clause,CR_ZHANGQINGZI_0216,commentary,commentary_support,張卿子《張卿子傷寒論》對本條有注（對齊相似度1.00）。,張卿子傷寒論:p1820,,,,,,,,,,,,
REL_03360,SHL_SONGBEN_0242,clause,CR_ZHANGQINGZI_0217,commentary,commentary_support,張卿子《張卿子傷寒論》對本條有注（對齊相似度0.93）。,張卿子傷寒論:p1824,,,,,,,,,,,,
REL_03361,SHL_SONGBEN_0243,clause,CR_ZHANGQINGZI_0218,commentary,commentary_support,張卿子《張卿子傷寒論》對本條有注（對齊相似度0.95）。,張卿子傷寒論:p1827,,,,,,,,,,,,
REL_03362,SHL_SONGBEN_0244,clause,CR_ZHANGQINGZI_0219,commentary,commentary_support,張卿子《張卿子傷寒論》對本條有注（對齊相似度0.95）。,張卿子傷寒論:p1833,,,,,,,,,,,,
REL_03363,SHL_SONGBEN_0245,clause,CR_ZHANGQINGZI_0220,commentary,commentary_support,張卿子《張卿子傷寒論》對本條有注（對齊相似度0.68）。,張卿子傷寒論:p1840,,,,,,,,,,,,
REL_03364,SHL_SONGBEN_0246,clause,CR_ZHANGQINGZI_0221,commentary,commentary_support,張卿子《張卿子傷寒論》對本條有注（對齊相似度1.00）。,張卿子傷寒論:p1842,,,,,,,,,,,,
REL_03365,SHL_SONGBEN_0247,clause,CR_ZHANGQINGZI_0222,commentary,commentary_support,張卿子《張卿子傷寒論》對本條有注（對齊相似度0.71）。,張卿子傷寒論:p1844,,,,,,,,,,,,
REL_03366,SHL_SONGBEN_0248,clause,CR_ZHANGQINGZI_0223,commentary,commentary_support,張卿子《張卿子傷寒論》對本條有注（對齊相似度0.83）。,張卿子傷寒論:p1850,,,,,,,,,,,,
REL_03367,SHL_SONGBEN_0249,clause,CR_ZHANGQINGZI_0224,commentary,commentary_support,張卿子《張卿子傷寒論》對本條有注（對齊相似度1.00）。,張卿子傷寒論:p1853,,,,,,,,,,,,
REL_03368,SHL_SONGBEN_0250,clause,CR_ZHANGQINGZI_0225,commentary,commentary_support,張卿子《張卿子傷寒論》對本條有注（對齊相似度0.87）。,張卿子傷寒論:p1856,,,,,,,,,,,,
REL_03369,SHL_SONGBEN_0251,clause,CR_ZHANGQINGZI_0226,commentary,commentary_support,張卿子《張卿子傷寒論》對本條有注（對齊相似度0.77）。,張卿子傷寒論:p1858,,,,,,,,,,,,
REL_03370,SHL_SONGBEN_0252,clause,CR_ZHANGQINGZI_0227,commentary,commentary_support,張卿子《張卿子傷寒論》對本條有注（對齊相似度0.94）。,張卿子傷寒論:p1861,,,,,,,,,,,,
REL_03371,SHL_SONGBEN_0253,clause,CR_ZHANGQINGZI_0228,commentary,commentary_support,張卿子《張卿子傷寒論》對本條有注（對齊相似度0.90）。,張卿子傷寒論:p1864,,,,,,,,,,,,
REL_03372,SHL_SONGBEN_0254,clause,CR_ZHANGQINGZI_0229,commentary,commentary_support,張卿子《張卿子傷寒論》對本條有注（對齊相似度1.00）。,張卿子傷寒論:p1866,,,,,,,,,,,,
REL_03373,SHL_SONGBEN_0255,clause,CR_ZHANGQINGZI_0230,commentary,commentary_support,張卿子《張卿子傷寒論》對本條有注（對齊相似度1.00）。,張卿子傷寒論:p1868,,,,,,,,,,,,
REL_03374,SHL_SONGBEN_0256,clause,CR_ZHANGQINGZI_0231,commentary,commentary_support,張卿子《張卿子傷寒論》對本條有注（對齊相似度0.92）。,張卿子傷寒論:p1870,,,,,,,,,,,,
REL_03375,SHL_SONGBEN_0257,clause,CR_ZHANGQINGZI_0232,commentary,commentary_support,張卿子《張卿子傷寒論》對本條有注（對齊相似度0.92）。,張卿子傷寒論:p1873,,,,,,,,,,,,
REL_03376,SHL_SONGBEN_0258,clause,CR_ZHANGQINGZI_0233,commentary,commentary_support,張卿子《張卿子傷寒論》對本條有注（對齊相似度0.77）。,張卿子傷寒論:p1881,,,,,,,,,,,,
REL_03377,SHL_SONGBEN_0259,clause,CR_ZHANGQINGZI_0234,commentary,commentary_support,張卿子《張卿子傷寒論》對本條有注（對齊相似度0.94）。,張卿子傷寒論:p1883,,,,,,,,,,,,
REL_03378,SHL_SONGBEN_0260,clause,CR_ZHANGQINGZI_0235,commentary,commentary_support,張卿子《張卿子傷寒論》對本條有注（對齊相似度1.00）。,張卿子傷寒論:p1886,,,,,,,,,,,,
REL_03379,SHL_SONGBEN_0261,clause,CR_ZHANGQINGZI_0236,commentary,commentary_support,張卿子《張卿子傷寒論》對本條有注（對齊相似度0.88）。,張卿子傷寒論:p1890,,,,,,,,,,,,
REL_03380,SHL_SONGBEN_0262,clause,CR_ZHANGQINGZI_0237,commentary,commentary_support,張卿子《張卿子傷寒論》對本條有注（對齊相似度0.70）。,張卿子傷寒論:p1894,,,,,,,,,,,,
REL_03381,SHL_SONGBEN_0263,clause,CR_ZHANGQINGZI_0238,commentary,commentary_support,張卿子《張卿子傷寒論》對本條有注（對齊相似度0.86）。,張卿子傷寒論:p1901,,,,,,,,,,,,
REL_03382,SHL_SONGBEN_0264,clause,CR_ZHANGQINGZI_0239,commentary,commentary_support,張卿子《張卿子傷寒論》對本條有注（對齊相似度1.00）。,張卿子傷寒論:p1903,,,,,,,,,,,,
REL_03383,SHL_SONGBEN_0265,clause,CR_ZHANGQINGZI_0240,commentary,commentary_support,張卿子《張卿子傷寒論》對本條有注（對齊相似度0.97）。,張卿子傷寒論:p1908,,,,,,,,,,,,
REL_03384,SHL_SONGBEN_0266,clause,CR_ZHANGQINGZI_0241,commentary,commentary_support,張卿子《張卿子傷寒論》對本條有注（對齊相似度0.89）。,張卿子傷寒論:p1914,,,,,,,,,,,,
REL_03385,SHL_SONGBEN_0267,clause,CR_ZHANGQINGZI_0242,commentary,commentary_support,張卿子《張卿子傷寒論》對本條有注（對齊相似度1.00）。,張卿子傷寒論:p1917,,,,,,,,,,,,
REL_03386,SHL_SONGBEN_0268,clause,CR_ZHANGQINGZI_0243,commentary,commentary_support,張卿子《張卿子傷寒論》對本條有注（對齊相似度1.00）。,張卿子傷寒論:p1920,,,,,,,,,,,,
REL_03387,SHL_SONGBEN_0269,clause,CR_ZHANGQINGZI_0244,commentary,commentary_support,張卿子《張卿子傷寒論》對本條有注（對齊相似度1.00）。,張卿子傷寒論:p1922,,,,,,,,,,,,
REL_03388,SHL_SONGBEN_0270,clause,CR_ZHANGQINGZI_0245,commentary,commentary_support,張卿子《張卿子傷寒論》對本條有注（對齊相似度1.00）。,張卿子傷寒論:p1926,,,,,,,,,,,,
REL_03389,SHL_SONGBEN_0271,clause,CR_ZHANGQINGZI_0246,commentary,commentary_support,張卿子《張卿子傷寒論》對本條有注（對齊相似度1.00）。,張卿子傷寒論:p1928,,,,,,,,,,,,
REL_03390,SHL_SONGBEN_0272,clause,CR_ZHANGQINGZI_0247,commentary,commentary_support,張卿子《張卿子傷寒論》對本條有注（對齊相似度1.00）。,張卿子傷寒論:p1930,,,,,,,,,,,,
REL_03391,SHL_SONGBEN_0273,clause,CR_ZHANGQINGZI_0248,commentary,commentary_support,張卿子《張卿子傷寒論》對本條有注（對齊相似度0.96）。,張卿子傷寒論:p1932,,,,,,,,,,,,
REL_03392,SHL_SONGBEN_0274,clause,CR_ZHANGQINGZI_0249,commentary,commentary_support,張卿子《張卿子傷寒論》對本條有注（對齊相似度0.80）。,張卿子傷寒論:p1937,,,,,,,,,,,,
REL_03393,SHL_SONGBEN_0275,clause,CR_ZHANGQINGZI_0250,commentary,commentary_support,張卿子《張卿子傷寒論》對本條有注（對齊相似度1.00）。,張卿子傷寒論:p1939,,,,,,,,,,,,
REL_03394,SHL_SONGBEN_0276,clause,CR_ZHANGQINGZI_0251,commentary,commentary_support,張卿子《張卿子傷寒論》對本條有注（對齊相似度1.00）。,張卿子傷寒論:p1941,,,,,,,,,,,,
REL_03395,SHL_SONGBEN_0277,clause,CR_ZHANGQINGZI_0252,commentary,commentary_support,張卿子《張卿子傷寒論》對本條有注（對齊相似度1.00）。,張卿子傷寒論:p1944,,,,,,,,,,,,
REL_03396,SHL_SONGBEN_0279,clause,CR_ZHANGQINGZI_0253,commentary,commentary_support,張卿子《張卿子傷寒論》對本條有注（對齊相似度0.81）。,張卿子傷寒論:p1950,,,,,,,,,,,,
REL_03397,SHL_SONGBEN_0280,clause,CR_ZHANGQINGZI_0254,commentary,commentary_support,張卿子《張卿子傷寒論》對本條有注（對齊相似度1.00）。,張卿子傷寒論:p1961,,,,,,,,,,,,
REL_03398,SHL_SONGBEN_0281,clause,CR_ZHANGQINGZI_0255,commentary,commentary_support,張卿子《張卿子傷寒論》對本條有注（對齊相似度1.00）。,張卿子傷寒論:p1963,,,,,,,,,,,,
REL_03399,SHL_SONGBEN_0282,clause,CR_ZHANGQINGZI_0256,commentary,commentary_support,張卿子《張卿子傷寒論》對本條有注（對齊相似度1.00）。,張卿子傷寒論:p1966,,,,,,,,,,,,
REL_03400,SHL_SONGBEN_0283,clause,CR_ZHANGQINGZI_0257,commentary,commentary_support,張卿子《張卿子傷寒論》對本條有注（對齊相似度0.92）。,張卿子傷寒論:p1971,,,,,,,,,,,,
REL_03401,SHL_SONGBEN_0284,clause,CR_ZHANGQINGZI_0258,commentary,commentary_support,張卿子《張卿子傷寒論》對本條有注（對齊相似度0.92）。,張卿子傷寒論:p1973,,,,,,,,,,,,
REL_03402,SHL_SONGBEN_0285,clause,CR_ZHANGQINGZI_0259,commentary,commentary_support,張卿子《張卿子傷寒論》對本條有注（對齊相似度0.86）。,張卿子傷寒論:p1976,,,,,,,,,,,,
REL_03403,SHL_SONGBEN_0286,clause,CR_ZHANGQINGZI_0260,commentary,commentary_support,張卿子《張卿子傷寒論》對本條有注（對齊相似度0.92）。,張卿子傷寒論:p1979,,,,,,,,,,,,
REL_03404,SHL_SONGBEN_0287,clause,CR_ZHANGQINGZI_0261,commentary,commentary_support,張卿子《張卿子傷寒論》對本條有注（對齊相似度1.00）。,張卿子傷寒論:p1982,,,,,,,,,,,,
REL_03405,SHL_SONGBEN_0288,clause,CR_ZHANGQINGZI_0262,commentary,commentary_support,張卿子《張卿子傷寒論》對本條有注（對齊相似度0.89）。,張卿子傷寒論:p1984,,,,,,,,,,,,
REL_03406,SHL_SONGBEN_0289,clause,CR_ZHANGQINGZI_0263,commentary,commentary_support,張卿子《張卿子傷寒論》對本條有注（對齊相似度0.88）。,張卿子傷寒論:p1986,,,,,,,,,,,,
REL_03407,SHL_SONGBEN_0290,clause,CR_ZHANGQINGZI_0264,commentary,commentary_support,張卿子《張卿子傷寒論》對本條有注（對齊相似度1.00）。,張卿子傷寒論:p1988,,,,,,,,,,,,
REL_03408,SHL_SONGBEN_0291,clause,CR_ZHANGQINGZI_0265,commentary,commentary_support,張卿子《張卿子傷寒論》對本條有注（對齊相似度1.00）。,張卿子傷寒論:p1991,,,,,,,,,,,,
REL_03409,SHL_SONGBEN_0292,clause,CR_ZHANGQINGZI_0266,commentary,commentary_support,張卿子《張卿子傷寒論》對本條有注（對齊相似度1.00）。,張卿子傷寒論:p1993,,,,,,,,,,,,
REL_03410,SHL_SONGBEN_0293,clause,CR_ZHANGQINGZI_0267,commentary,commentary_support,張卿子《張卿子傷寒論》對本條有注（對齊相似度1.00）。,張卿子傷寒論:p1995,,,,,,,,,,,,
REL_03411,SHL_SONGBEN_0294,clause,CR_ZHANGQINGZI_0268,commentary,commentary_support,張卿子《張卿子傷寒論》對本條有注（對齊相似度0.84）。,張卿子傷寒論:p1997,,,,,,,,,,,,
REL_03412,SHL_SONGBEN_0295,clause,CR_ZHANGQINGZI_0269,commentary,commentary_support,張卿子《張卿子傷寒論》對本條有注（對齊相似度0.87）。,張卿子傷寒論:p2002,,,,,,,,,,,,
REL_03413,SHL_SONGBEN_0296,clause,CR_ZHANGQINGZI_0270,commentary,commentary_support,張卿子《張卿子傷寒論》對本條有注（對齊相似度1.00）。,張卿子傷寒論:p2004,,,,,,,,,,,,
REL_03414,SHL_SONGBEN_0297,clause,CR_ZHANGQINGZI_0271,commentary,commentary_support,張卿子《張卿子傷寒論》對本條有注（對齊相似度1.00）。,張卿子傷寒論:p2006,,,,,,,,,,,,
REL_03415,SHL_SONGBEN_0298,clause,CR_ZHANGQINGZI_0272,commentary,commentary_support,張卿子《張卿子傷寒論》對本條有注（對齊相似度0.89）。,張卿子傷寒論:p2008,,,,,,,,,,,,
REL_03416,SHL_SONGBEN_0299,clause,CR_ZHANGQINGZI_0273,commentary,commentary_support,張卿子《張卿子傷寒論》對本條有注（對齊相似度1.00）。,張卿子傷寒論:p2010,,,,,,,,,,,,
REL_03417,SHL_SONGBEN_0300,clause,CR_ZHANGQINGZI_0274,commentary,commentary_support,張卿子《張卿子傷寒論》對本條有注（對齊相似度0.89）。,張卿子傷寒論:p2012,,,,,,,,,,,,
REL_03418,SHL_SONGBEN_0301,clause,CR_ZHANGQINGZI_0275,commentary,commentary_support,張卿子《張卿子傷寒論》對本條有注（對齊相似度0.85）。,張卿子傷寒論:p2015,,,,,,,,,,,,
REL_03419,SHL_SONGBEN_0302,clause,CR_ZHANGQINGZI_0276,commentary,commentary_support,張卿子《張卿子傷寒論》對本條有注（對齊相似度0.94）。,張卿子傷寒論:p2021,,,,,,,,,,,,
REL_03420,SHL_SONGBEN_0303,clause,CR_ZHANGQINGZI_0277,commentary,commentary_support,張卿子《張卿子傷寒論》對本條有注（對齊相似度1.00）。,張卿子傷寒論:p2028,,,,,,,,,,,,
REL_03421,SHL_SONGBEN_0304,clause,CR_ZHANGQINGZI_0278,commentary,commentary_support,張卿子《張卿子傷寒論》對本條有注（對齊相似度1.00）。,張卿子傷寒論:p2034,,,,,,,,,,,,
REL_03422,SHL_SONGBEN_0305,clause,CR_ZHANGQINGZI_0279,commentary,commentary_support,張卿子《張卿子傷寒論》對本條有注（對齊相似度1.00）。,張卿子傷寒論:p2043,,,,,,,,,,,,
REL_03423,SHL_SONGBEN_0306,clause,CR_ZHANGQINGZI_0280,commentary,commentary_support,張卿子《張卿子傷寒論》對本條有注（對齊相似度1.00）。,張卿子傷寒論:p2046,,,,,,,,,,,,
REL_03424,SHL_SONGBEN_0307,clause,CR_ZHANGQINGZI_0281,commentary,commentary_support,張卿子《張卿子傷寒論》對本條有注（對齊相似度0.93）。,張卿子傷寒論:p2051,,,,,,,,,,,,
REL_03425,SHL_SONGBEN_0308,clause,CR_ZHANGQINGZI_0282,commentary,commentary_support,張卿子《張卿子傷寒論》對本條有注（對齊相似度1.00）。,張卿子傷寒論:p2056,,,,,,,,,,,,
REL_03426,SHL_SONGBEN_0309,clause,CR_ZHANGQINGZI_0283,commentary,commentary_support,張卿子《張卿子傷寒論》對本條有注（對齊相似度0.89）。,張卿子傷寒論:p2058,,,,,,,,,,,,
REL_03427,SHL_SONGBEN_0310,clause,CR_ZHANGQINGZI_0284,commentary,commentary_support,張卿子《張卿子傷寒論》對本條有注（對齊相似度0.90）。,張卿子傷寒論:p2060,,,,,,,,,,,,
REL_03428,SHL_SONGBEN_0311,clause,CR_ZHANGQINGZI_0285,commentary,commentary_support,張卿子《張卿子傷寒論》對本條有注（對齊相似度0.90）。,張卿子傷寒論:p2065,,,,,,,,,,,,
REL_03429,SHL_SONGBEN_0312,clause,CR_ZHANGQINGZI_0286,commentary,commentary_support,張卿子《張卿子傷寒論》對本條有注（對齊相似度1.00）。,張卿子傷寒論:p2072,,,,,,,,,,,,
REL_03430,SHL_SONGBEN_0313,clause,CR_ZHANGQINGZI_0287,commentary,commentary_support,張卿子《張卿子傷寒論》對本條有注（對齊相似度1.00）。,張卿子傷寒論:p2079,,,,,,,,,,,,
REL_03431,SHL_SONGBEN_0314,clause,CR_ZHANGQINGZI_0288,commentary,commentary_support,張卿子《張卿子傷寒論》對本條有注（對齊相似度1.00）。,張卿子傷寒論:p2084,,,,,,,,,,,,
REL_03432,SHL_SONGBEN_0315,clause,CR_ZHANGQINGZI_0289,commentary,commentary_support,張卿子《張卿子傷寒論》對本條有注（對齊相似度1.00）。,張卿子傷寒論:p2091,,,,,,,,,,,,
REL_03433,SHL_SONGBEN_0316,clause,CR_ZHANGQINGZI_0290,commentary,commentary_support,張卿子《張卿子傷寒論》對本條有注（對齊相似度0.96）。,張卿子傷寒論:p2101,,,,,,,,,,,,
REL_03434,SHL_SONGBEN_0318,clause,CR_ZHANGQINGZI_0291,commentary,commentary_support,張卿子《張卿子傷寒論》對本條有注（對齊相似度0.93）。,張卿子傷寒論:p2134,,,,,,,,,,,,
REL_03435,SHL_SONGBEN_0319,clause,CR_ZHANGQINGZI_0292,commentary,commentary_support,張卿子《張卿子傷寒論》對本條有注（對齊相似度0.91）。,張卿子傷寒論:p2152,,,,,,,,,,,,
REL_03436,SHL_SONGBEN_0320,clause,CR_ZHANGQINGZI_0293,commentary,commentary_support,張卿子《張卿子傷寒論》對本條有注（對齊相似度1.00）。,張卿子傷寒論:p2154,,,,,,,,,,,,
REL_03437,SHL_SONGBEN_0321,clause,CR_ZHANGQINGZI_0294,commentary,commentary_support,張卿子《張卿子傷寒論》對本條有注（對齊相似度0.84）。,張卿子傷寒論:p2156,,,,,,,,,,,,
REL_03438,SHL_SONGBEN_0322,clause,CR_ZHANGQINGZI_0295,commentary,commentary_support,張卿子《張卿子傷寒論》對本條有注（對齊相似度1.00）。,張卿子傷寒論:p2158,,,,,,,,,,,,
REL_03439,SHL_SONGBEN_0324,clause,CR_ZHANGQINGZI_0296,commentary,commentary_support,張卿子《張卿子傷寒論》對本條有注（對齊相似度0.97）。,張卿子傷寒論:p2165,,,,,,,,,,,,
REL_03440,SHL_SONGBEN_0325,clause,CR_ZHANGQINGZI_0297,commentary,commentary_support,張卿子《張卿子傷寒論》對本條有注（對齊相似度0.92）。,張卿子傷寒論:p2168,,,,,,,,,,,,
REL_03441,SHL_SONGBEN_0326,clause,CR_ZHANGQINGZI_0298,commentary,commentary_support,張卿子《張卿子傷寒論》對本條有注（對齊相似度0.93）。,張卿子傷寒論:p2170,,,,,,,,,,,,
REL_03442,SHL_SONGBEN_0327,clause,CR_ZHANGQINGZI_0299,commentary,commentary_support,張卿子《張卿子傷寒論》對本條有注（對齊相似度1.00）。,張卿子傷寒論:p2176,,,,,,,,,,,,
REL_03443,SHL_SONGBEN_0328,clause,CR_ZHANGQINGZI_0300,commentary,commentary_support,張卿子《張卿子傷寒論》對本條有注（對齊相似度1.00）。,張卿子傷寒論:p2178,,,,,,,,,,,,
REL_03444,SHL_SONGBEN_0329,clause,CR_ZHANGQINGZI_0301,commentary,commentary_support,張卿子《張卿子傷寒論》對本條有注（對齊相似度1.00）。,張卿子傷寒論:p2180,,,,,,,,,,,,
REL_03445,SHL_SONGBEN_0330,clause,CR_ZHANGQINGZI_0302,commentary,commentary_support,張卿子《張卿子傷寒論》對本條有注（對齊相似度1.00）。,張卿子傷寒論:p2182,,,,,,,,,,,,
REL_03446,SHL_SONGBEN_0331,clause,CR_ZHANGQINGZI_0303,commentary,commentary_support,張卿子《張卿子傷寒論》對本條有注（對齊相似度1.00）。,張卿子傷寒論:p2185,,,,,,,,,,,,
REL_03447,SHL_SONGBEN_0333,clause,CR_ZHANGQINGZI_0304,commentary,commentary_support,張卿子《張卿子傷寒論》對本條有注（對齊相似度1.00）。,張卿子傷寒論:p2197,,,,,,,,,,,,
REL_03448,SHL_SONGBEN_0335,clause,CR_ZHANGQINGZI_0305,commentary,commentary_support,張卿子《張卿子傷寒論》對本條有注（對齊相似度0.96）。,張卿子傷寒論:p2205,,,,,,,,,,,,
REL_03449,SHL_SONGBEN_0336,clause,CR_ZHANGQINGZI_0306,commentary,commentary_support,張卿子《張卿子傷寒論》對本條有注（對齊相似度0.95）。,張卿子傷寒論:p2210,,,,,,,,,,,,
REL_03450,SHL_SONGBEN_0337,clause,CR_ZHANGQINGZI_0307,commentary,commentary_support,張卿子《張卿子傷寒論》對本條有注（對齊相似度0.92）。,張卿子傷寒論:p2213,,,,,,,,,,,,
REL_03451,SHL_SONGBEN_0338,clause,CR_ZHANGQINGZI_0308,commentary,commentary_support,張卿子《張卿子傷寒論》對本條有注（對齊相似度0.78）。,張卿子傷寒論:p2215,,,,,,,,,,,,
REL_03452,SHL_SONGBEN_0339,clause,CR_ZHANGQINGZI_0309,commentary,commentary_support,張卿子《張卿子傷寒論》對本條有注（對齊相似度0.83）。,張卿子傷寒論:p2225,,,,,,,,,,,,
REL_03453,SHL_SONGBEN_0340,clause,CR_ZHANGQINGZI_0310,commentary,commentary_support,張卿子《張卿子傷寒論》對本條有注（對齊相似度1.00）。,張卿子傷寒論:p2228,,,,,,,,,,,,
REL_03454,SHL_SONGBEN_0341,clause,CR_ZHANGQINGZI_0311,commentary,commentary_support,張卿子《張卿子傷寒論》對本條有注（對齊相似度0.88）。,張卿子傷寒論:p2232,,,,,,,,,,,,
REL_03455,SHL_SONGBEN_0342,clause,CR_ZHANGQINGZI_0312,commentary,commentary_support,張卿子《張卿子傷寒論》對本條有注（對齊相似度1.00）。,張卿子傷寒論:p2236,,,,,,,,,,,,
REL_03456,SHL_SONGBEN_0343,clause,CR_ZHANGQINGZI_0313,commentary,commentary_support,張卿子《張卿子傷寒論》對本條有注（對齊相似度1.00）。,張卿子傷寒論:p2238,,,,,,,,,,,,
REL_03457,SHL_SONGBEN_0345,clause,CR_ZHANGQINGZI_0314,commentary,commentary_support,張卿子《張卿子傷寒論》對本條有注（對齊相似度1.00）。,張卿子傷寒論:p2242,,,,,,,,,,,,
REL_03458,SHL_SONGBEN_0346,clause,CR_ZHANGQINGZI_0315,commentary,commentary_support,張卿子《張卿子傷寒論》對本條有注（對齊相似度1.00）。,張卿子傷寒論:p2245,,,,,,,,,,,,
REL_03459,SHL_SONGBEN_0347,clause,CR_ZHANGQINGZI_0316,commentary,commentary_support,張卿子《張卿子傷寒論》對本條有注（對齊相似度0.85）。,張卿子傷寒論:p2248,,,,,,,,,,,,
REL_03460,SHL_SONGBEN_0348,clause,CR_ZHANGQINGZI_0317,commentary,commentary_support,張卿子《張卿子傷寒論》對本條有注（對齊相似度1.00）。,張卿子傷寒論:p2251,,,,,,,,,,,,
REL_03461,SHL_SONGBEN_0349,clause,CR_ZHANGQINGZI_0318,commentary,commentary_support,張卿子《張卿子傷寒論》對本條有注（對齊相似度0.86）。,張卿子傷寒論:p2253,,,,,,,,,,,,
REL_03462,SHL_SONGBEN_0350,clause,CR_ZHANGQINGZI_0319,commentary,commentary_support,張卿子《張卿子傷寒論》對本條有注（對齊相似度0.76）。,張卿子傷寒論:p2256,,,,,,,,,,,,
REL_03463,SHL_SONGBEN_0351,clause,CR_ZHANGQINGZI_0320,commentary,commentary_support,張卿子《張卿子傷寒論》對本條有注（對齊相似度1.00）。,張卿子傷寒論:p2258,,,,,,,,,,,,
REL_03464,SHL_SONGBEN_0352,clause,CR_ZHANGQINGZI_0321,commentary,commentary_support,張卿子《張卿子傷寒論》對本條有注（對齊相似度0.95）。,張卿子傷寒論:p2265,,,,,,,,,,,,
REL_03465,SHL_SONGBEN_0353,clause,CR_ZHANGQINGZI_0322,commentary,commentary_support,張卿子《張卿子傷寒論》對本條有注（對齊相似度1.00）。,張卿子傷寒論:p2270,,,,,,,,,,,,
REL_03466,SHL_SONGBEN_0354,clause,CR_ZHANGQINGZI_0323,commentary,commentary_support,張卿子《張卿子傷寒論》對本條有注（對齊相似度1.00）。,張卿子傷寒論:p2272,,,,,,,,,,,,
REL_03467,SHL_SONGBEN_0355,clause,CR_ZHANGQINGZI_0324,commentary,commentary_support,張卿子《張卿子傷寒論》對本條有注（對齊相似度0.88）。,張卿子傷寒論:p2274,,,,,,,,,,,,
REL_03468,SHL_SONGBEN_0356,clause,CR_ZHANGQINGZI_0325,commentary,commentary_support,張卿子《張卿子傷寒論》對本條有注（對齊相似度0.95）。,張卿子傷寒論:p2277,,,,,,,,,,,,
REL_03469,SHL_SONGBEN_0357,clause,CR_ZHANGQINGZI_0326,commentary,commentary_support,張卿子《張卿子傷寒論》對本條有注（對齊相似度0.70）。,張卿子傷寒論:p2279,,,,,,,,,,,,
REL_03470,SHL_SONGBEN_0358,clause,CR_ZHANGQINGZI_0327,commentary,commentary_support,張卿子《張卿子傷寒論》對本條有注（對齊相似度0.90）。,張卿子傷寒論:p2288,,,,,,,,,,,,
REL_03471,SHL_SONGBEN_0359,clause,CR_ZHANGQINGZI_0328,commentary,commentary_support,張卿子《張卿子傷寒論》對本條有注（對齊相似度0.91）。,張卿子傷寒論:p2290,,,,,,,,,,,,
REL_03472,SHL_SONGBEN_0360,clause,CR_ZHANGQINGZI_0329,commentary,commentary_support,張卿子《張卿子傷寒論》對本條有注（對齊相似度0.83）。,張卿子傷寒論:p2297,,,,,,,,,,,,
REL_03473,SHL_SONGBEN_0361,clause,CR_ZHANGQINGZI_0330,commentary,commentary_support,張卿子《張卿子傷寒論》對本條有注（對齊相似度0.88）。,張卿子傷寒論:p2300,,,,,,,,,,,,
REL_03474,SHL_SONGBEN_0362,clause,CR_ZHANGQINGZI_0331,commentary,commentary_support,張卿子《張卿子傷寒論》對本條有注（對齊相似度0.82）。,張卿子傷寒論:p2303,,,,,,,,,,,,
REL_03475,SHL_SONGBEN_0363,clause,CR_ZHANGQINGZI_0332,commentary,commentary_support,張卿子《張卿子傷寒論》對本條有注（對齊相似度0.87）。,張卿子傷寒論:p2307,,,,,,,,,,,,
REL_03476,SHL_SONGBEN_0364,clause,CR_ZHANGQINGZI_0333,commentary,commentary_support,張卿子《張卿子傷寒論》對本條有注（對齊相似度1.00）。,張卿子傷寒論:p2310,,,,,,,,,,,,
REL_03477,SHL_SONGBEN_0365,clause,CR_ZHANGQINGZI_0334,commentary,commentary_support,張卿子《張卿子傷寒論》對本條有注（對齊相似度1.00）。,張卿子傷寒論:p2312,,,,,,,,,,,,
REL_03478,SHL_SONGBEN_0366,clause,CR_ZHANGQINGZI_0335,commentary,commentary_support,張卿子《張卿子傷寒論》對本條有注（對齊相似度0.95）。,張卿子傷寒論:p2314,,,,,,,,,,,,
REL_03479,SHL_SONGBEN_0368,clause,CR_ZHANGQINGZI_0336,commentary,commentary_support,張卿子《張卿子傷寒論》對本條有注（對齊相似度0.93）。,張卿子傷寒論:p2318,,,,,,,,,,,,
REL_03480,SHL_SONGBEN_0369,clause,CR_ZHANGQINGZI_0337,commentary,commentary_support,張卿子《張卿子傷寒論》對本條有注（對齊相似度0.83）。,張卿子傷寒論:p2321,,,,,,,,,,,,
REL_03481,SHL_SONGBEN_0370,clause,CR_ZHANGQINGZI_0338,commentary,commentary_support,張卿子《張卿子傷寒論》對本條有注（對齊相似度0.89）。,張卿子傷寒論:p2323,,,,,,,,,,,,
REL_03482,SHL_SONGBEN_0371,clause,CR_ZHANGQINGZI_0339,commentary,commentary_support,張卿子《張卿子傷寒論》對本條有注（對齊相似度1.00）。,張卿子傷寒論:p2325,,,,,,,,,,,,
REL_03483,SHL_SONGBEN_0372,clause,CR_ZHANGQINGZI_0340,commentary,commentary_support,張卿子《張卿子傷寒論》對本條有注（對齊相似度0.71）。,張卿子傷寒論:p2330,,,,,,,,,,,,
REL_03484,SHL_SONGBEN_0373,clause,CR_ZHANGQINGZI_0341,commentary,commentary_support,張卿子《張卿子傷寒論》對本條有注（對齊相似度1.00）。,張卿子傷寒論:p2332,,,,,,,,,,,,
REL_03485,SHL_SONGBEN_0374,clause,CR_ZHANGQINGZI_0342,commentary,commentary_support,張卿子《張卿子傷寒論》對本條有注（對齊相似度1.00）。,張卿子傷寒論:p2336,,,,,,,,,,,,
REL_03486,SHL_SONGBEN_0375,clause,CR_ZHANGQINGZI_0343,commentary,commentary_support,張卿子《張卿子傷寒論》對本條有注（對齊相似度1.00）。,張卿子傷寒論:p2338,,,,,,,,,,,,
REL_03487,SHL_SONGBEN_0376,clause,CR_ZHANGQINGZI_0344,commentary,commentary_support,張卿子《張卿子傷寒論》對本條有注（對齊相似度1.00）。,張卿子傷寒論:p2340,,,,,,,,,,,,
REL_03488,SHL_SONGBEN_0377,clause,CR_ZHANGQINGZI_0345,commentary,commentary_support,張卿子《張卿子傷寒論》對本條有注（對齊相似度1.00）。,張卿子傷寒論:p2342,,,,,,,,,,,,
REL_03489,SHL_SONGBEN_0378,clause,CR_ZHANGQINGZI_0346,commentary,commentary_support,張卿子《張卿子傷寒論》對本條有注（對齊相似度1.00）。,張卿子傷寒論:p2344,,,,,,,,,,,,
REL_03490,SHL_SONGBEN_0379,clause,CR_ZHANGQINGZI_0347,commentary,commentary_support,張卿子《張卿子傷寒論》對本條有注（對齊相似度1.00）。,張卿子傷寒論:p2346,,,,,,,,,,,,
REL_03491,SHL_SONGBEN_0380,clause,CR_ZHANGQINGZI_0348,commentary,commentary_support,張卿子《張卿子傷寒論》對本條有注（對齊相似度0.72）。,張卿子傷寒論:p2348,,,,,,,,,,,,
REL_03492,SHL_SONGBEN_0381,clause,CR_ZHANGQINGZI_0349,commentary,commentary_support,張卿子《張卿子傷寒論》對本條有注（對齊相似度0.89）。,張卿子傷寒論:p2353,,,,,,,,,,,,
REL_03493,SHL_SONGBEN_0382,clause,CR_ZHANGQINGZI_0350,commentary,commentary_support,張卿子《張卿子傷寒論》對本條有注（對齊相似度0.81）。,張卿子傷寒論:p2356,,,,,,,,,,,,
REL_03494,SHL_SONGBEN_0383,clause,CR_ZHANGQINGZI_0351,commentary,commentary_support,張卿子《張卿子傷寒論》對本條有注（對齊相似度0.93）。,張卿子傷寒論:p2360,,,,,,,,,,,,
REL_03495,SHL_SONGBEN_0384,clause,CR_ZHANGQINGZI_0352,commentary,commentary_support,張卿子《張卿子傷寒論》對本條有注（對齊相似度0.72）。,張卿子傷寒論:p2362,,,,,,,,,,,,
REL_03496,SHL_SONGBEN_0385,clause,CR_ZHANGQINGZI_0353,commentary,commentary_support,張卿子《張卿子傷寒論》對本條有注（對齊相似度1.00）。,張卿子傷寒論:p2368,,,,,,,,,,,,
REL_03497,SHL_SONGBEN_0386,clause,CR_ZHANGQINGZI_0354,commentary,commentary_support,張卿子《張卿子傷寒論》對本條有注（對齊相似度1.00）。,張卿子傷寒論:p2370,,,,,,,,,,,,
REL_03498,SHL_SONGBEN_0387,clause,CR_ZHANGQINGZI_0355,commentary,commentary_support,張卿子《張卿子傷寒論》對本條有注（對齊相似度1.00）。,張卿子傷寒論:p2392,,,,,,,,,,,,
REL_03499,SHL_SONGBEN_0388,clause,CR_ZHANGQINGZI_0356,commentary,commentary_support,張卿子《張卿子傷寒論》對本條有注（對齊相似度1.00）。,張卿子傷寒論:p2394,,,,,,,,,,,,
REL_03500,SHL_SONGBEN_0389,clause,CR_ZHANGQINGZI_0357,commentary,commentary_support,張卿子《張卿子傷寒論》對本條有注（對齊相似度1.00）。,張卿子傷寒論:p2396,,,,,,,,,,,,
REL_03501,SHL_SONGBEN_0390,clause,CR_ZHANGQINGZI_0358,commentary,commentary_support,張卿子《張卿子傷寒論》對本條有注（對齊相似度1.00）。,張卿子傷寒論:p2398,,,,,,,,,,,,
REL_03502,SHL_SONGBEN_0391,clause,CR_ZHANGQINGZI_0359,commentary,commentary_support,張卿子《張卿子傷寒論》對本條有注（對齊相似度1.00）。,張卿子傷寒論:p2402,,,,,,,,,,,,
REL_03503,SHL_SONGBEN_0392,clause,CR_ZHANGQINGZI_0360,commentary,commentary_support,張卿子《張卿子傷寒論》對本條有注（對齊相似度0.92）。,張卿子傷寒論:p2404,,,,,,,,,,,,
REL_03504,SHL_SONGBEN_0394,clause,CR_ZHANGQINGZI_0361,commentary,commentary_support,張卿子《張卿子傷寒論》對本條有注（對齊相似度0.86）。,張卿子傷寒論:p2418,,,,,,,,,,,,
REL_03505,SHL_SONGBEN_0395,clause,CR_ZHANGQINGZI_0362,commentary,commentary_support,張卿子《張卿子傷寒論》對本條有注（對齊相似度0.89）。,張卿子傷寒論:p2421,,,,,,,,,,,,
REL_03506,SHL_SONGBEN_0396,clause,CR_ZHANGQINGZI_0363,commentary,commentary_support,張卿子《張卿子傷寒論》對本條有注（對齊相似度0.81）。,張卿子傷寒論:p2427,,,,,,,,,,,,
REL_03507,SHL_SONGBEN_0397,clause,CR_ZHANGQINGZI_0364,commentary,commentary_support,張卿子《張卿子傷寒論》對本條有注（對齊相似度0.92）。,張卿子傷寒論:p2429,,,,,,,,,,,,
REL_03508,SHL_SONGBEN_0398,clause,CR_ZHANGQINGZI_0365,commentary,commentary_support,張卿子《張卿子傷寒論》對本條有注（對齊相似度0.88）。,張卿子傷寒論:p2435,,,,,,,,,,,,
REL_03509,SHL_SONGBEN_0204,clause,CR_ZHANGQINGZI_0186,commentary,commentary_support,張卿子《張卿子傷寒論》對本條有注（對齊相似度0.71）。,張卿子傷寒論:p2546,,,,,,,,,,,,
REL_03510,SHL_SONGBEN_0044,clause,CR_ZHANGQINGZI_0367,commentary,commentary_support,張卿子《張卿子傷寒論》對本條有注（對齊相似度0.63）。,張卿子傷寒論:p2548,,,,,,,,,,,,
REL_03511,SHL_SONGBEN_0094,clause,CR_XUANJIE_0001,commentary,commentary_support,黃元御《傷寒懸解》對本條有注（對齊相似度0.95）。,傷寒懸解:p229,,,,,,,,,,,,
REL_03512,SHL_SONGBEN_0017,clause,CR_XUANJIE_0002,commentary,commentary_support,黃元御《傷寒懸解》對本條有注（對齊相似度0.71）。,傷寒懸解:p232,,,,,,,,,,,,
REL_03513,SHL_SONGBEN_0057,clause,CR_XUANJIE_0003,commentary,commentary_support,黃元御《傷寒懸解》對本條有注（對齊相似度0.93）。,傷寒懸解:p251,,,,,,,,,,,,
REL_03514,SHL_SONGBEN_0056,clause,CR_XUANJIE_0004,commentary,commentary_support,黃元御《傷寒懸解》對本條有注（對齊相似度0.95）。,傷寒懸解:p254,,,,,,,,,,,,
REL_03515,SHL_SONGBEN_0046,clause,CR_XUANJIE_0005,commentary,commentary_support,黃元御《傷寒懸解》對本條有注（對齊相似度0.60）。,傷寒懸解:p261,,,,,,,,,,,,
REL_03516,SHL_SONGBEN_0050,clause,CR_XUANJIE_0006,commentary,commentary_support,黃元御《傷寒懸解》對本條有注（對齊相似度0.86）。,傷寒懸解:p263,,,,,,,,,,,,
REL_03517,SHL_SONGBEN_0023,clause,CR_XUANJIE_0007,commentary,commentary_support,黃元御《傷寒懸解》對本條有注（對齊相似度0.96）。,傷寒懸解:p268,,,,,,,,,,,,
REL_03518,SHL_SONGBEN_0038,clause,CR_XUANJIE_0008,commentary,commentary_support,黃元御《傷寒懸解》對本條有注（對齊相似度0.89）。,傷寒懸解:p288,,,,,,,,,,,,
REL_03519,SHL_SONGBEN_0045,clause,CR_XUANJIE_0009,commentary,commentary_support,黃元御《傷寒懸解》對本條有注（對齊相似度0.90）。,傷寒懸解:p386,,,,,,,,,,,,
REL_03520,SHL_SONGBEN_0026,clause,CR_XUANJIE_0010,commentary,commentary_support,黃元御《傷寒懸解》對本條有注（對齊相似度1.00）。,傷寒懸解:p400,,,,,,,,,,,,
REL_03521,SHL_SONGBEN_0168,clause,CR_XUANJIE_0011,commentary,commentary_support,黃元御《傷寒懸解》對本條有注（對齊相似度0.87）。,傷寒懸解:p403,,,,,,,,,,,,
REL_03522,SHL_SONGBEN_0070,clause,CR_XUANJIE_0012,commentary,commentary_support,黃元御《傷寒懸解》對本條有注（對齊相似度0.90）。,傷寒懸解:p408,,,,,,,,,,,,
REL_03523,SHL_SONGBEN_0114,clause,CR_XUANJIE_0013,commentary,commentary_support,黃元御《傷寒懸解》對本條有注（對齊相似度0.83）。,傷寒懸解:p415,,,,,,,,,,,,
REL_03524,SHL_SONGBEN_0071,clause,CR_XUANJIE_0014,commentary,commentary_support,黃元御《傷寒懸解》對本條有注（對齊相似度0.82）。,傷寒懸解:p426,,,,,,,,,,,,
REL_03525,SHL_SONGBEN_0072,clause,CR_XUANJIE_0015,commentary,commentary_support,黃元御《傷寒懸解》對本條有注（對齊相似度1.00）。,傷寒懸解:p429,,,,,,,,,,,,
REL_03526,SHL_SONGBEN_0029,clause,CR_XUANJIE_0016,commentary,commentary_support,黃元御《傷寒懸解》對本條有注（對齊相似度0.94）。,傷寒懸解:p432,,,,,,,,,,,,
REL_03527,SHL_SONGBEN_0122,clause,CR_XUANJIE_0017,commentary,commentary_support,黃元御《傷寒懸解》對本條有注（對齊相似度0.71）。,傷寒懸解:p445,,,,,,,,,,,,
REL_03528,SHL_SONGBEN_0091,clause,CR_XUANJIE_0018,commentary,commentary_support,黃元御《傷寒懸解》對本條有注（對齊相似度0.92）。,傷寒懸解:p451,,,,,,,,,,,,
REL_03529,SHL_SONGBEN_0022,clause,CR_XUANJIE_0019,commentary,commentary_support,黃元御《傷寒懸解》對本條有注（對齊相似度0.73）。,傷寒懸解:p468,,,,,,,,,,,,
REL_03530,SHL_SONGBEN_0082,clause,CR_XUANJIE_0020,commentary,commentary_support,黃元御《傷寒懸解》對本條有注（對齊相似度0.95）。,傷寒懸解:p533,,,,,,,,,,,,
REL_03531,SHL_SONGBEN_0117,clause,CR_XUANJIE_0021,commentary,commentary_support,黃元御《傷寒懸解》對本條有注（對齊相似度0.63）。,傷寒懸解:p550,,,,,,,,,,,,
REL_03532,SHL_SONGBEN_0088,clause,CR_XUANJIE_0022,commentary,commentary_support,黃元御《傷寒懸解》對本條有注（對齊相似度1.00）。,傷寒懸解:p579,,,,,,,,,,,,
REL_03533,SHL_SONGBEN_0156,clause,CR_XUANJIE_0023,commentary,commentary_support,黃元御《傷寒懸解》對本條有注（對齊相似度0.90）。,傷寒懸解:p661,,,,,,,,,,,,
REL_03534,SHL_SONGBEN_0183,clause,CR_XUANJIE_0024,commentary,commentary_support,黃元御《傷寒懸解》對本條有注（對齊相似度0.63）。,傷寒懸解:p686,,,,,,,,,,,,
REL_03535,SHL_SONGBEN_0181,clause,CR_XUANJIE_0025,commentary,commentary_support,黃元御《傷寒懸解》對本條有注（對齊相似度0.68）。,傷寒懸解:p696,,,,,,,,,,,,
REL_03536,SHL_SONGBEN_0240,clause,CR_XUANJIE_0026,commentary,commentary_support,黃元御《傷寒懸解》對本條有注（對齊相似度0.91）。,傷寒懸解:p702,,,,,,,,,,,,
REL_03537,SHL_SONGBEN_0234,clause,CR_XUANJIE_0027,commentary,commentary_support,黃元御《傷寒懸解》對本條有注（對齊相似度1.00）。,傷寒懸解:p707,,,,,,,,,,,,
REL_03538,SHL_SONGBEN_0235,clause,CR_XUANJIE_0028,commentary,commentary_support,黃元御《傷寒懸解》對本條有注（對齊相似度1.00）。,傷寒懸解:p710,,,,,,,,,,,,
REL_03539,SHL_SONGBEN_0203,clause,CR_XUANJIE_0029,commentary,commentary_support,黃元御《傷寒懸解》對本條有注（對齊相似度0.71）。,傷寒懸解:p753,,,,,,,,,,,,
REL_03540,SHL_SONGBEN_0233,clause,CR_XUANJIE_0030,commentary,commentary_support,黃元御《傷寒懸解》對本條有注（對齊相似度0.75）。,傷寒懸解:p755,,,,,,,,,,,,
REL_03541,SHL_SONGBEN_0209,clause,CR_XUANJIE_0031,commentary,commentary_support,黃元御《傷寒懸解》對本條有注（對齊相似度0.67）。,傷寒懸解:p769,,,,,,,,,,,,
REL_03542,SHL_SONGBEN_0214,clause,CR_XUANJIE_0032,commentary,commentary_support,黃元御《傷寒懸解》對本條有注（對齊相似度0.76）。,傷寒懸解:p771,,,,,,,,,,,,
REL_03543,SHL_SONGBEN_0212,clause,CR_XUANJIE_0033,commentary,commentary_support,黃元御《傷寒懸解》對本條有注（對齊相似度0.74）。,傷寒懸解:p773,,,,,,,,,,,,
REL_03544,SHL_SONGBEN_0105,clause,CR_XUANJIE_0034,commentary,commentary_support,黃元御《傷寒懸解》對本條有注（對齊相似度0.69）。,傷寒懸解:p779,,,,,,,,,,,,
REL_03545,SHL_SONGBEN_0215,clause,CR_XUANJIE_0035,commentary,commentary_support,黃元御《傷寒懸解》對本條有注（對齊相似度0.78）。,傷寒懸解:p783,,,,,,,,,,,,
REL_03546,SHL_SONGBEN_0239,clause,CR_XUANJIE_0036,commentary,commentary_support,黃元御《傷寒懸解》對本條有注（對齊相似度0.74）。,傷寒懸解:p787,,,,,,,,,,,,
REL_03547,SHL_SONGBEN_0241,clause,CR_XUANJIE_0037,commentary,commentary_support,黃元御《傷寒懸解》對本條有注（對齊相似度0.61）。,傷寒懸解:p789,,,,,,,,,,,,
REL_03548,SHL_SONGBEN_0237,clause,CR_XUANJIE_0038,commentary,commentary_support,黃元御《傷寒懸解》對本條有注（對齊相似度0.78）。,傷寒懸解:p805,,,,,,,,,,,,
REL_03549,SHL_SONGBEN_0194,clause,CR_XUANJIE_0039,commentary,commentary_support,黃元御《傷寒懸解》對本條有注（對齊相似度0.69）。,傷寒懸解:p822,,,,,,,,,,,,
REL_03550,SHL_SONGBEN_0380,clause,CR_XUANJIE_0040,commentary,commentary_support,黃元御《傷寒懸解》對本條有注（對齊相似度0.62）。,傷寒懸解:p824,,,,,,,,,,,,
REL_03551,SHL_SONGBEN_0196,clause,CR_XUANJIE_0041,commentary,commentary_support,黃元御《傷寒懸解》對本條有注（對齊相似度0.77）。,傷寒懸解:p828,,,,,,,,,,,,
REL_03552,SHL_SONGBEN_0244,clause,CR_XUANJIE_0042,commentary,commentary_support,黃元御《傷寒懸解》對本條有注（對齊相似度0.95）。,傷寒懸解:p841,,,,,,,,,,,,
REL_03553,SHL_SONGBEN_0228,clause,CR_XUANJIE_0043,commentary,commentary_support,黃元御《傷寒懸解》對本條有注（對齊相似度0.95）。,傷寒懸解:p859,,,,,,,,,,,,
REL_03554,SHL_SONGBEN_0219,clause,CR_XUANJIE_0044,commentary,commentary_support,黃元御《傷寒懸解》對本條有注（對齊相似度0.89）。,傷寒懸解:p862,,,,,,,,,,,,
REL_03555,SHL_SONGBEN_0224,clause,CR_XUANJIE_0045,commentary,commentary_support,黃元御《傷寒懸解》對本條有注（對齊相似度0.60）。,傷寒懸解:p865,,,,,,,,,,,,
REL_03556,SHL_SONGBEN_0236,clause,CR_XUANJIE_0046,commentary,commentary_support,黃元御《傷寒懸解》對本條有注（對齊相似度0.92）。,傷寒懸解:p881,,,,,,,,,,,,
REL_03557,SHL_SONGBEN_0229,clause,CR_XUANJIE_0047,commentary,commentary_support,黃元御《傷寒懸解》對本條有注（對齊相似度0.81）。,傷寒懸解:p888,,,,,,,,,,,,
REL_03558,SHL_SONGBEN_0037,clause,CR_XUANJIE_0048,commentary,commentary_support,黃元御《傷寒懸解》對本條有注（對齊相似度0.94）。,傷寒懸解:p915,,,,,,,,,,,,
REL_03559,SHL_SONGBEN_0045,clause,CR_LUNZHU_0001,commentary,commentary_support,柯琴《傷寒論注》對本條有注（對齊相似度0.63）。,傷寒論注:p8,,,,,,,,,,,,
REL_03560,SHL_SONGBEN_0007,clause,CR_LUNZHU_0002,commentary,commentary_support,柯琴《傷寒論注》對本條有注（對齊相似度0.64）。,傷寒論注:p14,,,,,,,,,,,,
REL_03561,SHL_SONGBEN_0007,clause,CR_LUNZHU_0002,commentary,commentary_support,柯琴《傷寒論注》對本條有注（對齊相似度0.64）。,傷寒論注:p17,,,,,,,,,,,,
REL_03562,SHL_SONGBEN_0004,clause,CR_LUNZHU_0004,commentary,commentary_support,柯琴《傷寒論注》對本條有注（對齊相似度1.00）。,傷寒論注:p31,,,,,,,,,,,,
REL_03563,SHL_SONGBEN_0005,clause,CR_LUNZHU_0005,commentary,commentary_support,柯琴《傷寒論注》對本條有注（對齊相似度1.00）。,傷寒論注:p33,,,,,,,,,,,,
REL_03564,SHL_SONGBEN_0270,clause,CR_LUNZHU_0006,commentary,commentary_support,柯琴《傷寒論注》對本條有注（對齊相似度1.00）。,傷寒論注:p35,,,,,,,,,,,,
REL_03565,SHL_SONGBEN_0269,clause,CR_LUNZHU_0007,commentary,commentary_support,柯琴《傷寒論注》對本條有注（對齊相似度1.00）。,傷寒論注:p37,,,,,,,,,,,,
REL_03566,SHL_SONGBEN_0008,clause,CR_LUNZHU_0008,commentary,commentary_support,柯琴《傷寒論注》對本條有注（對齊相似度0.91）。,傷寒論注:p39,,,,,,,,,,,,
REL_03567,SHL_SONGBEN_0010,clause,CR_LUNZHU_0009,commentary,commentary_support,柯琴《傷寒論注》對本條有注（對齊相似度1.00）。,傷寒論注:p43,,,,,,,,,,,,
REL_03568,SHL_SONGBEN_0001,clause,CR_LUNZHU_0010,commentary,commentary_support,柯琴《傷寒論注》對本條有注（對齊相似度1.00）。,傷寒論注:p46,,,,,,,,,,,,
REL_03569,SHL_SONGBEN_0002,clause,CR_LUNZHU_0011,commentary,commentary_support,柯琴《傷寒論注》對本條有注（對齊相似度1.00）。,傷寒論注:p49,,,,,,,,,,,,
REL_03570,SHL_SONGBEN_0003,clause,CR_LUNZHU_0012,commentary,commentary_support,柯琴《傷寒論注》對本條有注（對齊相似度0.92）。,傷寒論注:p52,,,,,,,,,,,,
REL_03571,SHL_SONGBEN_0009,clause,CR_LUNZHU_0013,commentary,commentary_support,柯琴《傷寒論注》對本條有注（對齊相似度1.00）。,傷寒論注:p61,,,,,,,,,,,,
REL_03572,SHL_SONGBEN_0094,clause,CR_LUNZHU_0014,commentary,commentary_support,柯琴《傷寒論注》對本條有注（對齊相似度0.95）。,傷寒論注:p65,,,,,,,,,,,,
REL_03573,SHL_SONGBEN_0093,clause,CR_LUNZHU_0015,commentary,commentary_support,柯琴《傷寒論注》對本條有注（對齊相似度0.81）。,傷寒論注:p68,,,,,,,,,,,,
REL_03574,SHL_SONGBEN_0013,clause,CR_LUNZHU_0016,commentary,commentary_support,柯琴《傷寒論注》對本條有注（對齊相似度0.90）。,傷寒論注:p77,,,,,,,,,,,,
REL_03575,SHL_SONGBEN_0042,clause,CR_LUNZHU_0017,commentary,commentary_support,柯琴《傷寒論注》對本條有注（對齊相似度1.00）。,傷寒論注:p79,,,,,,,,,,,,
REL_03576,SHL_SONGBEN_0012,clause,CR_LUNZHU_0018,commentary,commentary_support,柯琴《傷寒論注》對本條有注（對齊相似度1.00）。,傷寒論注:p81,,,,,,,,,,,,
REL_03577,SHL_SONGBEN_0024,clause,CR_LUNZHU_0019,commentary,commentary_support,柯琴《傷寒論注》對本條有注（對齊相似度1.00）。,傷寒論注:p83,,,,,,,,,,,,
REL_03578,SHL_SONGBEN_0095,clause,CR_LUNZHU_0020,commentary,commentary_support,柯琴《傷寒論注》對本條有注（對齊相似度0.88）。,傷寒論注:p85,,,,,,,,,,,,
REL_03579,SHL_SONGBEN_0113,clause,CR_LUNZHU_0021,commentary,commentary_support,柯琴《傷寒論注》對本條有注（對齊相似度0.92）。,傷寒論注:p87,,,,,,,,,,,,
REL_03580,SHL_SONGBEN_0057,clause,CR_LUNZHU_0022,commentary,commentary_support,柯琴《傷寒論注》對本條有注（對齊相似度0.93）。,傷寒論注:p89,,,,,,,,,,,,
REL_03581,SHL_SONGBEN_0054,clause,CR_LUNZHU_0023,commentary,commentary_support,柯琴《傷寒論注》對本條有注（對齊相似度0.91）。,傷寒論注:p91,,,,,,,,,,,,
REL_03582,SHL_SONGBEN_0053,clause,CR_LUNZHU_0024,commentary,commentary_support,柯琴《傷寒論注》對本條有注（對齊相似度0.69）。,傷寒論注:p93,,,,,,,,,,,,
REL_03583,SHL_SONGBEN_0044,clause,CR_LUNZHU_0025,commentary,commentary_support,柯琴《傷寒論注》對本條有注（對齊相似度0.91）。,傷寒論注:p97,,,,,,,,,,,,
REL_03584,SHL_SONGBEN_0045,clause,CR_LUNZHU_0001,commentary,commentary_support,柯琴《傷寒論注》對本條有注（對齊相似度0.86）。,傷寒論注:p100,,,,,,,,,,,,
REL_03585,SHL_SONGBEN_0015,clause,CR_LUNZHU_0027,commentary,commentary_support,柯琴《傷寒論注》對本條有注（對齊相似度0.88）。,傷寒論注:p102,,,,,,,,,,,,
REL_03586,SHL_SONGBEN_0091,clause,CR_LUNZHU_0028,commentary,commentary_support,柯琴《傷寒論注》對本條有注（對齊相似度0.83）。,傷寒論注:p104,,,,,,,,,,,,
REL_03587,SHL_SONGBEN_0372,clause,CR_LUNZHU_0029,commentary,commentary_support,柯琴《傷寒論注》對本條有注（對齊相似度0.86）。,傷寒論注:p106,,,,,,,,,,,,
REL_03588,SHL_SONGBEN_0387,clause,CR_LUNZHU_0030,commentary,commentary_support,柯琴《傷寒論注》對本條有注（對齊相似度1.00）。,傷寒論注:p108,,,,,,,,,,,,
REL_03589,SHL_SONGBEN_0164,clause,CR_LUNZHU_0031,commentary,commentary_support,柯琴《傷寒論注》對本條有注（對齊相似度1.00）。,傷寒論注:p110,,,,,,,,,,,,
REL_03590,SHL_SONGBEN_0056,clause,CR_LUNZHU_0032,commentary,commentary_support,柯琴《傷寒論注》對本條有注（對齊相似度0.87）。,傷寒論注:p113,,,,,,,,,,,,
REL_03591,SHL_SONGBEN_0023,clause,CR_LUNZHU_0033,commentary,commentary_support,柯琴《傷寒論注》對本條有注（對齊相似度0.92）。,傷寒論注:p116,,,,,,,,,,,,
REL_03592,SHL_SONGBEN_0027,clause,CR_LUNZHU_0034,commentary,commentary_support,柯琴《傷寒論注》對本條有注（對齊相似度1.00）。,傷寒論注:p119,,,,,,,,,,,,
REL_03593,SHL_SONGBEN_0146,clause,CR_LUNZHU_0035,commentary,commentary_support,柯琴《傷寒論注》對本條有注（對齊相似度0.87）。,傷寒論注:p122,,,,,,,,,,,,
REL_03594,SHL_SONGBEN_0017,clause,CR_LUNZHU_0036,commentary,commentary_support,柯琴《傷寒論注》對本條有注（對齊相似度0.87）。,傷寒論注:p136,,,,,,,,,,,,
REL_03595,SHL_SONGBEN_0019,clause,CR_LUNZHU_0037,commentary,commentary_support,柯琴《傷寒論注》對本條有注（對齊相似度1.00）。,傷寒論注:p138,,,,,,,,,,,,
REL_03596,SHL_SONGBEN_0016,clause,CR_LUNZHU_0038,commentary,commentary_support,柯琴《傷寒論注》對本條有注（對齊相似度0.64）。,傷寒論注:p141,,,,,,,,,,,,
REL_03597,SHL_SONGBEN_0025,clause,CR_LUNZHU_0039,commentary,commentary_support,柯琴《傷寒論注》對本條有注（對齊相似度0.90）。,傷寒論注:p143,,,,,,,,,,,,
REL_03598,SHL_SONGBEN_0020,clause,CR_LUNZHU_0040,commentary,commentary_support,柯琴《傷寒論注》對本條有注（對齊相似度1.00）。,傷寒論注:p145,,,,,,,,,,,,
REL_03599,SHL_SONGBEN_0062,clause,CR_LUNZHU_0041,commentary,commentary_support,柯琴《傷寒論注》對本條有注（對齊相似度0.71）。,傷寒論注:p150,,,,,,,,,,,,
REL_03600,SHL_SONGBEN_0068,clause,CR_LUNZHU_0042,commentary,commentary_support,柯琴《傷寒論注》對本條有注（對齊相似度1.00）。,傷寒論注:p152,,,,,,,,,,,,
REL_03601,SHL_SONGBEN_0064,clause,CR_LUNZHU_0043,commentary,commentary_support,柯琴《傷寒論注》對本條有注（對齊相似度1.00）。,傷寒論注:p155,,,,,,,,,,,,
REL_03602,SHL_SONGBEN_0065,clause,CR_LUNZHU_0044,commentary,commentary_support,柯琴《傷寒論注》對本條有注（對齊相似度0.93）。,傷寒論注:p157,,,,,,,,,,,,
REL_03603,SHL_SONGBEN_0028,clause,CR_LUNZHU_0045,commentary,commentary_support,柯琴《傷寒論注》對本條有注（對齊相似度0.95）。,傷寒論注:p159,,,,,,,,,,,,
REL_03604,SHL_SONGBEN_0139,clause,CR_LUNZHU_0046,commentary,commentary_support,柯琴《傷寒論注》對本條有注（對齊相似度0.96）。,傷寒論注:p162,,,,,,,,,,,,
REL_03605,SHL_SONGBEN_0163,clause,CR_LUNZHU_0047,commentary,commentary_support,柯琴《傷寒論注》對本條有注（對齊相似度0.83）。,傷寒論注:p164,,,,,,,,,,,,
REL_03606,SHL_SONGBEN_0034,clause,CR_LUNZHU_0048,commentary,commentary_support,柯琴《傷寒論注》對本條有注（對齊相似度0.88）。,傷寒論注:p166,,,,,,,,,,,,
REL_03607,SHL_SONGBEN_0021,clause,CR_LUNZHU_0049,commentary,commentary_support,柯琴《傷寒論注》對本條有注（對齊相似度0.75）。,傷寒論注:p169,,,,,,,,,,,,
REL_03608,SHL_SONGBEN_0043,clause,CR_LUNZHU_0050,commentary,commentary_support,柯琴《傷寒論注》對本條有注（對齊相似度0.78）。,傷寒論注:p171,,,,,,,,,,,,
REL_03609,SHL_SONGBEN_0279,clause,CR_LUNZHU_0051,commentary,commentary_support,柯琴《傷寒論注》對本條有注（對齊相似度0.94）。,傷寒論注:p173,,,,,,,,,,,,
REL_03610,SHL_SONGBEN_0067,clause,CR_LUNZHU_0052,commentary,commentary_support,柯琴《傷寒論注》對本條有注（對齊相似度1.00）。,傷寒論注:p175,,,,,,,,,,,,
REL_03611,SHL_SONGBEN_0117,clause,CR_LUNZHU_0053,commentary,commentary_support,柯琴《傷寒論注》對本條有注（對齊相似度0.89）。,傷寒論注:p178,,,,,,,,,,,,
REL_03612,SHL_SONGBEN_0112,clause,CR_LUNZHU_0054,commentary,commentary_support,柯琴《傷寒論注》對本條有注（對齊相似度0.83）。,傷寒論注:p180,,,,,,,,,,,,
REL_03613,SHL_SONGBEN_0118,clause,CR_LUNZHU_0055,commentary,commentary_support,柯琴《傷寒論注》對本條有注（對齊相似度1.00）。,傷寒論注:p182,,,,,,,,,,,,
REL_03614,SHL_SONGBEN_0029,clause,CR_LUNZHU_0056,commentary,commentary_support,柯琴《傷寒論注》對本條有注（對齊相似度0.88）。,傷寒論注:p215,,,,,,,,,,,,
REL_03615,SHL_SONGBEN_0035,clause,CR_LUNZHU_0057,commentary,commentary_support,柯琴《傷寒論注》對本條有注（對齊相似度1.00）。,傷寒論注:p227,,,,,,,,,,,,
REL_03616,SHL_SONGBEN_0051,clause,CR_LUNZHU_0058,commentary,commentary_support,柯琴《傷寒論注》對本條有注（對齊相似度0.80）。,傷寒論注:p230,,,,,,,,,,,,
REL_03617,SHL_SONGBEN_0085,clause,CR_LUNZHU_0059,commentary,commentary_support,柯琴《傷寒論注》對本條有注（對齊相似度0.64）。,傷寒論注:p238,,,,,,,,,,,,
REL_03618,SHL_SONGBEN_0049,clause,CR_LUNZHU_0060,commentary,commentary_support,柯琴《傷寒論注》對本條有注（對齊相似度0.85）。,傷寒論注:p240,,,,,,,,,,,,
REL_03619,SHL_SONGBEN_0046,clause,CR_LUNZHU_0061,commentary,commentary_support,柯琴《傷寒論注》對本條有注（對齊相似度0.93）。,傷寒論注:p247,,,,,,,,,,,,
REL_03620,SHL_SONGBEN_0055,clause,CR_LUNZHU_0062,commentary,commentary_support,柯琴《傷寒論注》對本條有注（對齊相似度0.88）。,傷寒論注:p251,,,,,,,,,,,,
REL_03621,SHL_SONGBEN_0047,clause,CR_LUNZHU_0063,commentary,commentary_support,柯琴《傷寒論注》對本條有注（對齊相似度1.00）。,傷寒論注:p253,,,,,,,,,,,,
REL_03622,SHL_SONGBEN_0050,clause,CR_LUNZHU_0064,commentary,commentary_support,柯琴《傷寒論注》對本條有注（對齊相似度0.85）。,傷寒論注:p256,,,,,,,,,,,,
REL_03623,SHL_SONGBEN_0036,clause,CR_LUNZHU_0065,commentary,commentary_support,柯琴《傷寒論注》對本條有注（對齊相似度0.86）。,傷寒論注:p258,,,,,,,,,,,,
REL_03624,SHL_SONGBEN_0235,clause,CR_LUNZHU_0066,commentary,commentary_support,柯琴《傷寒論注》對本條有注（對齊相似度1.00）。,傷寒論注:p260,,,,,,,,,,,,
REL_03625,SHL_SONGBEN_0037,clause,CR_LUNZHU_0067,commentary,commentary_support,柯琴《傷寒論注》對本條有注（對齊相似度0.94）。,傷寒論注:p263,,,,,,,,,,,,
REL_03626,SHL_SONGBEN_0023,clause,CR_LUNZHU_0033,commentary,commentary_support,柯琴《傷寒論注》對本條有注（對齊相似度0.92）。,傷寒論注:p271,,,,,,,,,,,,
REL_03627,SHL_SONGBEN_0027,clause,CR_LUNZHU_0034,commentary,commentary_support,柯琴《傷寒論注》對本條有注（對齊相似度1.00）。,傷寒論注:p275,,,,,,,,,,,,
REL_03628,SHL_SONGBEN_0075,clause,CR_LUNZHU_0070,commentary,commentary_support,柯琴《傷寒論注》對本條有注（對齊相似度0.69）。,傷寒論注:p279,,,,,,,,,,,,
REL_03629,SHL_SONGBEN_0122,clause,CR_LUNZHU_0071,commentary,commentary_support,柯琴《傷寒論注》對本條有注（對齊相似度0.95）。,傷寒論注:p281,,,,,,,,,,,,
REL_03630,SHL_SONGBEN_0089,clause,CR_LUNZHU_0072,commentary,commentary_support,柯琴《傷寒論注》對本條有注（對齊相似度0.75）。,傷寒論注:p283,,,,,,,,,,,,
REL_03631,SHL_SONGBEN_0066,clause,CR_LUNZHU_0073,commentary,commentary_support,柯琴《傷寒論注》對本條有注（對齊相似度0.84）。,傷寒論注:p285,,,,,,,,,,,,
REL_03632,SHL_SONGBEN_0066,clause,CR_LUNZHU_0073,commentary,commentary_support,柯琴《傷寒論注》對本條有注（對齊相似度0.67）。,傷寒論注:p287,,,,,,,,,,,,
REL_03633,SHL_SONGBEN_0088,clause,CR_LUNZHU_0075,commentary,commentary_support,柯琴《傷寒論注》對本條有注（對齊相似度1.00）。,傷寒論注:p291,,,,,,,,,,,,
REL_03634,SHL_SONGBEN_0063,clause,CR_LUNZHU_0076,commentary,commentary_support,柯琴《傷寒論注》對本條有注（對齊相似度0.71）。,傷寒論注:p294,,,,,,,,,,,,
REL_03635,SHL_SONGBEN_0262,clause,CR_LUNZHU_0077,commentary,commentary_support,柯琴《傷寒論注》對本條有注（對齊相似度0.70）。,傷寒論注:p301,,,,,,,,,,,,
REL_03636,SHL_SONGBEN_0014,clause,CR_LUNZHU_0078,commentary,commentary_support,柯琴《傷寒論注》對本條有注（對齊相似度0.85）。,傷寒論注:p309,,,,,,,,,,,,
REL_03637,SHL_SONGBEN_0032,clause,CR_LUNZHU_0079,commentary,commentary_support,柯琴《傷寒論注》對本條有注（對齊相似度0.90）。,傷寒論注:p314,,,,,,,,,,,,
REL_03638,SHL_SONGBEN_0033,clause,CR_LUNZHU_0080,commentary,commentary_support,柯琴《傷寒論注》對本條有注（對齊相似度1.00）。,傷寒論注:p317,,,,,,,,,,,,
REL_03639,SHL_SONGBEN_0038,clause,CR_LUNZHU_0081,commentary,commentary_support,柯琴《傷寒論注》對本條有注（對齊相似度0.68）。,傷寒論注:p325,,,,,,,,,,,,
REL_03640,SHL_SONGBEN_0039,clause,CR_LUNZHU_0082,commentary,commentary_support,柯琴《傷寒論注》對本條有注（對齊相似度0.75）。,傷寒論注:p329,,,,,,,,,,,,
REL_03641,SHL_SONGBEN_0040,clause,CR_LUNZHU_0083,commentary,commentary_support,柯琴《傷寒論注》對本條有注（對齊相似度0.95）。,傷寒論注:p345,,,,,,,,,,,,
REL_03642,SHL_SONGBEN_0074,clause,CR_LUNZHU_0084,commentary,commentary_support,柯琴《傷寒論注》對本條有注（對齊相似度0.82）。,傷寒論注:p353,,,,,,,,,,,,
REL_03643,SHL_SONGBEN_0072,clause,CR_LUNZHU_0085,commentary,commentary_support,柯琴《傷寒論注》對本條有注（對齊相似度1.00）。,傷寒論注:p355,,,,,,,,,,,,
REL_03644,SHL_SONGBEN_0071,clause,CR_LUNZHU_0086,commentary,commentary_support,柯琴《傷寒論注》對本條有注（對齊相似度0.96）。,傷寒論注:p358,,,,,,,,,,,,
REL_03645,SHL_SONGBEN_0127,clause,CR_LUNZHU_0087,commentary,commentary_support,柯琴《傷寒論注》對本條有注（對齊相似度0.76）。,傷寒論注:p365,,,,,,,,,,,,
REL_03646,SHL_SONGBEN_0073,clause,CR_LUNZHU_0088,commentary,commentary_support,柯琴《傷寒論注》對本條有注（對齊相似度0.88）。,傷寒論注:p367,,,,,,,,,,,,
REL_03647,SHL_SONGBEN_0156,clause,CR_LUNZHU_0089,commentary,commentary_support,柯琴《傷寒論注》對本條有注（對齊相似度1.00）。,傷寒論注:p369,,,,,,,,,,,,
REL_03648,SHL_SONGBEN_0058,clause,CR_LUNZHU_0090,commentary,commentary_support,柯琴《傷寒論注》對本條有注（對齊相似度1.00）。,傷寒論注:p372,,,,,,,,,,,,
REL_03649,SHL_SONGBEN_0356,clause,CR_LUNZHU_0091,commentary,commentary_support,柯琴《傷寒論注》對本條有注（對齊相似度0.89）。,傷寒論注:p377,,,,,,,,,,,,
REL_03650,SHL_SONGBEN_0152,clause,CR_LUNZHU_0092,commentary,commentary_support,柯琴《傷寒論注》對本條有注（對齊相似度0.85）。,傷寒論注:p382,,,,,,,,,,,,
REL_03651,SHL_SONGBEN_0131,clause,CR_LUNZHU_0093,commentary,commentary_support,柯琴《傷寒論注》對本條有注（對齊相似度0.75）。,傷寒論注:p388,,,,,,,,,,,,
REL_03652,SHL_SONGBEN_0135,clause,CR_LUNZHU_0094,commentary,commentary_support,柯琴《傷寒論注》對本條有注（對齊相似度0.86）。,傷寒論注:p393,,,,,,,,,,,,
REL_03653,SHL_SONGBEN_0137,clause,CR_LUNZHU_0095,commentary,commentary_support,柯琴《傷寒論注》對本條有注（對齊相似度0.85）。,傷寒論注:p395,,,,,,,,,,,,
REL_03654,SHL_SONGBEN_0138,clause,CR_LUNZHU_0096,commentary,commentary_support,柯琴《傷寒論注》對本條有注（對齊相似度1.00）。,傷寒論注:p405,,,,,,,,,,,,
REL_03655,SHL_SONGBEN_0132,clause,CR_LUNZHU_0097,commentary,commentary_support,柯琴《傷寒論注》對本條有注（對齊相似度0.86）。,傷寒論注:p409,,,,,,,,,,,,
REL_03656,SHL_SONGBEN_0133,clause,CR_LUNZHU_0098,commentary,commentary_support,柯琴《傷寒論注》對本條有注（對齊相似度0.71）。,傷寒論注:p412,,,,,,,,,,,,
REL_03657,SHL_SONGBEN_0129,clause,CR_LUNZHU_0099,commentary,commentary_support,柯琴《傷寒論注》對本條有注（對齊相似度0.69）。,傷寒論注:p414,,,,,,,,,,,,
REL_03658,SHL_SONGBEN_0130,clause,CR_LUNZHU_0100,commentary,commentary_support,柯琴《傷寒論注》對本條有注（對齊相似度0.82）。,傷寒論注:p417,,,,,,,,,,,,
REL_03659,SHL_SONGBEN_0167,clause,CR_LUNZHU_0101,commentary,commentary_support,柯琴《傷寒論注》對本條有注（對齊相似度0.80）。,傷寒論注:p419,,,,,,,,,,,,
REL_03660,SHL_SONGBEN_0158,clause,CR_LUNZHU_0102,commentary,commentary_support,柯琴《傷寒論注》對本條有注（對齊相似度0.92）。,傷寒論注:p426,,,,,,,,,,,,
REL_03661,SHL_SONGBEN_0160,clause,CR_LUNZHU_0103,commentary,commentary_support,柯琴《傷寒論注》對本條有注（對齊相似度0.88）。,傷寒論注:p436,,,,,,,,,,,,
REL_03662,SHL_SONGBEN_0153,clause,CR_LUNZHU_0104,commentary,commentary_support,柯琴《傷寒論注》對本條有注（對齊相似度0.80）。,傷寒論注:p438,,,,,,,,,,,,
REL_03663,SHL_SONGBEN_0359,clause,CR_LUNZHU_0105,commentary,commentary_support,柯琴《傷寒論注》對本條有注（對齊相似度0.85）。,傷寒論注:p440,,,,,,,,,,,,
REL_03664,SHL_SONGBEN_0154,clause,CR_LUNZHU_0106,commentary,commentary_support,柯琴《傷寒論注》對本條有注（對齊相似度0.76）。,傷寒論注:p444,,,,,,,,,,,,
REL_03665,SHL_SONGBEN_0155,clause,CR_LUNZHU_0107,commentary,commentary_support,柯琴《傷寒論注》對本條有注（對齊相似度0.75）。,傷寒論注:p450,,,,,,,,,,,,
REL_03666,SHL_SONGBEN_0159,clause,CR_LUNZHU_0108,commentary,commentary_support,柯琴《傷寒論注》對本條有注（對齊相似度0.95）。,傷寒論注:p454,,,,,,,,,,,,
REL_03667,SHL_SONGBEN_0161,clause,CR_LUNZHU_0109,commentary,commentary_support,柯琴《傷寒論注》對本條有注（對齊相似度0.86）。,傷寒論注:p459,,,,,,,,,,,,
REL_03668,SHL_SONGBEN_0124,clause,CR_LUNZHU_0110,commentary,commentary_support,柯琴《傷寒論注》對本條有注（對齊相似度0.85）。,傷寒論注:p464,,,,,,,,,,,,
REL_03669,SHL_SONGBEN_0125,clause,CR_LUNZHU_0111,commentary,commentary_support,柯琴《傷寒論注》對本條有注（對齊相似度0.86）。,傷寒論注:p466,,,,,,,,,,,,
REL_03670,SHL_SONGBEN_0126,clause,CR_LUNZHU_0112,commentary,commentary_support,柯琴《傷寒論注》對本條有注（對齊相似度0.93）。,傷寒論注:p468,,,,,,,,,,,,
REL_03671,SHL_SONGBEN_0106,clause,CR_LUNZHU_0113,commentary,commentary_support,柯琴《傷寒論注》對本條有注（對齊相似度0.94）。,傷寒論注:p475,,,,,,,,,,,,
REL_03672,SHL_SONGBEN_0237,clause,CR_LUNZHU_0114,commentary,commentary_support,柯琴《傷寒論注》對本條有注（對齊相似度0.81）。,傷寒論注:p481,,,,,,,,,,,,
REL_03673,SHL_SONGBEN_0257,clause,CR_LUNZHU_0115,commentary,commentary_support,柯琴《傷寒論注》對本條有注（對齊相似度0.74）。,傷寒論注:p483,,,,,,,,,,,,
REL_03674,SHL_SONGBEN_0111,clause,CR_LUNZHU_0116,commentary,commentary_support,柯琴《傷寒論注》對本條有注（對齊相似度0.91）。,傷寒論注:p486,,,,,,,,,,,,
REL_03675,SHL_SONGBEN_0110,clause,CR_LUNZHU_0117,commentary,commentary_support,柯琴《傷寒論注》對本條有注（對齊相似度0.76）。,傷寒論注:p488,,,,,,,,,,,,
REL_03676,SHL_SONGBEN_0114,clause,CR_LUNZHU_0118,commentary,commentary_support,柯琴《傷寒論注》對本條有注（對齊相似度0.75）。,傷寒論注:p491,,,,,,,,,,,,
REL_03677,SHL_SONGBEN_0112,clause,CR_LUNZHU_0054,commentary,commentary_support,柯琴《傷寒論注》對本條有注（對齊相似度0.83）。,傷寒論注:p493,,,,,,,,,,,,
REL_03678,SHL_SONGBEN_0119,clause,CR_LUNZHU_0120,commentary,commentary_support,柯琴《傷寒論注》對本條有注（對齊相似度1.00）。,傷寒論注:p497,,,,,,,,,,,,
REL_03679,SHL_SONGBEN_0118,clause,CR_LUNZHU_0055,commentary,commentary_support,柯琴《傷寒論注》對本條有注（對齊相似度1.00）。,傷寒論注:p501,,,,,,,,,,,,
REL_03680,SHL_SONGBEN_0117,clause,CR_LUNZHU_0053,commentary,commentary_support,柯琴《傷寒論注》對本條有注（對齊相似度0.90）。,傷寒論注:p505,,,,,,,,,,,,
REL_03681,SHL_SONGBEN_0174,clause,CR_LUNZHU_0123,commentary,commentary_support,柯琴《傷寒論注》對本條有注（對齊相似度0.86）。,傷寒論注:p529,,,,,,,,,,,,
REL_03682,SHL_SONGBEN_0175,clause,CR_LUNZHU_0124,commentary,commentary_support,柯琴《傷寒論注》對本條有注（對齊相似度0.93）。,傷寒論注:p535,,,,,,,,,,,,
REL_03683,SHL_SONGBEN_0180,clause,CR_LUNZHU_0125,commentary,commentary_support,柯琴《傷寒論注》對本條有注（對齊相似度0.82）。,傷寒論注:p557,,,,,,,,,,,,
REL_03684,SHL_SONGBEN_0182,clause,CR_LUNZHU_0126,commentary,commentary_support,柯琴《傷寒論注》對本條有注（對齊相似度1.00）。,傷寒論注:p559,,,,,,,,,,,,
REL_03685,SHL_SONGBEN_0201,clause,CR_LUNZHU_0127,commentary,commentary_support,柯琴《傷寒論注》對本條有注（對齊相似度1.00）。,傷寒論注:p562,,,,,,,,,,,,
REL_03686,SHL_SONGBEN_0186,clause,CR_LUNZHU_0128,commentary,commentary_support,柯琴《傷寒論注》對本條有注（對齊相似度1.00）。,傷寒論注:p564,,,,,,,,,,,,
REL_03687,SHL_SONGBEN_0205,clause,CR_LUNZHU_0129,commentary,commentary_support,柯琴《傷寒論注》對本條有注（對齊相似度0.90）。,傷寒論注:p569,,,,,,,,,,,,
REL_03688,SHL_SONGBEN_0204,clause,CR_LUNZHU_0130,commentary,commentary_support,柯琴《傷寒論注》對本條有注（對齊相似度1.00）。,傷寒論注:p571,,,,,,,,,,,,
REL_03689,SHL_SONGBEN_0233,clause,CR_LUNZHU_0131,commentary,commentary_support,柯琴《傷寒論注》對本條有注（對齊相似度0.87）。,傷寒論注:p573,,,,,,,,,,,,
REL_03690,SHL_SONGBEN_0203,clause,CR_LUNZHU_0132,commentary,commentary_support,柯琴《傷寒論注》對本條有注（對齊相似度0.91）。,傷寒論注:p575,,,,,,,,,,,,
REL_03691,SHL_SONGBEN_0183,clause,CR_LUNZHU_0133,commentary,commentary_support,柯琴《傷寒論注》對本條有注（對齊相似度1.00）。,傷寒論注:p580,,,,,,,,,,,,
REL_03692,SHL_SONGBEN_0184,clause,CR_LUNZHU_0134,commentary,commentary_support,柯琴《傷寒論注》對本條有注（對齊相似度0.96）。,傷寒論注:p582,,,,,,,,,,,,
REL_03693,SHL_SONGBEN_0181,clause,CR_LUNZHU_0135,commentary,commentary_support,柯琴《傷寒論注》對本條有注（對齊相似度0.73）。,傷寒論注:p585,,,,,,,,,,,,
REL_03694,SHL_SONGBEN_0245,clause,CR_LUNZHU_0136,commentary,commentary_support,柯琴《傷寒論注》對本條有注（對齊相似度0.82）。,傷寒論注:p587,,,,,,,,,,,,
REL_03695,SHL_SONGBEN_0188,clause,CR_LUNZHU_0137,commentary,commentary_support,柯琴《傷寒論注》對本條有注（對齊相似度0.74）。,傷寒論注:p591,,,,,,,,,,,,
REL_03696,SHL_SONGBEN_0185,clause,CR_LUNZHU_0138,commentary,commentary_support,柯琴《傷寒論注》對本條有注（對齊相似度0.66）。,傷寒論注:p593,,,,,,,,,,,,
REL_03697,SHL_SONGBEN_0244,clause,CR_LUNZHU_0139,commentary,commentary_support,柯琴《傷寒論注》對本條有注（對齊相似度0.86）。,傷寒論注:p595,,,,,,,,,,,,
REL_03698,SHL_SONGBEN_0187,clause,CR_LUNZHU_0140,commentary,commentary_support,柯琴《傷寒論注》對本條有注（對齊相似度0.85）。,傷寒論注:p597,,,,,,,,,,,,
REL_03699,SHL_SONGBEN_0235,clause,CR_LUNZHU_0066,commentary,commentary_support,柯琴《傷寒論注》對本條有注（對齊相似度1.00）。,傷寒論注:p607,,,,,,,,,,,,
REL_03700,SHL_SONGBEN_0201,clause,CR_LUNZHU_0127,commentary,commentary_support,柯琴《傷寒論注》對本條有注（對齊相似度1.00）。,傷寒論注:p609,,,,,,,,,,,,
REL_03701,SHL_SONGBEN_0196,clause,CR_LUNZHU_0143,commentary,commentary_support,柯琴《傷寒論注》對本條有注（對齊相似度0.77）。,傷寒論注:p613,,,,,,,,,,,,
REL_03702,SHL_SONGBEN_0197,clause,CR_LUNZHU_0144,commentary,commentary_support,柯琴《傷寒論注》對本條有注（對齊相似度0.88）。,傷寒論注:p615,,,,,,,,,,,,
REL_03703,SHL_SONGBEN_0198,clause,CR_LUNZHU_0145,commentary,commentary_support,柯琴《傷寒論注》對本條有注（對齊相似度0.72）。,傷寒論注:p617,,,,,,,,,,,,
REL_03704,SHL_SONGBEN_0227,clause,CR_LUNZHU_0146,commentary,commentary_support,柯琴《傷寒論注》對本條有注（對齊相似度1.00）。,傷寒論注:p620,,,,,,,,,,,,
REL_03705,SHL_SONGBEN_0218,clause,CR_LUNZHU_0147,commentary,commentary_support,柯琴《傷寒論注》對本條有注（對齊相似度0.88）。,傷寒論注:p626,,,,,,,,,,,,
REL_03706,SHL_SONGBEN_0211,clause,CR_LUNZHU_0148,commentary,commentary_support,柯琴《傷寒論注》對本條有注（對齊相似度1.00）。,傷寒論注:p629,,,,,,,,,,,,
REL_03707,SHL_SONGBEN_0143,clause,CR_LUNZHU_0149,commentary,commentary_support,柯琴《傷寒論注》對本條有注（對齊相似度0.92）。,傷寒論注:p638,,,,,,,,,,,,
REL_03708,SHL_SONGBEN_0145,clause,CR_LUNZHU_0150,commentary,commentary_support,柯琴《傷寒論注》對本條有注（對齊相似度0.79）。,傷寒論注:p640,,,,,,,,,,,,
REL_03709,SHL_SONGBEN_0189,clause,CR_LUNZHU_0151,commentary,commentary_support,柯琴《傷寒論注》對本條有注（對齊相似度1.00）。,傷寒論注:p644,,,,,,,,,,,,
REL_03710,SHL_SONGBEN_0231,clause,CR_LUNZHU_0152,commentary,commentary_support,柯琴《傷寒論注》對本條有注（對齊相似度0.74）。,傷寒論注:p647,,,,,,,,,,,,
REL_03711,SHL_SONGBEN_0190,clause,CR_LUNZHU_0153,commentary,commentary_support,柯琴《傷寒論注》對本條有注（對齊相似度1.00）。,傷寒論注:p651,,,,,,,,,,,,
REL_03712,SHL_SONGBEN_0191,clause,CR_LUNZHU_0154,commentary,commentary_support,柯琴《傷寒論注》對本條有注（對齊相似度0.84）。,傷寒論注:p654,,,,,,,,,,,,
REL_03713,SHL_SONGBEN_0226,clause,CR_LUNZHU_0155,commentary,commentary_support,柯琴《傷寒論注》對本條有注（對齊相似度1.00）。,傷寒論注:p658,,,,,,,,,,,,
REL_03714,SHL_SONGBEN_0195,clause,CR_LUNZHU_0156,commentary,commentary_support,柯琴《傷寒論注》對本條有注（對齊相似度0.91）。,傷寒論注:p660,,,,,,,,,,,,
REL_03715,SHL_SONGBEN_0333,clause,CR_LUNZHU_0157,commentary,commentary_support,柯琴《傷寒論注》對本條有注（對齊相似度1.00）。,傷寒論注:p662,,,,,,,,,,,,
REL_03716,SHL_SONGBEN_0192,clause,CR_LUNZHU_0158,commentary,commentary_support,柯琴《傷寒論注》對本條有注（對齊相似度0.85）。,傷寒論注:p664,,,,,,,,,,,,
REL_03717,SHL_SONGBEN_0380,clause,CR_LUNZHU_0159,commentary,commentary_support,柯琴《傷寒論注》對本條有注（對齊相似度0.91）。,傷寒論注:p668,,,,,,,,,,,,
REL_03718,SHL_SONGBEN_0193,clause,CR_LUNZHU_0160,commentary,commentary_support,柯琴《傷寒論注》對本條有注（對齊相似度1.00）。,傷寒論注:p671,,,,,,,,,,,,
REL_03719,SHL_SONGBEN_0221,clause,CR_LUNZHU_0161,commentary,commentary_support,柯琴《傷寒論注》對本條有注（對齊相似度0.87）。,傷寒論注:p674,,,,,,,,,,,,
REL_03720,SHL_SONGBEN_0222,clause,CR_LUNZHU_0162,commentary,commentary_support,柯琴《傷寒論注》對本條有注（對齊相似度1.00）。,傷寒論注:p677,,,,,,,,,,,,
REL_03721,SHL_SONGBEN_0223,clause,CR_LUNZHU_0163,commentary,commentary_support,柯琴《傷寒論注》對本條有注（對齊相似度1.00）。,傷寒論注:p679,,,,,,,,,,,,
REL_03722,SHL_SONGBEN_0076,clause,CR_LUNZHU_0164,commentary,commentary_support,柯琴《傷寒論注》對本條有注（對齊相似度0.80）。,傷寒論注:p681,,,,,,,,,,,,
REL_03723,SHL_SONGBEN_0077,clause,CR_LUNZHU_0165,commentary,commentary_support,柯琴《傷寒論注》對本條有注（對齊相似度0.91）。,傷寒論注:p683,,,,,,,,,,,,
REL_03724,SHL_SONGBEN_0375,clause,CR_LUNZHU_0166,commentary,commentary_support,柯琴《傷寒論注》對本條有注（對齊相似度0.92）。,傷寒論注:p685,,,,,,,,,,,,
REL_03725,SHL_SONGBEN_0228,clause,CR_LUNZHU_0167,commentary,commentary_support,柯琴《傷寒論注》對本條有注（對齊相似度0.95）。,傷寒論注:p687,,,,,,,,,,,,
REL_03726,SHL_SONGBEN_0078,clause,CR_LUNZHU_0168,commentary,commentary_support,柯琴《傷寒論注》對本條有注（對齊相似度0.94）。,傷寒論注:p689,,,,,,,,,,,,
REL_03727,SHL_SONGBEN_0080,clause,CR_LUNZHU_0169,commentary,commentary_support,柯琴《傷寒論注》對本條有注（對齊相似度1.00）。,傷寒論注:p696,,,,,,,,,,,,
REL_03728,SHL_SONGBEN_0079,clause,CR_LUNZHU_0170,commentary,commentary_support,柯琴《傷寒論注》對本條有注（對齊相似度0.84）。,傷寒論注:p698,,,,,,,,,,,,
REL_03729,SHL_SONGBEN_0261,clause,CR_LUNZHU_0171,commentary,commentary_support,柯琴《傷寒論注》對本條有注（對齊相似度0.64）。,傷寒論注:p704,,,,,,,,,,,,
REL_03730,SHL_SONGBEN_0199,clause,CR_LUNZHU_0172,commentary,commentary_support,柯琴《傷寒論注》對本條有注（對齊相似度0.91）。,傷寒論注:p707,,,,,,,,,,,,
REL_03731,SHL_SONGBEN_0200,clause,CR_LUNZHU_0173,commentary,commentary_support,柯琴《傷寒論注》對本條有注（對齊相似度1.00）。,傷寒論注:p709,,,,,,,,,,,,
REL_03732,SHL_SONGBEN_0081,clause,CR_LUNZHU_0174,commentary,commentary_support,柯琴《傷寒論注》對本條有注（對齊相似度0.87）。,傷寒論注:p714,,,,,,,,,,,,
REL_03733,SHL_SONGBEN_0166,clause,CR_LUNZHU_0175,commentary,commentary_support,柯琴《傷寒論注》對本條有注（對齊相似度0.88）。,傷寒論注:p716,,,,,,,,,,,,
REL_03734,SHL_SONGBEN_0355,clause,CR_LUNZHU_0176,commentary,commentary_support,柯琴《傷寒論注》對本條有注（對齊相似度0.90）。,傷寒論注:p719,,,,,,,,,,,,
REL_03735,SHL_SONGBEN_0324,clause,CR_LUNZHU_0177,commentary,commentary_support,柯琴《傷寒論注》對本條有注（對齊相似度0.96）。,傷寒論注:p722,,,,,,,,,,,,
REL_03736,SHL_SONGBEN_0120,clause,CR_LUNZHU_0178,commentary,commentary_support,柯琴《傷寒論注》對本條有注（對齊相似度0.96）。,傷寒論注:p729,,,,,,,,,,,,
REL_03737,SHL_SONGBEN_0121,clause,CR_LUNZHU_0179,commentary,commentary_support,柯琴《傷寒論注》對本條有注（對齊相似度1.00）。,傷寒論注:p732,,,,,,,,,,,,
REL_03738,SHL_SONGBEN_0170,clause,CR_LUNZHU_0180,commentary,commentary_support,柯琴《傷寒論注》對本條有注（對齊相似度0.95）。,傷寒論注:p734,,,,,,,,,,,,
REL_03739,SHL_SONGBEN_0026,clause,CR_LUNZHU_0181,commentary,commentary_support,柯琴《傷寒論注》對本條有注（對齊相似度1.00）。,傷寒論注:p736,,,,,,,,,,,,
REL_03740,SHL_SONGBEN_0169,clause,CR_LUNZHU_0182,commentary,commentary_support,柯琴《傷寒論注》對本條有注（對齊相似度1.00）。,傷寒論注:p738,,,,,,,,,,,,
REL_03741,SHL_SONGBEN_0168,clause,CR_LUNZHU_0183,commentary,commentary_support,柯琴《傷寒論注》對本條有注（對齊相似度0.87）。,傷寒論注:p740,,,,,,,,,,,,
REL_03742,SHL_SONGBEN_0222,clause,CR_LUNZHU_0162,commentary,commentary_support,柯琴《傷寒論注》對本條有注（對齊相似度0.92）。,傷寒論注:p742,,,,,,,,,,,,
REL_03743,SHL_SONGBEN_0219,clause,CR_LUNZHU_0185,commentary,commentary_support,柯琴《傷寒論注》對本條有注（對齊相似度0.84）。,傷寒論注:p744,,,,,,,,,,,,
REL_03744,SHL_SONGBEN_0176,clause,CR_LUNZHU_0186,commentary,commentary_support,柯琴《傷寒論注》對本條有注（對齊相似度0.67）。,傷寒論注:p748,,,,,,,,,,,,
REL_03745,SHL_SONGBEN_0350,clause,CR_LUNZHU_0187,commentary,commentary_support,柯琴《傷寒論注》對本條有注（對齊相似度0.76）。,傷寒論注:p750,,,,,,,,,,,,
REL_03746,SHL_SONGBEN_0236,clause,CR_LUNZHU_0188,commentary,commentary_support,柯琴《傷寒論注》對本條有注（對齊相似度0.82）。,傷寒論注:p758,,,,,,,,,,,,
REL_03747,SHL_SONGBEN_0260,clause,CR_LUNZHU_0189,commentary,commentary_support,柯琴《傷寒論注》對本條有注（對齊相似度1.00）。,傷寒論注:p760,,,,,,,,,,,,
REL_03748,SHL_SONGBEN_0259,clause,CR_LUNZHU_0190,commentary,commentary_support,柯琴《傷寒論注》對本條有注（對齊相似度0.82）。,傷寒論注:p766,,,,,,,,,,,,
REL_03749,SHL_SONGBEN_0248,clause,CR_LUNZHU_0191,commentary,commentary_support,柯琴《傷寒論注》對本條有注（對齊相似度0.76）。,傷寒論注:p771,,,,,,,,,,,,
REL_03750,SHL_SONGBEN_0070,clause,CR_LUNZHU_0192,commentary,commentary_support,柯琴《傷寒論注》對本條有注（對齊相似度0.90）。,傷寒論注:p773,,,,,,,,,,,,
REL_03751,SHL_SONGBEN_0249,clause,CR_LUNZHU_0193,commentary,commentary_support,柯琴《傷寒論注》對本條有注（對齊相似度1.00）。,傷寒論注:p777,,,,,,,,,,,,
REL_03752,SHL_SONGBEN_0207,clause,CR_LUNZHU_0194,commentary,commentary_support,柯琴《傷寒論注》對本條有注（對齊相似度1.00）。,傷寒論注:p779,,,,,,,,,,,,
REL_03753,SHL_SONGBEN_0123,clause,CR_LUNZHU_0195,commentary,commentary_support,柯琴《傷寒論注》對本條有注（對齊相似度0.60）。,傷寒論注:p781,,,,,,,,,,,,
REL_03754,SHL_SONGBEN_0105,clause,CR_LUNZHU_0196,commentary,commentary_support,柯琴《傷寒論注》對本條有注（對齊相似度0.90）。,傷寒論注:p783,,,,,,,,,,,,
REL_03755,SHL_SONGBEN_0250,clause,CR_LUNZHU_0197,commentary,commentary_support,柯琴《傷寒論注》對本條有注（對齊相似度0.81）。,傷寒論注:p787,,,,,,,,,,,,
REL_03756,SHL_SONGBEN_0251,clause,CR_LUNZHU_0198,commentary,commentary_support,柯琴《傷寒論注》對本條有注（對齊相似度0.62）。,傷寒論注:p790,,,,,,,,,,,,
REL_03757,SHL_SONGBEN_0208,clause,CR_LUNZHU_0199,commentary,commentary_support,柯琴《傷寒論注》對本條有注（對齊相似度0.88）。,傷寒論注:p793,,,,,,,,,,,,
REL_03758,SHL_SONGBEN_0209,clause,CR_LUNZHU_0200,commentary,commentary_support,柯琴《傷寒論注》對本條有注（對齊相似度0.60）。,傷寒論注:p796,,,,,,,,,,,,
REL_03759,SHL_SONGBEN_0214,clause,CR_LUNZHU_0201,commentary,commentary_support,柯琴《傷寒論注》對本條有注（對齊相似度0.88）。,傷寒論注:p798,,,,,,,,,,,,
REL_03760,SHL_SONGBEN_0212,clause,CR_LUNZHU_0202,commentary,commentary_support,柯琴《傷寒論注》對本條有注（對齊相似度0.85）。,傷寒論注:p801,,,,,,,,,,,,
REL_03761,SHL_SONGBEN_0213,clause,CR_LUNZHU_0203,commentary,commentary_support,柯琴《傷寒論注》對本條有注（對齊相似度0.88）。,傷寒論注:p803,,,,,,,,,,,,
REL_03762,SHL_SONGBEN_0374,clause,CR_LUNZHU_0204,commentary,commentary_support,柯琴《傷寒論注》對本條有注（對齊相似度1.00）。,傷寒論注:p805,,,,,,,,,,,,
REL_03763,SHL_SONGBEN_0217,clause,CR_LUNZHU_0205,commentary,commentary_support,柯琴《傷寒論注》對本條有注（對齊相似度0.79）。,傷寒論注:p807,,,,,,,,,,,,
REL_03764,SHL_SONGBEN_0215,clause,CR_LUNZHU_0206,commentary,commentary_support,柯琴《傷寒論注》對本條有注（對齊相似度0.88）。,傷寒論注:p810,,,,,,,,,,,,
REL_03765,SHL_SONGBEN_0238,clause,CR_LUNZHU_0207,commentary,commentary_support,柯琴《傷寒論注》對本條有注（對齊相似度0.82）。,傷寒論注:p812,,,,,,,,,,,,
REL_03766,SHL_SONGBEN_0239,clause,CR_LUNZHU_0208,commentary,commentary_support,柯琴《傷寒論注》對本條有注（對齊相似度0.83）。,傷寒論注:p814,,,,,,,,,,,,
REL_03767,SHL_SONGBEN_0242,clause,CR_LUNZHU_0209,commentary,commentary_support,柯琴《傷寒論注》對本條有注（對齊相似度0.93）。,傷寒論注:p816,,,,,,,,,,,,
REL_03768,SHL_SONGBEN_0241,clause,CR_LUNZHU_0210,commentary,commentary_support,柯琴《傷寒論注》對本條有注（對齊相似度0.96）。,傷寒論注:p818,,,,,,,,,,,,
REL_03769,SHL_SONGBEN_0255,clause,CR_LUNZHU_0211,commentary,commentary_support,柯琴《傷寒論注》對本條有注（對齊相似度1.00）。,傷寒論注:p822,,,,,,,,,,,,
REL_03770,SHL_SONGBEN_0220,clause,CR_LUNZHU_0212,commentary,commentary_support,柯琴《傷寒論注》對本條有注（對齊相似度0.88）。,傷寒論注:p824,,,,,,,,,,,,
REL_03771,SHL_SONGBEN_0254,clause,CR_LUNZHU_0213,commentary,commentary_support,柯琴《傷寒論注》對本條有注（對齊相似度1.00）。,傷寒論注:p826,,,,,,,,,,,,
REL_03772,SHL_SONGBEN_0253,clause,CR_LUNZHU_0214,commentary,commentary_support,柯琴《傷寒論注》對本條有注（對齊相似度1.00）。,傷寒論注:p828,,,,,,,,,,,,
REL_03773,SHL_SONGBEN_0252,clause,CR_LUNZHU_0215,commentary,commentary_support,柯琴《傷寒論注》對本條有注（對齊相似度0.94）。,傷寒論注:p830,,,,,,,,,,,,
REL_03774,SHL_SONGBEN_0320,clause,CR_LUNZHU_0216,commentary,commentary_support,柯琴《傷寒論注》對本條有注（對齊相似度0.88）。,傷寒論注:p832,,,,,,,,,,,,
REL_03775,SHL_SONGBEN_0322,clause,CR_LUNZHU_0217,commentary,commentary_support,柯琴《傷寒論注》對本條有注（對齊相似度1.00）。,傷寒論注:p835,,,,,,,,,,,,
REL_03776,SHL_SONGBEN_0263,clause,CR_LUNZHU_0218,commentary,commentary_support,柯琴《傷寒論注》對本條有注（對齊相似度1.00）。,傷寒論注:p848,,,,,,,,,,,,
REL_03777,SHL_SONGBEN_0265,clause,CR_LUNZHU_0219,commentary,commentary_support,柯琴《傷寒論注》對本條有注（對齊相似度0.94）。,傷寒論注:p850,,,,,,,,,,,,
REL_03778,SHL_SONGBEN_0264,clause,CR_LUNZHU_0220,commentary,commentary_support,柯琴《傷寒論注》對本條有注（對齊相似度1.00）。,傷寒論注:p853,,,,,,,,,,,,
REL_03779,SHL_SONGBEN_0271,clause,CR_LUNZHU_0221,commentary,commentary_support,柯琴《傷寒論注》對本條有注（對齊相似度1.00）。,傷寒論注:p856,,,,,,,,,,,,
REL_03780,SHL_SONGBEN_0272,clause,CR_LUNZHU_0222,commentary,commentary_support,柯琴《傷寒論注》對本條有注（對齊相似度1.00）。,傷寒論注:p858,,,,,,,,,,,,
REL_03781,SHL_SONGBEN_0142,clause,CR_LUNZHU_0223,commentary,commentary_support,柯琴《傷寒論注》對本條有注（對齊相似度0.83）。,傷寒論注:p860,,,,,,,,,,,,
REL_03782,SHL_SONGBEN_0150,clause,CR_LUNZHU_0224,commentary,commentary_support,柯琴《傷寒論注》對本條有注（對齊相似度0.85）。,傷寒論注:p864,,,,,,,,,,,,
REL_03783,SHL_SONGBEN_0096,clause,CR_LUNZHU_0225,commentary,commentary_support,柯琴《傷寒論注》對本條有注（對齊相似度0.83）。,傷寒論注:p866,,,,,,,,,,,,
REL_03784,SHL_SONGBEN_0097,clause,CR_LUNZHU_0226,commentary,commentary_support,柯琴《傷寒論注》對本條有注（對齊相似度0.66）。,傷寒論注:p869,,,,,,,,,,,,
REL_03785,SHL_SONGBEN_0379,clause,CR_LUNZHU_0227,commentary,commentary_support,柯琴《傷寒論注》對本條有注（對齊相似度1.00）。,傷寒論注:p878,,,,,,,,,,,,
REL_03786,SHL_SONGBEN_0148,clause,CR_LUNZHU_0228,commentary,commentary_support,柯琴《傷寒論注》對本條有注（對齊相似度0.87）。,傷寒論注:p880,,,,,,,,,,,,
REL_03787,SHL_SONGBEN_0099,clause,CR_LUNZHU_0229,commentary,commentary_support,柯琴《傷寒論注》對本條有注（對齊相似度0.85）。,傷寒論注:p884,,,,,,,,,,,,
REL_03788,SHL_SONGBEN_0229,clause,CR_LUNZHU_0230,commentary,commentary_support,柯琴《傷寒論注》對本條有注（對齊相似度0.71）。,傷寒論注:p887,,,,,,,,,,,,
REL_03789,SHL_SONGBEN_0230,clause,CR_LUNZHU_0231,commentary,commentary_support,柯琴《傷寒論注》對本條有注（對齊相似度0.80）。,傷寒論注:p889,,,,,,,,,,,,
REL_03790,SHL_SONGBEN_0204,clause,CR_LUNZHU_0130,commentary,commentary_support,柯琴《傷寒論注》對本條有注（對齊相似度1.00）。,傷寒論注:p891,,,,,,,,,,,,
REL_03791,SHL_SONGBEN_0144,clause,CR_LUNZHU_0233,commentary,commentary_support,柯琴《傷寒論注》對本條有注（對齊相似度1.00）。,傷寒論注:p896,,,,,,,,,,,,
REL_03792,SHL_SONGBEN_0146,clause,CR_LUNZHU_0035,commentary,commentary_support,柯琴《傷寒論注》對本條有注（對齊相似度0.94）。,傷寒論注:p900,,,,,,,,,,,,
REL_03793,SHL_SONGBEN_0100,clause,CR_LUNZHU_0235,commentary,commentary_support,柯琴《傷寒論注》對本條有注（對齊相似度0.75）。,傷寒論注:p906,,,,,,,,,,,,
REL_03794,SHL_SONGBEN_0267,clause,CR_LUNZHU_0236,commentary,commentary_support,柯琴《傷寒論注》對本條有注（對齊相似度0.94）。,傷寒論注:p909,,,,,,,,,,,,
REL_03795,SHL_SONGBEN_0101,clause,CR_LUNZHU_0237,commentary,commentary_support,柯琴《傷寒論注》對本條有注（對齊相似度0.67）。,傷寒論注:p911,,,,,,,,,,,,
REL_03796,SHL_SONGBEN_0149,clause,CR_LUNZHU_0238,commentary,commentary_support,柯琴《傷寒論注》對本條有注（對齊相似度0.60）。,傷寒論注:p913,,,,,,,,,,,,
REL_03797,SHL_SONGBEN_0098,clause,CR_LUNZHU_0239,commentary,commentary_support,柯琴《傷寒論注》對本條有注（對齊相似度0.86）。,傷寒論注:p916,,,,,,,,,,,,
REL_03798,SHL_SONGBEN_0147,clause,CR_LUNZHU_0240,commentary,commentary_support,柯琴《傷寒論注》對本條有注（對齊相似度0.88）。,傷寒論注:p919,,,,,,,,,,,,
REL_03799,SHL_SONGBEN_0107,clause,CR_LUNZHU_0241,commentary,commentary_support,柯琴《傷寒論注》對本條有注（對齊相似度1.00）。,傷寒論注:p924,,,,,,,,,,,,
REL_03800,SHL_SONGBEN_0104,clause,CR_LUNZHU_0242,commentary,commentary_support,柯琴《傷寒論注》對本條有注（對齊相似度0.84）。,傷寒論注:p930,,,,,,,,,,,,
REL_03801,SHL_SONGBEN_0123,clause,CR_LUNZHU_0195,commentary,commentary_support,柯琴《傷寒論注》對本條有注（對齊相似度0.84）。,傷寒論注:p933,,,,,,,,,,,,
REL_03802,SHL_SONGBEN_0103,clause,CR_LUNZHU_0244,commentary,commentary_support,柯琴《傷寒論注》對本條有注（對齊相似度0.90）。,傷寒論注:p938,,,,,,,,,,,,
REL_03803,SHL_SONGBEN_0165,clause,CR_LUNZHU_0245,commentary,commentary_support,柯琴《傷寒論注》對本條有注（對齊相似度0.83）。,傷寒論注:p943,,,,,,,,,,,,
REL_03804,SHL_SONGBEN_0102,clause,CR_LUNZHU_0246,commentary,commentary_support,柯琴《傷寒論注》對本條有注（對齊相似度1.00）。,傷寒論注:p948,,,,,,,,,,,,
REL_03805,SHL_SONGBEN_0100,clause,CR_LUNZHU_0235,commentary,commentary_support,柯琴《傷寒論注》對本條有注（對齊相似度0.75）。,傷寒論注:p950,,,,,,,,,,,,
REL_03806,SHL_SONGBEN_0173,clause,CR_LUNZHU_0248,commentary,commentary_support,柯琴《傷寒論注》對本條有注（對齊相似度1.00）。,傷寒論注:p959,,,,,,,,,,,,
REL_03807,SHL_SONGBEN_0172,clause,CR_LUNZHU_0249,commentary,commentary_support,柯琴《傷寒論注》對本條有注（對齊相似度1.00）。,傷寒論注:p966,,,,,,,,,,,,
REL_03808,SHL_SONGBEN_0273,clause,CR_LUNZHU_0250,commentary,commentary_support,柯琴《傷寒論注》對本條有注（對齊相似度0.96）。,傷寒論注:p973,,,,,,,,,,,,
REL_03809,SHL_SONGBEN_0358,clause,CR_LUNZHU_0251,commentary,commentary_support,柯琴《傷寒論注》對本條有注（對齊相似度0.90）。,傷寒論注:p976,,,,,,,,,,,,
REL_03810,SHL_SONGBEN_0278,clause,CR_LUNZHU_0252,commentary,commentary_support,柯琴《傷寒論注》對本條有注（對齊相似度0.93）。,傷寒論注:p978,,,,,,,,,,,,
REL_03811,SHL_SONGBEN_0369,clause,CR_LUNZHU_0253,commentary,commentary_support,柯琴《傷寒論注》對本條有注（對齊相似度0.83）。,傷寒論注:p982,,,,,,,,,,,,
REL_03812,SHL_SONGBEN_0280,clause,CR_LUNZHU_0254,commentary,commentary_support,柯琴《傷寒論注》對本條有注（對齊相似度0.92）。,傷寒論注:p984,,,,,,,,,,,,
REL_03813,SHL_SONGBEN_0385,clause,CR_LUNZHU_0255,commentary,commentary_support,柯琴《傷寒論注》對本條有注（對齊相似度0.89）。,傷寒論注:p987,,,,,,,,,,,,
REL_03814,SHL_SONGBEN_0276,clause,CR_LUNZHU_0256,commentary,commentary_support,柯琴《傷寒論注》對本條有注（對齊相似度1.00）。,傷寒論注:p990,,,,,,,,,,,,
REL_03815,SHL_SONGBEN_0274,clause,CR_LUNZHU_0257,commentary,commentary_support,柯琴《傷寒論注》對本條有注（對齊相似度0.80）。,傷寒論注:p992,,,,,,,,,,,,
REL_03816,SHL_SONGBEN_0275,clause,CR_LUNZHU_0258,commentary,commentary_support,柯琴《傷寒論注》對本條有注（對齊相似度1.00）。,傷寒論注:p996,,,,,,,,,,,,
REL_03817,SHL_SONGBEN_0281,clause,CR_LUNZHU_0259,commentary,commentary_support,柯琴《傷寒論注》對本條有注（對齊相似度1.00）。,傷寒論注:p1008,,,,,,,,,,,,
REL_03818,SHL_SONGBEN_0282,clause,CR_LUNZHU_0260,commentary,commentary_support,柯琴《傷寒論注》對本條有注（對齊相似度0.96）。,傷寒論注:p1011,,,,,,,,,,,,
REL_03819,SHL_SONGBEN_0285,clause,CR_LUNZHU_0261,commentary,commentary_support,柯琴《傷寒論注》對本條有注（對齊相似度0.64）。,傷寒論注:p1016,,,,,,,,,,,,
REL_03820,SHL_SONGBEN_0283,clause,CR_LUNZHU_0262,commentary,commentary_support,柯琴《傷寒論注》對本條有注（對齊相似度0.92）。,傷寒論注:p1019,,,,,,,,,,,,
REL_03821,SHL_SONGBEN_0287,clause,CR_LUNZHU_0263,commentary,commentary_support,柯琴《傷寒論注》對本條有注（對齊相似度1.00）。,傷寒論注:p1026,,,,,,,,,,,,
REL_03822,SHL_SONGBEN_0290,clause,CR_LUNZHU_0264,commentary,commentary_support,柯琴《傷寒論注》對本條有注（對齊相似度1.00）。,傷寒論注:p1028,,,,,,,,,,,,
REL_03823,SHL_SONGBEN_0291,clause,CR_LUNZHU_0265,commentary,commentary_support,柯琴《傷寒論注》對本條有注（對齊相似度1.00）。,傷寒論注:p1030,,,,,,,,,,,,
REL_03824,SHL_SONGBEN_0295,clause,CR_LUNZHU_0266,commentary,commentary_support,柯琴《傷寒論注》對本條有注（對齊相似度0.90）。,傷寒論注:p1033,,,,,,,,,,,,
REL_03825,SHL_SONGBEN_0298,clause,CR_LUNZHU_0267,commentary,commentary_support,柯琴《傷寒論注》對本條有注（對齊相似度0.78）。,傷寒論注:p1037,,,,,,,,,,,,
REL_03826,SHL_SONGBEN_0296,clause,CR_LUNZHU_0268,commentary,commentary_support,柯琴《傷寒論注》對本條有注（對齊相似度0.70）。,傷寒論注:p1040,,,,,,,,,,,,
REL_03827,SHL_SONGBEN_0300,clause,CR_LUNZHU_0269,commentary,commentary_support,柯琴《傷寒論注》對本條有注（對齊相似度0.90）。,傷寒論注:p1045,,,,,,,,,,,,
REL_03828,SHL_SONGBEN_0297,clause,CR_LUNZHU_0270,commentary,commentary_support,柯琴《傷寒論注》對本條有注（對齊相似度1.00）。,傷寒論注:p1047,,,,,,,,,,,,
REL_03829,SHL_SONGBEN_0299,clause,CR_LUNZHU_0271,commentary,commentary_support,柯琴《傷寒論注》對本條有注（對齊相似度1.00）。,傷寒論注:p1049,,,,,,,,,,,,
REL_03830,SHL_SONGBEN_0301,clause,CR_LUNZHU_0272,commentary,commentary_support,柯琴《傷寒論注》對本條有注（對齊相似度0.73）。,傷寒論注:p1053,,,,,,,,,,,,
REL_03831,SHL_SONGBEN_0302,clause,CR_LUNZHU_0273,commentary,commentary_support,柯琴《傷寒論注》對本條有注（對齊相似度0.88）。,傷寒論注:p1056,,,,,,,,,,,,
REL_03832,SHL_SONGBEN_0293,clause,CR_LUNZHU_0274,commentary,commentary_support,柯琴《傷寒論注》對本條有注（對齊相似度1.00）。,傷寒論注:p1061,,,,,,,,,,,,
REL_03833,SHL_SONGBEN_0284,clause,CR_LUNZHU_0275,commentary,commentary_support,柯琴《傷寒論注》對本條有注（對齊相似度0.92）。,傷寒論注:p1065,,,,,,,,,,,,
REL_03834,SHL_SONGBEN_0294,clause,CR_LUNZHU_0276,commentary,commentary_support,柯琴《傷寒論注》對本條有注（對齊相似度0.96）。,傷寒論注:p1068,,,,,,,,,,,,
REL_03835,SHL_SONGBEN_0304,clause,CR_LUNZHU_0277,commentary,commentary_support,柯琴《傷寒論注》對本條有注（對齊相似度1.00）。,傷寒論注:p1072,,,,,,,,,,,,
REL_03836,SHL_SONGBEN_0316,clause,CR_LUNZHU_0278,commentary,commentary_support,柯琴《傷寒論注》對本條有注（對齊相似度0.94）。,傷寒論注:p1077,,,,,,,,,,,,
REL_03837,SHL_SONGBEN_0082,clause,CR_LUNZHU_0279,commentary,commentary_support,柯琴《傷寒論注》對本條有注（對齊相似度0.95）。,傷寒論注:p1085,,,,,,,,,,,,
REL_03838,SHL_SONGBEN_0386,clause,CR_LUNZHU_0280,commentary,commentary_support,柯琴《傷寒論注》對本條有注（對齊相似度0.71）。,傷寒論注:p1088,,,,,,,,,,,,
REL_03839,SHL_SONGBEN_0307,clause,CR_LUNZHU_0281,commentary,commentary_support,柯琴《傷寒論注》對本條有注（對齊相似度1.00）。,傷寒論注:p1091,,,,,,,,,,,,
REL_03840,SHL_SONGBEN_0308,clause,CR_LUNZHU_0282,commentary,commentary_support,柯琴《傷寒論注》對本條有注（對齊相似度0.78）。,傷寒論注:p1097,,,,,,,,,,,,
REL_03841,SHL_SONGBEN_0225,clause,CR_LUNZHU_0283,commentary,commentary_support,柯琴《傷寒論注》對本條有注（對齊相似度0.88）。,傷寒論注:p1099,,,,,,,,,,,,
REL_03842,SHL_SONGBEN_0364,clause,CR_LUNZHU_0284,commentary,commentary_support,柯琴《傷寒論注》對本條有注（對齊相似度1.00）。,傷寒論注:p1102,,,,,,,,,,,,
REL_03843,SHL_SONGBEN_0091,clause,CR_LUNZHU_0028,commentary,commentary_support,柯琴《傷寒論注》對本條有注（對齊相似度0.61）。,傷寒論注:p1105,,,,,,,,,,,,
REL_03844,SHL_SONGBEN_0092,clause,CR_LUNZHU_0286,commentary,commentary_support,柯琴《傷寒論注》對本條有注（對齊相似度0.73）。,傷寒論注:p1107,,,,,,,,,,,,
REL_03845,SHL_SONGBEN_0354,clause,CR_LUNZHU_0287,commentary,commentary_support,柯琴《傷寒論注》對本條有注（對齊相似度1.00）。,傷寒論注:p1110,,,,,,,,,,,,
REL_03846,SHL_SONGBEN_0353,clause,CR_LUNZHU_0288,commentary,commentary_support,柯琴《傷寒論注》對本條有注（對齊相似度1.00）。,傷寒論注:p1112,,,,,,,,,,,,
REL_03847,SHL_SONGBEN_0377,clause,CR_LUNZHU_0289,commentary,commentary_support,柯琴《傷寒論注》對本條有注（對齊相似度1.00）。,傷寒論注:p1114,,,,,,,,,,,,
REL_03848,SHL_SONGBEN_0389,clause,CR_LUNZHU_0290,commentary,commentary_support,柯琴《傷寒論注》對本條有注（對齊相似度1.00）。,傷寒論注:p1116,,,,,,,,,,,,
REL_03849,SHL_SONGBEN_0388,clause,CR_LUNZHU_0291,commentary,commentary_support,柯琴《傷寒論注》對本條有注（對齊相似度1.00）。,傷寒論注:p1119,,,,,,,,,,,,
REL_03850,SHL_SONGBEN_0323,clause,CR_LUNZHU_0292,commentary,commentary_support,柯琴《傷寒論注》對本條有注（對齊相似度1.00）。,傷寒論注:p1122,,,,,,,,,,,,
REL_03851,SHL_SONGBEN_0385,clause,CR_LUNZHU_0255,commentary,commentary_support,柯琴《傷寒論注》對本條有注（對齊相似度1.00）。,傷寒論注:p1124,,,,,,,,,,,,
REL_03852,SHL_SONGBEN_0317,clause,CR_LUNZHU_0294,commentary,commentary_support,柯琴《傷寒論注》對本條有注（對齊相似度0.96）。,傷寒論注:p1127,,,,,,,,,,,,
REL_03853,SHL_SONGBEN_0366,clause,CR_LUNZHU_0295,commentary,commentary_support,柯琴《傷寒論注》對本條有注（對齊相似度0.81）。,傷寒論注:p1129,,,,,,,,,,,,
REL_03854,SHL_SONGBEN_0390,clause,CR_LUNZHU_0296,commentary,commentary_support,柯琴《傷寒論注》對本條有注（對齊相似度1.00）。,傷寒論注:p1131,,,,,,,,,,,,
REL_03855,SHL_SONGBEN_0391,clause,CR_LUNZHU_0297,commentary,commentary_support,柯琴《傷寒論注》對本條有注（對齊相似度0.82）。,傷寒論注:p1133,,,,,,,,,,,,
REL_03856,SHL_SONGBEN_0357,clause,CR_LUNZHU_0298,commentary,commentary_support,柯琴《傷寒論注》對本條有注（對齊相似度0.73）。,傷寒論注:p1139,,,,,,,,,,,,
REL_03857,SHL_SONGBEN_0351,clause,CR_LUNZHU_0299,commentary,commentary_support,柯琴《傷寒論注》對本條有注（對齊相似度0.87）。,傷寒論注:p1145,,,,,,,,,,,,
REL_03858,SHL_SONGBEN_0352,clause,CR_LUNZHU_0300,commentary,commentary_support,柯琴《傷寒論注》對本條有注（對齊相似度0.61）。,傷寒論注:p1150,,,,,,,,,,,,
REL_03859,SHL_SONGBEN_0337,clause,CR_LUNZHU_0301,commentary,commentary_support,柯琴《傷寒論注》對本條有注（對齊相似度0.92）。,傷寒論注:p1153,,,,,,,,,,,,
REL_03860,SHL_SONGBEN_0330,clause,CR_LUNZHU_0302,commentary,commentary_support,柯琴《傷寒論注》對本條有注（對齊相似度1.00）。,傷寒論注:p1155,,,,,,,,,,,,
REL_03861,SHL_SONGBEN_0347,clause,CR_LUNZHU_0303,commentary,commentary_support,柯琴《傷寒論注》對本條有注（對齊相似度0.94）。,傷寒論注:p1157,,,,,,,,,,,,
REL_03862,SHL_SONGBEN_0340,clause,CR_LUNZHU_0304,commentary,commentary_support,柯琴《傷寒論注》對本條有注（對齊相似度1.00）。,傷寒論注:p1159,,,,,,,,,,,,
REL_03863,SHL_SONGBEN_0349,clause,CR_LUNZHU_0305,commentary,commentary_support,柯琴《傷寒論注》對本條有注（對齊相似度0.80）。,傷寒論注:p1161,,,,,,,,,,,,
REL_03864,SHL_SONGBEN_0343,clause,CR_LUNZHU_0306,commentary,commentary_support,柯琴《傷寒論注》對本條有注（對齊相似度1.00）。,傷寒論注:p1163,,,,,,,,,,,,
REL_03865,SHL_SONGBEN_0069,clause,CR_LUNZHU_0307,commentary,commentary_support,柯琴《傷寒論注》對本條有注（對齊相似度1.00）。,傷寒論注:p1166,,,,,,,,,,,,
REL_03866,SHL_SONGBEN_0061,clause,CR_LUNZHU_0308,commentary,commentary_support,柯琴《傷寒論注》對本條有注（對齊相似度0.96）。,傷寒論注:p1170,,,,,,,,,,,,
REL_03867,SHL_SONGBEN_0060,clause,CR_LUNZHU_0309,commentary,commentary_support,柯琴《傷寒論注》對本條有注（對齊相似度0.93）。,傷寒論注:p1174,,,,,,,,,,,,
REL_03868,SHL_SONGBEN_0309,clause,CR_LUNZHU_0310,commentary,commentary_support,柯琴《傷寒論注》對本條有注（對齊相似度0.89）。,傷寒論注:p1177,,,,,,,,,,,,
REL_03869,SHL_SONGBEN_0378,clause,CR_LUNZHU_0311,commentary,commentary_support,柯琴《傷寒論注》對本條有注（對齊相似度0.79）。,傷寒論注:p1179,,,,,,,,,,,,
REL_03870,SHL_SONGBEN_0243,clause,CR_LUNZHU_0312,commentary,commentary_support,柯琴《傷寒論注》對本條有注（對齊相似度0.95）。,傷寒論注:p1181,,,,,,,,,,,,
REL_03871,SHL_SONGBEN_0315,clause,CR_LUNZHU_0313,commentary,commentary_support,柯琴《傷寒論注》對本條有注（對齊相似度0.96）。,傷寒論注:p1186,,,,,,,,,,,,
REL_03872,SHL_SONGBEN_0368,clause,CR_LUNZHU_0314,commentary,commentary_support,柯琴《傷寒論注》對本條有注（對齊相似度0.93）。,傷寒論注:p1195,,,,,,,,,,,,
REL_03873,SHL_SONGBEN_0303,clause,CR_LUNZHU_0315,commentary,commentary_support,柯琴《傷寒論注》對本條有注（對齊相似度0.90）。,傷寒論注:p1197,,,,,,,,,,,,
REL_03874,SHL_SONGBEN_0319,clause,CR_LUNZHU_0316,commentary,commentary_support,柯琴《傷寒論注》對本條有注（對齊相似度0.91）。,傷寒論注:p1204,,,,,,,,,,,,
REL_03875,SHL_SONGBEN_0223,clause,CR_LUNZHU_0163,commentary,commentary_support,柯琴《傷寒論注》對本條有注（對齊相似度0.92）。,傷寒論注:p1209,,,,,,,,,,,,
REL_03876,SHL_SONGBEN_0224,clause,CR_LUNZHU_0318,commentary,commentary_support,柯琴《傷寒論注》對本條有注（對齊相似度0.96）。,傷寒論注:p1212,,,,,,,,,,,,
REL_03877,SHL_SONGBEN_0310,clause,CR_LUNZHU_0319,commentary,commentary_support,柯琴《傷寒論注》對本條有注（對齊相似度0.90）。,傷寒論注:p1214,,,,,,,,,,,,
REL_03878,SHL_SONGBEN_0311,clause,CR_LUNZHU_0320,commentary,commentary_support,柯琴《傷寒論注》對本條有注（對齊相似度0.90）。,傷寒論注:p1219,,,,,,,,,,,,
REL_03879,SHL_SONGBEN_0313,clause,CR_LUNZHU_0321,commentary,commentary_support,柯琴《傷寒論注》對本條有注（對齊相似度1.00）。,傷寒論注:p1224,,,,,,,,,,,,
REL_03880,SHL_SONGBEN_0312,clause,CR_LUNZHU_0322,commentary,commentary_support,柯琴《傷寒論注》對本條有注（對齊相似度0.83）。,傷寒論注:p1227,,,,,,,,,,,,
REL_03881,SHL_SONGBEN_0318,clause,CR_LUNZHU_0323,commentary,commentary_support,柯琴《傷寒論注》對本條有注（對齊相似度0.81）。,傷寒論注:p1232,,,,,,,,,,,,
REL_03882,SHL_SONGBEN_0326,clause,CR_LUNZHU_0324,commentary,commentary_support,柯琴《傷寒論注》對本條有注（對齊相似度0.86）。,傷寒論注:p1236,,,,,,,,,,,,
REL_03883,SHL_SONGBEN_0108,clause,CR_LUNZHU_0325,commentary,commentary_support,柯琴《傷寒論注》對本條有注（對齊相似度1.00）。,傷寒論注:p1238,,,,,,,,,,,,
REL_03884,SHL_SONGBEN_0109,clause,CR_LUNZHU_0326,commentary,commentary_support,柯琴《傷寒論注》對本條有注（對齊相似度0.95）。,傷寒論注:p1241,,,,,,,,,,,,
REL_03885,SHL_SONGBEN_0329,clause,CR_LUNZHU_0327,commentary,commentary_support,柯琴《傷寒論注》對本條有注（對齊相似度1.00）。,傷寒論注:p1243,,,,,,,,,,,,
REL_03886,SHL_SONGBEN_0327,clause,CR_LUNZHU_0328,commentary,commentary_support,柯琴《傷寒論注》對本條有注（對齊相似度1.00）。,傷寒論注:p1245,,,,,,,,,,,,
REL_03887,SHL_SONGBEN_0328,clause,CR_LUNZHU_0329,commentary,commentary_support,柯琴《傷寒論注》對本條有注（對齊相似度1.00）。,傷寒論注:p1249,,,,,,,,,,,,
REL_03888,SHL_SONGBEN_0338,clause,CR_LUNZHU_0330,commentary,commentary_support,柯琴《傷寒論注》對本條有注（對齊相似度0.79）。,傷寒論注:p1251,,,,,,,,,,,,
REL_03889,SHL_SONGBEN_0371,clause,CR_LUNZHU_0331,commentary,commentary_support,柯琴《傷寒論注》對本條有注（對齊相似度1.00）。,傷寒論注:p1257,,,,,,,,,,,,
REL_03890,SHL_SONGBEN_0373,clause,CR_LUNZHU_0332,commentary,commentary_support,柯琴《傷寒論注》對本條有注（對齊相似度1.00）。,傷寒論注:p1259,,,,,,,,,,,,
REL_03891,SHL_SONGBEN_0365,clause,CR_LUNZHU_0333,commentary,commentary_support,柯琴《傷寒論注》對本條有注（對齊相似度1.00）。,傷寒論注:p1261,,,,,,,,,,,,
REL_03892,SHL_SONGBEN_0360,clause,CR_LUNZHU_0334,commentary,commentary_support,柯琴《傷寒論注》對本條有注（對齊相似度0.70）。,傷寒論注:p1263,,,,,,,,,,,,
REL_03893,SHL_SONGBEN_0361,clause,CR_LUNZHU_0335,commentary,commentary_support,柯琴《傷寒論注》對本條有注（對齊相似度0.80）。,傷寒論注:p1265,,,,,,,,,,,,
REL_03894,SHL_SONGBEN_0367,clause,CR_LUNZHU_0336,commentary,commentary_support,柯琴《傷寒論注》對本條有注（對齊相似度0.71）。,傷寒論注:p1267,,,,,,,,,,,,
REL_03895,SHL_SONGBEN_0363,clause,CR_LUNZHU_0337,commentary,commentary_support,柯琴《傷寒論注》對本條有注（對齊相似度0.73）。,傷寒論注:p1269,,,,,,,,,,,,
REL_03896,SHL_SONGBEN_0346,clause,CR_LUNZHU_0338,commentary,commentary_support,柯琴《傷寒論注》對本條有注（對齊相似度0.92）。,傷寒論注:p1271,,,,,,,,,,,,
REL_03897,SHL_SONGBEN_0335,clause,CR_LUNZHU_0339,commentary,commentary_support,柯琴《傷寒論注》對本條有注（對齊相似度0.96）。,傷寒論注:p1276,,,,,,,,,,,,
REL_03898,SHL_SONGBEN_0350,clause,CR_LUNZHU_0187,commentary,commentary_support,柯琴《傷寒論注》對本條有注（對齊相似度0.67）。,傷寒論注:p1279,,,,,,,,,,,,
REL_03899,SHL_SONGBEN_0336,clause,CR_LUNZHU_0341,commentary,commentary_support,柯琴《傷寒論注》對本條有注（對齊相似度0.95）。,傷寒論注:p1281,,,,,,,,,,,,
REL_03900,SHL_SONGBEN_0339,clause,CR_LUNZHU_0342,commentary,commentary_support,柯琴《傷寒論注》對本條有注（對齊相似度0.78）。,傷寒論注:p1283,,,,,,,,,,,,
REL_03901,SHL_SONGBEN_0341,clause,CR_LUNZHU_0343,commentary,commentary_support,柯琴《傷寒論注》對本條有注（對齊相似度0.92）。,傷寒論注:p1285,,,,,,,,,,,,
REL_03902,SHL_SONGBEN_0342,clause,CR_LUNZHU_0344,commentary,commentary_support,柯琴《傷寒論注》對本條有注（對齊相似度1.00）。,傷寒論注:p1288,,,,,,,,,,,,
REL_03903,SHL_SONGBEN_0332,clause,CR_LUNZHU_0345,commentary,commentary_support,柯琴《傷寒論注》對本條有注（對齊相似度0.94）。,傷寒論注:p1290,,,,,,,,,,,,
REL_03904,SHL_SONGBEN_0348,clause,CR_LUNZHU_0346,commentary,commentary_support,柯琴《傷寒論注》對本條有注（對齊相似度0.86）。,傷寒論注:p1292,,,,,,,,,,,,
REL_03905,SHL_SONGBEN_0331,clause,CR_LUNZHU_0347,commentary,commentary_support,柯琴《傷寒論注》對本條有注（對齊相似度1.00）。,傷寒論注:p1294,,,,,,,,,,,,
REL_03906,SHL_SONGBEN_0334,clause,CR_LUNZHU_0348,commentary,commentary_support,柯琴《傷寒論注》對本條有注（對齊相似度0.96）。,傷寒論注:p1296,,,,,,,,,,,,
REL_03907,SHL_SONGBEN_0344,clause,CR_LUNZHU_0349,commentary,commentary_support,柯琴《傷寒論注》對本條有注（對齊相似度1.00）。,傷寒論注:p1300,,,,,,,,,,,,
REL_03908,SHL_SONGBEN_0177,clause,CR_LUNZHU_0350,commentary,commentary_support,柯琴《傷寒論注》對本條有注（對齊相似度0.89）。,傷寒論注:p1302,,,,,,,,,,,,
REL_03909,SHL_SONGBEN_0178,clause,CR_LUNZHU_0351,commentary,commentary_support,柯琴《傷寒論注》對本條有注（對齊相似度0.85）。,傷寒論注:p1308,,,,,,,,,,,,
REL_03910,SHL_SONGBEN_0392,clause,CR_LUNZHU_0352,commentary,commentary_support,柯琴《傷寒論注》對本條有注（對齊相似度0.84）。,傷寒論注:p1320,,,,,,,,,,,,
REL_03911,SHL_SONGBEN_0011,clause,CR_LUNZHU_0353,commentary,commentary_support,柯琴《傷寒論注》對本條有注（對齊相似度0.85）。,傷寒論注:p1325,,,,,,,,,,,,
REL_03912,SHL_SONGBEN_0001,clause,CR_JIYI_0001,commentary,commentary_support,丹波元簡《傷寒論輯義》對本條有注（對齊相似度1.00）。,傷寒論輯義:p54,,,,,,,,,,,,
REL_03913,SHL_SONGBEN_0002,clause,CR_JIYI_0002,commentary,commentary_support,丹波元簡《傷寒論輯義》對本條有注（對齊相似度1.00）。,傷寒論輯義:p60,,,,,,,,,,,,
REL_03914,SHL_SONGBEN_0003,clause,CR_JIYI_0003,commentary,commentary_support,丹波元簡《傷寒論輯義》對本條有注（對齊相似度0.91）。,傷寒論輯義:p64,,,,,,,,,,,,
REL_03915,SHL_SONGBEN_0004,clause,CR_JIYI_0004,commentary,commentary_support,丹波元簡《傷寒論輯義》對本條有注（對齊相似度1.00）。,傷寒論輯義:p72,,,,,,,,,,,,
REL_03916,SHL_SONGBEN_0005,clause,CR_JIYI_0005,commentary,commentary_support,丹波元簡《傷寒論輯義》對本條有注（對齊相似度1.00）。,傷寒論輯義:p76,,,,,,,,,,,,
REL_03917,SHL_SONGBEN_0007,clause,CR_JIYI_0006,commentary,commentary_support,丹波元簡《傷寒論輯義》對本條有注（對齊相似度0.67）。,傷寒論輯義:p95,,,,,,,,,,,,
REL_03918,SHL_SONGBEN_0008,clause,CR_JIYI_0007,commentary,commentary_support,丹波元簡《傷寒論輯義》對本條有注（對齊相似度0.97）。,傷寒論輯義:p105,,,,,,,,,,,,
REL_03919,SHL_SONGBEN_0009,clause,CR_JIYI_0008,commentary,commentary_support,丹波元簡《傷寒論輯義》對本條有注（對齊相似度1.00）。,傷寒論輯義:p115,,,,,,,,,,,,
REL_03920,SHL_SONGBEN_0010,clause,CR_JIYI_0009,commentary,commentary_support,丹波元簡《傷寒論輯義》對本條有注（對齊相似度1.00）。,傷寒論輯義:p118,,,,,,,,,,,,
REL_03921,SHL_SONGBEN_0011,clause,CR_JIYI_0010,commentary,commentary_support,丹波元簡《傷寒論輯義》對本條有注（對齊相似度0.93）。,傷寒論輯義:p122,,,,,,,,,,,,
REL_03922,SHL_SONGBEN_0012,clause,CR_JIYI_0011,commentary,commentary_support,丹波元簡《傷寒論輯義》對本條有注（對齊相似度0.93）。,傷寒論輯義:p127,,,,,,,,,,,,
REL_03923,SHL_SONGBEN_0013,clause,CR_JIYI_0012,commentary,commentary_support,丹波元簡《傷寒論輯義》對本條有注（對齊相似度1.00）。,傷寒論輯義:p165,,,,,,,,,,,,
REL_03924,SHL_SONGBEN_0015,clause,CR_JIYI_0013,commentary,commentary_support,丹波元簡《傷寒論輯義》對本條有注（對齊相似度0.87）。,傷寒論輯義:p178,,,,,,,,,,,,
REL_03925,SHL_SONGBEN_0016,clause,CR_JIYI_0014,commentary,commentary_support,丹波元簡《傷寒論輯義》對本條有注（對齊相似度0.75）。,傷寒論輯義:p186,,,,,,,,,,,,
REL_03926,SHL_SONGBEN_0016,clause,CR_JIYI_0014,commentary,commentary_support,丹波元簡《傷寒論輯義》對本條有注（對齊相似度0.61）。,傷寒論輯義:p198,,,,,,,,,,,,
REL_03927,SHL_SONGBEN_0017,clause,CR_JIYI_0016,commentary,commentary_support,丹波元簡《傷寒論輯義》對本條有注（對齊相似度0.74）。,傷寒論輯義:p205,,,,,,,,,,,,
REL_03928,SHL_SONGBEN_0019,clause,CR_JIYI_0017,commentary,commentary_support,丹波元簡《傷寒論輯義》對本條有注（對齊相似度1.00）。,傷寒論輯義:p213,,,,,,,,,,,,
REL_03929,SHL_SONGBEN_0020,clause,CR_JIYI_0018,commentary,commentary_support,丹波元簡《傷寒論輯義》對本條有注（對齊相似度1.00）。,傷寒論輯義:p220,,,,,,,,,,,,
REL_03930,SHL_SONGBEN_0021,clause,CR_JIYI_0019,commentary,commentary_support,丹波元簡《傷寒論輯義》對本條有注（對齊相似度0.72）。,傷寒論輯義:p237,,,,,,,,,,,,
REL_03931,SHL_SONGBEN_0022,clause,CR_JIYI_0020,commentary,commentary_support,丹波元簡《傷寒論輯義》對本條有注（對齊相似度0.90）。,傷寒論輯義:p244,,,,,,,,,,,,
REL_03932,SHL_SONGBEN_0023,clause,CR_JIYI_0021,commentary,commentary_support,丹波元簡《傷寒論輯義》對本條有注（對齊相似度0.63）。,傷寒論輯義:p250,,,,,,,,,,,,
REL_03933,SHL_SONGBEN_0024,clause,CR_JIYI_0022,commentary,commentary_support,丹波元簡《傷寒論輯義》對本條有注（對齊相似度0.82）。,傷寒論輯義:p270,,,,,,,,,,,,
REL_03934,SHL_SONGBEN_0025,clause,CR_JIYI_0023,commentary,commentary_support,丹波元簡《傷寒論輯義》對本條有注（對齊相似度1.00）。,傷寒論輯義:p278,,,,,,,,,,,,
REL_03935,SHL_SONGBEN_0026,clause,CR_JIYI_0024,commentary,commentary_support,丹波元簡《傷寒論輯義》對本條有注（對齊相似度0.83）。,傷寒論輯義:p290,,,,,,,,,,,,
REL_03936,SHL_SONGBEN_0027,clause,CR_JIYI_0025,commentary,commentary_support,丹波元簡《傷寒論輯義》對本條有注（對齊相似度1.00）。,傷寒論輯義:p308,,,,,,,,,,,,
REL_03937,SHL_SONGBEN_0028,clause,CR_JIYI_0026,commentary,commentary_support,丹波元簡《傷寒論輯義》對本條有注（對齊相似度1.00）。,傷寒論輯義:p327,,,,,,,,,,,,
REL_03938,SHL_SONGBEN_0030,clause,CR_JIYI_0027,commentary,commentary_support,丹波元簡《傷寒論輯義》對本條有注（對齊相似度0.95）。,傷寒論輯義:p410,,,,,,,,,,,,
REL_03939,SHL_SONGBEN_0030,clause,CR_JIYI_0027,commentary,commentary_support,丹波元簡《傷寒論輯義》對本條有注（對齊相似度0.65）。,傷寒論輯義:p413,,,,,,,,,,,,
REL_03940,SHL_SONGBEN_0032,clause,CR_JIYI_0029,commentary,commentary_support,丹波元簡《傷寒論輯義》對本條有注（對齊相似度0.64）。,傷寒論輯義:p433,,,,,,,,,,,,
REL_03941,SHL_SONGBEN_0033,clause,CR_JIYI_0030,commentary,commentary_support,丹波元簡《傷寒論輯義》對本條有注（對齊相似度1.00）。,傷寒論輯義:p441,,,,,,,,,,,,
REL_03942,SHL_SONGBEN_0034,clause,CR_JIYI_0031,commentary,commentary_support,丹波元簡《傷寒論輯義》對本條有注（對齊相似度1.00）。,傷寒論輯義:p450,,,,,,,,,,,,
REL_03943,SHL_SONGBEN_0035,clause,CR_JIYI_0032,commentary,commentary_support,丹波元簡《傷寒論輯義》對本條有注（對齊相似度0.88）。,傷寒論輯義:p465,,,,,,,,,,,,
REL_03944,SHL_SONGBEN_0036,clause,CR_JIYI_0033,commentary,commentary_support,丹波元簡《傷寒論輯義》對本條有注（對齊相似度1.00）。,傷寒論輯義:p507,,,,,,,,,,,,
REL_03945,SHL_SONGBEN_0037,clause,CR_JIYI_0034,commentary,commentary_support,丹波元簡《傷寒論輯義》對本條有注（對齊相似度0.69）。,傷寒論輯義:p511,,,,,,,,,,,,
REL_03946,SHL_SONGBEN_0038,clause,CR_JIYI_0035,commentary,commentary_support,丹波元簡《傷寒論輯義》對本條有注（對齊相似度0.62）。,傷寒論輯義:p516,,,,,,,,,,,,
REL_03947,SHL_SONGBEN_0039,clause,CR_JIYI_0036,commentary,commentary_support,丹波元簡《傷寒論輯義》對本條有注（對齊相似度1.00）。,傷寒論輯義:p549,,,,,,,,,,,,
REL_03948,SHL_SONGBEN_0040,clause,CR_JIYI_0037,commentary,commentary_support,丹波元簡《傷寒論輯義》對本條有注（對齊相似度0.66）。,傷寒論輯義:p557,,,,,,,,,,,,
REL_03949,SHL_SONGBEN_0041,clause,CR_JIYI_0038,commentary,commentary_support,丹波元簡《傷寒論輯義》對本條有注（對齊相似度0.94）。,傷寒論輯義:p584,,,,,,,,,,,,
REL_03950,SHL_SONGBEN_0042,clause,CR_JIYI_0039,commentary,commentary_support,丹波元簡《傷寒論輯義》對本條有注（對齊相似度1.00）。,傷寒論輯義:p589,,,,,,,,,,,,
REL_03951,SHL_SONGBEN_0043,clause,CR_JIYI_0040,commentary,commentary_support,丹波元簡《傷寒論輯義》對本條有注（對齊相似度1.00）。,傷寒論輯義:p593,,,,,,,,,,,,
REL_03952,SHL_SONGBEN_0044,clause,CR_JIYI_0041,commentary,commentary_support,丹波元簡《傷寒論輯義》對本條有注（對齊相似度0.80）。,傷寒論輯義:p601,,,,,,,,,,,,
REL_03953,SHL_SONGBEN_0045,clause,CR_JIYI_0042,commentary,commentary_support,丹波元簡《傷寒論輯義》對本條有注（對齊相似度0.67）。,傷寒論輯義:p608,,,,,,,,,,,,
REL_03954,SHL_SONGBEN_0047,clause,CR_JIYI_0043,commentary,commentary_support,丹波元簡《傷寒論輯義》對本條有注（對齊相似度1.00）。,傷寒論輯義:p620,,,,,,,,,,,,
REL_03955,SHL_SONGBEN_0048,clause,CR_JIYI_0044,commentary,commentary_support,丹波元簡《傷寒論輯義》對本條有注（對齊相似度0.73）。,傷寒論輯義:p625,,,,,,,,,,,,
REL_03956,SHL_SONGBEN_0049,clause,CR_JIYI_0045,commentary,commentary_support,丹波元簡《傷寒論輯義》對本條有注（對齊相似度0.92）。,傷寒論輯義:p633,,,,,,,,,,,,
REL_03957,SHL_SONGBEN_0051,clause,CR_JIYI_0046,commentary,commentary_support,丹波元簡《傷寒論輯義》對本條有注（對齊相似度1.00）。,傷寒論輯義:p648,,,,,,,,,,,,
REL_03958,SHL_SONGBEN_0052,clause,CR_JIYI_0047,commentary,commentary_support,丹波元簡《傷寒論輯義》對本條有注（對齊相似度1.00）。,傷寒論輯義:p650,,,,,,,,,,,,
REL_03959,SHL_SONGBEN_0053,clause,CR_JIYI_0048,commentary,commentary_support,丹波元簡《傷寒論輯義》對本條有注（對齊相似度0.68）。,傷寒論輯義:p653,,,,,,,,,,,,
REL_03960,SHL_SONGBEN_0054,clause,CR_JIYI_0049,commentary,commentary_support,丹波元簡《傷寒論輯義》對本條有注（對齊相似度0.90）。,傷寒論輯義:p663,,,,,,,,,,,,
REL_03961,SHL_SONGBEN_0055,clause,CR_JIYI_0050,commentary,commentary_support,丹波元簡《傷寒論輯義》對本條有注（對齊相似度1.00）。,傷寒論輯義:p668,,,,,,,,,,,,
REL_03962,SHL_SONGBEN_0057,clause,CR_JIYI_0051,commentary,commentary_support,丹波元簡《傷寒論輯義》對本條有注（對齊相似度0.78）。,傷寒論輯義:p681,,,,,,,,,,,,
REL_03963,SHL_SONGBEN_0058,clause,CR_JIYI_0052,commentary,commentary_support,丹波元簡《傷寒論輯義》對本條有注（對齊相似度1.00）。,傷寒論輯義:p687,,,,,,,,,,,,
REL_03964,SHL_SONGBEN_0059,clause,CR_JIYI_0053,commentary,commentary_support,丹波元簡《傷寒論輯義》對本條有注（對齊相似度0.85）。,傷寒論輯義:p691,,,,,,,,,,,,
REL_03965,SHL_SONGBEN_0060,clause,CR_JIYI_0054,commentary,commentary_support,丹波元簡《傷寒論輯義》對本條有注（對齊相似度1.00）。,傷寒論輯義:p695,,,,,,,,,,,,
REL_03966,SHL_SONGBEN_0061,clause,CR_JIYI_0055,commentary,commentary_support,丹波元簡《傷寒論輯義》對本條有注（對齊相似度1.00）。,傷寒論輯義:p699,,,,,,,,,,,,
REL_03967,SHL_SONGBEN_0062,clause,CR_JIYI_0056,commentary,commentary_support,丹波元簡《傷寒論輯義》對本條有注（對齊相似度0.86）。,傷寒論輯義:p715,,,,,,,,,,,,
REL_03968,SHL_SONGBEN_0062,clause,CR_JIYI_0056,commentary,commentary_support,丹波元簡《傷寒論輯義》對本條有注（對齊相似度0.60）。,傷寒論輯義:p719,,,,,,,,,,,,
REL_03969,SHL_SONGBEN_0063,clause,CR_JIYI_0058,commentary,commentary_support,丹波元簡《傷寒論輯義》對本條有注（對齊相似度1.00）。,傷寒論輯義:p726,,,,,,,,,,,,
REL_03970,SHL_SONGBEN_0064,clause,CR_JIYI_0059,commentary,commentary_support,丹波元簡《傷寒論輯義》對本條有注（對齊相似度1.00）。,傷寒論輯義:p744,,,,,,,,,,,,
REL_03971,SHL_SONGBEN_0065,clause,CR_JIYI_0060,commentary,commentary_support,丹波元簡《傷寒論輯義》對本條有注（對齊相似度1.00）。,傷寒論輯義:p755,,,,,,,,,,,,
REL_03972,SHL_SONGBEN_0066,clause,CR_JIYI_0061,commentary,commentary_support,丹波元簡《傷寒論輯義》對本條有注（對齊相似度1.00）。,傷寒論輯義:p768,,,,,,,,,,,,
REL_03973,SHL_SONGBEN_0066,clause,CR_JIYI_0061,commentary,commentary_support,丹波元簡《傷寒論輯義》對本條有注（對齊相似度0.69）。,傷寒論輯義:p773,,,,,,,,,,,,
REL_03974,SHL_SONGBEN_0067,clause,CR_JIYI_0063,commentary,commentary_support,丹波元簡《傷寒論輯義》對本條有注（對齊相似度0.75）。,傷寒論輯義:p779,,,,,,,,,,,,
REL_03975,SHL_SONGBEN_0068,clause,CR_JIYI_0064,commentary,commentary_support,丹波元簡《傷寒論輯義》對本條有注（對齊相似度1.00）。,傷寒論輯義:p792,,,,,,,,,,,,
REL_03976,SHL_SONGBEN_0069,clause,CR_JIYI_0065,commentary,commentary_support,丹波元簡《傷寒論輯義》對本條有注（對齊相似度1.00）。,傷寒論輯義:p804,,,,,,,,,,,,
REL_03977,SHL_SONGBEN_0071,clause,CR_JIYI_0066,commentary,commentary_support,丹波元簡《傷寒論輯義》對本條有注（對齊相似度0.80）。,傷寒論輯義:p822,,,,,,,,,,,,
REL_03978,SHL_SONGBEN_0072,clause,CR_JIYI_0067,commentary,commentary_support,丹波元簡《傷寒論輯義》對本條有注（對齊相似度1.00）。,傷寒論輯義:p847,,,,,,,,,,,,
REL_03979,SHL_SONGBEN_0073,clause,CR_JIYI_0068,commentary,commentary_support,丹波元簡《傷寒論輯義》對本條有注（對齊相似度1.00）。,傷寒論輯義:p851,,,,,,,,,,,,
REL_03980,SHL_SONGBEN_0074,clause,CR_JIYI_0069,commentary,commentary_support,丹波元簡《傷寒論輯義》對本條有注（對齊相似度0.62）。,傷寒論輯義:p863,,,,,,,,,,,,
REL_03981,SHL_SONGBEN_0075,clause,CR_JIYI_0070,commentary,commentary_support,丹波元簡《傷寒論輯義》對本條有注（對齊相似度0.73）。,傷寒論輯義:p875,,,,,,,,,,,,
REL_03982,SHL_SONGBEN_0076,clause,CR_JIYI_0071,commentary,commentary_support,丹波元簡《傷寒論輯義》對本條有注（對齊相似度0.62）。,傷寒論輯義:p896,,,,,,,,,,,,
REL_03983,SHL_SONGBEN_0077,clause,CR_JIYI_0072,commentary,commentary_support,丹波元簡《傷寒論輯義》對本條有注（對齊相似度1.00）。,傷寒論輯義:p929,,,,,,,,,,,,
REL_03984,SHL_SONGBEN_0078,clause,CR_JIYI_0073,commentary,commentary_support,丹波元簡《傷寒論輯義》對本條有注（對齊相似度1.00）。,傷寒論輯義:p933,,,,,,,,,,,,
REL_03985,SHL_SONGBEN_0079,clause,CR_JIYI_0074,commentary,commentary_support,丹波元簡《傷寒論輯義》對本條有注（對齊相似度1.00）。,傷寒論輯義:p937,,,,,,,,,,,,
REL_03986,SHL_SONGBEN_0080,clause,CR_JIYI_0075,commentary,commentary_support,丹波元簡《傷寒論輯義》對本條有注（對齊相似度1.00）。,傷寒論輯義:p949,,,,,,,,,,,,
REL_03987,SHL_SONGBEN_0081,clause,CR_JIYI_0076,commentary,commentary_support,丹波元簡《傷寒論輯義》對本條有注（對齊相似度0.87）。,傷寒論輯義:p963,,,,,,,,,,,,
REL_03988,SHL_SONGBEN_0082,clause,CR_JIYI_0077,commentary,commentary_support,丹波元簡《傷寒論輯義》對本條有注（對齊相似度0.86）。,傷寒論輯義:p967,,,,,,,,,,,,
REL_03989,SHL_SONGBEN_0083,clause,CR_JIYI_0078,commentary,commentary_support,丹波元簡《傷寒論輯義》對本條有注（對齊相似度0.75）。,傷寒論輯義:p978,,,,,,,,,,,,
REL_03990,SHL_SONGBEN_0084,clause,CR_JIYI_0079,commentary,commentary_support,丹波元簡《傷寒論輯義》對本條有注（對齊相似度1.00）。,傷寒論輯義:p982,,,,,,,,,,,,
REL_03991,SHL_SONGBEN_0085,clause,CR_JIYI_0080,commentary,commentary_support,丹波元簡《傷寒論輯義》對本條有注（對齊相似度0.96）。,傷寒論輯義:p985,,,,,,,,,,,,
REL_03992,SHL_SONGBEN_0086,clause,CR_JIYI_0081,commentary,commentary_support,丹波元簡《傷寒論輯義》對本條有注（對齊相似度0.90）。,傷寒論輯義:p989,,,,,,,,,,,,
REL_03993,SHL_SONGBEN_0087,clause,CR_JIYI_0082,commentary,commentary_support,丹波元簡《傷寒論輯義》對本條有注（對齊相似度0.83）。,傷寒論輯義:p997,,,,,,,,,,,,
REL_03994,SHL_SONGBEN_0088,clause,CR_JIYI_0083,commentary,commentary_support,丹波元簡《傷寒論輯義》對本條有注（對齊相似度0.89）。,傷寒論輯義:p1002,,,,,,,,,,,,
REL_03995,SHL_SONGBEN_0089,clause,CR_JIYI_0084,commentary,commentary_support,丹波元簡《傷寒論輯義》對本條有注（對齊相似度0.75）。,傷寒論輯義:p1009,,,,,,,,,,,,
REL_03996,SHL_SONGBEN_0090,clause,CR_JIYI_0085,commentary,commentary_support,丹波元簡《傷寒論輯義》對本條有注（對齊相似度1.00）。,傷寒論輯義:p1014,,,,,,,,,,,,
REL_03997,SHL_SONGBEN_0091,clause,CR_JIYI_0086,commentary,commentary_support,丹波元簡《傷寒論輯義》對本條有注（對齊相似度0.92）。,傷寒論輯義:p1019,,,,,,,,,,,,
REL_03998,SHL_SONGBEN_0092,clause,CR_JIYI_0087,commentary,commentary_support,丹波元簡《傷寒論輯義》對本條有注（對齊相似度0.82）。,傷寒論輯義:p1026,,,,,,,,,,,,
REL_03999,SHL_SONGBEN_0093,clause,CR_JIYI_0088,commentary,commentary_support,丹波元簡《傷寒論輯義》對本條有注（對齊相似度0.85）。,傷寒論輯義:p1034,,,,,,,,,,,,
REL_04000,SHL_SONGBEN_0094,clause,CR_JIYI_0089,commentary,commentary_support,丹波元簡《傷寒論輯義》對本條有注（對齊相似度0.83）。,傷寒論輯義:p1039,,,,,,,,,,,,
REL_04001,SHL_SONGBEN_0095,clause,CR_JIYI_0090,commentary,commentary_support,丹波元簡《傷寒論輯義》對本條有注（對齊相似度0.92）。,傷寒論輯義:p1046,,,,,,,,,,,,
REL_04002,SHL_SONGBEN_0096,clause,CR_JIYI_0091,commentary,commentary_support,丹波元簡《傷寒論輯義》對本條有注（對齊相似度0.67）。,傷寒論輯義:p1050,,,,,,,,,,,,
REL_04003,SHL_SONGBEN_0097,clause,CR_JIYI_0092,commentary,commentary_support,丹波元簡《傷寒論輯義》對本條有注（對齊相似度0.65）。,傷寒論輯義:p1114,,,,,,,,,,,,
REL_04004,SHL_SONGBEN_0098,clause,CR_JIYI_0093,commentary,commentary_support,丹波元簡《傷寒論輯義》對本條有注（對齊相似度0.87）。,傷寒論輯義:p1124,,,,,,,,,,,,
REL_04005,SHL_SONGBEN_0099,clause,CR_JIYI_0094,commentary,commentary_support,丹波元簡《傷寒論輯義》對本條有注（對齊相似度0.92）。,傷寒論輯義:p1132,,,,,,,,,,,,
REL_04006,SHL_SONGBEN_0100,clause,CR_JIYI_0095,commentary,commentary_support,丹波元簡《傷寒論輯義》對本條有注（對齊相似度0.73）。,傷寒論輯義:p1141,,,,,,,,,,,,
REL_04007,SHL_SONGBEN_0101,clause,CR_JIYI_0096,commentary,commentary_support,丹波元簡《傷寒論輯義》對本條有注（對齊相似度0.79）。,傷寒論輯義:p1168,,,,,,,,,,,,
REL_04008,SHL_SONGBEN_0102,clause,CR_JIYI_0097,commentary,commentary_support,丹波元簡《傷寒論輯義》對本條有注（對齊相似度1.00）。,傷寒論輯義:p1171,,,,,,,,,,,,
REL_04009,SHL_SONGBEN_0103,clause,CR_JIYI_0098,commentary,commentary_support,丹波元簡《傷寒論輯義》對本條有注（對齊相似度0.79）。,傷寒論輯義:p1174,,,,,,,,,,,,
REL_04010,SHL_SONGBEN_0104,clause,CR_JIYI_0099,commentary,commentary_support,丹波元簡《傷寒論輯義》對本條有注（對齊相似度0.94）。,傷寒論輯義:p1197,,,,,,,,,,,,
REL_04011,SHL_SONGBEN_0105,clause,CR_JIYI_0100,commentary,commentary_support,丹波元簡《傷寒論輯義》對本條有注（對齊相似度0.78）。,傷寒論輯義:p1220,,,,,,,,,,,,
REL_04012,SHL_SONGBEN_0106,clause,CR_JIYI_0101,commentary,commentary_support,丹波元簡《傷寒論輯義》對本條有注（對齊相似度0.81）。,傷寒論輯義:p1226,,,,,,,,,,,,
REL_04013,SHL_SONGBEN_0107,clause,CR_JIYI_0102,commentary,commentary_support,丹波元簡《傷寒論輯義》對本條有注（對齊相似度1.00）。,傷寒論輯義:p1262,,,,,,,,,,,,
REL_04014,SHL_SONGBEN_0108,clause,CR_JIYI_0103,commentary,commentary_support,丹波元簡《傷寒論輯義》對本條有注（對齊相似度1.00）。,傷寒論輯義:p1270,,,,,,,,,,,,
REL_04015,SHL_SONGBEN_0109,clause,CR_JIYI_0104,commentary,commentary_support,丹波元簡《傷寒論輯義》對本條有注（對齊相似度1.00）。,傷寒論輯義:p1276,,,,,,,,,,,,
REL_04016,SHL_SONGBEN_0110,clause,CR_JIYI_0105,commentary,commentary_support,丹波元簡《傷寒論輯義》對本條有注（對齊相似度0.72）。,傷寒論輯義:p1282,,,,,,,,,,,,
REL_04017,SHL_SONGBEN_0112,clause,CR_JIYI_0106,commentary,commentary_support,丹波元簡《傷寒論輯義》對本條有注（對齊相似度0.97）。,傷寒論輯義:p1299,,,,,,,,,,,,
REL_04018,SHL_SONGBEN_0113,clause,CR_JIYI_0107,commentary,commentary_support,丹波元簡《傷寒論輯義》對本條有注（對齊相似度0.94）。,傷寒論輯義:p1316,,,,,,,,,,,,
REL_04019,SHL_SONGBEN_0115,clause,CR_JIYI_0108,commentary,commentary_support,丹波元簡《傷寒論輯義》對本條有注（對齊相似度0.84）。,傷寒論輯義:p1331,,,,,,,,,,,,
REL_04020,SHL_SONGBEN_0116,clause,CR_JIYI_0109,commentary,commentary_support,丹波元簡《傷寒論輯義》對本條有注（對齊相似度0.67）。,傷寒論輯義:p1342,,,,,,,,,,,,
REL_04021,SHL_SONGBEN_0117,clause,CR_JIYI_0110,commentary,commentary_support,丹波元簡《傷寒論輯義》對本條有注（對齊相似度0.80）。,傷寒論輯義:p1349,,,,,,,,,,,,
REL_04022,SHL_SONGBEN_0118,clause,CR_JIYI_0111,commentary,commentary_support,丹波元簡《傷寒論輯義》對本條有注（對齊相似度1.00）。,傷寒論輯義:p1361,,,,,,,,,,,,
REL_04023,SHL_SONGBEN_0119,clause,CR_JIYI_0112,commentary,commentary_support,丹波元簡《傷寒論輯義》對本條有注（對齊相似度1.00）。,傷寒論輯義:p1370,,,,,,,,,,,,
REL_04024,SHL_SONGBEN_0120,clause,CR_JIYI_0113,commentary,commentary_support,丹波元簡《傷寒論輯義》對本條有注（對齊相似度0.96）。,傷寒論輯義:p1372,,,,,,,,,,,,
REL_04025,SHL_SONGBEN_0121,clause,CR_JIYI_0114,commentary,commentary_support,丹波元簡《傷寒論輯義》對本條有注（對齊相似度1.00）。,傷寒論輯義:p1381,,,,,,,,,,,,
REL_04026,SHL_SONGBEN_0122,clause,CR_JIYI_0115,commentary,commentary_support,丹波元簡《傷寒論輯義》對本條有注（對齊相似度0.95）。,傷寒論輯義:p1384,,,,,,,,,,,,
REL_04027,SHL_SONGBEN_0123,clause,CR_JIYI_0116,commentary,commentary_support,丹波元簡《傷寒論輯義》對本條有注（對齊相似度0.66）。,傷寒論輯義:p1387,,,,,,,,,,,,
REL_04028,SHL_SONGBEN_0124,clause,CR_JIYI_0117,commentary,commentary_support,丹波元簡《傷寒論輯義》對本條有注（對齊相似度0.93）。,傷寒論輯義:p1401,,,,,,,,,,,,
REL_04029,SHL_SONGBEN_0125,clause,CR_JIYI_0118,commentary,commentary_support,丹波元簡《傷寒論輯義》對本條有注（對齊相似度0.94）。,傷寒論輯義:p1416,,,,,,,,,,,,
REL_04030,SHL_SONGBEN_0126,clause,CR_JIYI_0119,commentary,commentary_support,丹波元簡《傷寒論輯義》對本條有注（對齊相似度0.88）。,傷寒論輯義:p1422,,,,,,,,,,,,
REL_04031,SHL_SONGBEN_0127,clause,CR_JIYI_0120,commentary,commentary_support,丹波元簡《傷寒論輯義》對本條有注（對齊相似度0.91）。,傷寒論輯義:p1432,,,,,,,,,,,,
REL_04032,SHL_SONGBEN_0130,clause,CR_JIYI_0121,commentary,commentary_support,丹波元簡《傷寒論輯義》對本條有注（對齊相似度0.86）。,傷寒論輯義:p1446,,,,,,,,,,,,
REL_04033,SHL_SONGBEN_0132,clause,CR_JIYI_0122,commentary,commentary_support,丹波元簡《傷寒論輯義》對本條有注（對齊相似度1.00）。,傷寒論輯義:p1472,,,,,,,,,,,,
REL_04034,SHL_SONGBEN_0133,clause,CR_JIYI_0123,commentary,commentary_support,丹波元簡《傷寒論輯義》對本條有注（對齊相似度1.00）。,傷寒論輯義:p1479,,,,,,,,,,,,
REL_04035,SHL_SONGBEN_0135,clause,CR_JIYI_0124,commentary,commentary_support,丹波元簡《傷寒論輯義》對本條有注（對齊相似度0.92）。,傷寒論輯義:p1507,,,,,,,,,,,,
REL_04036,SHL_SONGBEN_0136,clause,CR_JIYI_0125,commentary,commentary_support,丹波元簡《傷寒論輯義》對本條有注（對齊相似度0.86）。,傷寒論輯義:p1510,,,,,,,,,,,,
REL_04037,SHL_SONGBEN_0137,clause,CR_JIYI_0126,commentary,commentary_support,丹波元簡《傷寒論輯義》對本條有注（對齊相似度0.66）。,傷寒論輯義:p1512,,,,,,,,,,,,
REL_04038,SHL_SONGBEN_0138,clause,CR_JIYI_0127,commentary,commentary_support,丹波元簡《傷寒論輯義》對本條有注（對齊相似度1.00）。,傷寒論輯義:p1516,,,,,,,,,,,,
REL_04039,SHL_SONGBEN_0139,clause,CR_JIYI_0128,commentary,commentary_support,丹波元簡《傷寒論輯義》對本條有注（對齊相似度0.81）。,傷寒論輯義:p1544,,,,,,,,,,,,
REL_04040,SHL_SONGBEN_0140,clause,CR_JIYI_0129,commentary,commentary_support,丹波元簡《傷寒論輯義》對本條有注（對齊相似度0.68）。,傷寒論輯義:p1554,,,,,,,,,,,,
REL_04041,SHL_SONGBEN_0142,clause,CR_JIYI_0130,commentary,commentary_support,丹波元簡《傷寒論輯義》對本條有注（對齊相似度0.92）。,傷寒論輯義:p1598,,,,,,,,,,,,
REL_04042,SHL_SONGBEN_0171,clause,CR_JIYI_0131,commentary,commentary_support,丹波元簡《傷寒論輯義》對本條有注（對齊相似度0.69）。,傷寒論輯義:p1602,,,,,,,,,,,,
REL_04043,SHL_SONGBEN_0143,clause,CR_JIYI_0132,commentary,commentary_support,丹波元簡《傷寒論輯義》對本條有注（對齊相似度0.67）。,傷寒論輯義:p1609,,,,,,,,,,,,
REL_04044,SHL_SONGBEN_0144,clause,CR_JIYI_0133,commentary,commentary_support,丹波元簡《傷寒論輯義》對本條有注（對齊相似度0.92）。,傷寒論輯義:p1614,,,,,,,,,,,,
REL_04045,SHL_SONGBEN_0145,clause,CR_JIYI_0134,commentary,commentary_support,丹波元簡《傷寒論輯義》對本條有注（對齊相似度0.81）。,傷寒論輯義:p1620,,,,,,,,,,,,
REL_04046,SHL_SONGBEN_0146,clause,CR_JIYI_0135,commentary,commentary_support,丹波元簡《傷寒論輯義》對本條有注（對齊相似度0.95）。,傷寒論輯義:p1628,,,,,,,,,,,,
REL_04047,SHL_SONGBEN_0147,clause,CR_JIYI_0136,commentary,commentary_support,丹波元簡《傷寒論輯義》對本條有注（對齊相似度0.79）。,傷寒論輯義:p1639,,,,,,,,,,,,
REL_04048,SHL_SONGBEN_0149,clause,CR_JIYI_0137,commentary,commentary_support,丹波元簡《傷寒論輯義》對本條有注（對齊相似度0.90）。,傷寒論輯義:p1663,,,,,,,,,,,,
REL_04049,SHL_SONGBEN_0150,clause,CR_JIYI_0138,commentary,commentary_support,丹波元簡《傷寒論輯義》對本條有注（對齊相似度0.65）。,傷寒論輯義:p1686,,,,,,,,,,,,
REL_04050,SHL_SONGBEN_0151,clause,CR_JIYI_0139,commentary,commentary_support,丹波元簡《傷寒論輯義》對本條有注（對齊相似度0.91）。,傷寒論輯義:p1691,,,,,,,,,,,,
REL_04051,SHL_SONGBEN_0152,clause,CR_JIYI_0140,commentary,commentary_support,丹波元簡《傷寒論輯義》對本條有注（對齊相似度0.85）。,傷寒論輯義:p1696,,,,,,,,,,,,
REL_04052,SHL_SONGBEN_0153,clause,CR_JIYI_0141,commentary,commentary_support,丹波元簡《傷寒論輯義》對本條有注（對齊相似度0.80）。,傷寒論輯義:p1722,,,,,,,,,,,,
REL_04053,SHL_SONGBEN_0154,clause,CR_JIYI_0142,commentary,commentary_support,丹波元簡《傷寒論輯義》對本條有注（對齊相似度1.00）。,傷寒論輯義:p1728,,,,,,,,,,,,
REL_04054,SHL_SONGBEN_0155,clause,CR_JIYI_0143,commentary,commentary_support,丹波元簡《傷寒論輯義》對本條有注（對齊相似度1.00）。,傷寒論輯義:p1751,,,,,,,,,,,,
REL_04055,SHL_SONGBEN_0158,clause,CR_JIYI_0144,commentary,commentary_support,丹波元簡《傷寒論輯義》對本條有注（對齊相似度0.68）。,傷寒論輯義:p1773,,,,,,,,,,,,
REL_04056,SHL_SONGBEN_0159,clause,CR_JIYI_0145,commentary,commentary_support,丹波元簡《傷寒論輯義》對本條有注（對齊相似度0.90）。,傷寒論輯義:p1787,,,,,,,,,,,,
REL_04057,SHL_SONGBEN_0160,clause,CR_JIYI_0146,commentary,commentary_support,丹波元簡《傷寒論輯義》對本條有注（對齊相似度0.92）。,傷寒論輯義:p1799,,,,,,,,,,,,
REL_04058,SHL_SONGBEN_0161,clause,CR_JIYI_0147,commentary,commentary_support,丹波元簡《傷寒論輯義》對本條有注（對齊相似度0.79）。,傷寒論輯義:p1806,,,,,,,,,,,,
REL_04059,SHL_SONGBEN_0163,clause,CR_JIYI_0148,commentary,commentary_support,丹波元簡《傷寒論輯義》對本條有注（對齊相似度0.84）。,傷寒論輯義:p1824,,,,,,,,,,,,
REL_04060,SHL_SONGBEN_0164,clause,CR_JIYI_0149,commentary,commentary_support,丹波元簡《傷寒論輯義》對本條有注（對齊相似度0.88）。,傷寒論輯義:p1836,,,,,,,,,,,,
REL_04061,SHL_SONGBEN_0165,clause,CR_JIYI_0150,commentary,commentary_support,丹波元簡《傷寒論輯義》對本條有注（對齊相似度0.91）。,傷寒論輯義:p1841,,,,,,,,,,,,
REL_04062,SHL_SONGBEN_0166,clause,CR_JIYI_0151,commentary,commentary_support,丹波元簡《傷寒論輯義》對本條有注（對齊相似度0.89）。,傷寒論輯義:p1846,,,,,,,,,,,,
REL_04063,SHL_SONGBEN_0167,clause,CR_JIYI_0152,commentary,commentary_support,丹波元簡《傷寒論輯義》對本條有注（對齊相似度0.82）。,傷寒論輯義:p1870,,,,,,,,,,,,
REL_04064,SHL_SONGBEN_0168,clause,CR_JIYI_0153,commentary,commentary_support,丹波元簡《傷寒論輯義》對本條有注（對齊相似度0.76）。,傷寒論輯義:p1873,,,,,,,,,,,,
REL_04065,SHL_SONGBEN_0169,clause,CR_JIYI_0154,commentary,commentary_support,丹波元簡《傷寒論輯義》對本條有注（對齊相似度1.00）。,傷寒論輯義:p1893,,,,,,,,,,,,
REL_04066,SHL_SONGBEN_0170,clause,CR_JIYI_0155,commentary,commentary_support,丹波元簡《傷寒論輯義》對本條有注（對齊相似度1.00）。,傷寒論輯義:p1897,,,,,,,,,,,,
REL_04067,SHL_SONGBEN_0171,clause,CR_JIYI_0131,commentary,commentary_support,丹波元簡《傷寒論輯義》對本條有注（對齊相似度0.73）。,傷寒論輯義:p1901,,,,,,,,,,,,
REL_04068,SHL_SONGBEN_0172,clause,CR_JIYI_0157,commentary,commentary_support,丹波元簡《傷寒論輯義》對本條有注（對齊相似度1.00）。,傷寒論輯義:p1907,,,,,,,,,,,,
REL_04069,SHL_SONGBEN_0173,clause,CR_JIYI_0158,commentary,commentary_support,丹波元簡《傷寒論輯義》對本條有注（對齊相似度1.00）。,傷寒論輯義:p1924,,,,,,,,,,,,
REL_04070,SHL_SONGBEN_0174,clause,CR_JIYI_0159,commentary,commentary_support,丹波元簡《傷寒論輯義》對本條有注（對齊相似度0.85）。,傷寒論輯義:p1936,,,,,,,,,,,,
REL_04071,SHL_SONGBEN_0175,clause,CR_JIYI_0160,commentary,commentary_support,丹波元簡《傷寒論輯義》對本條有注（對齊相似度1.00）。,傷寒論輯義:p1959,,,,,,,,,,,,
REL_04072,SHL_SONGBEN_0177,clause,CR_JIYI_0161,commentary,commentary_support,丹波元簡《傷寒論輯義》對本條有注（對齊相似度1.00）。,傷寒論輯義:p1997,,,,,,,,,,,,
REL_04073,SHL_SONGBEN_0178,clause,CR_JIYI_0162,commentary,commentary_support,丹波元簡《傷寒論輯義》對本條有注（對齊相似度0.90）。,傷寒論輯義:p2015,,,,,,,,,,,,
REL_04074,SHL_SONGBEN_0179,clause,CR_JIYI_0163,commentary,commentary_support,丹波元簡《傷寒論輯義》對本條有注（對齊相似度0.93）。,傷寒論輯義:p2026,,,,,,,,,,,,
REL_04075,SHL_SONGBEN_0180,clause,CR_JIYI_0164,commentary,commentary_support,丹波元簡《傷寒論輯義》對本條有注（對齊相似度1.00）。,傷寒論輯義:p2032,,,,,,,,,,,,
REL_04076,SHL_SONGBEN_0181,clause,CR_JIYI_0165,commentary,commentary_support,丹波元簡《傷寒論輯義》對本條有注（對齊相似度0.78）。,傷寒論輯義:p2036,,,,,,,,,,,,
REL_04077,SHL_SONGBEN_0182,clause,CR_JIYI_0166,commentary,commentary_support,丹波元簡《傷寒論輯義》對本條有注（對齊相似度1.00）。,傷寒論輯義:p2042,,,,,,,,,,,,
REL_04078,SHL_SONGBEN_0183,clause,CR_JIYI_0167,commentary,commentary_support,丹波元簡《傷寒論輯義》對本條有注（對齊相似度1.00）。,傷寒論輯義:p2047,,,,,,,,,,,,
REL_04079,SHL_SONGBEN_0184,clause,CR_JIYI_0168,commentary,commentary_support,丹波元簡《傷寒論輯義》對本條有注（對齊相似度1.00）。,傷寒論輯義:p2050,,,,,,,,,,,,
REL_04080,SHL_SONGBEN_0185,clause,CR_JIYI_0169,commentary,commentary_support,丹波元簡《傷寒論輯義》對本條有注（對齊相似度0.67）。,傷寒論輯義:p2054,,,,,,,,,,,,
REL_04081,SHL_SONGBEN_0185,clause,CR_JIYI_0169,commentary,commentary_support,丹波元簡《傷寒論輯義》對本條有注（對齊相似度0.66）。,傷寒論輯義:p2059,,,,,,,,,,,,
REL_04082,SHL_SONGBEN_0186,clause,CR_JIYI_0171,commentary,commentary_support,丹波元簡《傷寒論輯義》對本條有注（對齊相似度1.00）。,傷寒論輯義:p2061,,,,,,,,,,,,
REL_04083,SHL_SONGBEN_0187,clause,CR_JIYI_0172,commentary,commentary_support,丹波元簡《傷寒論輯義》對本條有注（對齊相似度0.84）。,傷寒論輯義:p2064,,,,,,,,,,,,
REL_04084,SHL_SONGBEN_0278,clause,CR_JIYI_0173,commentary,commentary_support,丹波元簡《傷寒論輯義》對本條有注（對齊相似度0.85）。,傷寒論輯義:p2069,,,,,,,,,,,,
REL_04085,SHL_SONGBEN_0189,clause,CR_JIYI_0174,commentary,commentary_support,丹波元簡《傷寒論輯義》對本條有注（對齊相似度0.81）。,傷寒論輯義:p2072,,,,,,,,,,,,
REL_04086,SHL_SONGBEN_0190,clause,CR_JIYI_0175,commentary,commentary_support,丹波元簡《傷寒論輯義》對本條有注（對齊相似度1.00）。,傷寒論輯義:p2080,,,,,,,,,,,,
REL_04087,SHL_SONGBEN_0191,clause,CR_JIYI_0176,commentary,commentary_support,丹波元簡《傷寒論輯義》對本條有注（對齊相似度0.92）。,傷寒論輯義:p2084,,,,,,,,,,,,
REL_04088,SHL_SONGBEN_0192,clause,CR_JIYI_0177,commentary,commentary_support,丹波元簡《傷寒論輯義》對本條有注（對齊相似度0.80）。,傷寒論輯義:p2088,,,,,,,,,,,,
REL_04089,SHL_SONGBEN_0193,clause,CR_JIYI_0178,commentary,commentary_support,丹波元簡《傷寒論輯義》對本條有注（對齊相似度1.00）。,傷寒論輯義:p2098,,,,,,,,,,,,
REL_04090,SHL_SONGBEN_0194,clause,CR_JIYI_0179,commentary,commentary_support,丹波元簡《傷寒論輯義》對本條有注（對齊相似度1.00）。,傷寒論輯義:p2100,,,,,,,,,,,,
REL_04091,SHL_SONGBEN_0195,clause,CR_JIYI_0180,commentary,commentary_support,丹波元簡《傷寒論輯義》對本條有注（對齊相似度0.73）。,傷寒論輯義:p2103,,,,,,,,,,,,
REL_04092,SHL_SONGBEN_0196,clause,CR_JIYI_0181,commentary,commentary_support,丹波元簡《傷寒論輯義》對本條有注（對齊相似度1.00）。,傷寒論輯義:p2109,,,,,,,,,,,,
REL_04093,SHL_SONGBEN_0197,clause,CR_JIYI_0182,commentary,commentary_support,丹波元簡《傷寒論輯義》對本條有注（對齊相似度0.88）。,傷寒論輯義:p2114,,,,,,,,,,,,
REL_04094,SHL_SONGBEN_0198,clause,CR_JIYI_0183,commentary,commentary_support,丹波元簡《傷寒論輯義》對本條有注（對齊相似度0.84）。,傷寒論輯義:p2118,,,,,,,,,,,,
REL_04095,SHL_SONGBEN_0199,clause,CR_JIYI_0184,commentary,commentary_support,丹波元簡《傷寒論輯義》對本條有注（對齊相似度0.91）。,傷寒論輯義:p2122,,,,,,,,,,,,
REL_04096,SHL_SONGBEN_0200,clause,CR_JIYI_0185,commentary,commentary_support,丹波元簡《傷寒論輯義》對本條有注（對齊相似度1.00）。,傷寒論輯義:p2126,,,,,,,,,,,,
REL_04097,SHL_SONGBEN_0201,clause,CR_JIYI_0186,commentary,commentary_support,丹波元簡《傷寒論輯義》對本條有注（對齊相似度1.00）。,傷寒論輯義:p2131,,,,,,,,,,,,
REL_04098,SHL_SONGBEN_0202,clause,CR_JIYI_0187,commentary,commentary_support,丹波元簡《傷寒論輯義》對本條有注（對齊相似度0.87）。,傷寒論輯義:p2137,,,,,,,,,,,,
REL_04099,SHL_SONGBEN_0203,clause,CR_JIYI_0188,commentary,commentary_support,丹波元簡《傷寒論輯義》對本條有注（對齊相似度0.81）。,傷寒論輯義:p2141,,,,,,,,,,,,
REL_04100,SHL_SONGBEN_0204,clause,CR_JIYI_0189,commentary,commentary_support,丹波元簡《傷寒論輯義》對本條有注（對齊相似度1.00）。,傷寒論輯義:p2144,,,,,,,,,,,,
REL_04101,SHL_SONGBEN_0205,clause,CR_JIYI_0190,commentary,commentary_support,丹波元簡《傷寒論輯義》對本條有注（對齊相似度0.82）。,傷寒論輯義:p2149,,,,,,,,,,,,
REL_04102,SHL_SONGBEN_0206,clause,CR_JIYI_0191,commentary,commentary_support,丹波元簡《傷寒論輯義》對本條有注（對齊相似度0.64）。,傷寒論輯義:p2157,,,,,,,,,,,,
REL_04103,SHL_SONGBEN_0207,clause,CR_JIYI_0192,commentary,commentary_support,丹波元簡《傷寒論輯義》對本條有注（對齊相似度1.00）。,傷寒論輯義:p2162,,,,,,,,,,,,
REL_04104,SHL_SONGBEN_0208,clause,CR_JIYI_0193,commentary,commentary_support,丹波元簡《傷寒論輯義》對本條有注（對齊相似度0.74）。,傷寒論輯義:p2165,,,,,,,,,,,,
REL_04105,SHL_SONGBEN_0209,clause,CR_JIYI_0194,commentary,commentary_support,丹波元簡《傷寒論輯義》對本條有注（對齊相似度0.89）。,傷寒論輯義:p2226,,,,,,,,,,,,
REL_04106,SHL_SONGBEN_0210,clause,CR_JIYI_0195,commentary,commentary_support,丹波元簡《傷寒論輯義》對本條有注（對齊相似度0.88）。,傷寒論輯義:p2242,,,,,,,,,,,,
REL_04107,SHL_SONGBEN_0211,clause,CR_JIYI_0196,commentary,commentary_support,丹波元簡《傷寒論輯義》對本條有注（對齊相似度1.00）。,傷寒論輯義:p2256,,,,,,,,,,,,
REL_04108,SHL_SONGBEN_0213,clause,CR_JIYI_0197,commentary,commentary_support,丹波元簡《傷寒論輯義》對本條有注（對齊相似度0.92）。,傷寒論輯義:p2272,,,,,,,,,,,,
REL_04109,SHL_SONGBEN_0214,clause,CR_JIYI_0198,commentary,commentary_support,丹波元簡《傷寒論輯義》對本條有注（對齊相似度0.70）。,傷寒論輯義:p2275,,,,,,,,,,,,
REL_04110,SHL_SONGBEN_0215,clause,CR_JIYI_0199,commentary,commentary_support,丹波元簡《傷寒論輯義》對本條有注（對齊相似度0.91）。,傷寒論輯義:p2282,,,,,,,,,,,,
REL_04111,SHL_SONGBEN_0218,clause,CR_JIYI_0200,commentary,commentary_support,丹波元簡《傷寒論輯義》對本條有注（對齊相似度0.88）。,傷寒論輯義:p2306,,,,,,,,,,,,
REL_04112,SHL_SONGBEN_0219,clause,CR_JIYI_0201,commentary,commentary_support,丹波元簡《傷寒論輯義》對本條有注（對齊相似度0.70）。,傷寒論輯義:p2310,,,,,,,,,,,,
REL_04113,SHL_SONGBEN_0220,clause,CR_JIYI_0202,commentary,commentary_support,丹波元簡《傷寒論輯義》對本條有注（對齊相似度0.84）。,傷寒論輯義:p2319,,,,,,,,,,,,
REL_04114,SHL_SONGBEN_0221,clause,CR_JIYI_0203,commentary,commentary_support,丹波元簡《傷寒論輯義》對本條有注（對齊相似度0.82）。,傷寒論輯義:p2322,,,,,,,,,,,,
REL_04115,SHL_SONGBEN_0223,clause,CR_JIYI_0204,commentary,commentary_support,丹波元簡《傷寒論輯義》對本條有注（對齊相似度0.77）。,傷寒論輯義:p2334,,,,,,,,,,,,
REL_04116,SHL_SONGBEN_0224,clause,CR_JIYI_0205,commentary,commentary_support,丹波元簡《傷寒論輯義》對本條有注（對齊相似度1.00）。,傷寒論輯義:p2339,,,,,,,,,,,,
REL_04117,SHL_SONGBEN_0225,clause,CR_JIYI_0206,commentary,commentary_support,丹波元簡《傷寒論輯義》對本條有注（對齊相似度0.88）。,傷寒論輯義:p2344,,,,,,,,,,,,
REL_04118,SHL_SONGBEN_0227,clause,CR_JIYI_0207,commentary,commentary_support,丹波元簡《傷寒論輯義》對本條有注（對齊相似度1.00）。,傷寒論輯義:p2352,,,,,,,,,,,,
REL_04119,SHL_SONGBEN_0228,clause,CR_JIYI_0208,commentary,commentary_support,丹波元簡《傷寒論輯義》對本條有注（對齊相似度0.95）。,傷寒論輯義:p2357,,,,,,,,,,,,
REL_04120,SHL_SONGBEN_0229,clause,CR_JIYI_0209,commentary,commentary_support,丹波元簡《傷寒論輯義》對本條有注（對齊相似度0.72）。,傷寒論輯義:p2360,,,,,,,,,,,,
REL_04121,SHL_SONGBEN_0230,clause,CR_JIYI_0210,commentary,commentary_support,丹波元簡《傷寒論輯義》對本條有注（對齊相似度0.81）。,傷寒論輯義:p2365,,,,,,,,,,,,
REL_04122,SHL_SONGBEN_0231,clause,CR_JIYI_0211,commentary,commentary_support,丹波元簡《傷寒論輯義》對本條有注（對齊相似度0.62）。,傷寒論輯義:p2369,,,,,,,,,,,,
REL_04123,SHL_SONGBEN_0233,clause,CR_JIYI_0212,commentary,commentary_support,丹波元簡《傷寒論輯義》對本條有注（對齊相似度0.81）。,傷寒論輯義:p2378,,,,,,,,,,,,
REL_04124,SHL_SONGBEN_0234,clause,CR_JIYI_0213,commentary,commentary_support,丹波元簡《傷寒論輯義》對本條有注（對齊相似度1.00）。,傷寒論輯義:p2410,,,,,,,,,,,,
REL_04125,SHL_SONGBEN_0235,clause,CR_JIYI_0214,commentary,commentary_support,丹波元簡《傷寒論輯義》對本條有注（對齊相似度1.00）。,傷寒論輯義:p2414,,,,,,,,,,,,
REL_04126,SHL_SONGBEN_0236,clause,CR_JIYI_0215,commentary,commentary_support,丹波元簡《傷寒論輯義》對本條有注（對齊相似度0.84）。,傷寒論輯義:p2417,,,,,,,,,,,,
REL_04127,SHL_SONGBEN_0237,clause,CR_JIYI_0216,commentary,commentary_support,丹波元簡《傷寒論輯義》對本條有注（對齊相似度0.82）。,傷寒論輯義:p2432,,,,,,,,,,,,
REL_04128,SHL_SONGBEN_0238,clause,CR_JIYI_0217,commentary,commentary_support,丹波元簡《傷寒論輯義》對本條有注（對齊相似度0.82）。,傷寒論輯義:p2439,,,,,,,,,,,,
REL_04129,SHL_SONGBEN_0239,clause,CR_JIYI_0218,commentary,commentary_support,丹波元簡《傷寒論輯義》對本條有注（對齊相似度0.92）。,傷寒論輯義:p2443,,,,,,,,,,,,
REL_04130,SHL_SONGBEN_0240,clause,CR_JIYI_0219,commentary,commentary_support,丹波元簡《傷寒論輯義》對本條有注（對齊相似度0.95）。,傷寒論輯義:p2446,,,,,,,,,,,,
REL_04131,SHL_SONGBEN_0241,clause,CR_JIYI_0220,commentary,commentary_support,丹波元簡《傷寒論輯義》對本條有注（對齊相似度1.00）。,傷寒論輯義:p2449,,,,,,,,,,,,
REL_04132,SHL_SONGBEN_0242,clause,CR_JIYI_0221,commentary,commentary_support,丹波元簡《傷寒論輯義》對本條有注（對齊相似度0.93）。,傷寒論輯義:p2457,,,,,,,,,,,,
REL_04133,SHL_SONGBEN_0243,clause,CR_JIYI_0222,commentary,commentary_support,丹波元簡《傷寒論輯義》對本條有注（對齊相似度1.00）。,傷寒論輯義:p2462,,,,,,,,,,,,
REL_04134,SHL_SONGBEN_0244,clause,CR_JIYI_0223,commentary,commentary_support,丹波元簡《傷寒論輯義》對本條有注（對齊相似度0.98）。,傷寒論輯義:p2478,,,,,,,,,,,,
REL_04135,SHL_SONGBEN_0245,clause,CR_JIYI_0224,commentary,commentary_support,丹波元簡《傷寒論輯義》對本條有注（對齊相似度0.72）。,傷寒論輯義:p2483,,,,,,,,,,,,
REL_04136,SHL_SONGBEN_0246,clause,CR_JIYI_0225,commentary,commentary_support,丹波元簡《傷寒論輯義》對本條有注（對齊相似度1.00）。,傷寒論輯義:p2488,,,,,,,,,,,,
REL_04137,SHL_SONGBEN_0247,clause,CR_JIYI_0226,commentary,commentary_support,丹波元簡《傷寒論輯義》對本條有注（對齊相似度0.76）。,傷寒論輯義:p2491,,,,,,,,,,,,
REL_04138,SHL_SONGBEN_0248,clause,CR_JIYI_0227,commentary,commentary_support,丹波元簡《傷寒論輯義》對本條有注（對齊相似度1.00）。,傷寒論輯義:p2508,,,,,,,,,,,,
REL_04139,SHL_SONGBEN_0249,clause,CR_JIYI_0228,commentary,commentary_support,丹波元簡《傷寒論輯義》對本條有注（對齊相似度1.00）。,傷寒論輯義:p2511,,,,,,,,,,,,
REL_04140,SHL_SONGBEN_0251,clause,CR_JIYI_0229,commentary,commentary_support,丹波元簡《傷寒論輯義》對本條有注（對齊相似度0.87）。,傷寒論輯義:p2516,,,,,,,,,,,,
REL_04141,SHL_SONGBEN_0252,clause,CR_JIYI_0230,commentary,commentary_support,丹波元簡《傷寒論輯義》對本條有注（對齊相似度0.94）。,傷寒論輯義:p2523,,,,,,,,,,,,
REL_04142,SHL_SONGBEN_0253,clause,CR_JIYI_0231,commentary,commentary_support,丹波元簡《傷寒論輯義》對本條有注（對齊相似度1.00）。,傷寒論輯義:p2530,,,,,,,,,,,,
REL_04143,SHL_SONGBEN_0254,clause,CR_JIYI_0232,commentary,commentary_support,丹波元簡《傷寒論輯義》對本條有注（對齊相似度1.00）。,傷寒論輯義:p2532,,,,,,,,,,,,
REL_04144,SHL_SONGBEN_0255,clause,CR_JIYI_0233,commentary,commentary_support,丹波元簡《傷寒論輯義》對本條有注（對齊相似度1.00）。,傷寒論輯義:p2536,,,,,,,,,,,,
REL_04145,SHL_SONGBEN_0256,clause,CR_JIYI_0234,commentary,commentary_support,丹波元簡《傷寒論輯義》對本條有注（對齊相似度0.71）。,傷寒論輯義:p2542,,,,,,,,,,,,
REL_04146,SHL_SONGBEN_0259,clause,CR_JIYI_0235,commentary,commentary_support,丹波元簡《傷寒論輯義》對本條有注（對齊相似度0.94）。,傷寒論輯義:p2554,,,,,,,,,,,,
REL_04147,SHL_SONGBEN_0260,clause,CR_JIYI_0236,commentary,commentary_support,丹波元簡《傷寒論輯義》對本條有注（對齊相似度1.00）。,傷寒論輯義:p2556,,,,,,,,,,,,
REL_04148,SHL_SONGBEN_0261,clause,CR_JIYI_0237,commentary,commentary_support,丹波元簡《傷寒論輯義》對本條有注（對齊相似度1.00）。,傷寒論輯義:p2559,,,,,,,,,,,,
REL_04149,SHL_SONGBEN_0262,clause,CR_JIYI_0238,commentary,commentary_support,丹波元簡《傷寒論輯義》對本條有注（對齊相似度0.89）。,傷寒論輯義:p2566,,,,,,,,,,,,
REL_04150,SHL_SONGBEN_0263,clause,CR_JIYI_0239,commentary,commentary_support,丹波元簡《傷寒論輯義》對本條有注（對齊相似度1.00）。,傷寒論輯義:p2579,,,,,,,,,,,,
REL_04151,SHL_SONGBEN_0264,clause,CR_JIYI_0240,commentary,commentary_support,丹波元簡《傷寒論輯義》對本條有注（對齊相似度1.00）。,傷寒論輯義:p2585,,,,,,,,,,,,
REL_04152,SHL_SONGBEN_0265,clause,CR_JIYI_0241,commentary,commentary_support,丹波元簡《傷寒論輯義》對本條有注（對齊相似度1.00）。,傷寒論輯義:p2587,,,,,,,,,,,,
REL_04153,SHL_SONGBEN_0267,clause,CR_JIYI_0242,commentary,commentary_support,丹波元簡《傷寒論輯義》對本條有注（對齊相似度0.85）。,傷寒論輯義:p2594,,,,,,,,,,,,
REL_04154,SHL_SONGBEN_0269,clause,CR_JIYI_0243,commentary,commentary_support,丹波元簡《傷寒論輯義》對本條有注（對齊相似度1.00）。,傷寒論輯義:p2603,,,,,,,,,,,,
REL_04155,SHL_SONGBEN_0270,clause,CR_JIYI_0244,commentary,commentary_support,丹波元簡《傷寒論輯義》對本條有注（對齊相似度1.00）。,傷寒論輯義:p2609,,,,,,,,,,,,
REL_04156,SHL_SONGBEN_0271,clause,CR_JIYI_0245,commentary,commentary_support,丹波元簡《傷寒論輯義》對本條有注（對齊相似度1.00）。,傷寒論輯義:p2611,,,,,,,,,,,,
REL_04157,SHL_SONGBEN_0272,clause,CR_JIYI_0246,commentary,commentary_support,丹波元簡《傷寒論輯義》對本條有注（對齊相似度1.00）。,傷寒論輯義:p2614,,,,,,,,,,,,
REL_04158,SHL_SONGBEN_0273,clause,CR_JIYI_0247,commentary,commentary_support,丹波元簡《傷寒論輯義》對本條有注（對齊相似度0.87）。,傷寒論輯義:p2616,,,,,,,,,,,,
REL_04159,SHL_SONGBEN_0274,clause,CR_JIYI_0248,commentary,commentary_support,丹波元簡《傷寒論輯義》對本條有注（對齊相似度0.80）。,傷寒論輯義:p2626,,,,,,,,,,,,
REL_04160,SHL_SONGBEN_0275,clause,CR_JIYI_0249,commentary,commentary_support,丹波元簡《傷寒論輯義》對本條有注（對齊相似度1.00）。,傷寒論輯義:p2630,,,,,,,,,,,,
REL_04161,SHL_SONGBEN_0276,clause,CR_JIYI_0250,commentary,commentary_support,丹波元簡《傷寒論輯義》對本條有注（對齊相似度1.00）。,傷寒論輯義:p2633,,,,,,,,,,,,
REL_04162,SHL_SONGBEN_0277,clause,CR_JIYI_0251,commentary,commentary_support,丹波元簡《傷寒論輯義》對本條有注（對齊相似度1.00）。,傷寒論輯義:p2638,,,,,,,,,,,,
REL_04163,SHL_SONGBEN_0278,clause,CR_JIYI_0173,commentary,commentary_support,丹波元簡《傷寒論輯義》對本條有注（對齊相似度0.75）。,傷寒論輯義:p2642,,,,,,,,,,,,
REL_04164,SHL_SONGBEN_0279,clause,CR_JIYI_0253,commentary,commentary_support,丹波元簡《傷寒論輯義》對本條有注（對齊相似度1.00）。,傷寒論輯義:p2648,,,,,,,,,,,,
REL_04165,SHL_SONGBEN_0280,clause,CR_JIYI_0254,commentary,commentary_support,丹波元簡《傷寒論輯義》對本條有注（對齊相似度1.00）。,傷寒論輯義:p2671,,,,,,,,,,,,
REL_04166,SHL_SONGBEN_0281,clause,CR_JIYI_0255,commentary,commentary_support,丹波元簡《傷寒論輯義》對本條有注（對齊相似度1.00）。,傷寒論輯義:p2676,,,,,,,,,,,,
REL_04167,SHL_SONGBEN_0282,clause,CR_JIYI_0256,commentary,commentary_support,丹波元簡《傷寒論輯義》對本條有注（對齊相似度0.90）。,傷寒論輯義:p2680,,,,,,,,,,,,
REL_04168,SHL_SONGBEN_0283,clause,CR_JIYI_0257,commentary,commentary_support,丹波元簡《傷寒論輯義》對本條有注（對齊相似度0.92）。,傷寒論輯義:p2690,,,,,,,,,,,,
REL_04169,SHL_SONGBEN_0284,clause,CR_JIYI_0258,commentary,commentary_support,丹波元簡《傷寒論輯義》對本條有注（對齊相似度0.77）。,傷寒論輯義:p2697,,,,,,,,,,,,
REL_04170,SHL_SONGBEN_0285,clause,CR_JIYI_0259,commentary,commentary_support,丹波元簡《傷寒論輯義》對本條有注（對齊相似度0.86）。,傷寒論輯義:p2702,,,,,,,,,,,,
REL_04171,SHL_SONGBEN_0286,clause,CR_JIYI_0260,commentary,commentary_support,丹波元簡《傷寒論輯義》對本條有注（對齊相似度0.79）。,傷寒論輯義:p2705,,,,,,,,,,,,
REL_04172,SHL_SONGBEN_0287,clause,CR_JIYI_0261,commentary,commentary_support,丹波元簡《傷寒論輯義》對本條有注（對齊相似度1.00）。,傷寒論輯義:p2709,,,,,,,,,,,,
REL_04173,SHL_SONGBEN_0288,clause,CR_JIYI_0262,commentary,commentary_support,丹波元簡《傷寒論輯義》對本條有注（對齊相似度0.89）。,傷寒論輯義:p2713,,,,,,,,,,,,
REL_04174,SHL_SONGBEN_0289,clause,CR_JIYI_0263,commentary,commentary_support,丹波元簡《傷寒論輯義》對本條有注（對齊相似度0.88）。,傷寒論輯義:p2718,,,,,,,,,,,,
REL_04175,SHL_SONGBEN_0290,clause,CR_JIYI_0264,commentary,commentary_support,丹波元簡《傷寒論輯義》對本條有注（對齊相似度1.00）。,傷寒論輯義:p2722,,,,,,,,,,,,
REL_04176,SHL_SONGBEN_0291,clause,CR_JIYI_0265,commentary,commentary_support,丹波元簡《傷寒論輯義》對本條有注（對齊相似度1.00）。,傷寒論輯義:p2725,,,,,,,,,,,,
REL_04177,SHL_SONGBEN_0292,clause,CR_JIYI_0266,commentary,commentary_support,丹波元簡《傷寒論輯義》對本條有注（對齊相似度1.00）。,傷寒論輯義:p2727,,,,,,,,,,,,
REL_04178,SHL_SONGBEN_0293,clause,CR_JIYI_0267,commentary,commentary_support,丹波元簡《傷寒論輯義》對本條有注（對齊相似度1.00）。,傷寒論輯義:p2731,,,,,,,,,,,,
REL_04179,SHL_SONGBEN_0294,clause,CR_JIYI_0268,commentary,commentary_support,丹波元簡《傷寒論輯義》對本條有注（對齊相似度1.00）。,傷寒論輯義:p2734,,,,,,,,,,,,
REL_04180,SHL_SONGBEN_0295,clause,CR_JIYI_0269,commentary,commentary_support,丹波元簡《傷寒論輯義》對本條有注（對齊相似度0.87）。,傷寒論輯義:p2739,,,,,,,,,,,,
REL_04181,SHL_SONGBEN_0296,clause,CR_JIYI_0270,commentary,commentary_support,丹波元簡《傷寒論輯義》對本條有注（對齊相似度1.00）。,傷寒論輯義:p2741,,,,,,,,,,,,
REL_04182,SHL_SONGBEN_0297,clause,CR_JIYI_0271,commentary,commentary_support,丹波元簡《傷寒論輯義》對本條有注（對齊相似度1.00）。,傷寒論輯義:p2745,,,,,,,,,,,,
REL_04183,SHL_SONGBEN_0298,clause,CR_JIYI_0272,commentary,commentary_support,丹波元簡《傷寒論輯義》對本條有注（對齊相似度0.89）。,傷寒論輯義:p2748,,,,,,,,,,,,
REL_04184,SHL_SONGBEN_0299,clause,CR_JIYI_0273,commentary,commentary_support,丹波元簡《傷寒論輯義》對本條有注（對齊相似度1.00）。,傷寒論輯義:p2750,,,,,,,,,,,,
REL_04185,SHL_SONGBEN_0300,clause,CR_JIYI_0274,commentary,commentary_support,丹波元簡《傷寒論輯義》對本條有注（對齊相似度1.00）。,傷寒論輯義:p2752,,,,,,,,,,,,
REL_04186,SHL_SONGBEN_0301,clause,CR_JIYI_0275,commentary,commentary_support,丹波元簡《傷寒論輯義》對本條有注（對齊相似度1.00）。,傷寒論輯義:p2755,,,,,,,,,,,,
REL_04187,SHL_SONGBEN_0302,clause,CR_JIYI_0276,commentary,commentary_support,丹波元簡《傷寒論輯義》對本條有注（對齊相似度1.00）。,傷寒論輯義:p2770,,,,,,,,,,,,
REL_04188,SHL_SONGBEN_0303,clause,CR_JIYI_0277,commentary,commentary_support,丹波元簡《傷寒論輯義》對本條有注（對齊相似度1.00）。,傷寒論輯義:p2779,,,,,,,,,,,,
REL_04189,SHL_SONGBEN_0304,clause,CR_JIYI_0278,commentary,commentary_support,丹波元簡《傷寒論輯義》對本條有注（對齊相似度1.00）。,傷寒論輯義:p2789,,,,,,,,,,,,
REL_04190,SHL_SONGBEN_0305,clause,CR_JIYI_0279,commentary,commentary_support,丹波元簡《傷寒論輯義》對本條有注（對齊相似度1.00）。,傷寒論輯義:p2801,,,,,,,,,,,,
REL_04191,SHL_SONGBEN_0306,clause,CR_JIYI_0280,commentary,commentary_support,丹波元簡《傷寒論輯義》對本條有注（對齊相似度1.00）。,傷寒論輯義:p2805,,,,,,,,,,,,
REL_04192,SHL_SONGBEN_0306,clause,CR_JIYI_0280,commentary,commentary_support,丹波元簡《傷寒論輯義》對本條有注（對齊相似度0.74）。,傷寒論輯義:p2815,,,,,,,,,,,,
REL_04193,SHL_SONGBEN_0307,clause,CR_JIYI_0282,commentary,commentary_support,丹波元簡《傷寒論輯義》對本條有注（對齊相似度1.00）。,傷寒論輯義:p2824,,,,,,,,,,,,
REL_04194,SHL_SONGBEN_0308,clause,CR_JIYI_0283,commentary,commentary_support,丹波元簡《傷寒論輯義》對本條有注（對齊相似度1.00）。,傷寒論輯義:p2829,,,,,,,,,,,,
REL_04195,SHL_SONGBEN_0309,clause,CR_JIYI_0284,commentary,commentary_support,丹波元簡《傷寒論輯義》對本條有注（對齊相似度1.00）。,傷寒論輯義:p2833,,,,,,,,,,,,
REL_04196,SHL_SONGBEN_0310,clause,CR_JIYI_0285,commentary,commentary_support,丹波元簡《傷寒論輯義》對本條有注（對齊相似度1.00）。,傷寒論輯義:p2838,,,,,,,,,,,,
REL_04197,SHL_SONGBEN_0311,clause,CR_JIYI_0286,commentary,commentary_support,丹波元簡《傷寒論輯義》對本條有注（對齊相似度0.87）。,傷寒論輯義:p2852,,,,,,,,,,,,
REL_04198,SHL_SONGBEN_0312,clause,CR_JIYI_0287,commentary,commentary_support,丹波元簡《傷寒論輯義》對本條有注（對齊相似度1.00）。,傷寒論輯義:p2891,,,,,,,,,,,,
REL_04199,SHL_SONGBEN_0313,clause,CR_JIYI_0288,commentary,commentary_support,丹波元簡《傷寒論輯義》對本條有注（對齊相似度1.00）。,傷寒論輯義:p2903,,,,,,,,,,,,
REL_04200,SHL_SONGBEN_0314,clause,CR_JIYI_0289,commentary,commentary_support,丹波元簡《傷寒論輯義》對本條有注（對齊相似度1.00）。,傷寒論輯義:p2912,,,,,,,,,,,,
REL_04201,SHL_SONGBEN_0315,clause,CR_JIYI_0290,commentary,commentary_support,丹波元簡《傷寒論輯義》對本條有注（對齊相似度1.00）。,傷寒論輯義:p2923,,,,,,,,,,,,
REL_04202,SHL_SONGBEN_0316,clause,CR_JIYI_0291,commentary,commentary_support,丹波元簡《傷寒論輯義》對本條有注（對齊相似度0.81）。,傷寒論輯義:p2936,,,,,,,,,,,,
REL_04203,SHL_SONGBEN_0317,clause,CR_JIYI_0292,commentary,commentary_support,丹波元簡《傷寒論輯義》對本條有注（對齊相似度0.80）。,傷寒論輯義:p2956,,,,,,,,,,,,
REL_04204,SHL_SONGBEN_0318,clause,CR_JIYI_0293,commentary,commentary_support,丹波元簡《傷寒論輯義》對本條有注（對齊相似度0.93）。,傷寒論輯義:p2972,,,,,,,,,,,,
REL_04205,SHL_SONGBEN_0319,clause,CR_JIYI_0294,commentary,commentary_support,丹波元簡《傷寒論輯義》對本條有注（對齊相似度0.91）。,傷寒論輯義:p2986,,,,,,,,,,,,
REL_04206,SHL_SONGBEN_0282,clause,CR_JIYI_0256,commentary,commentary_support,丹波元簡《傷寒論輯義》對本條有注（對齊相似度0.83）。,傷寒論輯義:p2989,,,,,,,,,,,,
REL_04207,SHL_SONGBEN_0320,clause,CR_JIYI_0296,commentary,commentary_support,丹波元簡《傷寒論輯義》對本條有注（對齊相似度1.00）。,傷寒論輯義:p2991,,,,,,,,,,,,
REL_04208,SHL_SONGBEN_0321,clause,CR_JIYI_0297,commentary,commentary_support,丹波元簡《傷寒論輯義》對本條有注（對齊相似度0.86）。,傷寒論輯義:p2995,,,,,,,,,,,,
REL_04209,SHL_SONGBEN_0322,clause,CR_JIYI_0298,commentary,commentary_support,丹波元簡《傷寒論輯義》對本條有注（對齊相似度1.00）。,傷寒論輯義:p3005,,,,,,,,,,,,
REL_04210,SHL_SONGBEN_0323,clause,CR_JIYI_0299,commentary,commentary_support,丹波元簡《傷寒論輯義》對本條有注（對齊相似度1.00）。,傷寒論輯義:p3008,,,,,,,,,,,,
REL_04211,SHL_SONGBEN_0324,clause,CR_JIYI_0300,commentary,commentary_support,丹波元簡《傷寒論輯義》對本條有注（對齊相似度1.00）。,傷寒論輯義:p3010,,,,,,,,,,,,
REL_04212,SHL_SONGBEN_0325,clause,CR_JIYI_0301,commentary,commentary_support,丹波元簡《傷寒論輯義》對本條有注（對齊相似度0.76）。,傷寒論輯義:p3016,,,,,,,,,,,,
REL_04213,SHL_SONGBEN_0326,clause,CR_JIYI_0302,commentary,commentary_support,丹波元簡《傷寒論輯義》對本條有注（對齊相似度0.93）。,傷寒論輯義:p3025,,,,,,,,,,,,
REL_04214,SHL_SONGBEN_0327,clause,CR_JIYI_0303,commentary,commentary_support,丹波元簡《傷寒論輯義》對本條有注（對齊相似度1.00）。,傷寒論輯義:p3032,,,,,,,,,,,,
REL_04215,SHL_SONGBEN_0328,clause,CR_JIYI_0304,commentary,commentary_support,丹波元簡《傷寒論輯義》對本條有注（對齊相似度1.00）。,傷寒論輯義:p3034,,,,,,,,,,,,
REL_04216,SHL_SONGBEN_0329,clause,CR_JIYI_0305,commentary,commentary_support,丹波元簡《傷寒論輯義》對本條有注（對齊相似度1.00）。,傷寒論輯義:p3036,,,,,,,,,,,,
REL_04217,SHL_SONGBEN_0330,clause,CR_JIYI_0306,commentary,commentary_support,丹波元簡《傷寒論輯義》對本條有注（對齊相似度1.00）。,傷寒論輯義:p3040,,,,,,,,,,,,
REL_04218,SHL_SONGBEN_0331,clause,CR_JIYI_0307,commentary,commentary_support,丹波元簡《傷寒論輯義》對本條有注（對齊相似度1.00）。,傷寒論輯義:p3045,,,,,,,,,,,,
REL_04219,SHL_SONGBEN_0332,clause,CR_JIYI_0308,commentary,commentary_support,丹波元簡《傷寒論輯義》對本條有注（對齊相似度0.73）。,傷寒論輯義:p3049,,,,,,,,,,,,
REL_04220,SHL_SONGBEN_0333,clause,CR_JIYI_0309,commentary,commentary_support,丹波元簡《傷寒論輯義》對本條有注（對齊相似度1.00）。,傷寒論輯義:p3060,,,,,,,,,,,,
REL_04221,SHL_SONGBEN_0334,clause,CR_JIYI_0310,commentary,commentary_support,丹波元簡《傷寒論輯義》對本條有注（對齊相似度1.00）。,傷寒論輯義:p3065,,,,,,,,,,,,
REL_04222,SHL_SONGBEN_0335,clause,CR_JIYI_0311,commentary,commentary_support,丹波元簡《傷寒論輯義》對本條有注（對齊相似度1.00）。,傷寒論輯義:p3072,,,,,,,,,,,,
REL_04223,SHL_SONGBEN_0336,clause,CR_JIYI_0312,commentary,commentary_support,丹波元簡《傷寒論輯義》對本條有注（對齊相似度1.00）。,傷寒論輯義:p3078,,,,,,,,,,,,
REL_04224,SHL_SONGBEN_0337,clause,CR_JIYI_0313,commentary,commentary_support,丹波元簡《傷寒論輯義》對本條有注（對齊相似度1.00）。,傷寒論輯義:p3081,,,,,,,,,,,,
REL_04225,SHL_SONGBEN_0338,clause,CR_JIYI_0314,commentary,commentary_support,丹波元簡《傷寒論輯義》對本條有注（對齊相似度0.75）。,傷寒論輯義:p3083,,,,,,,,,,,,
REL_04226,SHL_SONGBEN_0339,clause,CR_JIYI_0315,commentary,commentary_support,丹波元簡《傷寒論輯義》對本條有注（對齊相似度0.96）。,傷寒論輯義:p3100,,,,,,,,,,,,
REL_04227,SHL_SONGBEN_0340,clause,CR_JIYI_0316,commentary,commentary_support,丹波元簡《傷寒論輯義》對本條有注（對齊相似度1.00）。,傷寒論輯義:p3105,,,,,,,,,,,,
REL_04228,SHL_SONGBEN_0341,clause,CR_JIYI_0317,commentary,commentary_support,丹波元簡《傷寒論輯義》對本條有注（對齊相似度1.00）。,傷寒論輯義:p3112,,,,,,,,,,,,
REL_04229,SHL_SONGBEN_0342,clause,CR_JIYI_0318,commentary,commentary_support,丹波元簡《傷寒論輯義》對本條有注（對齊相似度1.00）。,傷寒論輯義:p3117,,,,,,,,,,,,
REL_04230,SHL_SONGBEN_0343,clause,CR_JIYI_0319,commentary,commentary_support,丹波元簡《傷寒論輯義》對本條有注（對齊相似度1.00）。,傷寒論輯義:p3121,,,,,,,,,,,,
REL_04231,SHL_SONGBEN_0344,clause,CR_JIYI_0320,commentary,commentary_support,丹波元簡《傷寒論輯義》對本條有注（對齊相似度1.00）。,傷寒論輯義:p3127,,,,,,,,,,,,
REL_04232,SHL_SONGBEN_0345,clause,CR_JIYI_0321,commentary,commentary_support,丹波元簡《傷寒論輯義》對本條有注（對齊相似度1.00）。,傷寒論輯義:p3129,,,,,,,,,,,,
REL_04233,SHL_SONGBEN_0346,clause,CR_JIYI_0322,commentary,commentary_support,丹波元簡《傷寒論輯義》對本條有注（對齊相似度1.00）。,傷寒論輯義:p3132,,,,,,,,,,,,
REL_04234,SHL_SONGBEN_0347,clause,CR_JIYI_0323,commentary,commentary_support,丹波元簡《傷寒論輯義》對本條有注（對齊相似度1.00）。,傷寒論輯義:p3135,,,,,,,,,,,,
REL_04235,SHL_SONGBEN_0348,clause,CR_JIYI_0324,commentary,commentary_support,丹波元簡《傷寒論輯義》對本條有注（對齊相似度1.00）。,傷寒論輯義:p3138,,,,,,,,,,,,
REL_04236,SHL_SONGBEN_0349,clause,CR_JIYI_0325,commentary,commentary_support,丹波元簡《傷寒論輯義》對本條有注（對齊相似度1.00）。,傷寒論輯義:p3143,,,,,,,,,,,,
REL_04237,SHL_SONGBEN_0350,clause,CR_JIYI_0326,commentary,commentary_support,丹波元簡《傷寒論輯義》對本條有注（對齊相似度0.86）。,傷寒論輯義:p3146,,,,,,,,,,,,
REL_04238,SHL_SONGBEN_0351,clause,CR_JIYI_0327,commentary,commentary_support,丹波元簡《傷寒論輯義》對本條有注（對齊相似度1.00）。,傷寒論輯義:p3152,,,,,,,,,,,,
REL_04239,SHL_SONGBEN_0352,clause,CR_JIYI_0328,commentary,commentary_support,丹波元簡《傷寒論輯義》對本條有注（對齊相似度1.00）。,傷寒論輯義:p3161,,,,,,,,,,,,
REL_04240,SHL_SONGBEN_0353,clause,CR_JIYI_0329,commentary,commentary_support,丹波元簡《傷寒論輯義》對本條有注（對齊相似度1.00）。,傷寒論輯義:p3171,,,,,,,,,,,,
REL_04241,SHL_SONGBEN_0354,clause,CR_JIYI_0330,commentary,commentary_support,丹波元簡《傷寒論輯義》對本條有注（對齊相似度1.00）。,傷寒論輯義:p3174,,,,,,,,,,,,
REL_04242,SHL_SONGBEN_0355,clause,CR_JIYI_0331,commentary,commentary_support,丹波元簡《傷寒論輯義》對本條有注（對齊相似度0.94）。,傷寒論輯義:p3177,,,,,,,,,,,,
REL_04243,SHL_SONGBEN_0356,clause,CR_JIYI_0332,commentary,commentary_support,丹波元簡《傷寒論輯義》對本條有注（對齊相似度0.94）。,傷寒論輯義:p3181,,,,,,,,,,,,
REL_04244,SHL_SONGBEN_0357,clause,CR_JIYI_0333,commentary,commentary_support,丹波元簡《傷寒論輯義》對本條有注（對齊相似度0.91）。,傷寒論輯義:p3186,,,,,,,,,,,,
REL_04245,SHL_SONGBEN_0358,clause,CR_JIYI_0334,commentary,commentary_support,丹波元簡《傷寒論輯義》對本條有注（對齊相似度1.00）。,傷寒論輯義:p3194,,,,,,,,,,,,
REL_04246,SHL_SONGBEN_0359,clause,CR_JIYI_0335,commentary,commentary_support,丹波元簡《傷寒論輯義》對本條有注（對齊相似度0.98）。,傷寒論輯義:p3197,,,,,,,,,,,,
REL_04247,SHL_SONGBEN_0360,clause,CR_JIYI_0336,commentary,commentary_support,丹波元簡《傷寒論輯義》對本條有注（對齊相似度0.83）。,傷寒論輯義:p3208,,,,,,,,,,,,
REL_04248,SHL_SONGBEN_0361,clause,CR_JIYI_0337,commentary,commentary_support,丹波元簡《傷寒論輯義》對本條有注（對齊相似度0.62）。,傷寒論輯義:p3212,,,,,,,,,,,,
REL_04249,SHL_SONGBEN_0362,clause,CR_JIYI_0338,commentary,commentary_support,丹波元簡《傷寒論輯義》對本條有注（對齊相似度0.82）。,傷寒論輯義:p3216,,,,,,,,,,,,
REL_04250,SHL_SONGBEN_0363,clause,CR_JIYI_0339,commentary,commentary_support,丹波元簡《傷寒論輯義》對本條有注（對齊相似度0.87）。,傷寒論輯義:p3223,,,,,,,,,,,,
REL_04251,SHL_SONGBEN_0364,clause,CR_JIYI_0340,commentary,commentary_support,丹波元簡《傷寒論輯義》對本條有注（對齊相似度1.00）。,傷寒論輯義:p3227,,,,,,,,,,,,
REL_04252,SHL_SONGBEN_0365,clause,CR_JIYI_0341,commentary,commentary_support,丹波元簡《傷寒論輯義》對本條有注（對齊相似度1.00）。,傷寒論輯義:p3229,,,,,,,,,,,,
REL_04253,SHL_SONGBEN_0366,clause,CR_JIYI_0342,commentary,commentary_support,丹波元簡《傷寒論輯義》對本條有注（對齊相似度0.95）。,傷寒論輯義:p3231,,,,,,,,,,,,
REL_04254,SHL_SONGBEN_0367,clause,CR_JIYI_0343,commentary,commentary_support,丹波元簡《傷寒論輯義》對本條有注（對齊相似度0.90）。,傷寒論輯義:p3241,,,,,,,,,,,,
REL_04255,SHL_SONGBEN_0368,clause,CR_JIYI_0344,commentary,commentary_support,丹波元簡《傷寒論輯義》對本條有注（對齊相似度0.72）。,傷寒論輯義:p3244,,,,,,,,,,,,
REL_04256,SHL_SONGBEN_0369,clause,CR_JIYI_0345,commentary,commentary_support,丹波元簡《傷寒論輯義》對本條有注（對齊相似度0.83）。,傷寒論輯義:p3249,,,,,,,,,,,,
REL_04257,SHL_SONGBEN_0370,clause,CR_JIYI_0346,commentary,commentary_support,丹波元簡《傷寒論輯義》對本條有注（對齊相似度0.89）。,傷寒論輯義:p3253,,,,,,,,,,,,
REL_04258,SHL_SONGBEN_0371,clause,CR_JIYI_0347,commentary,commentary_support,丹波元簡《傷寒論輯義》對本條有注（對齊相似度1.00）。,傷寒論輯義:p3257,,,,,,,,,,,,
REL_04259,SHL_SONGBEN_0372,clause,CR_JIYI_0348,commentary,commentary_support,丹波元簡《傷寒論輯義》對本條有注（對齊相似度0.86）。,傷寒論輯義:p3263,,,,,,,,,,,,
REL_04260,SHL_SONGBEN_0373,clause,CR_JIYI_0349,commentary,commentary_support,丹波元簡《傷寒論輯義》對本條有注（對齊相似度1.00）。,傷寒論輯義:p3265,,,,,,,,,,,,
REL_04261,SHL_SONGBEN_0374,clause,CR_JIYI_0350,commentary,commentary_support,丹波元簡《傷寒論輯義》對本條有注（對齊相似度1.00）。,傷寒論輯義:p3268,,,,,,,,,,,,
REL_04262,SHL_SONGBEN_0321,clause,CR_JIYI_0297,commentary,commentary_support,丹波元簡《傷寒論輯義》對本條有注（對齊相似度0.81）。,傷寒論輯義:p3271,,,,,,,,,,,,
REL_04263,SHL_SONGBEN_0375,clause,CR_JIYI_0352,commentary,commentary_support,丹波元簡《傷寒論輯義》對本條有注（對齊相似度1.00）。,傷寒論輯義:p3274,,,,,,,,,,,,
REL_04264,SHL_SONGBEN_0376,clause,CR_JIYI_0353,commentary,commentary_support,丹波元簡《傷寒論輯義》對本條有注（對齊相似度1.00）。,傷寒論輯義:p3277,,,,,,,,,,,,
REL_04265,SHL_SONGBEN_0377,clause,CR_JIYI_0354,commentary,commentary_support,丹波元簡《傷寒論輯義》對本條有注（對齊相似度1.00）。,傷寒論輯義:p3280,,,,,,,,,,,,
REL_04266,SHL_SONGBEN_0378,clause,CR_JIYI_0355,commentary,commentary_support,丹波元簡《傷寒論輯義》對本條有注（對齊相似度1.00）。,傷寒論輯義:p3283,,,,,,,,,,,,
REL_04267,SHL_SONGBEN_0379,clause,CR_JIYI_0356,commentary,commentary_support,丹波元簡《傷寒論輯義》對本條有注（對齊相似度1.00）。,傷寒論輯義:p3288,,,,,,,,,,,,
REL_04268,SHL_SONGBEN_0380,clause,CR_JIYI_0357,commentary,commentary_support,丹波元簡《傷寒論輯義》對本條有注（對齊相似度1.00）。,傷寒論輯義:p3290,,,,,,,,,,,,
REL_04269,SHL_SONGBEN_0381,clause,CR_JIYI_0358,commentary,commentary_support,丹波元簡《傷寒論輯義》對本條有注（對齊相似度1.00）。,傷寒論輯義:p3295,,,,,,,,,,,,
REL_04270,SHL_SONGBEN_0382,clause,CR_JIYI_0359,commentary,commentary_support,丹波元簡《傷寒論輯義》對本條有注（對齊相似度1.00）。,傷寒論輯義:p3302,,,,,,,,,,,,
REL_04271,SHL_SONGBEN_0383,clause,CR_JIYI_0360,commentary,commentary_support,丹波元簡《傷寒論輯義》對本條有注（對齊相似度1.00）。,傷寒論輯義:p3315,,,,,,,,,,,,
REL_04272,SHL_SONGBEN_0384,clause,CR_JIYI_0361,commentary,commentary_support,丹波元簡《傷寒論輯義》對本條有注（對齊相似度0.74）。,傷寒論輯義:p3319,,,,,,,,,,,,
REL_04273,SHL_SONGBEN_0385,clause,CR_JIYI_0362,commentary,commentary_support,丹波元簡《傷寒論輯義》對本條有注（對齊相似度1.00）。,傷寒論輯義:p3324,,,,,,,,,,,,
REL_04274,SHL_SONGBEN_0386,clause,CR_JIYI_0363,commentary,commentary_support,丹波元簡《傷寒論輯義》對本條有注（對齊相似度1.00）。,傷寒論輯義:p3333,,,,,,,,,,,,
REL_04275,SHL_SONGBEN_0387,clause,CR_JIYI_0364,commentary,commentary_support,丹波元簡《傷寒論輯義》對本條有注（對齊相似度1.00）。,傷寒論輯義:p3384,,,,,,,,,,,,
REL_04276,SHL_SONGBEN_0388,clause,CR_JIYI_0365,commentary,commentary_support,丹波元簡《傷寒論輯義》對本條有注（對齊相似度1.00）。,傷寒論輯義:p3387,,,,,,,,,,,,
REL_04277,SHL_SONGBEN_0389,clause,CR_JIYI_0366,commentary,commentary_support,丹波元簡《傷寒論輯義》對本條有注（對齊相似度1.00）。,傷寒論輯義:p3390,,,,,,,,,,,,
REL_04278,SHL_SONGBEN_0390,clause,CR_JIYI_0367,commentary,commentary_support,丹波元簡《傷寒論輯義》對本條有注（對齊相似度0.95）。,傷寒論輯義:p3393,,,,,,,,,,,,
REL_04279,SHL_SONGBEN_0391,clause,CR_JIYI_0368,commentary,commentary_support,丹波元簡《傷寒論輯義》對本條有注（對齊相似度1.00）。,傷寒論輯義:p3403,,,,,,,,,,,,
REL_04280,SHL_SONGBEN_0392,clause,CR_JIYI_0369,commentary,commentary_support,丹波元簡《傷寒論輯義》對本條有注（對齊相似度0.83）。,傷寒論輯義:p3406,,,,,,,,,,,,
REL_04281,SHL_SONGBEN_0393,clause,CR_JIYI_0370,commentary,commentary_support,丹波元簡《傷寒論輯義》對本條有注（對齊相似度0.74）。,傷寒論輯義:p3425,,,,,,,,,,,,
REL_04282,SHL_SONGBEN_0394,clause,CR_JIYI_0371,commentary,commentary_support,丹波元簡《傷寒論輯義》對本條有注（對齊相似度0.92）。,傷寒論輯義:p3439,,,,,,,,,,,,
REL_04283,SHL_SONGBEN_0395,clause,CR_JIYI_0372,commentary,commentary_support,丹波元簡《傷寒論輯義》對本條有注（對齊相似度0.89）。,傷寒論輯義:p3446,,,,,,,,,,,,
REL_04284,SHL_SONGBEN_0396,clause,CR_JIYI_0373,commentary,commentary_support,丹波元簡《傷寒論輯義》對本條有注（對齊相似度0.76）。,傷寒論輯義:p3452,,,,,,,,,,,,
REL_04285,SHL_SONGBEN_0397,clause,CR_JIYI_0374,commentary,commentary_support,丹波元簡《傷寒論輯義》對本條有注（對齊相似度1.00）。,傷寒論輯義:p3456,,,,,,,,,,,,
REL_04286,SHL_SONGBEN_0398,clause,CR_JIYI_0375,commentary,commentary_support,丹波元簡《傷寒論輯義》對本條有注（對齊相似度0.87）。,傷寒論輯義:p3486,,,,,,,,,,,,
