variant_id,source_id,clause_id,base_version,variant_version,variant_book,base_text,variant_text,similarity,notable_differences,candidate_confidence,candidate_source_level,manual_status,review_status,reviewer_id,source_resolution
VR_GUIBEN_0001,SHSRC0050,SHL_SONGBEN_0001,songben,guiben,傷寒雜病論_桂本,太陽之為病，脈浮，頭項強痛而惡寒。,"6.1
太陽之為病，脈浮，頭項強痛而惡寒。",1.0,[],silver,variant_text,,pending,,text_match
VR_GUIBEN_0002,SHSRC0050,SHL_SONGBEN_0002,songben,guiben,傷寒雜病論_桂本,太陽病，發熱，汗出，惡風，脈緩者，名為中風。,"6.2
太陽病，發熱，汗出，惡風，脈緩者，名為中風。",1.0,[],silver,variant_text,,pending,,text_match
VR_GUIBEN_0003,SHSRC0050,SHL_SONGBEN_0003,songben,guiben,傷寒雜病論_桂本,太陽病，或已發熱，或未發熱，必惡寒，體痛，嘔逆，脈陰陽俱緊者，名為傷寒。,"6.3
太陽病，或已發熱，或未發熱，必惡寒，體痛，嘔逆，脈陰陽俱緊者，名曰傷寒。",0.923,"[""宋本獨有用字：為"", ""傷寒雜病論_桂本獨有用字：\n.36曰""]",silver,variant_text,,pending,,text_match
VR_GUIBEN_0004,SHSRC0050,SHL_SONGBEN_0004,songben,guiben,傷寒雜病論_桂本,傷寒一日，太陽受之，脈若靜者，為不傳。頗欲吐，若躁煩，脈數急者，為傳也。,"6.4
傷寒一日，太陽受之。脈若靜者，為不傳；頗欲吐，若躁煩，脈數急者，此為傳也。",0.963,"[""傷寒雜病論_桂本獨有用字：\n.46此；""]",silver,variant_text,,pending,,text_match
VR_GUIBEN_0005,SHSRC0050,SHL_SONGBEN_0005,songben,guiben,傷寒雜病論_桂本,傷寒二三日，陽明、少陽證不見者，為不傳也。,"6.5
傷寒二三日，陽明、少陽證不見者，此為不傳也。",0.909,"[""傷寒雜病論_桂本獨有用字：\n.56此""]",silver,variant_text,,pending,,text_match
VR_GUIBEN_0006,SHSRC0050,SHL_SONGBEN_0006,songben,guiben,傷寒雜病論_桂本,太陽病，發熱而渴，不惡寒者，為溫病。若發汗已，身灼熱者，名風溫。風溫為病，脈陰陽俱浮，自汗出，身重，多眠睡，鼻息必鼾，語言難出。若被下者，小便不利，直視失溲，若被火者，微發黃色，劇則如驚癇，時瘈瘲，若火熏之，一逆尚引日，再逆促命期。,"6.6
太陽病，發熱而渴，不惡寒者，為溫病；若發汗已，身灼熱者，名曰風溫。風溫為病，脈陰陽俱浮，自汗出，身重，多眠睡，鼻息必鼾，語言難出。若被下者，小便不利，直視失溲；若被火者，微發黃色，劇則如驚癇，時瘈瘲；若火熏之，一逆尚引日，再逆促命期。",0.983,[],silver,variant_text,,pending,,text_match
VR_GUIBEN_0007,SHSRC0050,SHL_SONGBEN_0007,songben,guiben,傷寒雜病論_桂本,病有發熱惡寒者，發於陽也；無熱惡寒者，發於陰也。發於陽，七日愈；發於陰，六日愈。以陽數七，陰數六故也。,"6.7
病有發熱惡寒者，發於陽也；無熱惡寒者，發於陰也。發於陽七日愈，發於陰六日愈。以陽數七、陰數六故也。",1.0,[],silver,variant_text,,pending,,text_match
VR_GUIBEN_0008,SHSRC0050,SHL_SONGBEN_0008,songben,guiben,傷寒雜病論_桂本,太陽病，頭痛至七日以上自愈者，以行其經盡故也。若欲作再經者，針足陽明，使經不傳則愈。,"6.8
太陽病，頭痛至七日以上自愈者，以行其經盡故也；若欲作再經者，針足陽明，使經不傳則愈。",1.0,[],silver,variant_text,,pending,,text_match
VR_GUIBEN_0009,SHSRC0050,SHL_SONGBEN_0009,songben,guiben,傷寒雜病論_桂本,太陽病，欲解時，從巳至未上。,"6.9
太陽病欲解時，從巳至未上。",1.0,[],silver,variant_text,,pending,,text_match
VR_GUIBEN_0010,SHSRC0050,SHL_SONGBEN_0010,songben,guiben,傷寒雜病論_桂本,風家，表解而不了了者，十二日愈。,"6.10
風家表解而不了了者，十二日愈。",1.0,[],silver,variant_text,,pending,,text_match
VR_GUIBEN_0011,SHSRC0050,SHL_SONGBEN_0011,songben,guiben,傷寒雜病論_桂本,病人身大熱，反欲得衣者，熱在皮膚，寒在骨髓也；身大寒，反不欲近衣者，寒在皮膚，熱在骨髓也。,"6.11
病人身大熱，反欲得衣者，熱在皮膚，寒在骨髓也。",0.8,"[""宋本獨有用字：不近；"", ""傷寒雜病論_桂本獨有用字：\n.16""]",silver,variant_text,,pending,,text_match
VR_GUIBEN_0012,SHSRC0050,SHL_SONGBEN_0012,songben,guiben,傷寒雜病論_桂本,太陽中風，陽浮而陰弱，陽浮者，熱自發，陰弱者，汗自出。嗇嗇惡寒，淅淅惡風，翕翕發熱，鼻鳴乾嘔者，桂枝湯主之。,"6.12
病人身大寒，反不欲近衣者，寒在皮膚，熱在骨髓也
。
6.13
太陽中風，陽浮而陰弱。陽浮者，熱自發；陰弱者，汗自出。嗇嗇惡寒，淅淅惡風，翕翕發熱，鼻鳴乾嘔者，桂枝湯主之。",0.8,"[""傷寒雜病論_桂本獨有用字：\n.1236不也人反在大欲病皮膚衣身近骨髓；""]",silver,variant_text,,pending,,text_match
VR_GUIBEN_0013,SHSRC0050,SHL_SONGBEN_0013,songben,guiben,傷寒雜病論_桂本,太陽病，頭痛，發熱，汗出，惡風，桂枝湯主之。,"6.14
太陽病，頭痛，發熱，汗出，惡風，桂枝湯主之。（方見前）",0.909,"[""傷寒雜病論_桂本獨有用字：\n.146前方見（）""]",silver,variant_text,,pending,,text_match
VR_GUIBEN_0014,SHSRC0050,SHL_SONGBEN_0014,songben,guiben,傷寒雜病論_桂本,太陽病，項背強几几，反汗出惡風者，桂枝加葛根湯主之。,"6.15
太陽病，項背強儿儿，及汗出、惡風者，桂枝加葛根湯主之。",0.81,"[""宋本獨有用字：几反"", ""傷寒雜病論_桂本獨有用字：\n.156、儿及""]",silver,variant_text,,pending,,text_match
VR_GUIBEN_0015,SHSRC0050,SHL_SONGBEN_0015,songben,guiben,傷寒雜病論_桂本,太陽病，下之後，其氣上衝者，可與桂枝湯，方用前法；若不上衝者，不得與之。,"6.16
太陽病，下之後，其氣上衝者，可與桂枝湯，方用前法；若不上衝者，不可與之。",0.941,"[""宋本獨有用字：得"", ""傷寒雜病論_桂本獨有用字：\n.16""]",silver,variant_text,,pending,,text_match
VR_GUIBEN_0016,SHSRC0050,SHL_SONGBEN_0016,songben,guiben,傷寒雜病論_桂本,太陽病三日，已發汗，若吐、若下、若溫針，仍不解者，此為壞病，桂枝不中與之也。觀其脈證，知犯何逆，隨證治之。桂枝本為解肌，若其人脈浮緊，發熱汗不出者，不可與之也。常須識此，勿令誤也。,"6.17
太陽病三日，已發汗，若吐，若下，若溫針，仍不解者，此為壞病，桂枝湯不可與也。觀其脈證，知犯何逆，隨證治之。",0.691,"[""宋本獨有用字：、中人令出勿常本浮熱緊肌誤識須"", ""傷寒雜病論_桂本獨有用字：\n.167湯""]",bronze,variant_text,,pending,,text_match
VR_GUIBEN_0017,SHSRC0050,SHL_SONGBEN_0018,songben,guiben,傷寒雜病論_桂本,喘家作，桂枝湯加厚朴、杏子佳。,"6.19
喘家作，桂枝湯加厚朴、杏子與之佳。",0.833,"[""傷寒雜病論_桂本獨有用字：\n.169之與""]",silver,variant_text,,pending,,text_match
VR_GUIBEN_0018,SHSRC0050,SHL_SONGBEN_0019,songben,guiben,傷寒雜病論_桂本,凡服桂枝湯吐者，其後必吐膿血也。,"6.20
凡服桂枝湯吐者，其後必吐膿血也。",1.0,[],silver,variant_text,,pending,,text_match
VR_GUIBEN_0019,SHSRC0050,SHL_SONGBEN_0020,songben,guiben,傷寒雜病論_桂本,太陽病，發汗，遂漏不止，其人惡風，小便難，四肢微急，難以屈伸者，桂枝加附子湯主之。,"6.21
太陽病，發汗，遂漏不止，其人惡風，小便難，四肢微急，難以屈伸者，桂枝加附子湯主之。",1.0,[],silver,variant_text,,pending,,text_match
VR_GUIBEN_0020,SHSRC0050,SHL_SONGBEN_0021,songben,guiben,傷寒雜病論_桂本,太陽病，下之後，脈促胸滿者，桂枝去芍藥湯主之。,"6.22
太陽病，下之後，脈促，胸滿者，桂枝去芍藥湯主之。",1.0,[],silver,variant_text,,pending,,text_match
VR_GUIBEN_0021,SHSRC0050,SHL_SONGBEN_0022,songben,guiben,傷寒雜病論_桂本,若微寒者，桂枝去芍藥加附子湯主之。,"6.23
太陽病，下之後，其人惡寒者，桂枝去芍藥加附子湯主之。",0.686,"[""宋本獨有用字：微若"", ""傷寒雜病論_桂本獨有用字：\n.236下人其太後惡病陽""]",bronze,variant_text,,pending,,text_match
VR_GUIBEN_0022,SHSRC0050,SHL_SONGBEN_0023,songben,guiben,傷寒雜病論_桂本,太陽病，得之八九日，如瘧狀，發熱惡寒，熱多寒少，其人不嘔，清便欲自可，一日二三度發。脈微緩者，為欲愈也；脈微而惡寒者，此陰陽俱虛，不可更發汗、更下、更吐也；面色反有熱色者，未欲解也，以其不能得小汗出，身必癢，宜桂枝麻黃各半湯。,"6.24
太陽病，得之八九日，如瘧狀，發熱惡寒，熱多寒少，其人不嘔，清便欲自可，一日二三度發。脈微緩者，為欲愈也；脈微而惡寒者，此陰陽俱虛，不可更發汗、更吐、更下也；面色反有熱色者，未欲解也，以其不能得小汗出，身必癢，宜桂枝麻黃各半湯。",0.978,[],silver,variant_text,,pending,,text_match
VR_GUIBEN_0023,SHSRC0050,SHL_SONGBEN_0024,songben,guiben,傷寒雜病論_桂本,太陽病，初服桂枝湯，反煩不解者，先刺風池、風府，卻與桂枝湯則愈。,"6.25
太陽病，初服桂枝湯，反煩不解者，先刺風府、風池，卻與桂枝湯。",0.864,"[""宋本獨有用字：則愈"", ""傷寒雜病論_桂本獨有用字：\n.256""]",silver,variant_text,,pending,,text_match
VR_GUIBEN_0024,SHSRC0050,SHL_SONGBEN_0025,songben,guiben,傷寒雜病論_桂本,服桂枝湯，大汗出，脈洪大者，與桂枝湯，如前法。若形似瘧，一日再發者，汗出必解，宜桂枝二麻黃一湯。,"6.26
太陽病，服桂枝湯後，大汗出，脈洪大者，與白虎湯；若形似瘧，一日再發者，宜桂枝二麻黃一湯。",0.706,"[""宋本獨有用字：前如必法解"", ""傷寒雜病論_桂本獨有用字：\n.26太後病白虎陽；""]",bronze,variant_text,,pending,,text_match
VR_GUIBEN_0025,SHSRC0050,SHL_SONGBEN_0026,songben,guiben,傷寒雜病論_桂本,服桂枝湯，大汗出後，大煩渴不解，脈洪大者，白虎加人參湯主之。,"6.27
太陽病，服桂枝湯後，大汗出，大煩渴，脈洪大者，白虎加人參湯主之。",0.776,"[""宋本獨有用字：不解"", ""傷寒雜病論_桂本獨有用字：\n.267太病陽""]",bronze,variant_text,,pending,,text_match
VR_GUIBEN_0026,SHSRC0050,SHL_SONGBEN_0027,songben,guiben,傷寒雜病論_桂本,太陽病，發熱惡寒，熱多寒少，脈微弱者，此無陽也，不可發汗，宜桂枝二越婢一湯。,"6.28
太陽病，發熱惡寒，熱多寒少。若脈微弱者，此無陽也，不可發汗；脈浮大者，宜桂枝二越婢一湯。",0.862,"[""傷寒雜病論_桂本獨有用字：\n.268大浮若；""]",silver,variant_text,,pending,,text_match
VR_GUIBEN_0027,SHSRC0050,SHL_SONGBEN_0028,songben,guiben,傷寒雜病論_桂本,服桂枝湯，或下之，仍頭項強痛，翕翕發熱，無汗，心下滿微痛，小便不利者，桂枝去桂加茯苓白朮湯主之。,"6.29
太陽病，服桂枝湯，或下之，仍頭項強痛，翕翕發熱，無汗，心下滿，微痛，小便不利者，桂枝去桂加茯苓白朮湯主之。",0.962,"[""傷寒雜病論_桂本獨有用字：\n.269太病陽""]",silver,variant_text,,pending,,text_match
VR_GUIBEN_0028,SHSRC0050,SHL_SONGBEN_0029,songben,guiben,傷寒雜病論_桂本,傷寒，脈浮，自汗出，小便數，心煩，微惡寒，腳攣急，反與桂枝欲攻其表，此誤也。得之便厥，咽中乾，煩躁吐逆者，作甘草乾薑湯與之，以復其陽。若厥愈足溫者，更作芍藥甘草湯與之，其腳即伸。若胃氣不和，譫語者，少與調胃承氣湯。若重發汗，復加燒針者，四逆湯主之。,"6.30
傷寒脈浮，自汗出，小便數，心煩，微惡寒，腳攣急，反與桂枝湯欲攻其表，此誤也。得之便厥、咽中乾、煩躁、吐逆者，作甘草乾薑湯與之，以復其陽；若厥愈、足溫者，更作芍藥甘草湯與之，其腳即伸；若胃氣不和，讝語者，少與調胃承氣湯；若重發汗，復加燒針者，四逆湯主之。",0.964,"[""宋本獨有用字：譫"", ""傷寒雜病論_桂本獨有用字：\n.036、讝；""]",silver,variant_text,,pending,,text_match
VR_GUIBEN_0029,SHSRC0050,SHL_SONGBEN_0031,songben,guiben,傷寒雜病論_桂本,太陽病，項背強几几，無汗惡風，葛根湯主之。,"7.1
太陽病，項背強儿儿，無汗、惡風者，葛根湯主之。",0.727,"[""宋本獨有用字：几"", ""傷寒雜病論_桂本獨有用字：\n.17、儿者""]",bronze,variant_text,,pending,,text_match
VR_GUIBEN_0030,SHSRC0050,SHL_SONGBEN_0032,songben,guiben,傷寒雜病論_桂本,太陽與陽明合病者，必自下利，葛根湯主之。,"7.2
太陽與陽明合病者，必自下利，葛根湯主之；若不下利，但嘔者，葛根加半夏湯主之。",0.744,"[""傷寒雜病論_桂本獨有用字：\n.27不但加半嘔夏若；""]",bronze,variant_text,,pending,,text_match
VR_GUIBEN_0031,SHSRC0050,SHL_SONGBEN_0033,songben,guiben,傷寒雜病論_桂本,太陽與陽明合病，不下利，但嘔者，葛根加半夏湯主之。,"7.2
太陽與陽明合病者，必自下利，葛根湯主之；若不下利，但嘔者，葛根加半夏湯主之。",0.809,"[""傷寒雜病論_桂本獨有用字：\n.27必自若；""]",silver,variant_text,,pending,,text_match
VR_GUIBEN_0032,SHSRC0050,SHL_SONGBEN_0034,songben,guiben,傷寒雜病論_桂本,太陽病，桂枝證，醫反下之，利遂不止。脈促者，表未解也。喘而汗出者，葛根黃芩黃連湯主之。,"7.3
太陽病桂枝證，醫反下之，利遂不止，脈促者，熱未解也；喘而汗出者，葛根黃連黃芩甘草湯主之。",0.857,"[""宋本獨有用字：表"", ""傷寒雜病論_桂本獨有用字：\n.37熱甘草；""]",silver,variant_text,,pending,,text_match
VR_GUIBEN_0033,SHSRC0050,SHL_SONGBEN_0035,songben,guiben,傷寒雜病論_桂本,太陽病，頭痛，發熱，身疼，腰痛，骨節疼痛，惡風，無汗而喘者，麻黃湯主之。,"7.4
太陽病，頭痛，發熱，身疼，腰痛，骨節疼痛，惡風，無汗而喘者，",0.894,"[""宋本獨有用字：。主之湯麻黃"", ""傷寒雜病論_桂本獨有用字：\n.47""]",silver,variant_text,,pending,,text_match
VR_GUIBEN_0034,SHSRC0050,SHL_SONGBEN_0036,songben,guiben,傷寒雜病論_桂本,太陽與陽明合病，喘而胸滿者，不可下，宜麻黃湯。,"7.5
太陽與陽明合病，喘而胸滿者，不可下也，宜麻黃湯。（方見上）",0.85,"[""傷寒雜病論_桂本獨有用字：\n.57上也方見（）""]",silver,variant_text,,pending,,text_match
VR_GUIBEN_0035,SHSRC0050,SHL_SONGBEN_0037,songben,guiben,傷寒雜病論_桂本,太陽病，十日已去，脈浮細而嗜臥者，外已解也。設胸滿脇痛者，與小柴胡湯；脈但浮者，與麻黃湯。,"7.6
太陽病，十日已去，脈浮細而嗜臥者，外已解也。設胸滿、脇痛，與小柴胡湯；脈但浮者，與麻黃湯（方見上）。",0.932,"[""傷寒雜病論_桂本獨有用字：\n.67、上方見（）""]",silver,variant_text,,pending,,text_match
VR_GUIBEN_0036,SHSRC0050,SHL_SONGBEN_0039,songben,guiben,傷寒雜病論_桂本,傷寒脈浮緩，身不疼，但重，乍有輕時，無少陰證者，大青龍湯發之。,"7.8
太陽中風，脈笍，身不疼，但重，乍有輕時，無少陰證者，大青龍湯發之。（方見上）",0.731,"[""宋本獨有用字：傷寒浮緩"", ""傷寒雜病論_桂本獨有用字：\n.78上中太方笍見陽風（）""]",bronze,variant_text,,pending,,text_match
VR_GUIBEN_0037,SHSRC0050,SHL_SONGBEN_0040,songben,guiben,傷寒雜病論_桂本,傷寒表不解，心下有水氣，乾嘔，發熱而欬，或渴，或利，或噎，或小便不利，少腹滿，或喘者，小青龍湯主之。,"7.9
傷寒，表不解，心下有水氣，乾嘔，發熱而咳，或渴、或利、或噎、或小便不利，少腹滿，或喘者，小青龍湯主之。",0.947,"[""宋本獨有用字：欬"", ""傷寒雜病論_桂本獨有用字：\n.79、咳""]",silver,variant_text,,pending,,text_match
VR_GUIBEN_0038,SHSRC0050,SHL_SONGBEN_0041,songben,guiben,傷寒雜病論_桂本,傷寒心下有水氣，欬而微喘，發熱不渴。服湯已，渴者，此寒去欲解也。小青龍湯主之。,"7.10
傷寒，心下有水氣，咳而微喘，發熱不渴，服湯已渴者，此寒去欲解也，小青龍湯主之。（方見上）",0.892,"[""宋本獨有用字：欬"", ""傷寒雜病論_桂本獨有用字：\n.017上咳方見（）""]",silver,variant_text,,pending,,text_match
VR_GUIBEN_0039,SHSRC0050,SHL_SONGBEN_0042,songben,guiben,傷寒雜病論_桂本,太陽病，外證未解，脈浮弱者，當以汗解，宜桂枝湯。,"7.11
太陽病，外證未解，脈浮弱者，當以汗解，宜桂枝湯。（見上卷）",0.923,"[""傷寒雜病論_桂本獨有用字：\n.17上卷見（）""]",silver,variant_text,,pending,,text_match
VR_GUIBEN_0040,SHSRC0050,SHL_SONGBEN_0043,songben,guiben,傷寒雜病論_桂本,太陽病，下之微喘者，表未解故也，桂枝加厚朴杏子湯主之。,"7.12
太陽病，下之微喘者，表未解故也，桂枝加厚朴杏子湯主之。",1.0,[],silver,variant_text,,pending,,text_match
VR_GUIBEN_0041,SHSRC0050,SHL_SONGBEN_0044,songben,guiben,傷寒雜病論_桂本,太陽病，外證未解，不可下也，下之為逆。欲解外者，宜桂枝湯。,"7.13
太陽病，外證未解，不可下也，下之為逆；欲解外者，宜桂枝湯。（方見上卷）",0.917,"[""傷寒雜病論_桂本獨有用字：\n.137上卷方見（）；""]",silver,variant_text,,pending,,text_match
VR_GUIBEN_0042,SHSRC0050,SHL_SONGBEN_0045,songben,guiben,傷寒雜病論_桂本,太陽病，先發汗不解，而復下之，脈浮者不愈。浮為在外，而反下之，故令不愈。今脈浮，故在外，當須解外則愈，宜桂枝湯。,"7.14
太陽病，先發汗不解，而復下之，脈浮者，不愈。浮為在外，而反下之，故令不愈。今脈浮，故知在外，當須解外則愈，宜桂枝湯。（方見上卷）",0.918,"[""傷寒雜病論_桂本獨有用字：\n.147上卷方知見（）""]",silver,variant_text,,pending,,text_match
VR_GUIBEN_0043,SHSRC0050,SHL_SONGBEN_0046,songben,guiben,傷寒雜病論_桂本,太陽病，脈浮緊，無汗，發熱，身疼痛，八九日不解，表證仍在，此當發其汗。服藥已微除，其人發煩目瞑，劇者必衄，衄乃解。所以然者，陽氣重故也，麻黃湯主之。,"7.15
太陽病，脈竜，無汗，發熱，身疼痛，八九日不解，表證仍在，此當發其汗；服藥已，微除，其人發煩，目瞑，劇者必衄，衄乃解。所以然者，陽氣重故也。麻黃湯主之。（方見上）",0.932,"[""宋本獨有用字：浮緊"", ""傷寒雜病論_桂本獨有用字：\n.157上方竜見（）；""]",silver,variant_text,,pending,,text_match
VR_GUIBEN_0044,SHSRC0050,SHL_SONGBEN_0047,songben,guiben,傷寒雜病論_桂本,太陽病，脈浮緊，發熱，身無汗，自衄者愈。,"7.16
太陽病，脈竜，發熱、身無汗、自衄者愈。",0.815,"[""宋本獨有用字：浮緊"", ""傷寒雜病論_桂本獨有用字：\n.167、竜""]",silver,variant_text,,pending,,text_match
VR_GUIBEN_0045,SHSRC0050,SHL_SONGBEN_0048,songben,guiben,傷寒雜病論_桂本,二陽併病，太陽初得病時，發其汗，汗先出不徹，因轉屬陽明，續自微汗出，不惡寒。若太陽病證不罷者，不可下，下之為逆，如此可小發汗。設面色緣緣正赤者，陽氣怫鬱在表，當解之，熏之。若發汗不徹，不足言，陽氣怫鬱不得越，當汗不汗，其人躁煩，不知痛處，乍在腹中，乍在四肢，按之不可得，其人短氣但坐，以汗出不徹故也。更發汗則愈，何以知汗出不徹？以脈濇故知也。,"7.17
二陽併病，太陽初得病時，發其汗，汗先出不徹，因轉屬陽明，續自微汗出，不惡寒。若太陽病證不罷者，不可下，下之為逆，如此可小發其汗。設面色緣緣正赤者，陽氣怫鬱在表也，當解之薰之；若發汗不徹，徹不足言，陽氣怫鬱不得越，當汗之。不汗，則其人煩躁，不知痛處，乍在腹中，乍在四肢，按之不可得，更發汗則愈。若其人短氣但坐者，以汗出不徹故也。何以知汗出不徹？以脈濇故知之也。",0.881,"[""宋本獨有用字：熏"", ""傷寒雜病論_桂本獨有用字：\n.17薰；""]",silver,variant_text,,pending,,text_match
VR_GUIBEN_0046,SHSRC0050,SHL_SONGBEN_0049,songben,guiben,傷寒雜病論_桂本,脈浮數者，法當汗出而愈。若下之，身重心悸者，不可發汗，當自汗出乃解。所以然者，尺中脈微，此裏虛。須表裏實，津液自和，便自汗出愈。,"7.18
脈竜者，法當汗出而解。若身重心悸者，不可發汗，須自汗出乃愈。所以然者，尺中脈微，此裏虛也。須裏實，津液自和，便自汗出愈。",0.71,"[""宋本獨有用字：下之數浮表"", ""傷寒雜病論_桂本獨有用字：\n.178也竜""]",bronze,variant_text,,pending,,text_match
VR_GUIBEN_0047,SHSRC0050,SHL_SONGBEN_0050,songben,guiben,傷寒雜病論_桂本,脈浮緊者，法當身疼痛，宜以汗解之，假令尺中遲者，不可發汗，何以知然？以榮氣不足，血少故也。,"7.19
脈竜者，法當身疼痛，宜以汗解之。假令尺中遲者，不可發汗。所以然者，以榮氣不足，血弱故也。",0.732,"[""宋本獨有用字：何少浮知緊？"", ""傷寒雜病論_桂本獨有用字：\n.179弱所竜""]",bronze,variant_text,,pending,,text_match
VR_GUIBEN_0048,SHSRC0050,SHL_SONGBEN_0051,songben,guiben,傷寒雜病論_桂本,脈浮者，病在表，可發汗，宜麻黃湯。,"7.20
脈浮者，病在表，可發汗，宜麻黃湯。（方見上）",0.889,"[""傷寒雜病論_桂本獨有用字：\n.027上方見（）""]",silver,variant_text,,pending,,text_match
VR_GUIBEN_0049,SHSRC0050,SHL_SONGBEN_0052,songben,guiben,傷寒雜病論_桂本,脈浮而數者，可發汗，宜麻黃湯。,"7.21
脈浮而緊者，可發汗，宜麻黃湯。（方見上）",0.72,"[""宋本獨有用字：數"", ""傷寒雜病論_桂本獨有用字：\n.127上方緊見（）""]",bronze,variant_text,,pending,,text_match
VR_GUIBEN_0050,SHSRC0050,SHL_SONGBEN_0053,songben,guiben,傷寒雜病論_桂本,病常自汗出者，此為榮氣和，榮氣和者，外不諧，以衛氣不共榮氣諧和故爾。以榮行脈中，衛行脈外，復發其汗，榮衛和則愈，宜桂枝湯。,"7.22
病人常自汗出者，此為榮氣和，衛氣不諧也。所以然者，榮行脈中，衛行脈外，衛氣不共榮氣諧和故也。復發其汗則愈，宜桂枝湯。（方見上卷）",0.66,"[""宋本獨有用字：爾"", ""傷寒雜病論_桂本獨有用字：\n.27上也人卷所方然見（）""]",bronze,variant_text,,pending,,text_match
VR_GUIBEN_0051,SHSRC0050,SHL_SONGBEN_0054,songben,guiben,傷寒雜病論_桂本,病人藏無他病，時發熱、自汗出而不愈者，此衛氣不和也。先其時發汗則愈，宜桂枝湯。,"7.23
病人臟無他病，時發熱，自汗出，而不愈者，此衛氣不和也。先其時發汗則愈，宜桂枝湯（方見上卷）",0.879,"[""宋本獨有用字：、藏"", ""傷寒雜病論_桂本獨有用字：\n.237上卷方臟見（）""]",silver,variant_text,,pending,,text_match
VR_GUIBEN_0052,SHSRC0050,SHL_SONGBEN_0055,songben,guiben,傷寒雜病論_桂本,傷寒脈浮緊，不發汗，因致衄者，麻黃湯主之。,"7.24
傷寒，脈竜，不發汗，因致衄者，麻黃湯主之。（方見上）",0.765,"[""宋本獨有用字：浮緊"", ""傷寒雜病論_桂本獨有用字：\n.247上方竜見（）""]",bronze,variant_text,,pending,,text_match
VR_GUIBEN_0053,SHSRC0050,SHL_SONGBEN_0056,songben,guiben,傷寒雜病論_桂本,傷寒不大便六七日，頭痛有熱者，與承氣湯；其小便清者，知不在裏，仍在表也，當須發汗，若頭痛者，必衄，宜桂枝湯。,"7.25
傷寒，不大便六七日，頭痛有熱者，與承氣湯；其小便清者，知不在裏，仍在表也，當須發汗，宜桂枝湯。（方見上卷）",0.867,"[""宋本獨有用字：必若衄"", ""傷寒雜病論_桂本獨有用字：\n.257上卷方見（）""]",silver,variant_text,,pending,,text_match
VR_GUIBEN_0054,SHSRC0050,SHL_SONGBEN_0057,songben,guiben,傷寒雜病論_桂本,傷寒發汗已解，半日許復煩，脈浮數者，可更發汗，宜桂枝湯。,"7.26
傷寒，發汗已解，半日許復煩，脈竜者，可更發汗，宜桂枝湯。（方見上卷）",0.8,"[""宋本獨有用字：數浮"", ""傷寒雜病論_桂本獨有用字：\n.267上卷方竜見（）""]",silver,variant_text,,pending,,text_match
VR_GUIBEN_0055,SHSRC0050,SHL_SONGBEN_0058,songben,guiben,傷寒雜病論_桂本,凡病，若發汗，若吐，若下，若亡血，亡津液，陰陽自和者，必自愈。,"7.27
凡病若發汗、若吐、若下、若亡血、亡津液，陰陽自和者，必自愈。",1.0,[],silver,variant_text,,pending,,text_match
VR_GUIBEN_0056,SHSRC0050,SHL_SONGBEN_0059,songben,guiben,傷寒雜病論_桂本,大下之後，復發汗，小便不利者，亡津液故也。勿治之，得小便利，必自愈。,"7.28
大汗之後，復下之，小便不利者，亡津液故也，勿治之，久久小便必自利。",0.64,"[""宋本獨有用字：得愈發"", ""傷寒雜病論_桂本獨有用字：\n.278久""]",bronze,variant_text,,pending,,text_match
VR_GUIBEN_0057,SHSRC0050,SHL_SONGBEN_0060,songben,guiben,傷寒雜病論_桂本,下之後，復發汗，必振寒，脈微細。所以然者，以內外俱虛故也。,"7.29
大下之後，復發汗，其人必振寒，脈微細。所以然者，內外俱虛故也。",0.826,"[""傷寒雜病論_桂本獨有用字：\n.279人其大""]",silver,variant_text,,pending,,text_match
VR_GUIBEN_0058,SHSRC0050,SHL_SONGBEN_0061,songben,guiben,傷寒雜病論_桂本,下之後，復發汗，晝日煩躁不得眠，夜而安靜，不嘔不渴，無表證，脈沉微，身無大熱者，乾薑附子湯主之。,"7.30
下之後，復發汗，晝日煩躁不得眠，夜而安靜，不嘔不渴，無表證，脈沉而微，身無大熱者，乾薑附子湯主之。",0.961,"[""傷寒雜病論_桂本獨有用字：\n.037""]",silver,variant_text,,pending,,text_match
VR_GUIBEN_0059,SHSRC0050,SHL_SONGBEN_0062,songben,guiben,傷寒雜病論_桂本,發汗後，身疼痛，脈沉遲者，桂枝加芍藥生薑各一兩，人參三兩新加湯主之。,"7.31
發汗後，身疼痛，脈沉遲者，桂枝去芍藥加人參生薑湯主之。",0.64,"[""宋本獨有用字：一三兩各新"", ""傷寒雜病論_桂本獨有用字：\n.137去""]",bronze,variant_text,,pending,,text_match
VR_GUIBEN_0060,SHSRC0050,SHL_SONGBEN_0063,songben,guiben,傷寒雜病論_桂本,發汗後，不可更行桂枝湯，汗出而喘，無大熱者，可與麻黃杏仁甘草石膏湯。,"7.32
發汗若下後，不可更行桂枝湯。汗出而喘，無大熱者，可與麻黃杏仁甘草石膏湯。",0.931,"[""傷寒雜病論_桂本獨有用字：\n.237下若""]",silver,variant_text,,pending,,text_match
VR_GUIBEN_0061,SHSRC0050,SHL_SONGBEN_0064,songben,guiben,傷寒雜病論_桂本,發汗過多，其人叉手自冒心，心下悸，欲得按者，桂枝甘草湯主之。,"7.33
發汗過多，其人叉手自冒心、心下悸欲得按者，桂枝甘草湯主之。",1.0,[],silver,variant_text,,pending,,text_match
VR_GUIBEN_0062,SHSRC0050,SHL_SONGBEN_0065,songben,guiben,傷寒雜病論_桂本,發汗後，其人臍下悸者，欲作奔豚，茯苓桂枝甘草大棗湯主之。,"7.34
發汗後，其人臍下悸者，欲作奔豚也，茯苓桂枝甘草大棗湯主之。",0.936,"[""傷寒雜病論_桂本獨有用字：\n.347也""]",silver,variant_text,,pending,,text_match
VR_GUIBEN_0063,SHSRC0050,SHL_SONGBEN_0066,songben,guiben,傷寒雜病論_桂本,發汗後，腹脹滿者，厚朴生薑半夏甘草人參湯主之。,"7.37
發汗後，腹脹滿者，厚朴生薑半夏甘草人參湯主之。",1.0,[],silver,variant_text,,pending,,text_match
VR_GUIBEN_0064,SHSRC0050,SHL_SONGBEN_0067,songben,guiben,傷寒雜病論_桂本,傷寒，若吐若下後，心下逆滿，氣上衝胸，起則頭眩，脈沉緊，發汗則動經，身為振振搖者，茯苓桂枝白朮甘草湯主之。,"7.38
傷寒，若吐、若下後，心下逆滿，氣上衝胸，起則頭眩，脈沉緊，發汗則動經，身為振振搖者，茯苓桂枝白朮甘草湯主之。",1.0,[],silver,variant_text,,pending,,text_match
VR_GUIBEN_0065,SHSRC0050,SHL_SONGBEN_0068,songben,guiben,傷寒雜病論_桂本,發汗，病不解，反惡寒者，虛故也，芍藥甘草附子湯主之。,"7.39
發汗病不解，反惡寒者，虛故也，芍藥甘草附子湯主之。",1.0,[],silver,variant_text,,pending,,text_match
VR_GUIBEN_0066,SHSRC0050,SHL_SONGBEN_0069,songben,guiben,傷寒雜病論_桂本,發汗，若下之，病仍不解，煩躁者，茯苓四逆湯主之。,"7.40
發汗，若下之，病仍不解，煩躁者，茯苓四逆湯主之。",1.0,[],silver,variant_text,,pending,,text_match
VR_GUIBEN_0067,SHSRC0050,SHL_SONGBEN_0070,songben,guiben,傷寒雜病論_桂本,發汗後惡寒者，虛故也。不惡寒但熱者，實也。當和胃氣，與調胃承氣湯。,"7.41
發汗後，惡寒者，虛故也；不惡寒，但熱者，實也，當和胃氣，與調胃承氣湯。（方見上卷）",0.926,"[""傷寒雜病論_桂本獨有用字：\n.147上卷方見（）；""]",silver,variant_text,,pending,,text_match
VR_GUIBEN_0068,SHSRC0050,SHL_SONGBEN_0071,songben,guiben,傷寒雜病論_桂本,太陽病，發汗後，大汗出，胃中乾，煩躁不得眠，欲得飲水者，少少與飲之，令胃氣和則愈。若脈浮，小便不利，微熱消渴者，五苓散主之。,"7.42
太陽病，發汗後，大汗出，胃中乾，煩躁不得眠，欲得飲水，少少與之，令胃氣和則愈。若脈浮，小便不利，微熱，消渴者，五苓散主之。",0.938,"[""傷寒雜病論_桂本獨有用字：\n.247""]",silver,variant_text,,pending,,text_match
VR_GUIBEN_0069,SHSRC0050,SHL_SONGBEN_0072,songben,guiben,傷寒雜病論_桂本,發汗已，脈浮數，煩渴者，五苓散主之。,"7.43
太陽病，發汗已，脈浮弦，煩渴者，五苓散主之。（方見前）",0.688,"[""宋本獨有用字：數"", ""傷寒雜病論_桂本獨有用字：\n.347前太弦方病見陽（）""]",bronze,variant_text,,pending,,text_match
VR_GUIBEN_0070,SHSRC0050,SHL_SONGBEN_0073,songben,guiben,傷寒雜病論_桂本,傷寒汗出而渴者，五苓散主之；不渴者，茯苓甘草湯主之。,"7.44
傷寒，汗出而渴，小便不利者，五苓散主之；不渴者，茯苓甘草湯主之。",0.884,"[""傷寒雜病論_桂本獨有用字：\n.47便利小""]",silver,variant_text,,pending,,text_match
VR_GUIBEN_0071,SHSRC0050,SHL_SONGBEN_0074,songben,guiben,傷寒雜病論_桂本,中風發熱，六七日不解而煩，有表裏證，渴欲飲水，水入則吐者，名曰水逆，五苓散主之。,"7.45
中風發熱，六七日不解而煩，有表裏證，渴欲飲水，水入則吐者，名曰水逆。五苓散主之。（方見上）",0.955,"[""傷寒雜病論_桂本獨有用字：\n.457上方見（）""]",silver,variant_text,,pending,,text_match
VR_GUIBEN_0072,SHSRC0050,SHL_SONGBEN_0076,songben,guiben,傷寒雜病論_桂本,發汗後，水藥不得入口，爲逆；若更發汗，必吐下不止。發汗吐下後，虛煩不得眠，若劇者，必反復顛倒，心中懊憹，梔子豉湯主之。若少氣者，梔子甘草豉湯主之；若嘔者，梔子生薑豉湯主之。,"7.49
發汗後及吐下後，虛煩不得眠，若劇者，必反覆顛倒，心中懊憹。梔子乾薑湯主之。若少氣者，梔子甘草豉湯主之。若嘔者，梔子生薑豉湯主之。",0.74,"[""宋本獨有用字：入口復更止水爲藥逆；"", ""傷寒雜病論_桂本獨有用字：\n.479乾及覆""]",bronze,variant_text,,pending,,text_match
VR_GUIBEN_0073,SHSRC0050,SHL_SONGBEN_0077,songben,guiben,傷寒雜病論_桂本,發汗，若下之，而煩熱，胸中窒者，梔子豉湯主之。,"7.50
發汗若下之，而煩熱、胸中窒者，梔子豉湯主之。",1.0,[],silver,variant_text,,pending,,text_match
VR_GUIBEN_0074,SHSRC0050,SHL_SONGBEN_0078,songben,guiben,傷寒雜病論_桂本,傷寒五六日，大下之後，身熱不去，心中結痛者，未欲解也，梔子豉湯主之。,"7.51
傷寒五六日，大下之後，身熱不去、心中結痛者，未欲解也，梔子豉湯主之。（方見上）",0.947,"[""傷寒雜病論_桂本獨有用字：\n.157、上方見（）""]",silver,variant_text,,pending,,text_match
VR_GUIBEN_0075,SHSRC0050,SHL_SONGBEN_0079,songben,guiben,傷寒雜病論_桂本,傷寒下後，心煩腹滿，臥起不安者，梔子厚朴湯主之。,"7.52
傷寒下後，心煩腹滿，臥起不安者，梔子厚朴枳實湯主之。",0.9,"[""傷寒雜病論_桂本獨有用字：\n.257實枳""]",silver,variant_text,,pending,,text_match
VR_GUIBEN_0076,SHSRC0050,SHL_SONGBEN_0080,songben,guiben,傷寒雜病論_桂本,傷寒，醫以丸藥大下之，身熱不去，微煩者，梔子乾薑湯主之。,"7.53
傷寒，醫以丸藥大下之，身熱不去，微煩者，梔子乾薑湯主之。（方見上）",0.936,"[""傷寒雜病論_桂本獨有用字：\n.357上方見（）""]",silver,variant_text,,pending,,text_match
VR_GUIBEN_0077,SHSRC0050,SHL_SONGBEN_0081,songben,guiben,傷寒雜病論_桂本,凡用梔子湯，病人舊微溏者，不可與服之。,"7.54
凡用梔子湯，若病人大便舊微溏者，不可與之。",0.688,"[""宋本獨有用字：服"", ""傷寒雜病論_桂本獨有用字：\n.457便大若""]",bronze,variant_text,,pending,,text_match
VR_GUIBEN_0078,SHSRC0050,SHL_SONGBEN_0082,songben,guiben,傷寒雜病論_桂本,太陽病發汗，汗出不解，其人仍發熱，心下悸，頭眩，身瞤動，振振欲擗地者，真武湯主之。,"7.55
太陽病發汗，汗出不解，其人仍發熱，心下悸，頭眩，身瞤動，振振欲擗地者，真武湯主之。",1.0,[],silver,variant_text,,pending,,text_match
VR_GUIBEN_0079,SHSRC0050,SHL_SONGBEN_0083,songben,guiben,傷寒雜病論_桂本,咽喉乾燥者，不可發汗。,"7.56
咽喉乾燥者，不可發汗。",1.0,[],silver,variant_text,,pending,,text_match
VR_GUIBEN_0080,SHSRC0050,SHL_SONGBEN_0084,songben,guiben,傷寒雜病論_桂本,淋家，不可發汗，發汗必便血。,"7.57
淋家不可發汗，發汗必便血。",1.0,[],silver,variant_text,,pending,,text_match
VR_GUIBEN_0081,SHSRC0050,SHL_SONGBEN_0085,songben,guiben,傷寒雜病論_桂本,瘡家，雖身疼痛，不可發汗，汗出則痙。,"7.58
瘡家雖身疼痛，不可發汗。汗出則痙。",1.0,[],silver,variant_text,,pending,,text_match
VR_GUIBEN_0082,SHSRC0050,SHL_SONGBEN_0086,songben,guiben,傷寒雜病論_桂本,衄家，不可發汗，汗出必額上陷，脈急緊，直視不能眴，不得眠。,"7.59
衄家不可發汗，汗出必額上陷，脈當緊，直視不能眴，不得眠。",0.909,"[""宋本獨有用字：急"", ""傷寒雜病論_桂本獨有用字：\n.579當""]",silver,variant_text,,pending,,text_match
VR_GUIBEN_0083,SHSRC0050,SHL_SONGBEN_0087,songben,guiben,傷寒雜病論_桂本,亡血家，不可發汗，發汗則寒慄而振。,"7.60
亡血家不可發汗，發汗則寒慄而振。",1.0,[],silver,variant_text,,pending,,text_match
VR_GUIBEN_0084,SHSRC0050,SHL_SONGBEN_0088,songben,guiben,傷寒雜病論_桂本,汗家，重發汗，必恍惚心亂，小便已陰疼，與禹餘糧丸。,"7.61
汗家重發汗，必恍惚心亂，小便已陰痛，與禹餘糧丸。",0.895,"[""宋本獨有用字：疼"", ""傷寒雜病論_桂本獨有用字：\n.167痛""]",silver,variant_text,,pending,,text_match
VR_GUIBEN_0085,SHSRC0050,SHL_SONGBEN_0089,songben,guiben,傷寒雜病論_桂本,病人有寒，復發汗，胃中冷，必吐蚘。,"7.62
病人有寒，復發汗，胃中冷，必吐逆。",0.917,"[""宋本獨有用字：蚘"", ""傷寒雜病論_桂本獨有用字：\n.267逆""]",silver,variant_text,,pending,,text_match
VR_GUIBEN_0086,SHSRC0050,SHL_SONGBEN_0090,songben,guiben,傷寒雜病論_桂本,本發汗，而復下之，此為逆也；若先發汗，治不為逆。本先下之，而反汗之，為逆；若先下之，治不為逆。,"7.63
傷寒，未發汗，而復下之，此為逆也；若先發汗，治不為逆。本先下之，而反汗之，為逆；若先下之，治不為逆。",0.926,"[""傷寒雜病論_桂本獨有用字：\n.367傷寒未""]",silver,variant_text,,pending,,text_match
VR_GUIBEN_0087,SHSRC0050,SHL_SONGBEN_0091,songben,guiben,傷寒雜病論_桂本,傷寒，醫下之，續得下利清穀不止，身疼痛者，急當救裏；後身疼痛，清便自調者，急當救表。救裏宜四逆湯，救表宜桂枝湯。,"7.64
傷寒，醫下之，續得下利，清穀不止，身疼痛者，急當救裏；後身疼痛，清便自調者，急當救表。救裏宜四逆湯，救表宜桂枝湯。（方見上卷）",0.95,"[""傷寒雜病論_桂本獨有用字：\n.467上卷方見（）""]",silver,variant_text,,pending,,text_match
VR_GUIBEN_0088,SHSRC0050,SHL_SONGBEN_0093,songben,guiben,傷寒雜病論_桂本,太陽病，先下而不愈，因復發汗，以此表裏俱虛，其人因致冒。冒家汗出自愈。所以然者，汗出表和故也。裏未和，然後復下之。,"7.65
太陽病，先下而不愈，因復發汗，以此表裏俱虛，其人因致冒，冒家汗自出愈。所以然者，表和故也。裏未和，然後復下之。",0.899,"[""傷寒雜病論_桂本獨有用字：\n.567""]",silver,variant_text,,pending,,text_match
VR_GUIBEN_0089,SHSRC0050,SHL_SONGBEN_0094,songben,guiben,傷寒雜病論_桂本,太陽病未解，脈陰陽俱停，必先振慄汗出而解。但陽脈微者，先汗出而解；但陰脈微者，下之而解。若欲下之，宜調胃承氣湯。,"7.66
太陽病未解，脈陰陽俱微者，必先振慄，汗出而解。但陽脈微者，先汗出而解；若陰脈實者，下之而解。若欲下之，宜調胃承氣湯。（方見上卷）",0.854,"[""宋本獨有用字：停"", ""傷寒雜病論_桂本獨有用字：\n.67上卷實方見（）""]",silver,variant_text,,pending,,text_match
VR_GUIBEN_0090,SHSRC0050,SHL_SONGBEN_0095,songben,guiben,傷寒雜病論_桂本,太陽病，發熱汗出者，此為榮弱衛強，故使汗出。欲救邪風者，宜桂枝湯。,"7.67
太陽病，發熱汗出者，此為榮弱衛強，故使汗出。欲救邪風者，宜桂枝湯。（方見上卷）",0.926,"[""傷寒雜病論_桂本獨有用字：\n.67上卷方見（）""]",silver,variant_text,,pending,,text_match
VR_GUIBEN_0091,SHSRC0050,SHL_SONGBEN_0096,songben,guiben,傷寒雜病論_桂本,傷寒五六日，中風，往來寒熱，胸脇苦滿，嘿嘿不欲飲食，心煩喜嘔。或胸中煩而不嘔，或渴，或腹中痛，或脇下痞鞕，或心下悸、小便不利，或不渴、身有微熱，或欬者，小柴胡湯主之。,"7.68
傷寒五六日，中風，往來寒熱，胸脇苦滿，嘿嘿不欲食飲，心煩喜嘔，或胸中煩而不嘔，或渴，或腹中痛，或脇下痞鞕，或心下悸，小便不利，或不渴，身有微熱而咳者，小柴胡湯主之。",0.908,"[""宋本獨有用字：、欬"", ""傷寒雜病論_桂本獨有用字：\n.678咳""]",silver,variant_text,,pending,,text_match
VR_GUIBEN_0092,SHSRC0050,SHL_SONGBEN_0097,songben,guiben,傷寒雜病論_桂本,血弱氣盡，腠理開，邪氣因入，與正氣相搏，結於脇下，正邪分爭，往來寒熱，休作有時，嘿嘿不欲飲食，藏府相連，其痛必下，邪高痛下，故使嘔也，小柴胡湯主之。服柴胡湯已，渴者屬陽明，以法治之。,"7.69
血弱氣虛，腠理開，邪氣因入，與正氣相搏，結於脇下，正邪紛爭，往來寒熱，休作有時，嘿嘿不欲飲食；臟腑相連，其痛必下，邪高痛下，故使嘔也，小柴胡湯主之。服柴胡湯已，渴者，屬陽明也，以法治之。（方見上）",0.863,"[""宋本獨有用字：分府盡藏"", ""傷寒雜病論_桂本獨有用字：\n.679上方紛腑臟虛見（）；""]",silver,variant_text,,pending,,text_match
VR_GUIBEN_0093,SHSRC0050,SHL_SONGBEN_0098,songben,guiben,傷寒雜病論_桂本,得病六七日，脈遲浮弱，惡風寒，手足溫，醫二三下之，不能食而脇下滿痛，面目及身黃，頸項強，小便難者，與柴胡湯，後必下重。本渴飲水而嘔者，柴胡不中與也，食穀者噦。,"7.70
太陽病六七日，脈遲浮弱，惡風寒，手足溫。醫二三下之，不能食，脇下滿痛，面目及身黃，頸項強，小便難者，與柴胡湯，後必下重。本渴而飲水嘔者，柴胡不中與也；食穀者噦。",0.905,"[""宋本獨有用字：得"", ""傷寒雜病論_桂本獨有用字：\n.07太陽；""]",silver,variant_text,,pending,,text_match
VR_GUIBEN_0094,SHSRC0050,SHL_SONGBEN_0099,songben,guiben,傷寒雜病論_桂本,傷寒四五日，身熱，惡風，頸項強，脇下滿，手足溫而渴者，小柴胡湯主之。,"7.71
傷寒四五日，身熱惡風，頸項強，脇下滿，手足溫而渴者，小柴胡湯主之。（方見上）",0.945,"[""傷寒雜病論_桂本獨有用字：\n.17上方見（）""]",silver,variant_text,,pending,,text_match
VR_GUIBEN_0095,SHSRC0050,SHL_SONGBEN_0100,songben,guiben,傷寒雜病論_桂本,傷寒，陽脈濇，陰脈弦，法當腹中急痛，先與小建中湯，不差者，與小柴胡湯主之。,"7.72
傷寒，陽脈濇，陰脈弦，法當腹中急痛，先與小建中湯。不差者，與小柴胡湯。（方見上）",0.912,"[""宋本獨有用字：主之"", ""傷寒雜病論_桂本獨有用字：\n.27上方見（）""]",silver,variant_text,,pending,,text_match
VR_GUIBEN_0096,SHSRC0050,SHL_SONGBEN_0101,songben,guiben,傷寒雜病論_桂本,傷寒中風，有柴胡證，但見一證便是，不必悉具。凡柴胡湯病證而下之，若柴胡證不罷者，復與柴胡湯，必蒸蒸而振，卻復發熱汗出而解。,"7.73
傷寒與中風，有柴胡證，但見一證便是，不必悉具。凡柴胡湯病證而誤下之，若柴胡證不罷者，復與柴胡湯，必蒸蒸而振，卻復發熱，汗出而解。",0.936,"[""傷寒雜病論_桂本獨有用字：\n.37誤""]",silver,variant_text,,pending,,text_match
VR_GUIBEN_0097,SHSRC0050,SHL_SONGBEN_0102,songben,guiben,傷寒雜病論_桂本,傷寒二三日，心中悸而煩者，小建中湯主之。,"7.74
傷寒二三日，心中悸而煩者，小建中湯主之。（方見上）",0.914,"[""傷寒雜病論_桂本獨有用字：\n.47上方見（）""]",silver,variant_text,,pending,,text_match
VR_GUIBEN_0098,SHSRC0050,SHL_SONGBEN_0103,songben,guiben,傷寒雜病論_桂本,太陽病，過經十餘日，反二三下之。後四五日，柴胡證仍在者，先與小柴胡湯；嘔不止，心下急，鬱鬱微煩者，為未解也，與大柴胡湯下之則愈。,"7.75
太陽病，過經十餘日，反二三下之，後四五日，柴胡證仍在者，先與小柴胡。嘔不止，心下急，鬱鬱微煩者，為未解也，與大柴胡湯下之則愈。",0.979,[],silver,variant_text,,pending,,text_match
VR_GUIBEN_0099,SHSRC0050,SHL_SONGBEN_0104,songben,guiben,傷寒雜病論_桂本,傷寒十三日不解，胸脇滿而嘔，日晡所發潮熱，已而微利。此本柴胡證，下之以不得利，今反利者，知醫以丸藥下之，此非其治也。潮熱者，實也。先宜服小柴胡湯以解外，後以柴胡加芒硝湯主之。,"7.76
傷寒十三日不解，胸脇滿而嘔，日晡所發潮熱，已而微利，此本柴胡證，下之以不得利，今反利者，知醫以丸藥下之，非其治也。潮熱者，實也，宜先服小柴胡湯以解外，後以柴胡加芒硝湯主之。",0.934,"[""傷寒雜病論_桂本獨有用字：\n.67""]",silver,variant_text,,pending,,text_match
VR_GUIBEN_0100,SHSRC0050,SHL_SONGBEN_0105,songben,guiben,傷寒雜病論_桂本,傷寒十三日，過經，譫語者，以有熱也，當以湯下之。若小便利者，大便當鞕，而反下利，脈調和者，知醫以丸藥下之，非其治也。若自下利者，脈當微厥，今反和者，此為內實也，調胃承氣湯主之。,"7.77
傷寒十三日，過經，讝語者，以有熱也，當以湯下之。若小便利者，大便當鞕，而反下利，知醫以丸藥下之，非其治也。若自下利者，脈當微厥，今反和者，此為內實也，調胃承氣湯主之。（方見上卷）",0.904,"[""宋本獨有用字：譫"", ""傷寒雜病論_桂本獨有用字：\n.7上卷方見讝（）""]",silver,variant_text,,pending,,text_match
VR_GUIBEN_0101,SHSRC0050,SHL_SONGBEN_0106,songben,guiben,傷寒雜病論_桂本,太陽病不解，熱結膀胱，其人如狂，血自下，下者愈。其外不解者，尚未可攻，當先解其外。外解已，但少腹急結者，乃可攻之，宜桃核承氣湯。,"7.78
太陽病不解，熱結膀胱，其人如狂，血自下，下者愈。其外不解者，尚未可攻，當先解外；外解已，但少腹急結者，乃可攻之，宜桃仁承氣湯。",0.938,"[""宋本獨有用字：核"", ""傷寒雜病論_桂本獨有用字：\n.78仁；""]",silver,variant_text,,pending,,text_match
VR_GUIBEN_0102,SHSRC0050,SHL_SONGBEN_0107,songben,guiben,傷寒雜病論_桂本,傷寒八九日，下之，胸滿煩驚，小便不利，譫語，一身盡重，不可轉側者，柴胡加龍骨牡蠣湯主之。,"7.79
傷寒八九日，下之，胸滿，煩驚，小便不利，讝語，一身盡重，不可轉側，柴胡加龍骨牡蠣湯主之。",0.899,"[""宋本獨有用字：者譫"", ""傷寒雜病論_桂本獨有用字：\n.79讝""]",silver,variant_text,,pending,,text_match
VR_GUIBEN_0103,SHSRC0050,SHL_SONGBEN_0108,songben,guiben,傷寒雜病論_桂本,傷寒，腹滿，譫語，寸口脈浮而緊，此肝乘脾也，名曰縱。刺期門。,"7.80
傷寒腹滿，讝語，寸口脈浮而緊，關上脈弦者，此肝乘脾也，名曰縱，刺期門。",0.776,"[""宋本獨有用字：譫"", ""傷寒雜病論_桂本獨有用字：\n.078上弦者讝關""]",bronze,variant_text,,pending,,text_match
VR_GUIBEN_0104,SHSRC0050,SHL_SONGBEN_0109,songben,guiben,傷寒雜病論_桂本,傷寒發熱，嗇嗇惡寒，大渴欲飲水，其腹必滿，自汗出，小便利，其病欲解，此肝乘肺也，名曰橫。刺期門。,"7.81
傷寒發熱，嗇嗇惡寒，大渴欲飲水，其腹必滿；自汗出，小便不利，寸口脈浮而濇，關上弦急者，此肝乘肺也，名曰橫，刺期門。",0.756,"[""宋本獨有用字：病解"", ""傷寒雜病論_桂本獨有用字：\n.178上不口寸弦急浮濇者而脈關；""]",bronze,variant_text,,pending,,text_match
VR_GUIBEN_0105,SHSRC0050,SHL_SONGBEN_0110,songben,guiben,傷寒雜病論_桂本,太陽病二日，反躁，凡熨其背而大汗出，大熱入胃，胃中水竭，躁煩，必發譫語。十餘日，振慄，自下利者，此為欲解也。故其汗從腰以下不得汗，欲小便不得，反嘔，欲失溲，足下惡風，大便鞕，小便當數而反不數及不多，大便已，頭卓然而痛，其人足心必熱，穀氣下流故也。,"7.82
太陽病二日，煩躁，反熨其背而大汗出，火熱入胃，胃中水竭，躁煩，必發讝語。十餘日，振慄、自下利者，此為欲解也。若其汗從腰以下不得汗，欲小便不得，反嘔，欲失溲，足下惡風，大便鞕，小便當數，而反不數又不多，大便已，頭卓然而痛，其人足心必熱，穀氣下流故也。",0.876,"[""宋本獨有用字：凡及譫"", ""傷寒雜病論_桂本獨有用字：\n.278、又火若讝""]",silver,variant_text,,pending,,text_match
VR_GUIBEN_0106,SHSRC0050,SHL_SONGBEN_0111,songben,guiben,傷寒雜病論_桂本,太陽病中風，以火劫發汗，邪風被火熱，血氣流溢，失其常度。兩陽相熏灼，其身發黃。陽盛則欲衄，陰虛小便難。陰陽俱虛竭，身體則枯燥，但頭汗出，劑頸而還，腹滿，微喘，口乾咽爛，或不大便，久則譫語，甚者至噦，手足躁擾，捻衣摸床，小便利者，其人可治。,"7.83
太陽病中風，以火劫發汗，邪風被火熱，血氣流溢，失其常度，兩陽相熏灼，其身發黃。陽盛則欲衄，陰虛小便難，陰陽俱虛竭，身體則枯燥，但頭汗出，劑頸而還，腹滿，微喘，口乾，咽爛或不大便，久則讝語，甚者至噦，手足躁擾，捻衣摸床。小便利者，其人可治，宜人參地黃龍骨牡蠣茯苓湯主之。",0.911,"[""宋本獨有用字：譫"", ""傷寒雜病論_桂本獨有用字：\n.378主之參地宜湯牡苓茯蠣讝骨龍""]",silver,variant_text,,pending,,text_match
VR_GUIBEN_0107,SHSRC0050,SHL_SONGBEN_0112,songben,guiben,傷寒雜病論_桂本,傷寒，脈浮，醫以火迫劫之，亡陽，必驚狂，臥起不安者，桂枝去芍藥加蜀漆牡蠣龍骨救逆湯主之。,"7.84
傷寒脈浮，醫以火迫劫之，亡陽，必驚狂。臥起不安者，桂枝去芍藥加牡蠣龍骨救逆湯主之。",0.943,"[""宋本獨有用字：漆蜀"", ""傷寒雜病論_桂本獨有用字：\n.478""]",silver,variant_text,,pending,,text_match
VR_GUIBEN_0108,SHSRC0050,SHL_SONGBEN_0113,songben,guiben,傷寒雜病論_桂本,形作傷寒，其脈不弦緊而弱，弱者必渴，被火必譫語，弱者發熱脈浮，解之當汗出愈。,"7.85
形似傷寒，其脈不弦緊而弱。弱者必渴，被火必讝語。弱而發熱脈浮者，解之，當汗出愈。",0.774,"[""宋本獨有用字：作譫"", ""傷寒雜病論_桂本獨有用字：\n.578似讝""]",bronze,variant_text,,pending,,text_match
VR_GUIBEN_0109,SHSRC0050,SHL_SONGBEN_0114,songben,guiben,傷寒雜病論_桂本,太陽病，以火熏之，不得汗，其人必躁。到經不解，必清血，名爲火邪。,"7.86
太陽病，以火熏之，不得汗，其人必躁，到經不解，必清血，名為火邪。",0.917,"[""宋本獨有用字：爲"", ""傷寒雜病論_桂本獨有用字：\n.678為""]",silver,variant_text,,pending,,text_match
VR_GUIBEN_0110,SHSRC0050,SHL_SONGBEN_0115,songben,guiben,傷寒雜病論_桂本,脈浮，熱甚，而反灸之，此為實，實以虛治，因火而動，必咽燥，吐血。,"7.87
脈浮、熱甚，反以火灸之，此為實。實以虛治，因火而動，必咽燥、唾血。",0.766,"[""宋本獨有用字：吐"", ""傷寒雜病論_桂本獨有用字：\n.78、唾""]",bronze,variant_text,,pending,,text_match
VR_GUIBEN_0111,SHSRC0050,SHL_SONGBEN_0116,songben,guiben,傷寒雜病論_桂本,微數之脈，慎不可灸。因火為邪，則為煩逆，追虛逐實，血散脈中，火氣雖微，內攻有力，焦骨傷筋，血難復也。脈浮，宜以汗解。用火灸之，邪無從出，因火而盛，病從腰以下必重而痹，名火逆也。欲自解者，必當先煩，煩乃有汗而解。何以知之？脈浮，故知汗出解。,"7.89
脈浮，宜以汗解，用火灸之，邪無從出，因火而盛，病從腰以下必重而痹，名火逆也。欲自解者，必當先煩，煩乃有汗而解，何以知之？脈浮故也。",0.699,"[""宋本獨有用字：不中傷內則力可實復微慎攻散數氣為焦筋虛血追逐雖難骨"", ""傷寒雜病論_桂本獨有用字：\n.789""]",bronze,variant_text,,pending,,text_match
VR_GUIBEN_0112,SHSRC0050,SHL_SONGBEN_0117,songben,guiben,傷寒雜病論_桂本,燒針令其汗，針處被寒，核起而赤者，必發奔豚。氣從少腹上衝心者，灸其核上各一壯，與桂枝加桂湯，更加桂二兩也。,"7.90
燒針令其汗，針處被寒，核起而赤者，必發奔豚。氣從少腹上衝心者，灸其核上各一壯，與桂枝加桂湯。",0.938,"[""宋本獨有用字：也二兩更"", ""傷寒雜病論_桂本獨有用字：\n.079""]",silver,variant_text,,pending,,text_match
VR_GUIBEN_0113,SHSRC0050,SHL_SONGBEN_0118,songben,guiben,傷寒雜病論_桂本,火逆下之，因燒針煩躁者，桂枝甘草龍骨牡蠣湯主之。,"7.91
火逆，下之，因燒針煩燥者，桂枝甘草龍骨牡蠣湯主之。",0.9,"[""宋本獨有用字：躁"", ""傷寒雜病論_桂本獨有用字：\n.179燥""]",silver,variant_text,,pending,,text_match
VR_GUIBEN_0114,SHSRC0050,SHL_SONGBEN_0119,songben,guiben,傷寒雜病論_桂本,太陽傷寒者，加溫針，必驚也。,"7.92
太陽傷寒者，加溫針必驚也。",1.0,[],silver,variant_text,,pending,,text_match
VR_GUIBEN_0115,SHSRC0050,SHL_SONGBEN_0120,songben,guiben,傷寒雜病論_桂本,太陽病，當惡寒發熱，今自汗出，反不惡寒發熱，關上脈細數者，以醫吐之過也。一二日吐之者，腹中飢，口不能食；三四日吐之者，不喜糜粥，欲食冷食，朝食暮吐，以醫吐之所致也，此為小逆。,"7.93
太陽病，當惡寒發熱，今自汗出，反不惡寒發熱，關上脈細數者，以醫吐之過也。一二日吐之者，腹中飢，口不能食；三四日吐之者，不喜糜粥，欲食冷食，朝食暮吐，此為小逆。若不惡寒，又不欲近衣者，此為內煩。皆醫吐之所致也。",0.881,"[""傷寒雜病論_桂本獨有用字：\n.379內又煩皆若衣近""]",silver,variant_text,,pending,,text_match
VR_GUIBEN_0116,SHSRC0050,SHL_SONGBEN_0122,songben,guiben,傷寒雜病論_桂本,病人脈數，數為熱，當消穀引食，而反吐者，此以發汗，令陽氣微，膈氣虛，脈乃數也。數為客熱，不能消穀，以胃中虛冷，故吐也。,"7.94
病人脈數，數為熱，當消穀。今引食而反吐者，此以發汗，令陽氣微、膈氣虛，脈乃數也。數為客熱，故不能消穀，以胃中虛冷，故吐也。",0.933,"[""傷寒雜病論_桂本獨有用字：\n.479、今""]",silver,variant_text,,pending,,text_match
VR_GUIBEN_0117,SHSRC0050,SHL_SONGBEN_0123,songben,guiben,傷寒雜病論_桂本,太陽病，過經十餘日，心下溫溫欲吐，而胸中痛，大便反溏，腹微滿，鬱鬱微煩，先此時自極吐下者，與調胃承氣湯。若不爾者，不可與。但欲嘔，胸中痛，微溏者，此非柴胡湯證，以嘔，故知極吐下也。調胃承氣湯。,"7.95
太陽病，過經十餘日，心中溫溫欲吐，胸中痛，大便反溏，腹微滿，鬱鬱微煩。先其時自極吐下者，與調胃承氣湯；若不爾者，不可與之。若但欲嘔，胸中痛，微溏者，此非柴胡證。所以然者，以嘔故知極吐下也。（調胃承氣湯方見上卷）",0.808,"[""宋本獨有用字：而"", ""傷寒雜病論_桂本獨有用字：\n.579上之其卷所方然見（）；""]",silver,variant_text,,pending,,text_match
VR_GUIBEN_0118,SHSRC0050,SHL_SONGBEN_0124,songben,guiben,傷寒雜病論_桂本,太陽病，六七日表證仍在，脈微而沉，反不結胸，其人發狂者，以熱在下焦，少腹當鞕滿，小便自利者，下血乃愈。所以然者，以太陽隨經，瘀熱在裏故也。抵當湯主之。,"7.96
太陽病六七日，表證仍在，脈微而沉，反不結胸，其人發狂者，以熱在下焦，少腹當鞕滿，小便自利者，下血乃愈。所以然者，以太陽隨經，瘀熱在裏故也，抵當湯主之。",1.0,[],silver,variant_text,,pending,,text_match
VR_GUIBEN_0119,SHSRC0050,SHL_SONGBEN_0125,songben,guiben,傷寒雜病論_桂本,太陽病，身黃，脈沉結，少腹鞕，小便不利者，為無血也。小便自利，其人如狂者，血證諦也，抵當湯主之。,"7.97
太陽病，身黃，脈沉結，少腹鞕，小便不利者，為無血也；小便自利，其人如狂者，血證諦也，抵當湯主之。（方見前）",0.96,"[""傷寒雜病論_桂本獨有用字：\n.79前方見（）；""]",silver,variant_text,,pending,,text_match
VR_GUIBEN_0120,SHSRC0050,SHL_SONGBEN_0126,songben,guiben,傷寒雜病論_桂本,傷寒有熱，少腹滿，應小便不利，今反利者，為有血也，當下之，不可餘藥，宜抵當丸。,"7.98
傷寒，有熱，少腹滿，應小便不利，今反利者，為有血也，當下之，可不餘藥，宜抵當丸。",0.9,"[""傷寒雜病論_桂本獨有用字：\n.789""]",silver,variant_text,,pending,,text_match
VR_GUIBEN_0121,SHSRC0050,SHL_SONGBEN_0127,songben,guiben,傷寒雜病論_桂本,太陽病，小便利者，以飲水多，必心下悸，小便少者，必苦裏急也。,"7.99
太陽病，小便利者，以飲水多，必心下悸；小便少者，必苦裏急也。",1.0,[],silver,variant_text,,pending,,text_match
VR_GUIBEN_0122,SHSRC0050,SHL_SONGBEN_0130,songben,guiben,傷寒雜病論_桂本,藏結無陽證，不往來寒熱，其人反靜，舌上胎滑者，不可攻也。,"8.7
臟結，無陽證，不往來寒熱，其人反靜，舌上苔滑者，不可攻也；飲食如故，時時下利，舌上白苔滑者，為難治。",0.655,"[""宋本獨有用字：胎藏"", ""傷寒雜病論_桂本獨有用字：\n.78下利如故時治為白臟苔難食飲；""]",bronze,variant_text,,pending,,text_match
VR_GUIBEN_0123,SHSRC0050,SHL_SONGBEN_0132,songben,guiben,傷寒雜病論_桂本,結胸證，其脈浮大者，不可下，下之則死。,"8.10
結胸證，其脈浮大者，不可下，下之則死。",1.0,[],silver,variant_text,,pending,,text_match
VR_GUIBEN_0124,SHSRC0050,SHL_SONGBEN_0133,songben,guiben,傷寒雜病論_桂本,結胸證悉具，煩躁者亦死。,"8.11
結胸證悉具，煩躁者亦死。",1.0,[],silver,variant_text,,pending,,text_match
VR_GUIBEN_0125,SHSRC0050,SHL_SONGBEN_0134,songben,guiben,傷寒雜病論_桂本,太陽病，脈浮而動數，浮則為風，數則為熱，動則為痛，數則為虛。頭痛發熱，微盜汗出，而反惡寒者，表未解也，醫反下之，動數變遲，膈內拒痛，胃中空虛，客氣動膈，短氣躁煩，心中懊憹，陽氣內陷，心下因鞕，則為結胸，大陷胸湯主之。若不結胸，但頭汗出，餘處無汗，劑頸而還，小便不利，身必發黃。,"8.12
太陽病，脈浮而動數，浮則為風，數則為熱，動則為痛，頭痛發熱，微盜汗出，而反惡寒者，表未解也。醫反下之，動數變遲，膈內拒痛，胃中空虛，客氣動膈，短氣，躁煩，心中懊憹，陽氣內陷，心下因鞕，則為結胸，大陷胸湯主之。若不結胸，但頭汗出，餘處無汗，劑頸而還，小便不利，身必發黃。五苓散主之。",0.961,"[""傷寒雜病論_桂本獨有用字：\n.128五散苓""]",silver,variant_text,,pending,,text_match
VR_GUIBEN_0126,SHSRC0050,SHL_SONGBEN_0135,songben,guiben,傷寒雜病論_桂本,傷寒六七日，結胸熱實，脈沉而緊，心下痛，按之石鞕者，大陷胸湯主之。,"8.13
傷寒六七日，結胸熱實，脈沉緊而實，心下痛，按之石鞕者，大陷胸湯主之。（方見前）",0.821,"[""傷寒雜病論_桂本獨有用字：\n.138前方見（）""]",silver,variant_text,,pending,,text_match
VR_GUIBEN_0127,SHSRC0050,SHL_SONGBEN_0136,songben,guiben,傷寒雜病論_桂本,傷寒十餘日，熱結在裏，復往來寒熱者，與大柴胡湯；但結胸，無大熱者，此為水結在胸脇也，但頭微汗出者，大陷胸湯主之。,"8.15
但結胸無大熱者，此為水結在胸肋也，但頭微汗出者，大陷胸湯主之。（方見前）",0.658,"[""宋本獨有用字：來傷十寒往復日柴胡脇與裏餘；"", ""傷寒雜病論_桂本獨有用字：\n.158前方肋見（）""]",bronze,variant_text,,pending,,text_match
VR_GUIBEN_0128,SHSRC0050,SHL_SONGBEN_0137,songben,guiben,傷寒雜病論_桂本,太陽病，重發汗而復下之，不大便五六日，舌上燥而渴，日晡所小有潮熱，從心下至少腹鞕滿而痛，不可近者，大陷胸湯主之。,"8.16
太陽病，重發汗，而復下之，不大便五六日，舌上燥而渴，日晡所小有潮熱，從心下至少腹鞕滿而痛，不可近者，大陷胸湯主之。（方見前）",0.969,"[""傷寒雜病論_桂本獨有用字：\n.168前方見（）""]",silver,variant_text,,pending,,text_match
VR_GUIBEN_0129,SHSRC0050,SHL_SONGBEN_0138,songben,guiben,傷寒雜病論_桂本,小結胸病，正在心下，按之則痛，脈浮滑者，小陷胸湯主之。,"8.17
小結胸病，正在心下，按之則痛，脈浮滑者，小陷胸湯主之。",1.0,[],silver,variant_text,,pending,,text_match
VR_GUIBEN_0130,SHSRC0050,SHL_SONGBEN_0139,songben,guiben,傷寒雜病論_桂本,太陽病，二三日，不能臥，但欲起，心下必結，脈微弱者，此本有寒分也。反下之，若利止，必作結胸；未止者，四日復下之，此作協熱利也。,"8.18
太陽病，二三日，不能臥，但欲起，心下必結。脈微弱者，此本有寒分也，反下之，若利止，必作結胸。未止者，此作協熱利也。",0.945,"[""宋本獨有用字：四復；"", ""傷寒雜病論_桂本獨有用字：\n.18""]",silver,variant_text,,pending,,text_match
VR_GUIBEN_0131,SHSRC0050,SHL_SONGBEN_0140,songben,guiben,傷寒雜病論_桂本,太陽病，下之，其脈促，不結胸者，此為欲解也；脈浮者，必結胸；脈緊者，必咽痛；脈弦者，必兩脇拘急；脈細數者，頭痛未止；脈沉緊者，必欲嘔；脈沉滑者，協熱利；脈浮滑者，必下血。,"8.19
太陽病，下之後，其脈促，不結胸者，此為欲解也；脈浮者，必結胸；脈緊者，必咽痛；脈弦者，必兩脇拘急；脈細數者，頭痛未止；脈沉緊者，必欲嘔；脈沉滑者，協熱利；脈浮滑者，必下血。",0.973,[],silver,variant_text,,pending,,text_match
VR_GUIBEN_0132,SHSRC0050,SHL_SONGBEN_0141,songben,guiben,傷寒雜病論_桂本,病在陽，應以汗解之，反以冷水潠之，若灌之，其熱被劫，不得去，彌更益煩，肉上粟起，意欲飲水，反不渴者，服文蛤散；若不差者，與五苓散。寒實結胸，無熱證者，與三物小陷胸湯，白散亦可服。,"8.20
病在陽，應以汗解之，反以冷水潠之，若灌之，其熱被劫不得去，彌更益煩，肉上粟起，意欲飲水，反不渴者，服文蛤散；若不差者，與五苓散。寒實結胸，無熱證者，與三物小陷胸湯，白散亦可服。（五苓散小陷胸湯方俱見前）",0.959,"[""傷寒雜病論_桂本獨有用字：\n.028俱前方見（）""]",silver,variant_text,,pending,,text_match
VR_GUIBEN_0133,SHSRC0050,SHL_SONGBEN_0142,songben,guiben,傷寒雜病論_桂本,太陽與少陽并病，頭項強痛，或眩冒，時如結胸，心下痞鞕者，當刺大椎第一間、肺俞、肝俞，慎不可發汗，發汗則譫語、脈弦，五日譫語不止，當刺期門。,"8.21
太陽與少陽併病，頭項強痛，或眩冒，時如結胸，心下痞鞕者，當刺大椎第一間、肺俞、肝俞，慎不可發汗，發汗則讝語，脈弦大，五日讝語不止，當刺期門。",0.876,"[""宋本獨有用字：并譫"", ""傷寒雜病論_桂本獨有用字：\n.128併讝""]",silver,variant_text,,pending,,text_match
VR_GUIBEN_0134,SHSRC0050,SHL_SONGBEN_0143,songben,guiben,傷寒雜病論_桂本,婦人中風，發熱惡寒，經水適來，得之七八日，熱除而脈遲身涼，胸脇下滿，如結胸狀，譫語者，此為熱入血室也。當刺期門，隨其實而取之。,"8.22
婦人中風，發熱惡風，經水適來，得之七八日，熱除而脈遲身涼，胸脇下滿，如結胸狀，讝語者，此為熱入血室也，當刺期門，隨其實而瀉之。",0.882,"[""宋本獨有用字：取寒譫"", ""傷寒雜病論_桂本獨有用字：\n.28瀉讝""]",silver,variant_text,,pending,,text_match
VR_GUIBEN_0135,SHSRC0050,SHL_SONGBEN_0144,songben,guiben,傷寒雜病論_桂本,婦人中風，七八日續得寒熱，發作有時，經水適斷者，此為熱入血室，其血必結，故使如瘧狀，發作有時，小柴胡湯主之。,"8.23
婦人中風，七八日，續得寒熱，發作有時，經水適斷者，此為熱入血室，其血必結，故使如瘧狀，小柴胡湯主之。",0.963,"[""傷寒雜病論_桂本獨有用字：\n.238""]",silver,variant_text,,pending,,text_match
VR_GUIBEN_0136,SHSRC0050,SHL_SONGBEN_0145,songben,guiben,傷寒雜病論_桂本,婦人傷寒，發熱，經水適來，晝日明了，暮則譫語，如見鬼狀，此為熱入血室，無犯胃氣及上二焦，必自愈。,"8.24
婦人傷寒，發熱，經水適來，晝日明瞭，暮則讝語，如見鬼狀者，此為熱入血室，無犯胃氣及上二焦，必自愈。",0.857,"[""宋本獨有用字：了譫"", ""傷寒雜病論_桂本獨有用字：\n.248瞭者讝""]",silver,variant_text,,pending,,text_match
VR_GUIBEN_0137,SHSRC0050,SHL_SONGBEN_0146,songben,guiben,傷寒雜病論_桂本,傷寒六七日，發熱，微惡寒，支節煩疼，微嘔，心下支結，外證未去者，柴胡桂枝湯主之。,"8.25
傷寒六七日，發熱微惡寒，支節煩疼，微嘔，心下支結，外證未去者，柴胡桂枝湯主之。",1.0,[],silver,variant_text,,pending,,text_match
VR_GUIBEN_0138,SHSRC0050,SHL_SONGBEN_0147,songben,guiben,傷寒雜病論_桂本,傷寒五六日，已發汗而復下之，胸脇滿微結，小便不利，渴而不嘔，但頭汗出，往來寒熱，心煩者，此為未解也，柴胡桂枝乾薑湯主之。,"8.26
傷寒五六日，已發汗而復下之，胸脇滿，微結，小便不利，渴而不嘔，但頭汗出，往來寒熱，心煩者，此為未解也，柴胡桂枝乾薑湯主之。",1.0,[],silver,variant_text,,pending,,text_match
VR_GUIBEN_0139,SHSRC0050,SHL_SONGBEN_0148,songben,guiben,傷寒雜病論_桂本,傷寒五六日，頭汗出，微惡寒，手足冷，心下滿，口不欲食，大便鞕，脈細者，此為陽微結，必有表，復有裏也。脈沉，亦在裏也。汗出，為陽微。假令純陰結，不得復有外證，悉入在裏，此為半在裏半在外也。脈雖沉緊，不得為少陰病。所以然者，陰不得有汗，今頭汗出，故知非少陰也。可與小柴胡湯，設不了了者，得屎而解。,"8.27
傷寒五六日，頭汗出，微惡寒，手足冷，心下滿，口不欲食，大便鞕，脈細者，此為陽微結，必有表復有裏也，脈沉者，亦在裏也，汗出為陽微。假令純陰結，不得復有外證，悉入在裏，此為半在裏半在外也，脈雖沉細，不得為少陰病，所以然者，陰不得有汗，今頭汗出，故知非少陰也，可與小柴胡湯。設不了了者，得屎而解。（小柴胡湯見前）",0.952,"[""宋本獨有用字：緊"", ""傷寒雜病論_桂本獨有用字：\n.278前見（）""]",silver,variant_text,,pending,,text_match
VR_GUIBEN_0140,SHSRC0050,SHL_SONGBEN_0149,songben,guiben,傷寒雜病論_桂本,傷寒五六日，嘔而發熱者，柴胡湯證具，而以他藥下之，柴胡證仍在者，復與柴胡湯。此雖已下之，不為逆，必蒸蒸而振，卻發熱汗出而解。若心下滿而鞕痛者，此為結胸也，大陷胸湯主之。但滿而不痛者，此為痞，柴胡不中與之，宜半夏瀉心湯。,"8.28
傷寒五六日，嘔而發熱者，柴胡湯證具，而以他藥下之，柴胡證仍在者，復與柴胡湯，此雖已下之，不為逆，必蒸蒸而振，卻發熱汗出而解。若心下滿而鞕痛者，此為結胸也，大陷胸湯主之；但滿而不痛者，此為痞，柴胡不中與之，宜半夏瀉心湯。（大陷胸湯見前）",0.982,[],silver,variant_text,,pending,,text_match
VR_GUIBEN_0141,SHSRC0050,SHL_SONGBEN_0150,songben,guiben,傷寒雜病論_桂本,太陽少陽并病，而反下之，成結胸，心下鞕，下利不止，水漿不下，其人心煩。,"8.29
太陽少陽併病，而反下之，成結胸，心下必鞕，若下利不止，水漿不下，其人必煩。",0.75,"[""宋本獨有用字：并"", ""傷寒雜病論_桂本獨有用字：\n.289併必若""]",bronze,variant_text,,pending,,text_match
VR_GUIBEN_0142,SHSRC0050,SHL_SONGBEN_0151,songben,guiben,傷寒雜病論_桂本,脈浮而緊，而復下之，緊反入裏，則作痞，按之自濡，但氣痞耳。,"8.30
脈浮而緊，而復下之，緊反入裏，則作痞，按之自濡，但氣痞耳；小青龍湯主之。",0.88,"[""傷寒雜病論_桂本獨有用字：\n.038主小湯青龍；""]",silver,variant_text,,pending,,text_match
VR_GUIBEN_0143,SHSRC0050,SHL_SONGBEN_0152,songben,guiben,傷寒雜病論_桂本,太陽中風，下利，嘔逆，表解者，乃可攻之。其人漐漐汗出，發作有時，頭痛，心下痞鞕滿，引脇下痛，乾嘔，短氣，汗出不惡寒者，此表解裏未和也，十棗湯主之。,"8.31
太陽中風，下利，嘔逆，表解者，乃可攻之，若其人漐漐汗出，發作有時，頭痛，心下痞滿，引脇下痛，乾嘔短氣，汗出不惡寒者，此表解裏未和也，十棗湯主之。",0.945,"[""宋本獨有用字：鞕"", ""傷寒雜病論_桂本獨有用字：\n.138若""]",silver,variant_text,,pending,,text_match
VR_GUIBEN_0144,SHSRC0050,SHL_SONGBEN_0153,songben,guiben,傷寒雜病論_桂本,太陽病，醫發汗，遂發熱惡寒，因復下之，心下痞，表裏俱虛，陰陽氣并竭，無陽則陰獨，復加燒針，因胸煩。面色青黃，膚瞤者，難治。今色微黃，手足溫者，易愈。,"8.32
太陽病，醫發汗，遂發熱惡寒，因復下之，心下痞，表裏俱虛，陰陽氣併竭，無陽則陰獨，復加燒針，因胸煩，面色青黃，膚瞤者，難治；今色微黃，手足溫者易愈。",0.965,"[""宋本獨有用字：并"", ""傷寒雜病論_桂本獨有用字：\n.238併；""]",silver,variant_text,,pending,,text_match
VR_GUIBEN_0145,SHSRC0050,SHL_SONGBEN_0154,songben,guiben,傷寒雜病論_桂本,心下痞，按之濡，其脈關上浮者，大黃黃連瀉心湯主之。,"8.33
心下痞，按之濡，其脈關上浮大者，大黃黃連黃芩瀉心湯主之。",0.837,"[""傷寒雜病論_桂本獨有用字：\n.38芩""]",silver,variant_text,,pending,,text_match
VR_GUIBEN_0146,SHSRC0050,SHL_SONGBEN_0155,songben,guiben,傷寒雜病論_桂本,心下痞，而復惡寒汗出者，附子瀉心湯主之。,"8.34
心下痞，而復惡寒者，附子瀉心湯主之。",0.867,"[""宋本獨有用字：出汗"", ""傷寒雜病論_桂本獨有用字：\n.348""]",silver,variant_text,,pending,,text_match
VR_GUIBEN_0147,SHSRC0050,SHL_SONGBEN_0156,songben,guiben,傷寒雜病論_桂本,本以下之，故心下痞，與瀉心湯，痞不解，其人渴而口燥，煩，小便不利者，五苓散主之。,"8.35
本以下之，故心下痞，與瀉心湯，痞不解，其人渴，而口燥煩，小便不利者，五苓散主之。（方見前）",0.954,"[""傷寒雜病論_桂本獨有用字：\n.358前方見（）""]",silver,variant_text,,pending,,text_match
VR_GUIBEN_0148,SHSRC0050,SHL_SONGBEN_0157,songben,guiben,傷寒雜病論_桂本,"傷寒汗出，解之後，胃中不和，心下痞鞕，乾噫食臭，脇下有水氣，腹中雷鳴，下利者，生薑瀉心湯主之。
附子瀉心湯，本云：加附子。半夏瀉心湯、甘草瀉心湯，同體別名耳。生薑瀉心湯，本云：理中人參黃茶湯，去桂枝朮，加黃連，並瀉肝法。","8.36
傷寒，汗出，解之後，胃中不和，心下痞鞕，乾噫食臭，脇下有水氣，腹中雷鳴，下利者，生薑瀉心湯主之。",0.667,"[""宋本獨有用字：、並云人別加半去參同名夏子本朮枝桂法理甘耳肝茶草連附體黃："", ""傷寒雜病論_桂本獨有用字：.368""]",bronze,variant_text,,pending,,text_match
VR_GUIBEN_0149,SHSRC0050,SHL_SONGBEN_0158,songben,guiben,傷寒雜病論_桂本,傷寒中風，醫反下之，其人下利，日數十行，穀不化，腹中雷鳴，心下痞鞕而滿，乾嘔，心煩不得安。醫見心下痞，謂病不盡，復下之，其痞益甚，此非結熱，但以胃中虛，客氣上逆，故使鞕也，甘草瀉心湯主之。,"8.37
傷寒中風，醫反下之，其人下利，日數十行，穀不化，腹中雷鳴，心下痞鞕而滿，乾嘔，心煩不得安，醫見心下痞，謂病不盡，復下之，其痞益甚，此非結熱，但以胃中虛，客氣上逆，故使鞕也，甘草瀉心湯主之。",1.0,[],silver,variant_text,,pending,,text_match
VR_GUIBEN_0150,SHSRC0050,SHL_SONGBEN_0159,songben,guiben,傷寒雜病論_桂本,傷寒，服湯藥，下利不止，心下痞鞕。服瀉心湯已，復以他藥下之，利不止。醫以理中與之，利益甚。理中者，理中焦，此利在下焦，赤石脂禹餘糧湯主之。復不止者，當利其小便。,"8.38
傷寒，服湯藥下之，利不止，心下痞鞕，服瀉心湯不已，復以他藥下之，利益甚，醫以理中與之，利仍不止；理中者，理中焦，此利在下焦故也，赤石脂禹餘糧湯主之；復不止者，當利其小便。",0.881,"[""傷寒雜病論_桂本獨有用字：\n.38也仍故；""]",silver,variant_text,,pending,,text_match
VR_GUIBEN_0151,SHSRC0050,SHL_SONGBEN_0160,songben,guiben,傷寒雜病論_桂本,傷寒吐下後，發汗，虛煩，脈甚微，八九日心下痞鞕，脇下痛，氣上衝咽喉，眩冒，經脈動惕者，久而成痿。,"8.39
傷寒吐下後，發汗，虛煩，脈甚微，八九日，心下痞鞕，脇下痛，氣上衝咽喉，眩冒，經脈動惕者，久而成痿。",1.0,[],silver,variant_text,,pending,,text_match
VR_GUIBEN_0152,SHSRC0050,SHL_SONGBEN_0161,songben,guiben,傷寒雜病論_桂本,傷寒發汗，若吐若下，解後，心下痞鞕，噫氣不除者，旋覆代赭湯主之。,"8.40
傷寒，發汗，若吐，若下，解後，心下痞鞕，噫氣不除者，旋覆代赭湯主之。",1.0,[],silver,variant_text,,pending,,text_match
VR_GUIBEN_0153,SHSRC0050,SHL_SONGBEN_0162,songben,guiben,傷寒雜病論_桂本,下後，不可更行桂枝湯，若汗出而喘，無大熱者，可與麻黃杏仁甘草石膏湯。,"7.32
發汗若下後，不可更行桂枝湯。汗出而喘，無大熱者，可與麻黃杏仁甘草石膏湯。",0.897,"[""傷寒雜病論_桂本獨有用字：\n.237發""]",silver,variant_text,,pending,,text_match
VR_GUIBEN_0154,SHSRC0050,SHL_SONGBEN_0163,songben,guiben,傷寒雜病論_桂本,太陽病，外證未除，而數下之，遂協熱而利，利下不止，心下痞鞕，表裏不解者，桂枝人參湯主之。,"8.41
太陽病，外證未除，而數下之，遂協熱而利，利下不止，心下痞鞕，表裏不解者，桂枝人參湯主之。",1.0,[],silver,variant_text,,pending,,text_match
VR_GUIBEN_0155,SHSRC0050,SHL_SONGBEN_0164,songben,guiben,傷寒雜病論_桂本,傷寒大下後，復發汗，心下痞，惡寒者，表未解也。不可攻痞，當先解表，表解乃可攻痞。解表宜桂枝湯，攻痞宜大黃黃連瀉心湯。,"8.42
傷寒，大下後，復發汗，心下痞，惡寒者，表未解也，不可攻痞，當先解表，後攻其痞，解表宜桂枝湯；攻痞宜大黃黃連黃芩瀉心湯。（方見前）",0.835,"[""宋本獨有用字：乃"", ""傷寒雜病論_桂本獨有用字：\n.248其前方芩見（）；""]",silver,variant_text,,pending,,text_match
VR_GUIBEN_0156,SHSRC0050,SHL_SONGBEN_0165,songben,guiben,傷寒雜病論_桂本,傷寒發熱，汗出不解，心中痞鞕，嘔吐而下利者，大柴胡湯主之。,"8.43
傷寒發熱，汗出不解，心下痞鞕，嘔吐而不利者，大柴胡湯主之。（方見前）",0.776,"[""宋本獨有用字：中"", ""傷寒雜病論_桂本獨有用字：\n.348前方見（）""]",bronze,variant_text,,pending,,text_match
VR_GUIBEN_0157,SHSRC0050,SHL_SONGBEN_0166,songben,guiben,傷寒雜病論_桂本,病如桂枝證，頭不痛，項不強，寸脈微浮，胸中痞鞕，氣上衝喉咽不得息者，此為胸有寒也，當吐之，宜瓜蒂散。,"8.44
病如桂枝證，頭不痛，項不強，寸脈微浮，胸中痞鞕，氣上衝咽喉，不得息者，此為胸有寒也，當吐之，宜瓜蒂散。",0.925,"[""傷寒雜病論_桂本獨有用字：\n.48""]",silver,variant_text,,pending,,text_match
VR_GUIBEN_0158,SHSRC0050,SHL_SONGBEN_0167,songben,guiben,傷寒雜病論_桂本,病脇下素有痞，連在臍旁，痛引少腹，入陰筋者，此名藏結，死。,"8.45
病脇下素有痞，連在臍旁，痛引少腹，入陰筋者，此名臟結，死。",0.909,"[""宋本獨有用字：藏"", ""傷寒雜病論_桂本獨有用字：\n.458臟""]",silver,variant_text,,pending,,text_match
VR_GUIBEN_0159,SHSRC0050,SHL_SONGBEN_0168,songben,guiben,傷寒雜病論_桂本,傷寒若吐若下後，七八日不解，熱結在裏，表裏俱熱，時時惡風，大渴，舌上乾燥而煩，欲飲水數升者，白虎加人參湯主之。,"8.46
傷寒，若吐，若下後，七八日不解，熱結在裏，表裏俱熱，時時惡風，大渴，舌上乾燥而煩，欲飲水數升者，白虎加人參湯主之。",1.0,[],silver,variant_text,,pending,,text_match
VR_GUIBEN_0160,SHSRC0050,SHL_SONGBEN_0169,songben,guiben,傷寒雜病論_桂本,傷寒無大熱，口燥渴，心煩，背微惡寒者，白虎加人參湯主之。,"8.47
傷寒，無大熱，口燥渴，心煩，背微惡寒者，白虎加人參湯主之。（方見前）",0.936,"[""傷寒雜病論_桂本獨有用字：\n.478前方見（）""]",silver,variant_text,,pending,,text_match
VR_GUIBEN_0161,SHSRC0050,SHL_SONGBEN_0170,songben,guiben,傷寒雜病論_桂本,傷寒，脈浮，發熱無汗，其表不解，不可與白虎湯；渴欲飲水，無表證者，白虎加人參湯主之。,"8.48
傷寒，脈浮，發熱，無汗，其表不解，當發汗，不可與白虎湯；渴欲飲，無表證者，白虎加人參湯主之。（方見前）",0.841,"[""宋本獨有用字：水"", ""傷寒雜病論_桂本獨有用字：\n.48前方當見（）""]",silver,variant_text,,pending,,text_match
VR_GUIBEN_0162,SHSRC0050,SHL_SONGBEN_0171,songben,guiben,傷寒雜病論_桂本,太陽少陽并病，心下鞕，頸項強而眩者，當刺大椎、肺俞、肝俞，慎勿下之。,"8.49
太陽少陽併病，心下鞕，頸項強而眩者，當刺大椎、肺俞、肝俞，慎不可下也，下之則痙。",0.772,"[""宋本獨有用字：勿并"", ""傷寒雜病論_桂本獨有用字：\n.489不也併則可痙""]",bronze,variant_text,,pending,,text_match
VR_GUIBEN_0163,SHSRC0050,SHL_SONGBEN_0172,songben,guiben,傷寒雜病論_桂本,太陽與少陽合病，自下利者，與黃芩湯；若嘔者，黃芩加半夏生薑湯主之。,"8.50
太陽與少陽合病，自下利者，與黃芩湯；若嘔者，黃芩加半夏生薑湯主之。",1.0,[],silver,variant_text,,pending,,text_match
VR_GUIBEN_0164,SHSRC0050,SHL_SONGBEN_0173,songben,guiben,傷寒雜病論_桂本,傷寒胸中有熱，胃中有邪氣，腹中痛，欲嘔吐者，黃連湯主之。,"8.51
傷寒，胸中有熱，胃中有邪氣，腹中痛，欲嘔者，黃連湯主之。",0.927,"[""宋本獨有用字：吐"", ""傷寒雜病論_桂本獨有用字：\n.158""]",silver,variant_text,,pending,,text_match
VR_GUIBEN_0165,SHSRC0050,SHL_SONGBEN_0174,songben,guiben,傷寒雜病論_桂本,傷寒八九日，風濕相搏，身體疼煩，不能自轉側，不嘔不渴，脈浮虛而濇者，桂枝附子湯主之。若其人大便鞕，小便自利者，去桂加白朮湯主之。,"5.32
傷寒八九日，風濕相搏，不能自轉側，不嘔，不渴，脈浮虛而濇者，桂枝附子湯主之；若大便堅，小便自利者，白朮附子湯主之。",0.774,"[""宋本獨有用字：人其加去煩疼身鞕體"", ""傷寒雜病論_桂本獨有用字：\n.235堅；""]",bronze,variant_text,,pending,,text_match
VR_GUIBEN_0166,SHSRC0050,SHL_SONGBEN_0175,songben,guiben,傷寒雜病論_桂本,風濕相搏，骨節疼煩，掣痛不得屈伸，近之則痛劇，汗出短氣，小便不利，惡風不欲去衣，或身微腫者，甘草附子湯主之。,"5.33
風濕相搏，骨節疼煩，掣痛，不得屈伸，近之則痛劇，汗出，短氣，小便不利，惡風，不欲去衣，或身微腫者，甘草附子湯主之。",1.0,[],silver,variant_text,,pending,,text_match
VR_GUIBEN_0167,SHSRC0050,SHL_SONGBEN_0176,songben,guiben,傷寒雜病論_桂本,傷寒，脈浮滑，此以表有熱，裏有寒，白虎湯主之。,"8.52
傷寒，脈浮滑，此以裏有熱，表無寒也，白虎湯主之。",0.686,"[""傷寒雜病論_桂本獨有用字：\n.258也無""]",bronze,variant_text,,pending,,text_match
VR_GUIBEN_0168,SHSRC0050,SHL_SONGBEN_0177,songben,guiben,傷寒雜病論_桂本,傷寒，脈結代，心動悸，炙甘草湯主之。,"8.53
傷寒，脈結促，心動悸者，炙甘草湯主之。",0.741,"[""宋本獨有用字：代"", ""傷寒雜病論_桂本獨有用字：\n.358促者""]",bronze,variant_text,,pending,,text_match
VR_GUIBEN_0169,SHSRC0050,SHL_SONGBEN_0179,songben,guiben,傷寒雜病論_桂本,問曰：病有太陽陽明，有正陽陽明，有少陽陽明，何謂也？答曰：太陽陽明者，脾約是也；正陽陽明者，胃家實是也；少陽陽明者，發汗利小便已，胃中燥煩實，大便難是也。,"9.1
問曰：病有太陽陽明，有正陽陽明，有少陽陽明，何謂也？答曰：太陽陽明者，脾約是也；正陽陽明者，胃家實是也；少陽陽明者，發汗，利小便已，胃中燥煩實，大便難是也。",1.0,[],silver,variant_text,,pending,,text_match
VR_GUIBEN_0170,SHSRC0050,SHL_SONGBEN_0180,songben,guiben,傷寒雜病論_桂本,陽明之為病，胃家實是也。,"9.2
陽明之為病，胃家實是也。",1.0,[],silver,variant_text,,pending,,text_match
VR_GUIBEN_0171,SHSRC0050,SHL_SONGBEN_0181,songben,guiben,傷寒雜病論_桂本,問曰：何緣得陽明病？答曰：太陽病，若發汗，若下，若利小便，此亡津液，胃中乾燥，因轉屬陽明。不更衣，內實，大便難者，此名陽明也。,"9.3
問曰：何緣得陽明病？答曰：太陽病若發汗，若下，若利小便，此亡津液，胃中乾燥，因轉屬陽明，不更衣，內實，大便難者，此名陽明也。",1.0,[],silver,variant_text,,pending,,text_match
VR_GUIBEN_0172,SHSRC0050,SHL_SONGBEN_0182,songben,guiben,傷寒雜病論_桂本,問曰：陽明病外證云何？答曰：身熱，汗自出，不惡寒，反惡熱也。,"9.4
問曰：陽明病外證云何？答曰：身熱，汗自出，不惡寒，反惡熱也。",1.0,[],silver,variant_text,,pending,,text_match
VR_GUIBEN_0173,SHSRC0050,SHL_SONGBEN_0183,songben,guiben,傷寒雜病論_桂本,問曰：病有得之一日，不發熱而惡寒者，何也？答曰：雖得之一日，惡寒將自罷，即自汗出而惡熱也。,"9.5
問曰：病有得之一日，不發熱而惡寒者，何也？答曰：雖得之一日，惡寒將自罷，即自汗出而惡熱也。",1.0,[],silver,variant_text,,pending,,text_match
VR_GUIBEN_0174,SHSRC0050,SHL_SONGBEN_0184,songben,guiben,傷寒雜病論_桂本,問曰：惡寒何故自罷？答曰：陽明居中，主土也，萬物所歸，無所復傳，始雖惡寒，二日自止，此為陽明病也。,"9.6
問曰：惡寒何故自罷？答曰：陽明居中，主土也，萬物所歸，無所復傳，始雖惡寒，二日自止，此為陽明病也。",1.0,[],silver,variant_text,,pending,,text_match
VR_GUIBEN_0175,SHSRC0050,SHL_SONGBEN_0185,songben,guiben,傷寒雜病論_桂本,本太陽，初得病時，發其汗，汗先出不徹，因轉屬陽明也。傷寒發熱，無汗，嘔不能食，而反汗出濈濈然者，是轉屬陽明也。,"9.8
傷寒發熱，無汗，嘔不能食，而反汗出濈濈然者，是轉屬陽明也。",0.73,"[""宋本獨有用字：先其初因太得徹時本病"", ""傷寒雜病論_桂本獨有用字：\n.89""]",bronze,variant_text,,pending,,text_match
VR_GUIBEN_0176,SHSRC0050,SHL_SONGBEN_0186,songben,guiben,傷寒雜病論_桂本,傷寒三日，陽明脈大。,"9.9
傷寒三日，陽明脈大者，此為不傳也。",0.7,"[""傷寒雜病論_桂本獨有用字：\n.9不也傳此為者""]",bronze,variant_text,,pending,,text_match
VR_GUIBEN_0177,SHSRC0050,SHL_SONGBEN_0187,songben,guiben,傷寒雜病論_桂本,傷寒脈浮而緩，手足自溫者，是為繫在太陰。太陰者，身當發黃，若小便自利者，不能發黃；至七八日，大便鞕者，為陽明病也。,9.10 傷寒，脈浮而緩，手足自溫者，是為繫在太陰；太陰者，身當發黃；若小便自利者，不能發黃；至七八日，大便鞕者，為陽明病也。,1.0,[],silver,variant_text,,pending,,text_match
VR_GUIBEN_0178,SHSRC0050,SHL_SONGBEN_0188,songben,guiben,傷寒雜病論_桂本,傷寒轉繫陽明者，其人濈然微汗出也。,"9.11
傷寒轉屬陽明者，其人濈然微汗出也。",0.857,"[""宋本獨有用字：繫"", ""傷寒雜病論_桂本獨有用字：\n.19屬""]",silver,variant_text,,pending,,text_match
VR_GUIBEN_0179,SHSRC0050,SHL_SONGBEN_0189,songben,guiben,傷寒雜病論_桂本,陽明中風，口苦咽乾，腹滿微喘，發熱惡寒，脈浮而緊。若下之，則腹滿，小便難也。,"9.12
陽明中風，口苦，咽乾，腹滿，微喘，發熱，惡風，脈浮而緩，若下之，則腹滿，小便難也。",0.857,"[""宋本獨有用字：寒緊"", ""傷寒雜病論_桂本獨有用字：\n.129緩""]",silver,variant_text,,pending,,text_match
VR_GUIBEN_0180,SHSRC0050,SHL_SONGBEN_0190,songben,guiben,傷寒雜病論_桂本,陽明病，若能食，名中風；不能食，名中寒。,"9.13
陽明病若能食，名中風；不能食，名中寒。",1.0,[],silver,variant_text,,pending,,text_match
VR_GUIBEN_0181,SHSRC0050,SHL_SONGBEN_0191,songben,guiben,傷寒雜病論_桂本,陽明病，若中寒者，不能食，小便不利，手足濈然汗出，此欲作固瘕，必大便初鞕後溏。所以然者，以胃中冷，水穀不別故也。,"9.14
陽明病，若中寒者，不能食，小便不利，手足濈然汗出，此欲作固瘕，必大便初鞕後溏。所以然者，以胃中冷，水穀不別故也。",1.0,[],silver,variant_text,,pending,,text_match
VR_GUIBEN_0182,SHSRC0050,SHL_SONGBEN_0192,songben,guiben,傷寒雜病論_桂本,陽明病，初欲食，小便反不利，大便自調，其人骨節疼，翕翕如有熱狀，奄然發狂，濈然汗出而解者，此水不勝穀氣，與汗共并，脈緊則愈。,"9.15
陽明病，初欲食，小便不利，大便自調，其人骨節疼，翕翕然如有熱狀，奄然發狂，濈然汗出而解者，此水不勝穀氣，與汗共並，脈小則愈。",0.86,"[""宋本獨有用字：反并緊"", ""傷寒雜病論_桂本獨有用字：\n.159並""]",silver,variant_text,,pending,,text_match
VR_GUIBEN_0183,SHSRC0050,SHL_SONGBEN_0193,songben,guiben,傷寒雜病論_桂本,陽明病，欲解時，從申至戌上。,"9.16
陽明病，欲解時，從申至戌上。",1.0,[],silver,variant_text,,pending,,text_match
VR_GUIBEN_0184,SHSRC0050,SHL_SONGBEN_0194,songben,guiben,傷寒雜病論_桂本,陽明病，不能食，攻其熱必噦，所以然者，胃中虛冷故也。以其人本虛，攻其熱必噦。,"9.17
陽明病，不能食，攻其熱必噦。所以然者，其人本虛，胃中冷故也。",0.816,"[""傷寒雜病論_桂本獨有用字：\n.179""]",silver,variant_text,,pending,,text_match
VR_GUIBEN_0185,SHSRC0050,SHL_SONGBEN_0195,songben,guiben,傷寒雜病論_桂本,陽明病，脈遲，食難用飽，飽則微煩頭眩，必小便難，此欲作穀癉，雖下之，腹滿如故，所以然者，脈遲故也。,"9.18
陽明病，脈遲，食難用飽，飽則微煩，頭眩，必小便難，此欲作穀疸，雖下之，腹滿如故。所以然者，脈遲故也。",0.946,"[""宋本獨有用字：癉"", ""傷寒雜病論_桂本獨有用字：\n.189疸""]",silver,variant_text,,pending,,text_match
VR_GUIBEN_0186,SHSRC0050,SHL_SONGBEN_0196,songben,guiben,傷寒雜病論_桂本,陽明病，法多汗，反無汗，其身如蟲行皮中狀者，此以久虛故也。,"9.19
陽明病，法多汗，反無汗，其身如蟲行皮中狀者，此以久虛故也。",1.0,[],silver,variant_text,,pending,,text_match
VR_GUIBEN_0187,SHSRC0050,SHL_SONGBEN_0197,songben,guiben,傷寒雜病論_桂本,陽明病，反無汗而小便利，二三日嘔而欬，手足厥者，必苦頭痛；若不欬，不嘔，手足不厥者，頭不痛。,"9.20
陽明病，反無汗，而小便利，二三日嘔而咳，手足厥者，必苦頭痛；若不咳、不嘔、手足不厥者，頭不痛。",0.882,"[""宋本獨有用字：欬"", ""傷寒雜病論_桂本獨有用字：\n.029、咳""]",silver,variant_text,,pending,,text_match
VR_GUIBEN_0188,SHSRC0050,SHL_SONGBEN_0199,songben,guiben,傷寒雜病論_桂本,陽明病，無汗，小便不利，心中懊憹者，身必發黃。,"9.22
陽明病，無汗，小便不利，心中懊憹者，身必發黃。",1.0,[],silver,variant_text,,pending,,text_match
VR_GUIBEN_0189,SHSRC0050,SHL_SONGBEN_0200,songben,guiben,傷寒雜病論_桂本,陽明病，被火，額上微汗出，而小便不利者，必發黃。,"9.23
陽明病，被火，額上微汗出，而小便不利者，必發黃。",1.0,[],silver,variant_text,,pending,,text_match
VR_GUIBEN_0190,SHSRC0050,SHL_SONGBEN_0201,songben,guiben,傷寒雜病論_桂本,陽明病，脈浮而緊者，必潮熱，發作有時，但浮者，必盜汗出。,"9.24
陽明病，脈浮而大者，必潮熱，發作有時，但浮者，必自汗出。",0.8,"[""宋本獨有用字：盜緊"", ""傷寒雜病論_桂本獨有用字：\n.249大自""]",silver,variant_text,,pending,,text_match
VR_GUIBEN_0191,SHSRC0050,SHL_SONGBEN_0202,songben,guiben,傷寒雜病論_桂本,陽明病，口燥，但欲漱水，不欲嚥者，此必衄。,"9.25
陽明病，口燥，但欲漱水，不欲嚥者，此必衄。",1.0,[],silver,variant_text,,pending,,text_match
VR_GUIBEN_0192,SHSRC0050,SHL_SONGBEN_0203,songben,guiben,傷寒雜病論_桂本,陽明病，本自汗出，醫更重發汗，病已差，尚微煩不了了者，此必大便鞕故也。以亡津液，胃中乾燥，故令大便鞕。當問其小便日幾行。若本小便日三四行，今日再行，故知大便不久出。今為小便數少，以津液當還入胃中，故知不久必大便也。,"9.26
陽明病，本自汗出，醫更重發汗，病已差，尚微煩不了了者，此必大便鞕故也。以亡津液，胃中乾燥，故令大便鞕。當問其小便日幾行，若本小便日三四行，今日再行，則知大便不久必出。所以然者，以小便數少，津液當還入胃中，故知不久必大便也。",0.893,"[""宋本獨有用字：為"", ""傷寒雜病論_桂本獨有用字：\n.269則所然""]",silver,variant_text,,pending,,text_match
VR_GUIBEN_0193,SHSRC0050,SHL_SONGBEN_0204,songben,guiben,傷寒雜病論_桂本,傷寒嘔多，雖有陽明證，不可攻之。,"9.27
傷寒嘔多，雖有陽明證，不可攻之。",1.0,[],silver,variant_text,,pending,,text_match
VR_GUIBEN_0194,SHSRC0050,SHL_SONGBEN_0205,songben,guiben,傷寒雜病論_桂本,陽明病，心下鞕滿者，不可攻之。攻之，利遂不止者死，利止者愈。,"9.28
陽明證，心下鞕滿者，不可攻之。攻之，利遂不止者死，利止者愈。",0.905,"[""宋本獨有用字：病"", ""傷寒雜病論_桂本獨有用字：\n.289證""]",silver,variant_text,,pending,,text_match
VR_GUIBEN_0195,SHSRC0050,SHL_SONGBEN_0206,songben,guiben,傷寒雜病論_桂本,陽明病，面合色赤，不可攻之，必發熱、色黃者，小便不利也。,"9.29
陽明證，眼合色赤，不可攻之，攻之必發熱，色黃者，小便不利也。",0.837,"[""宋本獨有用字：、病面"", ""傷寒雜病論_桂本獨有用字：\n.29眼證""]",silver,variant_text,,pending,,text_match
VR_GUIBEN_0196,SHSRC0050,SHL_SONGBEN_0207,songben,guiben,傷寒雜病論_桂本,陽明病，不吐不下，心煩者，可與調胃承氣湯。,"9.30
陽明病，不吐、不下、心煩者，可與調胃承氣湯。",1.0,[],silver,variant_text,,pending,,text_match
VR_GUIBEN_0197,SHSRC0050,SHL_SONGBEN_0208,songben,guiben,傷寒雜病論_桂本,陽明病，脈遲，雖汗出不惡寒者，其身必重，短氣，腹滿而喘，有潮熱者，此外欲解，可攻裏也。手足濈然汗出者，此大便已鞕也，大承氣湯主之；若汗多，微發熱惡寒者，外未解也，其熱不潮，未可與承氣湯；若腹大滿不通者，可與小承氣湯，微和胃氣，勿令致大泄下。,"9.31
陽明病，脈實，雖汗出，而不惡熱者，其身必重，短氣，腹滿而喘，有潮熱者，此外欲解，可攻裏也；手足濈然汗出者，此大便已鞕也，大承氣湯主之；若汗多，微發熱惡寒者，外未解也。其熱不潮者，未可與承氣湯；若腹大滿不通者，可與小承氣湯，微和胃氣，勿令大泄下。",0.922,"[""宋本獨有用字：致遲"", ""傷寒雜病論_桂本獨有用字：\n.139實""]",silver,variant_text,,pending,,text_match
VR_GUIBEN_0198,SHSRC0050,SHL_SONGBEN_0209,songben,guiben,傷寒雜病論_桂本,陽明病，潮熱，大便微鞕者，可與大承氣湯，不鞕者，不可與之。若不大便六七日，恐有燥屎，欲知之法，少與小承氣湯。湯入腹中，轉矢氣者，此有燥屎也，乃可攻之；若不轉矢氣者，此但初頭鞕，後必溏，不可攻之，攻之必脹滿不能食也。欲飲水者，與水則噦。其後發熱者，必大便復鞕而少也，以小承氣湯和之。不轉矢氣者，慎不可攻也。,"9.32
陽明病潮熱，大便微鞕者，可以大承氣湯；不鞕者不可與之。若不大便六七日，恐有燥屎，欲知之法，少與小承氣湯；湯入腹中，轉失氣者，此有燥屎也，乃可攻之；若不轉失氣者，此但初頭鞕，後必溏，不可攻之，攻之必脹滿，不能食也，欲飲水者，與水則噦；其後發熱者，必大便復鞕而少也，以小承氣湯和之；不轉失氣者，慎不可攻也。（方見上）",0.95,"[""宋本獨有用字：矢"", ""傷寒雜病論_桂本獨有用字：\n.239上失方見（）""]",silver,variant_text,,pending,,text_match
VR_GUIBEN_0199,SHSRC0050,SHL_SONGBEN_0210,songben,guiben,傷寒雜病論_桂本,夫實則譫語，虛則鄭聲，鄭聲者，重語也。直視，譫語，喘滿者死，下利者亦死。,"9.33
陽明病，實則讝語，虛則鄭聲，鄭聲者，重語也。直視、讝語、喘滿者，死；下利者，亦死。",0.808,"[""宋本獨有用字：夫譫"", ""傷寒雜病論_桂本獨有用字：\n.39、明病讝陽；""]",silver,variant_text,,pending,,text_match
VR_GUIBEN_0200,SHSRC0050,SHL_SONGBEN_0211,songben,guiben,傷寒雜病論_桂本,發汗多，若重發汗者，亡其陽，譫語，脈短者死，脈自和者不死。,"9.34
陽明病，發汗多。若重發汗，以亡其陽，讝語、脈短者，死；脈自和者，不死。",0.756,"[""宋本獨有用字：譫"", ""傷寒雜病論_桂本獨有用字：\n.349、以明病讝；""]",bronze,variant_text,,pending,,text_match
VR_GUIBEN_0201,SHSRC0050,SHL_SONGBEN_0212,songben,guiben,傷寒雜病論_桂本,傷寒若吐若下後，不解，不大便五六日，上至十餘日。日晡所發潮熱，不惡寒，獨語如見鬼狀。若劇者，發則不識人，循衣摸床，惕而不安，微喘直視。脈弦者生，濇者死。微者，但發熱譫語者，大承氣湯主之。若一服利，則止後服。,"9.35
傷寒，若吐、若下後，不解，不大便五六日，上至十餘日，日晡所發潮熱，不惡寒，獨語如見鬼狀；若劇者，發則不識人，循衣摸床，惕而不安，微喘，直視；脈弦者生，濇者死；微者，但發熱，讝語者，大承氣湯主之。（方見前）",0.907,"[""宋本獨有用字：一利服止譫"", ""傷寒雜病論_桂本獨有用字：\n.359、前方讝（）；""]",silver,variant_text,,pending,,text_match
VR_GUIBEN_0202,SHSRC0050,SHL_SONGBEN_0213,songben,guiben,傷寒雜病論_桂本,陽明病，其人多汗，以津液外出，胃中燥，大便必鞕，鞕則譫語。小承氣湯主之。若一服譫語止者，更莫復服。,"9.36
陽明病，其人多汗，以津液外出，胃中燥，大便必鞕，鞕則讝語，小承氣湯主之。（方見前）",0.754,"[""宋本獨有用字：一復更服止者若莫譫"", ""傷寒雜病論_桂本獨有用字：\n.369前方見讝（）""]",bronze,variant_text,,pending,,text_match
VR_GUIBEN_0203,SHSRC0050,SHL_SONGBEN_0215,songben,guiben,傷寒雜病論_桂本,陽明病，譫語，有潮熱，反不能食者，胃中必有燥屎五六枚也。若能食者，但鞕耳。宜大承氣湯下之。,"9.39
陽明病，讝語，有潮熱，反不能食者，胃中必有燥屎五六枚也；若能食者，但鞕爾，宜大承氣湯下之。（方見前）",0.845,"[""宋本獨有用字：耳譫"", ""傷寒雜病論_桂本獨有用字：\n.39前方爾見讝（）；""]",silver,variant_text,,pending,,text_match
VR_GUIBEN_0204,SHSRC0050,SHL_SONGBEN_0216,songben,guiben,傷寒雜病論_桂本,陽明病，下血，譫語者，此為熱入血室。但頭汗出者，刺期門，隨其實而瀉之，濈然汗出則愈。,"9.40
陽明病，下血，讝語者，此為熱入血室，但頭汗出者，刺期門，隨其實而瀉之，濈然汗出則愈。",0.938,"[""宋本獨有用字：譫"", ""傷寒雜病論_桂本獨有用字：\n.049讝""]",silver,variant_text,,pending,,text_match
VR_GUIBEN_0205,SHSRC0050,SHL_SONGBEN_0217,songben,guiben,傷寒雜病論_桂本,汗出，譫語者，以有燥屎在胃中，此為風也。須下者，過經乃可下之。下之若早，語言必亂，以表虛裏實故也。下之愈，宜大承氣湯。,"9.41
陽明病，汗出，讝語者，以有燥屎在胃中，此為實也，須過經乃可下之；下之若早，語言必亂，以表虛裏實故也，下之宜大承氣湯。（方見前）",0.774,"[""宋本獨有用字：愈譫風"", ""傷寒雜病論_桂本獨有用字：\n.149前方明病見讝陽（）；""]",bronze,variant_text,,pending,,text_match
VR_GUIBEN_0206,SHSRC0050,SHL_SONGBEN_0218,songben,guiben,傷寒雜病論_桂本,傷寒四五日，脈沉而喘滿，沉為在裏，而反發其汗，津液越出，大便為難，表虛裏實，久則譫語。,"9.42
傷寒四五日，脈沉而喘滿，沉為在裏，而反發其汗，津液越出，大便為難，表虛裏實，久則讝語。",0.941,"[""宋本獨有用字：譫"", ""傷寒雜病論_桂本獨有用字：\n.249讝""]",silver,variant_text,,pending,,text_match
VR_GUIBEN_0207,SHSRC0050,SHL_SONGBEN_0220,songben,guiben,傷寒雜病論_桂本,二陽并病，太陽證罷，但發潮熱，手足漐漐汗出，大便難而譫語者，下之則愈，宜大承氣湯。,"9.44
二陽併病，太陽證罷，但發潮熱、手足漐漐汗出、大便難而讝語者，下之則愈，宜大承氣湯。（方見前）",0.841,"[""宋本獨有用字：并譫"", ""傷寒雜病論_桂本獨有用字：\n.49、併前方見讝（）""]",silver,variant_text,,pending,,text_match
VR_GUIBEN_0208,SHSRC0050,SHL_SONGBEN_0221,songben,guiben,傷寒雜病論_桂本,陽明病，脈浮而緊，咽燥，口苦，腹滿而喘，發熱汗出，不惡寒，反惡熱，身重。若發汗則躁，心憒憒，反譫語，若加溫針，必怵惕，煩躁不得眠。若下之，則胃中空虛，客氣動膈，心中懊憹，舌上胎者，梔子豉湯主之。,"9.45
陽明病，脈浮而大，咽燥口苦，腹滿而喘，發熱汗出，不惡寒，反惡熱，身重；若發汗，則躁，心憒憒反讝語；若加溫針，必怵惕，煩躁，不得眠；若下之，則胃中空虛，客氣動膈，心中懊憹。舌上苔者，梔子豉湯主之。",0.92,"[""宋本獨有用字：緊胎譫"", ""傷寒雜病論_桂本獨有用字：\n.459大苔讝；""]",silver,variant_text,,pending,,text_match
VR_GUIBEN_0209,SHSRC0050,SHL_SONGBEN_0222,songben,guiben,傷寒雜病論_桂本,若渴欲飲水，口乾舌燥者，白虎加人參湯主之。,"9.46
陽明病，渴欲飲水，口乾舌燥者，白虎加人參湯主之。",0.889,"[""宋本獨有用字：若"", ""傷寒雜病論_桂本獨有用字：\n.469明病陽""]",silver,variant_text,,pending,,text_match
VR_GUIBEN_0210,SHSRC0050,SHL_SONGBEN_0223,songben,guiben,傷寒雜病論_桂本,若脈浮，發熱，渴欲飲水，小便不利者，豬苓湯主之。,"9.47
陽明病，脈浮，發熱，渴欲飲水，小便不利者，豬苓湯主之。",0.895,"[""宋本獨有用字：若"", ""傷寒雜病論_桂本獨有用字：\n.479明病陽""]",silver,variant_text,,pending,,text_match
VR_GUIBEN_0211,SHSRC0050,SHL_SONGBEN_0224,songben,guiben,傷寒雜病論_桂本,陽明病，汗出多而渴者，不可與豬苓湯，以汗多胃中燥，豬苓湯復利其小便故也。,"9.48
陽明病，汗出多而渴者，不可與豬苓湯，以汗多胃中燥，豬苓湯復利其小便故也。",1.0,[],silver,variant_text,,pending,,text_match
VR_GUIBEN_0212,SHSRC0050,SHL_SONGBEN_0225,songben,guiben,傷寒雜病論_桂本,脈浮而遲，表熱裏寒，下利清穀者，四逆湯主之。,"9.49
陽明病，脈浮而遲，表熱裏寒，下利清穀者，四逆湯主之。",0.919,"[""傷寒雜病論_桂本獨有用字：\n.49明病陽""]",silver,variant_text,,pending,,text_match
VR_GUIBEN_0213,SHSRC0050,SHL_SONGBEN_0227,songben,guiben,傷寒雜病論_桂本,脈浮，發熱，口乾，鼻燥，能食者則衄。,"9.51
陽明病，脈浮，發熱，口乾，鼻燥，能食者，衄。",0.769,"[""宋本獨有用字：則"", ""傷寒雜病論_桂本獨有用字：\n.159明病陽""]",bronze,variant_text,,pending,,text_match
VR_GUIBEN_0214,SHSRC0050,SHL_SONGBEN_0228,songben,guiben,傷寒雜病論_桂本,陽明病，下之，其外有熱，手足溫，不結胸，心中懊憹，飢不能食，但頭汗出者，梔子豉湯主之。,9.52 陽明病，下之，其外有熱，手足溫，不結胸，心中懊憹，飢不能食，但頭汗出者，梔子豉湯主之。（方見前）,0.957,"[""傷寒雜病論_桂本獨有用字： .259前方見（）""]",silver,variant_text,,pending,,text_match
VR_GUIBEN_0215,SHSRC0050,SHL_SONGBEN_0229,songben,guiben,傷寒雜病論_桂本,陽明病，發潮熱，大便溏，小便自可，胸脇滿不去者，與小柴胡湯。,"9.53
陽明病，發潮熱，大便溏，小便自可，胸脇滿不去者，與小柴胡湯。",1.0,[],silver,variant_text,,pending,,text_match
VR_GUIBEN_0216,SHSRC0050,SHL_SONGBEN_0230,songben,guiben,傷寒雜病論_桂本,陽明病，脇下鞕滿，不大便，而嘔，舌上白胎者，可與小柴胡湯。上焦得通，津液得下，胃氣因和，身濈然汗出而解。,"9.54
陽明病，脇下鞕滿，不大便而嘔，舌上白苔者，可與小柴胡湯，上焦得通，津液得下，胃氣因和，身濈然汗出而解也。（方見上）",0.907,"[""宋本獨有用字：胎"", ""傷寒雜病論_桂本獨有用字：\n.459也方苔見（）""]",silver,variant_text,,pending,,text_match
VR_GUIBEN_0217,SHSRC0050,SHL_SONGBEN_0231,songben,guiben,傷寒雜病論_桂本,陽明中風，脈弦浮大而短氣，腹都滿，脇下及心痛，久按之氣不通，鼻乾，不得汗，嗜臥，一身及目悉黃，小便難，有潮熱，時時噦，耳前後腫。刺之小差，外不解，病過十日，脈續浮者，與小柴胡湯。,"9.55
陽明中風，脈弦浮大，而短氣，腹都滿，脇下及心痛，久按之氣不通，鼻乾不得涕，嗜臥，一身及目悉黃，小便難，有潮熱，時時噦，耳前後腫，刺之小差，外不解。病過十日，脈續浮者，與小柴胡湯；脈但浮，無餘證者，與麻黃湯；若不尿，腹滿加噦者，不治。（小柴胡湯見上）",0.834,"[""宋本獨有用字：汗"", ""傷寒雜病論_桂本獨有用字：\n.59上但加尿治涕無若見證餘麻（）；""]",silver,variant_text,,pending,,text_match
VR_GUIBEN_0218,SHSRC0050,SHL_SONGBEN_0233,songben,guiben,傷寒雜病論_桂本,陽明病，自汗出，若發汗，小便自利者，此為津液內竭，雖鞕不可攻之，當須自欲大便，宜蜜煎導而通之，若土瓜根及大豬膽汁，皆可為導。,"9.57
陽明病，自汗出。若發汗、小便自利者，此為津液內竭，便雖鞕不可攻之，當須自欲大便，宜蜜煎導而通之。若王瓜根，及大豬膽汁，皆可為導。",0.932,"[""宋本獨有用字：土"", ""傷寒雜病論_桂本獨有用字：\n.579、王""]",silver,variant_text,,pending,,text_match
VR_GUIBEN_0219,SHSRC0050,SHL_SONGBEN_0234,songben,guiben,傷寒雜病論_桂本,陽明病，脈遲，汗出多，微惡寒者，表未解也，可發汗，宜桂枝湯。,"9.58
陽明病，脈遲，汗出多，微惡寒者，表未解也，可發汗，宜桂枝湯。",1.0,[],silver,variant_text,,pending,,text_match
VR_GUIBEN_0220,SHSRC0050,SHL_SONGBEN_0235,songben,guiben,傷寒雜病論_桂本,陽明病，脈浮，無汗而喘者，發汗則愈，宜麻黃湯。,"9.59
陽明病，脈浮，無汗而喘者，發汗則愈，宜麻黃湯。（方見前）",0.919,"[""傷寒雜病論_桂本獨有用字：\n.59前方見（）""]",silver,variant_text,,pending,,text_match
VR_GUIBEN_0221,SHSRC0050,SHL_SONGBEN_0236,songben,guiben,傷寒雜病論_桂本,陽明病，發熱汗出者，此為熱越，不能發黃也；但頭汗出，身無汗，劑頸而還，小便不利，渴引水漿者，此為瘀熱在裏，身必發黃，茵陳蒿湯主之。,"9.60
陽明病，發熱汗出者，此為熱越，不能發黃也；但頭汗出，身無汗，劑頸而還，小便不利，渴引水漿者，此為瘀熱在裏，身必發黃，茵陳蒿湯主之。",1.0,[],silver,variant_text,,pending,,text_match
VR_GUIBEN_0222,SHSRC0050,SHL_SONGBEN_0237,songben,guiben,傷寒雜病論_桂本,陽明證，其人喜忘者，必有畜血。所以然者，本有久瘀血，故令喜忘，屎雖鞕，大便反易，其色必黑者，宜抵當湯下之。,"9.61
陽明病，其人善忘者，必有蓄血。所以然者，本有久瘀血，故令善忘。屎雖鞕，大便反易，其色必黑，宜抵當湯下之。",0.79,"[""宋本獨有用字：喜畜證"", ""傷寒雜病論_桂本獨有用字：\n.169善病蓄""]",bronze,variant_text,,pending,,text_match
VR_GUIBEN_0223,SHSRC0050,SHL_SONGBEN_0238,songben,guiben,傷寒雜病論_桂本,陽明病，下之，心中懊憹而煩，胃中有燥屎者，可攻。腹微滿，初頭鞕，後必溏，不可攻之。若有燥屎者，宜大承氣湯。,"9.62
陽明病，下之，心中懊憹而煩，胃中有燥屎者，可攻；腹微滿，大便初鞕後溏者，不可攻之；若有燥屎者，宜大承氣湯。（方見前）",0.795,"[""宋本獨有用字：必頭"", ""傷寒雜病論_桂本獨有用字：\n.269便前方見（）；""]",bronze,variant_text,,pending,,text_match
VR_GUIBEN_0224,SHSRC0050,SHL_SONGBEN_0239,songben,guiben,傷寒雜病論_桂本,病人不大便五六日，繞臍痛，煩躁，發作有時者，此有燥屎，故使不大便也。,"9.63
病人不大便五六日，繞臍痛，煩躁，發作有時者，此有燥屎，故使不大便也。",1.0,[],silver,variant_text,,pending,,text_match
VR_GUIBEN_0225,SHSRC0050,SHL_SONGBEN_0240,songben,guiben,傷寒雜病論_桂本,病人煩熱，汗出則解，又如瘧狀，日晡所發熱者，屬陽明也。脈實者，宜下之；脈浮虛者，宜發汗。下之，與大承氣湯；發汗，宜桂枝湯。,"9.64
病人煩熱，汗出則解，又如瘧狀，日晡所發熱者，屬陽明也；脈實者，宜下之；脈浮大者，宜發汗。下之與大承氣湯，發汗宜桂枝湯。（方見前）",0.923,"[""宋本獨有用字：虛"", ""傷寒雜病論_桂本獨有用字：\n.469前方見（）""]",silver,variant_text,,pending,,text_match
VR_GUIBEN_0226,SHSRC0050,SHL_SONGBEN_0241,songben,guiben,傷寒雜病論_桂本,大下後，六七日不大便，煩不解，腹滿痛者，此有燥屎也。所以然者，本有宿食故也，宜大承氣湯。,"9.65
大下後，六七日不大便，煩不解，腹滿痛者，此有燥屎也。所以然者，本有宿食故也，宜大承氣湯。（方見前）",0.959,"[""傷寒雜病論_桂本獨有用字：\n.569前方見（）""]",silver,variant_text,,pending,,text_match
VR_GUIBEN_0227,SHSRC0050,SHL_SONGBEN_0242,songben,guiben,傷寒雜病論_桂本,病人小便不利，大便乍難乍易，時有微熱，喘冒不能臥者，有燥屎也。宜大承氣湯。,"9.66
病人小便不利，大便乍難乍易，時有微熱，喘息不能臥者，有燥屎也，宜大承氣湯。（方見前）",0.889,"[""宋本獨有用字：冒"", ""傷寒雜病論_桂本獨有用字：\n.69前息方見（）""]",silver,variant_text,,pending,,text_match
VR_GUIBEN_0228,SHSRC0050,SHL_SONGBEN_0243,songben,guiben,傷寒雜病論_桂本,食穀欲嘔，屬陽明也，吳茱萸湯主之；得湯反劇者，屬上焦也。,"9.67
食穀欲嘔者，屬陽明也，吳茱萸湯主之。得湯反劇者，屬上焦也，小半夏湯主之。",0.875,"[""宋本獨有用字：；"", ""傷寒雜病論_桂本獨有用字：\n.679半夏小""]",silver,variant_text,,pending,,text_match
VR_GUIBEN_0229,SHSRC0050,SHL_SONGBEN_0244,songben,guiben,傷寒雜病論_桂本,太陽病，寸緩、關浮、尺弱，其人發熱汗出，復惡寒，不嘔，但心下痞者，此以醫下之也。如其不下者，病人不惡寒而渴者，此轉屬陽明也，小便數者，大便必鞕，不更衣十日，無所苦也。渴欲飲水，少少與之，但以法救之，渴者，宜五苓散。,"9.68
太陽病，寸緩、關浮、尺弱，其人發熱汗出，復惡寒，不嘔，但心下痞者，此以醫下之。如其未下，病人不惡寒而渴者，此轉屬陽明也。小便數者，大便必鞕，不更衣十日，無所苦也。渴欲飲水者，少少與之，以法救之；渴而飲水多、小便不利者，宜五苓散。",0.864,"[""傷寒雜病論_桂本獨有用字：\n.689利多未；""]",silver,variant_text,,pending,,text_match
VR_GUIBEN_0230,SHSRC0050,SHL_SONGBEN_0245,songben,guiben,傷寒雜病論_桂本,陽脈微而汗出少者，為自和也；汗出多者為太過，陽脈實。因發其汗，出多者，亦為太過，太過者，為陽絕於裏，亡津液，大便因鞕也。,"9.69
脈陽微而汗出少者，為自和；汗出多者，為太過；陽脈實，因發其汗，出多者，亦為太過。太過者，為陽絕於裏，亡津液，大便因鞕也。",0.921,"[""傷寒雜病論_桂本獨有用字：\n.69""]",silver,variant_text,,pending,,text_match
VR_GUIBEN_0231,SHSRC0050,SHL_SONGBEN_0246,songben,guiben,傷寒雜病論_桂本,脈浮而芤，浮為陽，芤為陰，浮芤相搏，胃氣生熱，其陽則絕。,"9.70
脈浮而芤，浮為陽，芤為陰，浮芤相搏，胃氣生熱，其陽則絕。",1.0,[],silver,variant_text,,pending,,text_match
VR_GUIBEN_0232,SHSRC0050,SHL_SONGBEN_0247,songben,guiben,傷寒雜病論_桂本,趺陽脈浮而濇，浮則胃氣強，濇則小便數，浮濇相搏，大便則鞕，其脾為約，麻子仁丸主之。,"9.71
趺陽脈浮而濇，浮則胃氣強，濇則小便數。浮數相搏，大便則鞕，其脾為約，麻子仁丸主之。",0.939,"[""傷寒雜病論_桂本獨有用字：\n.179""]",silver,variant_text,,pending,,text_match
VR_GUIBEN_0233,SHSRC0050,SHL_SONGBEN_0248,songben,guiben,傷寒雜病論_桂本,太陽病三日，發汗不解，蒸蒸發熱者，屬胃也，調胃承氣湯主之。,"9.72
太陽病二日，發汗不解，蒸蒸發熱者，屬陽明也，調胃承氣湯主之。（方見前）",0.76,"[""宋本獨有用字：三"", ""傷寒雜病論_桂本獨有用字：\n.279二前方明見（）""]",bronze,variant_text,,pending,,text_match
VR_GUIBEN_0234,SHSRC0050,SHL_SONGBEN_0249,songben,guiben,傷寒雜病論_桂本,傷寒吐後，腹脹滿者，與調胃承氣湯。,"9.73
傷寒吐後，腹脹滿者，與調胃承氣湯。（方見前）",0.897,"[""傷寒雜病論_桂本獨有用字：\n.379前方見（）""]",silver,variant_text,,pending,,text_match
VR_GUIBEN_0235,SHSRC0050,SHL_SONGBEN_0250,songben,guiben,傷寒雜病論_桂本,太陽病，若吐、若下，若發汗後，微煩，小便數，大便因鞕者，與小承氣湯，和之愈。,"9.74
太陽病，若吐、若下、若發汗後，微煩、小便數、大便因鞕者，與小承氣湯和之愈。（方見前）",0.949,"[""傷寒雜病論_桂本獨有用字：\n.479前方見（）""]",silver,variant_text,,pending,,text_match
VR_GUIBEN_0236,SHSRC0050,SHL_SONGBEN_0251,songben,guiben,傷寒雜病論_桂本,得病二三日，脈弱，無太陽柴胡證，煩躁，心下鞕，至四五日，雖能食，以小承氣湯少少與，微和之，令小安。至六日，與承氣湯一升。若不大便六七日，小便少者，雖不受食，但初頭鞕，後必溏，未定成鞕，攻之必溏，須小便利，屎定鞕，乃可攻之，宜大承氣湯。,"9.75
得病二三日，脈弱，無太陽柴胡證，煩躁，心下鞕。至四五日，雖能食，以小承氣湯少少與，微和之，令小安。至六日與小承氣湯一升。若不大便六七日，小便少者，雖不大便，但初頭鞕，後必溏，未定成鞕，攻之必溏；須小便利，屎定鞕，乃可攻之，宜大承氣湯。（方見前）",0.948,"[""宋本獨有用字：受"", ""傷寒雜病論_桂本獨有用字：\n.579前方見（）；""]",silver,variant_text,,pending,,text_match
VR_GUIBEN_0237,SHSRC0050,SHL_SONGBEN_0252,songben,guiben,傷寒雜病論_桂本,傷寒六七日，目中不了了，睛不和，無表裏證，大便難，身微熱者，此為實也。急下之，宜大承氣湯。,"9.76
傷寒六七日，目中不了了，睛不和，無表裏證，大便難，身微熱者，此為實也，急下之，宜大承氣湯。（方見前）",0.959,"[""傷寒雜病論_桂本獨有用字：\n.679前方見（）""]",silver,variant_text,,pending,,text_match
VR_GUIBEN_0238,SHSRC0050,SHL_SONGBEN_0253,songben,guiben,傷寒雜病論_桂本,陽明病，發熱，汗多者，急下之，宜大承氣湯。,"9.77
陽明病，發熱汗多者，急下之，宜大承氣湯。（方見前）",0.909,"[""傷寒雜病論_桂本獨有用字：\n.79前方見（）""]",silver,variant_text,,pending,,text_match
VR_GUIBEN_0239,SHSRC0050,SHL_SONGBEN_0254,songben,guiben,傷寒雜病論_桂本,發汗不解，腹滿痛者，急下之，宜大承氣湯。,"9.78
發汗，不解，腹滿痛者，急下之，宜大承氣湯。（方見前）",0.909,"[""傷寒雜病論_桂本獨有用字：\n.789前方見（）""]",silver,variant_text,,pending,,text_match
VR_GUIBEN_0240,SHSRC0050,SHL_SONGBEN_0255,songben,guiben,傷寒雜病論_桂本,腹滿不減，減不足言，當下之，宜大承氣湯。,"9.79
腹滿不減，減不足言，當下之，宜大承氣湯。（方見前）",0.909,"[""傷寒雜病論_桂本獨有用字：\n.79前方見（）""]",silver,variant_text,,pending,,text_match
VR_GUIBEN_0241,SHSRC0050,SHL_SONGBEN_0256,songben,guiben,傷寒雜病論_桂本,陽明少陽合病，必下利，其脈不負者，為順也。負者，失也。互相剋賊，名為負也。脈滑而數者，有宿食也。當下之，宜大承氣湯。,"9.80
陽明少陽合病，必下利。其脈不負者，為順也；負者，失也。互相克責，名為負也。脈滑而數者，有宿食也，當下之，宜大承氣湯。（方見前）",0.901,"[""宋本獨有用字：剋賊"", ""傷寒雜病論_桂本獨有用字：\n.089克前方見責（）；""]",silver,variant_text,,pending,,text_match
VR_GUIBEN_0242,SHSRC0050,SHL_SONGBEN_0257,songben,guiben,傷寒雜病論_桂本,病人無表裏證，發熱七八日，雖脈浮數者，可下之。假令已下，脈數不解，合熱則消穀善飢，至六七日，不大便者，有瘀血，宜抵當湯。,"9.81
病人無表裏證，發熱七八日，雖脈浮數者，可下之；假令已下，脈數不解，合熱則消穀善飢，至六七日不大便者，有瘀血也，宜抵當湯；若脈數不解，而下利不止，必協熱便膿血也。（方見前）",0.832,"[""傷寒雜病論_桂本獨有用字：\n.189也利前協必方止而膿若見（）；""]",silver,variant_text,,pending,,text_match
VR_GUIBEN_0243,SHSRC0050,SHL_SONGBEN_0259,songben,guiben,傷寒雜病論_桂本,傷寒發汗已，身目為黃，所以然者，以寒濕在裏不解故也，以為不可下也，於寒濕中求之。,"9.82
傷寒，發汗已，身目為黃，所以然者，以寒濕在裏，不解故也。不可汗也，當於寒濕中求之。",0.825,"[""宋本獨有用字：下"", ""傷寒雜病論_桂本獨有用字：\n.289當""]",silver,variant_text,,pending,,text_match
VR_GUIBEN_0244,SHSRC0050,SHL_SONGBEN_0260,songben,guiben,傷寒雜病論_桂本,傷寒七八日，身黃如橘子色，小便不利，腹微滿者，茵陳蒿湯主之。,"9.83
傷寒七八日，身黃如橘子色，小便不利，腹微滿者，茵陳蒿湯主之。（方見前）",0.941,"[""傷寒雜病論_桂本獨有用字：\n.389前方見（）""]",silver,variant_text,,pending,,text_match
VR_GUIBEN_0245,SHSRC0050,SHL_SONGBEN_0261,songben,guiben,傷寒雜病論_桂本,傷寒，身黃，發熱，梔子柏皮湯主之。,"9.84
傷寒，身黃、發熱者，梔子柏皮湯主之。",0.88,"[""傷寒雜病論_桂本獨有用字：\n.489、者""]",silver,variant_text,,pending,,text_match
VR_GUIBEN_0246,SHSRC0050,SHL_SONGBEN_0262,songben,guiben,傷寒雜病論_桂本,傷寒瘀熱在裏，身必黃，麻黃連軺赤小豆湯主之。,"9.85
傷寒瘀熱在裏，其身必黃，麻黃連軺赤小豆湯主之。",0.919,"[""傷寒雜病論_桂本獨有用字：\n.589其""]",silver,variant_text,,pending,,text_match
VR_GUIBEN_0247,SHSRC0050,SHL_SONGBEN_0263,songben,guiben,傷寒雜病論_桂本,少陽之為病，口苦，咽乾，目眩也。,"10.1
少陽之為病，口苦，咽乾，目眩是也。",0.87,"[""傷寒雜病論_桂本獨有用字：\n.01是""]",silver,variant_text,,pending,,text_match
VR_GUIBEN_0248,SHSRC0050,SHL_SONGBEN_0264,songben,guiben,傷寒雜病論_桂本,少陽中風，兩耳無所聞，目赤，胸中滿而煩者，不可吐下，吐下則悸而驚。,"10.2
少陽中風，兩耳無所聞，目赤，胸中滿而煩者，不可吐下，吐下則悸而驚。",1.0,[],silver,variant_text,,pending,,text_match
VR_GUIBEN_0249,SHSRC0050,SHL_SONGBEN_0265,songben,guiben,傷寒雜病論_桂本,傷寒，脈弦細，頭痛發熱者，屬少陽。少陽不可發汗，發汗則譫語，此屬胃，胃和則愈；胃不和，煩而悸。,"10.3
傷寒，脈弦細，頭痛，發熱者，屬少陽，不可發汗；汗則讝語，煩躁，此屬胃不和也，和之則愈。",0.667,"[""宋本獨有用字：悸而譫"", ""傷寒雜病論_桂本獨有用字：\n.013之也讝躁""]",bronze,variant_text,,pending,,text_match
VR_GUIBEN_0250,SHSRC0050,SHL_SONGBEN_0266,songben,guiben,傷寒雜病論_桂本,本太陽病不解，轉入少陽者，脇下鞕滿，乾嘔不能食，往來寒熱，尚未吐下，脈沉緊者，與小柴胡湯。,"10.4
本太陽病，不解，轉入少陽者，脇下鞕滿，乾嘔不能食，往來寒熱，脈沉弦者，不可吐下，與小柴胡湯。",0.806,"[""宋本獨有用字：尚未緊"", ""傷寒雜病論_桂本獨有用字：\n.014可弦""]",silver,variant_text,,pending,,text_match
VR_GUIBEN_0251,SHSRC0050,SHL_SONGBEN_0267,songben,guiben,傷寒雜病論_桂本,若已吐、下、發汗、溫針，譫語，柴胡湯證罷，此為壞病，知犯何逆，以法治之。,"10.6
若以吐下、發汗、溫針，讝語，柴胡湯證罷者，此為壞病，知犯何逆，以法救之，柴胡湯不中與也。",0.655,"[""宋本獨有用字：已治譫"", ""傷寒雜病論_桂本獨有用字：\n.016不中也救者與讝""]",bronze,variant_text,,pending,,text_match
VR_GUIBEN_0252,SHSRC0050,SHL_SONGBEN_0268,songben,guiben,傷寒雜病論_桂本,三陽合病，脈浮大，上關上，但欲眠睡，目合則汗。,"10.7
三陽合病，脈浮大，上關上，但欲眠睡，目合則汗，此上焦不通故也，宜小柴胡湯。（方見上）",0.694,"[""傷寒雜病論_桂本獨有用字：\n.017不也宜小故方柴此湯焦胡見通（）""]",bronze,variant_text,,pending,,text_match
VR_GUIBEN_0253,SHSRC0050,SHL_SONGBEN_0269,songben,guiben,傷寒雜病論_桂本,傷寒六七日，無大熱，其人躁煩者，此為陽去入陰故也。,"10.8
傷寒四五日，無大熱，其人躁煩者，此為陽去入陰故也。",0.85,"[""宋本獨有用字：七六"", ""傷寒雜病論_桂本獨有用字：\n.018五四""]",silver,variant_text,,pending,,text_match
VR_GUIBEN_0254,SHSRC0050,SHL_SONGBEN_0270,songben,guiben,傷寒雜病論_桂本,傷寒三日，三陽為盡，三陰當受邪，其人反能食而不嘔，此為三陰不受邪也。,"10.9
傷寒三日，三陽為盡，三陰當受邪，其人反能食而不嘔者，此為三陰不受邪也。",0.943,"[""傷寒雜病論_桂本獨有用字：\n.019者""]",silver,variant_text,,pending,,text_match
VR_GUIBEN_0255,SHSRC0050,SHL_SONGBEN_0271,songben,guiben,傷寒雜病論_桂本,傷寒三日，少陽脈小者，欲已也。,"10.10
傷寒三日，少陽脈小者，為欲已也。",0.87,"[""傷寒雜病論_桂本獨有用字：\n.01為""]",silver,variant_text,,pending,,text_match
VR_GUIBEN_0256,SHSRC0050,SHL_SONGBEN_0272,songben,guiben,傷寒雜病論_桂本,少陽病，欲解時，從寅至辰上。,"10.11
少陽病欲解時，從寅至辰上。",1.0,[],silver,variant_text,,pending,,text_match
VR_GUIBEN_0257,SHSRC0050,SHL_SONGBEN_0273,songben,guiben,傷寒雜病論_桂本,太陰之為病，腹滿而吐，食不下，自利益甚，時腹自痛。若下之，必胸下結鞕。,"10.12
太陰之為病，腹滿而吐，食不下，自利益甚，時腹自痛，若下之，必胸下結鞕。",1.0,[],silver,variant_text,,pending,,text_match
VR_GUIBEN_0258,SHSRC0050,SHL_SONGBEN_0274,songben,guiben,傷寒雜病論_桂本,太陰中風，四肢煩疼，脈陽微陰濇而長者，為欲愈。,"10.13
太陰中風，四肢煩疼，陽微陰濇而長者，為欲愈。",0.914,"[""宋本獨有用字：脈"", ""傷寒雜病論_桂本獨有用字：\n.013""]",silver,variant_text,,pending,,text_match
VR_GUIBEN_0259,SHSRC0050,SHL_SONGBEN_0275,songben,guiben,傷寒雜病論_桂本,太陰病，欲解時，從亥至丑上。,"10.27
太陰病欲解時，從亥至丑上。",1.0,[],silver,variant_text,,pending,,text_match
VR_GUIBEN_0260,SHSRC0050,SHL_SONGBEN_0276,songben,guiben,傷寒雜病論_桂本,太陰病，脈浮者，可發汗，宜桂枝湯。,"10.14
太陰病，脈浮者，可發汗，宜桂枝湯。",1.0,[],silver,variant_text,,pending,,text_match
VR_GUIBEN_0261,SHSRC0050,SHL_SONGBEN_0277,songben,guiben,傷寒雜病論_桂本,自利不渴者，屬太陰，以其臟有寒故也，當溫之，宜服四逆輩。,"10.15
自利不渴者，屬太陰，以其臟有寒故也，當溫之，宜服理中、四逆輩。",0.913,"[""傷寒雜病論_桂本獨有用字：\n.015、中理""]",silver,variant_text,,pending,,text_match
VR_GUIBEN_0262,SHSRC0050,SHL_SONGBEN_0278,songben,guiben,傷寒雜病論_桂本,傷寒脈浮而緩，手足自溫者，繫在太陰。太陰當發身黃，若小便自利者，不能發黃；至七八日，雖暴煩下利，日十餘行，必自止，以脾家實，腐穢當去故也。,"10.16
傷寒脈浮而緩、手足自溫者，繫在太陰。太陰當發身黃；若小便自利者，不能發黃。至七八日，雖暴煩、下利日十餘行，必自止，以脾家實，腐穢當去故也。",1.0,[],silver,variant_text,,pending,,text_match
VR_GUIBEN_0263,SHSRC0050,SHL_SONGBEN_0279,songben,guiben,傷寒雜病論_桂本,本太陽病，醫反下之，因爾腹滿時痛者，屬太陰也，桂枝加芍藥湯主之；大實痛者，桂枝加大黃湯主之。,"10.17
本太陽病，醫反下之，因而腹滿時痛者，屬太陰也，桂枝加芍藥湯主之；大實痛者，桂枝加大黃湯主之。",0.939,"[""宋本獨有用字：爾"", ""傷寒雜病論_桂本獨有用字：\n.017而""]",silver,variant_text,,pending,,text_match
VR_GUIBEN_0264,SHSRC0050,SHL_SONGBEN_0280,songben,guiben,傷寒雜病論_桂本,太陰為病，脈弱，其人續自便利，設當行大黃、芍藥者，宜減之，以其人胃氣弱，易動故也。,"10.18
太陰病，脈弱，其人續自便利，設當行大黃、芍藥者，宜減之，以其人胃氣弱，易動故也。",0.951,"[""宋本獨有用字：為"", ""傷寒雜病論_桂本獨有用字：\n.018""]",silver,variant_text,,pending,,text_match
VR_GUIBEN_0265,SHSRC0050,SHL_SONGBEN_0281,songben,guiben,傷寒雜病論_桂本,少陰之為病，脈微細，但欲寐也。,"11.1
少陰之為病，脈微細，但欲寐也。",1.0,[],silver,variant_text,,pending,,text_match
VR_GUIBEN_0266,SHSRC0050,SHL_SONGBEN_0282,songben,guiben,傷寒雜病論_桂本,少陰病，欲吐不吐，心煩，但欲寐，五六日自利而渴者，屬少陰也。虛故引水自救。若小便色白者，少陰病形悉具。小便白者，以下焦虛有寒，不能制水，故令色白也。,"11.2
少陰病，欲吐不吐，心煩，但欲寐，五六日，自利而渴者，屬少陰也，虛，故飲水自救。若小便色白者，少陰病形悉具。小便白者，以下焦虛寒，不能制水，故令色白也。",0.935,"[""宋本獨有用字：引有"", ""傷寒雜病論_桂本獨有用字：\n.12飲""]",silver,variant_text,,pending,,text_match
VR_GUIBEN_0267,SHSRC0050,SHL_SONGBEN_0283,songben,guiben,傷寒雜病論_桂本,病人脈陰陽俱緊，反汗出者，亡陽也，此屬少陰，法當咽痛而復吐利。,"11.3
病人脈陰陽俱緊，反汗出者，亡陽也。此屬少陰，法當咽痛而復吐利。",1.0,[],silver,variant_text,,pending,,text_match
VR_GUIBEN_0268,SHSRC0050,SHL_SONGBEN_0284,songben,guiben,傷寒雜病論_桂本,少陰病，欬而下利，譫語者，被火氣劫故也。小便必難，以強責少陰汗也。,"11.4
少陰病，咳而下利、讝語者，被火劫故也，小便必難，以強責少陰汗也。",0.776,"[""宋本獨有用字：欬氣譫"", ""傷寒雜病論_桂本獨有用字：\n.14、咳讝""]",bronze,variant_text,,pending,,text_match
VR_GUIBEN_0269,SHSRC0050,SHL_SONGBEN_0285,songben,guiben,傷寒雜病論_桂本,少陰病，脈細沉數，病為在裏，不可發汗。,"11.5
少陰病，脈細沉數，病為在裏，不可發汗。",1.0,[],silver,variant_text,,pending,,text_match
VR_GUIBEN_0270,SHSRC0050,SHL_SONGBEN_0286,songben,guiben,傷寒雜病論_桂本,少陰病，脈微，不可發汗，亡陽故也。陽已虛，尺脈弱濇者，復不可下之。,"11.6
少陰病，脈微，不可發汗，亡陽故也；陽已虛，尺脈弱濇者，復不可
下之。",1.0,[],silver,variant_text,,pending,,text_match
VR_GUIBEN_0271,SHSRC0050,SHL_SONGBEN_0287,songben,guiben,傷寒雜病論_桂本,少陰病，脈緊，至七八日，自下利，脈暴微，手足反溫，脈緊反去者，為欲解也，雖煩下利，必自愈。,"11.7
少陰病，脈緊，至七八日，自下利、脈暴微、手足反溫、脈緊反去者，為欲解也，雖煩、下利，必自愈。",1.0,[],silver,variant_text,,pending,,text_match
VR_GUIBEN_0272,SHSRC0050,SHL_SONGBEN_0288,songben,guiben,傷寒雜病論_桂本,少陰病，下利，若利自止，惡寒而踡臥，手足溫者，可治。,"11.8
少陰病，下利，若利自止，惡寒而蜷臥，手足溫者，可治。",0.895,"[""宋本獨有用字：踡"", ""傷寒雜病論_桂本獨有用字：\n.18蜷""]",silver,variant_text,,pending,,text_match
VR_GUIBEN_0273,SHSRC0050,SHL_SONGBEN_0289,songben,guiben,傷寒雜病論_桂本,少陰病，惡寒而踡，時自煩，欲去衣被者，可治。,"11.9
少陰病，惡寒而蜷，時自煩，欲去衣被者，可治。",0.875,"[""宋本獨有用字：踡"", ""傷寒雜病論_桂本獨有用字：\n.19蜷""]",silver,variant_text,,pending,,text_match
VR_GUIBEN_0274,SHSRC0050,SHL_SONGBEN_0290,songben,guiben,傷寒雜病論_桂本,少陰中風，脈陽微陰浮者，為欲愈。,"11.10
少陰中風，脈陽微陰浮者，為欲愈。",1.0,[],silver,variant_text,,pending,,text_match
VR_GUIBEN_0275,SHSRC0050,SHL_SONGBEN_0291,songben,guiben,傷寒雜病論_桂本,少陰病，欲解時，從子至寅上。,"11.11
少陰病，欲解時，從子至寅上。",1.0,[],silver,variant_text,,pending,,text_match
VR_GUIBEN_0276,SHSRC0050,SHL_SONGBEN_0292,songben,guiben,傷寒雜病論_桂本,少陰病，吐、利，手足不逆冷，反發熱者，不死；脈不至者，灸少陰七壯。,"11.12
少陰病，吐利，手足不逆冷，反發熱者，不死。脈不至者，灸少陰七壯。",1.0,[],silver,variant_text,,pending,,text_match
VR_GUIBEN_0277,SHSRC0050,SHL_SONGBEN_0293,songben,guiben,傷寒雜病論_桂本,少陰病，八九日，一身手足盡熱者，以熱在膀胱，必便血也。,"11.13
少陰病八九日，一身手足盡熱者，以熱在膀胱，必便血也。",1.0,[],silver,variant_text,,pending,,text_match
VR_GUIBEN_0278,SHSRC0050,SHL_SONGBEN_0294,songben,guiben,傷寒雜病論_桂本,少陰病，但厥，無汗，而強發之，必動其血。未知從何道出，或從口鼻，或從目出者，是名下厥上竭，為難治。,"11.14
少陰病，但厥無汗，而強發之，必動其血，未知從何道而出，或從口鼻，或從耳出者，是名下厥上竭，為難治。",0.907,"[""宋本獨有用字：目"", ""傷寒雜病論_桂本獨有用字：\n.14耳""]",silver,variant_text,,pending,,text_match
VR_GUIBEN_0279,SHSRC0050,SHL_SONGBEN_0295,songben,guiben,傷寒雜病論_桂本,少陰病，惡寒，身踡而利，手足逆冷者，不治。,"11.15
少陰病，惡寒，身蜷而利，手足逆冷者，不治。",0.867,"[""宋本獨有用字：踡"", ""傷寒雜病論_桂本獨有用字：\n.15蜷""]",silver,variant_text,,pending,,text_match
VR_GUIBEN_0280,SHSRC0050,SHL_SONGBEN_0296,songben,guiben,傷寒雜病論_桂本,少陰病，吐、利、躁煩，四逆者，死。,"11.16
少陰病，吐利，躁煩，四逆者，死。",1.0,[],silver,variant_text,,pending,,text_match
VR_GUIBEN_0281,SHSRC0050,SHL_SONGBEN_0297,songben,guiben,傷寒雜病論_桂本,少陰病，下利止而頭眩，時時自冒者，死。,"11.17
少陰病，下利止，而頭眩時時自冒者，死。",1.0,[],silver,variant_text,,pending,,text_match
VR_GUIBEN_0282,SHSRC0050,SHL_SONGBEN_0298,songben,guiben,傷寒雜病論_桂本,少陰病，四逆，惡寒而身踡，脈不至，不煩而躁者，死。,"11.18
少陰病，四逆，惡寒而身蜷，脈不至，心煩而躁者，死。",0.778,"[""宋本獨有用字：踡"", ""傷寒雜病論_桂本獨有用字：\n.18心蜷""]",bronze,variant_text,,pending,,text_match
VR_GUIBEN_0283,SHSRC0050,SHL_SONGBEN_0299,songben,guiben,傷寒雜病論_桂本,少陰病，六七日，息高者，死。,"11.19
少陰病六七日，息高者，死。",1.0,[],silver,variant_text,,pending,,text_match
VR_GUIBEN_0284,SHSRC0050,SHL_SONGBEN_0300,songben,guiben,傷寒雜病論_桂本,少陰病，脈微細沉，但欲臥，汗出不煩，自欲吐。至五六日，自利，復煩躁不得臥寐者，死。,"11.20
少陰病，脈微細沉，但欲臥，汗出不煩，自欲吐。至五六日，自利，復煩躁不得臥寐者，死。",1.0,[],silver,variant_text,,pending,,text_match
VR_GUIBEN_0285,SHSRC0050,SHL_SONGBEN_0301,songben,guiben,傷寒雜病論_桂本,少陰病，始得之，反發熱，脈沉者，麻黃細辛附子湯主之。,"11.21
少陰病始得之，反發熱，脈沉者，麻黃附子細辛湯主之。",0.85,"[""傷寒雜病論_桂本獨有用字：\n.12""]",silver,variant_text,,pending,,text_match
VR_GUIBEN_0286,SHSRC0050,SHL_SONGBEN_0302,songben,guiben,傷寒雜病論_桂本,少陰病，得之二三日，麻黃附子甘草湯微發汗，以二三日無證，故微發汗也。,"11.22
少陰病，得之二三日，麻黃附子甘草湯微發汗。以二三日無裏證，故微發汗也。",0.939,"[""傷寒雜病論_桂本獨有用字：\n.12裏""]",silver,variant_text,,pending,,text_match
VR_GUIBEN_0287,SHSRC0050,SHL_SONGBEN_0303,songben,guiben,傷寒雜病論_桂本,少陰病，得之二三日以上，心中煩，不得臥，黃連阿膠湯主之。,"11.23
少陰病，得之二三日以上，心中煩，不得臥者，黃連阿膠湯主之。",0.933,"[""傷寒雜病論_桂本獨有用字：\n.123者""]",silver,variant_text,,pending,,text_match
VR_GUIBEN_0288,SHSRC0050,SHL_SONGBEN_0304,songben,guiben,傷寒雜病論_桂本,少陰病，得之一二日，口中和，其背惡寒者，當灸之，附子湯主之。,"11.24
少陰病，得之一二日，口中和，其背惡寒者，當灸之，附子湯主之。",1.0,[],silver,variant_text,,pending,,text_match
VR_GUIBEN_0289,SHSRC0050,SHL_SONGBEN_0305,songben,guiben,傷寒雜病論_桂本,少陰病，身體痛，手足寒，骨節痛，脈沉者，附子湯主之。,"11.25
少陰病，身體痛，手足寒，骨節痛，脈沉者，附子湯主之。（方見前）",0.927,"[""傷寒雜病論_桂本獨有用字：\n.125前方見（）""]",silver,variant_text,,pending,,text_match
VR_GUIBEN_0290,SHSRC0050,SHL_SONGBEN_0306,songben,guiben,傷寒雜病論_桂本,少陰病，下利，便膿血者，桃花湯主之。,"11.27
少陰病，下利便膿血者，桃花湯主之。",1.0,[],silver,variant_text,,pending,,text_match
VR_GUIBEN_0291,SHSRC0050,SHL_SONGBEN_0307,songben,guiben,傷寒雜病論_桂本,少陰病，二三日至四五日，腹痛，小便不利，下利不止，便膿血者，桃花湯主之。,"11.28
少陰病，二三日至四五日，腹痛，小便不利，下利不止，便膿血者，桃花湯主之。（方見上）",0.949,"[""傷寒雜病論_桂本獨有用字：\n.128上方見（）""]",silver,variant_text,,pending,,text_match
VR_GUIBEN_0292,SHSRC0050,SHL_SONGBEN_0308,songben,guiben,傷寒雜病論_桂本,少陰病，下利，便膿血者，可刺。,"11.29
少陰病，下利便膿血者，可刺足陽明。",0.87,"[""傷寒雜病論_桂本獨有用字：\n.129明足陽""]",silver,variant_text,,pending,,text_match
VR_GUIBEN_0293,SHSRC0050,SHL_SONGBEN_0309,songben,guiben,傷寒雜病論_桂本,少陰病，吐利，手足逆冷，煩躁欲死者，吳茱萸湯主之。,"11.30
少陰病，吐利，手足逆冷，煩躁欲死者，吳茱萸湯主之。",1.0,[],silver,variant_text,,pending,,text_match
VR_GUIBEN_0294,SHSRC0050,SHL_SONGBEN_0310,songben,guiben,傷寒雜病論_桂本,少陰病，下利，咽痛，胸滿，心煩，豬膚湯主之。,"11.31
少陰病，下利，咽痛，胸滿，心煩者，豬膚湯主之。",0.903,"[""傷寒雜病論_桂本獨有用字：\n.13者""]",silver,variant_text,,pending,,text_match
VR_GUIBEN_0295,SHSRC0050,SHL_SONGBEN_0311,songben,guiben,傷寒雜病論_桂本,少陰病，二三日，咽痛者，可與甘草湯；不差者，與桔梗湯。,"11.32
少陰病，二三日，咽中痛者，可與甘草湯；不差，與桔梗湯。",0.85,"[""傷寒雜病論_桂本獨有用字：\n.123中""]",silver,variant_text,,pending,,text_match
VR_GUIBEN_0296,SHSRC0050,SHL_SONGBEN_0312,songben,guiben,傷寒雜病論_桂本,少陰病，咽中傷，生瘡，不能語言，聲不出者，苦酒湯主之。,"11.33
少陰病，咽中傷，生瘡，痛引喉旁，不能語言，聲不出者，苦酒湯主之。",0.864,"[""傷寒雜病論_桂本獨有用字：\n.13喉引旁痛""]",silver,variant_text,,pending,,text_match
VR_GUIBEN_0297,SHSRC0050,SHL_SONGBEN_0313,songben,guiben,傷寒雜病論_桂本,少陰病，咽中痛，半夏散及湯主之。,"11.34
少陰病，咽中痛，脈反浮者，半夏散及湯主之。",0.786,"[""傷寒雜病論_桂本獨有用字：\n.134反浮者脈""]",bronze,variant_text,,pending,,text_match
VR_GUIBEN_0298,SHSRC0050,SHL_SONGBEN_0314,songben,guiben,傷寒雜病論_桂本,少陰病，下利，白通湯主之。,"11.35
少陰病，下利，白通湯主之。",1.0,[],silver,variant_text,,pending,,text_match
VR_GUIBEN_0299,SHSRC0050,SHL_SONGBEN_0315,songben,guiben,傷寒雜病論_桂本,少陰病，下利，脈微者，與白通湯。利不止，厥逆無脈，乾嘔煩者，白通加豬膽汁湯主之。服湯，脈暴出者死，微續者生。,"11.36
少陰病，下利，脈微者，與白通湯；利不止，厥逆無脈，乾嘔煩者，白通加豬膽汁湯主之。服湯後，脈暴出者死，微續者生。",0.964,"[""傷寒雜病論_桂本獨有用字：\n.136後；""]",silver,variant_text,,pending,,text_match
VR_GUIBEN_0300,SHSRC0050,SHL_SONGBEN_0316,songben,guiben,傷寒雜病論_桂本,少陰病，二三日不已，至四五日，腹痛，小便不利，四肢沉重疼痛，自下利者，此為有水氣。其人或欬，或小便利，或下利，或嘔者，真武湯主之。,"11.37
少陰病，二三日不已，至四五日，腹痛，小便不利，四肢沉重疼痛，自下利者，此為有水氣，其人或咳，或小便不利，或下利，或嘔者，真武湯主之。",0.947,"[""宋本獨有用字：欬"", ""傷寒雜病論_桂本獨有用字：\n.137咳""]",silver,variant_text,,pending,,text_match
VR_GUIBEN_0301,SHSRC0050,SHL_SONGBEN_0317,songben,guiben,傷寒雜病論_桂本,少陰病，下利清穀，裏寒外熱，手足厥逆，脈微欲絕，身反不惡寒。其人面色赤，或腹痛，或乾嘔，或咽痛，或利止脈不出者，通脈四逆湯主之。,"11.38
少陰病，下利清穀，裏寒外熱，手足厥逆，脈微欲絕，身反不惡寒，其人面色赤，或腹痛，或乾嘔，或咽痛，或利止脈不出者，通脈四逆湯主之。",1.0,[],silver,variant_text,,pending,,text_match
VR_GUIBEN_0302,SHSRC0050,SHL_SONGBEN_0318,songben,guiben,傷寒雜病論_桂本,少陰病，四逆，其人或欬，或悸，或小便不利，或腹中痛，或泄利下重者，四逆散主之。,"11.39
少陰病，四逆，其人或咳，或悸，或小便不利，或腹中痛，或泄利下重者，四逆散主之。",0.931,"[""宋本獨有用字：欬"", ""傷寒雜病論_桂本獨有用字：\n.139咳""]",silver,variant_text,,pending,,text_match
VR_GUIBEN_0303,SHSRC0050,SHL_SONGBEN_0319,songben,guiben,傷寒雜病論_桂本,少陰病，下利，六七日，欬而嘔渴，心煩不得眠者，豬苓湯主之。,"11.40
少陰病，下利六七日，咳而嘔渴，心煩不得眠者，豬苓湯主之。",0.909,"[""宋本獨有用字：欬"", ""傷寒雜病論_桂本獨有用字：\n.014咳""]",silver,variant_text,,pending,,text_match
VR_GUIBEN_0304,SHSRC0050,SHL_SONGBEN_0320,songben,guiben,傷寒雜病論_桂本,少陰病，得之二三日，口燥，咽乾者，急下之，宜大承氣湯。,"11.41
少陰病，得之二三日，口燥咽乾者，急下之，宜大承氣湯。",1.0,[],silver,variant_text,,pending,,text_match
VR_GUIBEN_0305,SHSRC0050,SHL_SONGBEN_0321,songben,guiben,傷寒雜病論_桂本,少陰病，自利清水，色純青，心下必痛，口乾燥者，可下之，宜大承氣湯。,"11.42
少陰病，自利清水，色純青，心下必痛，口乾燥者，可下之，宜大承氣湯。（方見上）",0.943,"[""傷寒雜病論_桂本獨有用字：\n.124上方見（）""]",silver,variant_text,,pending,,text_match
VR_GUIBEN_0306,SHSRC0050,SHL_SONGBEN_0322,songben,guiben,傷寒雜病論_桂本,少陰病，六七日，腹脹，不大便者，急下之，宜大承氣湯。,"11.43
少陰病六七日，腹脹不大便者，急下之，宜大承氣湯。（方見上）",0.927,"[""傷寒雜病論_桂本獨有用字：\n.134上方見（）""]",silver,variant_text,,pending,,text_match
VR_GUIBEN_0307,SHSRC0050,SHL_SONGBEN_0323,songben,guiben,傷寒雜病論_桂本,少陰病，脈沉者，急溫之，宜四逆湯。,"11.44
少陰病，脈沉者，急溫之，宜四逆湯。",1.0,[],silver,variant_text,,pending,,text_match
VR_GUIBEN_0308,SHSRC0050,SHL_SONGBEN_0324,songben,guiben,傷寒雜病論_桂本,少陰病，飲食入口則吐，心中溫溫欲吐，復不能吐，始得之，手足寒，脈弦遲者，此胸中實，不可下也，當吐之。若膈上有寒飲，乾嘔者，不可吐也，當溫之，宜四逆湯。,"11.45
少陰病，飲食入口即吐，或心中溫溫欲吐，復不能吐，始得之，手足寒，脈弦遲者，此胸中實，不可下也，當吐之；若膈上有寒飲，乾嘔者，不可吐也，當溫之，宜四逆湯。（方見上）",0.915,"[""宋本獨有用字：則"", ""傷寒雜病論_桂本獨有用字：\n.145即或方見（）；""]",silver,variant_text,,pending,,text_match
VR_GUIBEN_0309,SHSRC0050,SHL_SONGBEN_0325,songben,guiben,傷寒雜病論_桂本,少陰病，下利，脈微濇，嘔而汗出，必數更衣，反少者，當溫其上，灸之。,"11.46
少陰病，下利，脈微濇，嘔而汗出，必數更衣，反少者，當溫其上，灸之。",1.0,[],silver,variant_text,,pending,,text_match
VR_GUIBEN_0310,SHSRC0050,SHL_SONGBEN_0326,songben,guiben,傷寒雜病論_桂本,厥陰之為病，消渴，氣上撞心，心中疼熱，飢而不欲食，食則吐蚘。下之利不止。,"11.47
厥陰之為病，消渴，氣上撞心，心中疼熱，飢而不欲食，食則吐蚘，下之，利不止。",1.0,[],silver,variant_text,,pending,,text_match
VR_GUIBEN_0311,SHSRC0050,SHL_SONGBEN_0327,songben,guiben,傷寒雜病論_桂本,厥陰中風，脈微浮為欲愈，不浮為未愈。,"11.48
厥陰中風，脈微浮，為欲愈；不浮，為未愈。",1.0,[],silver,variant_text,,pending,,text_match
VR_GUIBEN_0312,SHSRC0050,SHL_SONGBEN_0328,songben,guiben,傷寒雜病論_桂本,厥陰病，欲解時，從丑至卯上。,"11.49
厥陰欲解時，從丑至卯上。",0.842,"[""宋本獨有用字：病"", ""傷寒雜病論_桂本獨有用字：\n.149""]",silver,variant_text,,pending,,text_match
VR_GUIBEN_0313,SHSRC0050,SHL_SONGBEN_0329,songben,guiben,傷寒雜病論_桂本,厥陰病，渴欲飲水者，少少與之愈。,"11.50
厥陰病，渴欲飲水者，少少與之，愈。",1.0,[],silver,variant_text,,pending,,text_match
VR_GUIBEN_0314,SHSRC0050,SHL_SONGBEN_0330,songben,guiben,傷寒雜病論_桂本,諸四逆厥者，不可下之，虛家亦然。,"11.51
諸四逆厥者，不可下之，虛家亦然。",1.0,[],silver,variant_text,,pending,,text_match
VR_GUIBEN_0315,SHSRC0050,SHL_SONGBEN_0331,songben,guiben,傷寒雜病論_桂本,傷寒，先厥，後發熱而利者，必自止。見厥復利。,"11.52
傷寒，先厥、後發熱而利者，必自止。見厥復利。",1.0,[],silver,variant_text,,pending,,text_match
VR_GUIBEN_0316,SHSRC0050,SHL_SONGBEN_0332,songben,guiben,傷寒雜病論_桂本,傷寒，始發熱六日，厥反九日而利。凡厥利者，當不能食；今反能食者，恐為除中。食以索餅，不發熱者，知胃氣尚在，必愈。恐暴熱來出而復去也。後三日脈之，其熱續在者，期之旦日夜半愈。所以然者，本發熱六日，厥反九日，復發熱三日，并前六日，亦為九日，與厥相應，故期之旦日夜半愈。後三日脈之而脈數，其熱不罷者，此為熱氣有餘，必發癰膿也。,"11.53
傷寒，始發熱六日、厥反九日而利。凡厥利者，當不能食，今反能食者，恐為除中。食以素餅，不發熱者，知胃氣尚在，必愈。恐暴熱來出而復去也，後日脈之，其熱續在者，期之旦日夜半愈。所以然者，本發熱六日、厥反九日，復發熱三日，並前六日，亦為九日，與厥相應，故期之旦日夜半愈。後三日脈之，而脈數，其熱不罷者，此為熱氣有餘，必發癰膿也。",0.959,"[""宋本獨有用字：并索；"", ""傷寒雜病論_桂本獨有用字：\n.135、並素""]",silver,variant_text,,pending,,text_match
VR_GUIBEN_0317,SHSRC0050,SHL_SONGBEN_0333,songben,guiben,傷寒雜病論_桂本,傷寒脈遲，六七日，而反與黃芩湯徹其熱，脈遲為寒，今與黃芩湯復除其熱，腹中應冷，當不能食，今反能食，此名除中，必死。,"11.54
傷寒六七日，脈遲，而反與黃芩湯徹其熱。脈遲為寒，今與黃芩湯復除其熱，腹中應冷。今反能食，此名「除中」，必死。",0.857,"[""宋本獨有用字：不當"", ""傷寒雜病論_桂本獨有用字：\n.145「」""]",silver,variant_text,,pending,,text_match
VR_GUIBEN_0318,SHSRC0050,SHL_SONGBEN_0334,songben,guiben,傷寒雜病論_桂本,傷寒，先厥後發熱，下利必自止。而反汗出，咽中痛者，其喉為痹。發熱無汗，而利必自止；若不止，必便膿血。便膿血者，其喉不痹。,"11.55
傷寒，先厥後發熱，下利必自止，而反汗出，咽中痛者，其喉為痹；發熱無汗，而利必自止。若不止，必便膿血。便膿血者，其喉不痹。",1.0,[],silver,variant_text,,pending,,text_match
VR_GUIBEN_0319,SHSRC0050,SHL_SONGBEN_0335,songben,guiben,傷寒雜病論_桂本,傷寒，一二日至四五日厥者，必發熱，前熱者，後必厥。厥深者，熱亦深；厥微者，熱亦微。厥應下之，而反發汗者，必口傷爛赤。,"11.56
傷寒，一二日至四五日厥者，必發熱，前熱者後必厥。厥深者熱亦深，厥微者熱亦微。厥應下之，而反發汗者，必口傷爛赤。",1.0,[],silver,variant_text,,pending,,text_match
VR_GUIBEN_0320,SHSRC0050,SHL_SONGBEN_0336,songben,guiben,傷寒雜病論_桂本,傷寒病，厥五日，熱亦五日。設六日，當復厥，不厥者自愈。厥終不過五日，以熱五日，故知自愈。,"11.57
傷寒病，厥五日、熱亦五日，設六日當復厥，不厥者自愈。厥終不過五日，以熱五日，知自愈。",0.949,"[""宋本獨有用字：故"", ""傷寒雜病論_桂本獨有用字：\n.157、""]",silver,variant_text,,pending,,text_match
VR_GUIBEN_0321,SHSRC0050,SHL_SONGBEN_0337,songben,guiben,傷寒雜病論_桂本,凡厥者，陰陽氣不相順接，便為厥。厥者，手足逆冷者是也。,"11.58
凡厥者，陰陽氣不相順接，便為厥。厥者，手足逆冷是也。",0.923,"[""傷寒雜病論_桂本獨有用字：\n.158""]",silver,variant_text,,pending,,text_match
VR_GUIBEN_0322,SHSRC0050,SHL_SONGBEN_0338,songben,guiben,傷寒雜病論_桂本,傷寒，脈微而厥，至七八日，膚冷，其人躁無暫安時者，此為藏厥，非蚘厥也。蚘厥者，其人當吐蚘，令病者靜而復時煩者，此為藏寒。蚘上入其膈故煩，須臾復止，得食而嘔，又煩者，蚘聞食臭出，其人常自吐蚘。蚘厥者，烏梅丸主之。又主久利。,"11.59
傷寒，脈微而厥，至七八日，膚冷，其人躁、無暫安時者，此為臟厥，非蚘厥也。蚘厥者，其人當吐蚘。今病者靜，而復時煩，此為臟寒，蚘上入其膈，故煩。須臾復止，得食而嘔又煩者，蚘聞食臭出，其人當自吐蚘。蚘厥者，烏梅丸主之。又主久利。",0.911,"[""宋本獨有用字：令常藏"", ""傷寒雜病論_桂本獨有用字：\n.159、今臟""]",silver,variant_text,,pending,,text_match
VR_GUIBEN_0323,SHSRC0050,SHL_SONGBEN_0339,songben,guiben,傷寒雜病論_桂本,傷寒，熱少微厥，指頭寒，嘿嘿不欲食，煩躁。數日，小便利，色白者，此熱除也，欲得食，其病為愈。若厥而嘔，胸脇煩滿者，其後必便血。,"11.60
傷寒，熱少，微厥，指頭寒，嘿嘿不欲食，煩躁。數日，小便利、色白者，此熱除也，欲得食，其病為愈；若厥而嘔，胸脇煩滿者，其後必便血。",1.0,[],silver,variant_text,,pending,,text_match
VR_GUIBEN_0324,SHSRC0050,SHL_SONGBEN_0340,songben,guiben,傷寒雜病論_桂本,病者手足厥冷，言我不結胸，小腹滿，按之痛者，此冷結在膀胱關元也。,"11.61
病者手足厥冷，不結胸，小腹滿，按之痛者，此冷結在膀胱關元也。",0.92,"[""宋本獨有用字：我言"", ""傷寒雜病論_桂本獨有用字：\n.16""]",silver,variant_text,,pending,,text_match
VR_GUIBEN_0325,SHSRC0050,SHL_SONGBEN_0341,songben,guiben,傷寒雜病論_桂本,傷寒發熱四日，厥反三日，復熱四日，厥少熱多者，其病當愈。四日至七日，熱不除者，必便膿血。,"11.62
傷寒發熱四日，厥反三日，復熱四日，厥少熱多者，其病當愈；四日至七日，熱不除者，必便膿血。",1.0,[],silver,variant_text,,pending,,text_match
VR_GUIBEN_0326,SHSRC0050,SHL_SONGBEN_0342,songben,guiben,傷寒雜病論_桂本,傷寒，厥四日，熱反三日，復厥五日，其病為進。寒多熱少，陽氣退，故為進也。,"11.63
傷寒厥四日，熱反三日，復厥五日，其病為進。寒多熱少，陽氣退，故為進也。",1.0,[],silver,variant_text,,pending,,text_match
VR_GUIBEN_0327,SHSRC0050,SHL_SONGBEN_0343,songben,guiben,傷寒雜病論_桂本,傷寒六七日，脈微，手足厥冷，煩躁，灸厥陰，厥不還者，死。,"11.64
傷寒六七日，脈微，手足厥冷，煩躁，灸厥陰，厥不還者，死。",1.0,[],silver,variant_text,,pending,,text_match
VR_GUIBEN_0328,SHSRC0050,SHL_SONGBEN_0344,songben,guiben,傷寒雜病論_桂本,傷寒發熱，下利，厥逆，躁不得臥者，死。,"11.65
傷寒，發熱，下利，厥逆，躁不得臥者，死。",1.0,[],silver,variant_text,,pending,,text_match
VR_GUIBEN_0329,SHSRC0050,SHL_SONGBEN_0345,songben,guiben,傷寒雜病論_桂本,傷寒發熱，下利至甚，厥不止者，死。,"11.66
傷寒，發熱，下利至甚，厥不止者，死。",1.0,[],silver,variant_text,,pending,,text_match
VR_GUIBEN_0330,SHSRC0050,SHL_SONGBEN_0346,songben,guiben,傷寒雜病論_桂本,傷寒六七日，不利，便發熱而利，其人汗出不止者，死。有陰無陽故也。,"11.67
傷寒六七日不利，便發熱而利，其人汗出不止者，死。有陰無陽故也。",1.0,[],silver,variant_text,,pending,,text_match
VR_GUIBEN_0331,SHSRC0050,SHL_SONGBEN_0347,songben,guiben,傷寒雜病論_桂本,傷寒五六日，不結胸，腹濡，脈虛復厥者，不可下，此亡血，下之死。,"11.68
傷寒五六日，不結胸，腹濡，脈虛，復厥者，不可下也。此為亡血，下之則死。",0.816,"[""傷寒雜病論_桂本獨有用字：\n.168也則為""]",silver,variant_text,,pending,,text_match
VR_GUIBEN_0332,SHSRC0050,SHL_SONGBEN_0348,songben,guiben,傷寒雜病論_桂本,發熱而厥，七日下利者，為難治。,"11.69
傷寒，發熱而厥，七日下利者，為難治。",0.917,"[""傷寒雜病論_桂本獨有用字：\n.169傷寒""]",silver,variant_text,,pending,,text_match
VR_GUIBEN_0333,SHSRC0050,SHL_SONGBEN_0349,songben,guiben,傷寒雜病論_桂本,傷寒脈促，手足厥逆，可灸之。,"11.70
傷寒，脈促，手足厥逆，不可灸之。",0.857,"[""傷寒雜病論_桂本獨有用字：\n.017不""]",silver,variant_text,,pending,,text_match
VR_GUIBEN_0334,SHSRC0050,SHL_SONGBEN_0350,songben,guiben,傷寒雜病論_桂本,傷寒，脈滑而厥者，裏有熱，白虎湯主之。,"11.71
傷寒，脈滑而厥者，裏有熱也，白虎湯主之。",0.897,"[""傷寒雜病論_桂本獨有用字：\n.17也""]",silver,variant_text,,pending,,text_match
VR_GUIBEN_0335,SHSRC0050,SHL_SONGBEN_0353,songben,guiben,傷寒雜病論_桂本,大汗出，熱不去，內拘急，四肢疼，又下利厥逆而惡寒者，四逆湯主之。,"11.73
大汗出，熱不去，內拘急，四肢疼，復下利、厥逆而惡寒者，四逆湯主之。",0.92,"[""宋本獨有用字：又"", ""傷寒雜病論_桂本獨有用字：\n.137、復""]",silver,variant_text,,pending,,text_match
VR_GUIBEN_0336,SHSRC0050,SHL_SONGBEN_0354,songben,guiben,傷寒雜病論_桂本,大汗，若大下利而厥冷者，四逆湯主之。,"11.74
大汗，若大下利而厥逆冷者，四逆湯主之。（方見前）",0.812,"[""傷寒雜病論_桂本獨有用字：\n.147前方見（）""]",silver,variant_text,,pending,,text_match
VR_GUIBEN_0337,SHSRC0050,SHL_SONGBEN_0355,songben,guiben,傷寒雜病論_桂本,病人手足厥冷，脈乍緊者，邪結在胸中，心下滿而煩，飢不能食者，病在胸中，當須吐之，宜瓜蒂散。,"11.75
病人手足厥冷，脈乍緊者，邪結在胸中，心下滿而煩，飢不能食者，病在胸中，當須吐之，宜瓜蒂散。",1.0,[],silver,variant_text,,pending,,text_match
VR_GUIBEN_0338,SHSRC0050,SHL_SONGBEN_0356,songben,guiben,傷寒雜病論_桂本,傷寒，厥而心下悸，宜先治水，當服茯苓甘草湯，卻治其厥。不爾，水漬入胃，必作利也。,"11.76
傷寒，厥而心下悸者，宜先治水，當服茯苓甘草湯，卻治其厥。不爾，水漬入胃，必作利也。",0.952,"[""傷寒雜病論_桂本獨有用字：\n.167者""]",silver,variant_text,,pending,,text_match
VR_GUIBEN_0339,SHSRC0050,SHL_SONGBEN_0357,songben,guiben,傷寒雜病論_桂本,傷寒六七日，大下後，寸脈沉而遲，手足厥逆，下部脈不至，喉咽不利，唾膿血，泄利不止者，為難治，麻黃升麻湯主之。,"11.77
傷寒六七日，大下後，寸脈沉而遲，手足厥逆，下部脈不至，咽喉不利，唾膿血，泄利不止者，為難治，人參附子湯主之。不差，復以人參乾薑湯與之。",0.729,"[""宋本獨有用字：升麻黃"", ""傷寒雜病論_桂本獨有用字：\n.17乾人以參子差復與薑附""]",bronze,variant_text,,pending,,text_match
VR_GUIBEN_0340,SHSRC0050,SHL_SONGBEN_0358,songben,guiben,傷寒雜病論_桂本,傷寒四五日，腹中痛，若轉氣下趣少腹者，此欲自利也。,"11.78
傷寒四五日，腹中痛，若轉氣下趨少腹者，此欲自利也。",0.9,"[""宋本獨有用字：趣"", ""傷寒雜病論_桂本獨有用字：\n.178趨""]",silver,variant_text,,pending,,text_match
VR_GUIBEN_0341,SHSRC0050,SHL_SONGBEN_0359,songben,guiben,傷寒雜病論_桂本,傷寒本自寒下，醫復吐下之，寒格，更逆吐下，若食入口即吐，乾薑黃芩黃連人參湯主之。,"11.79
傷寒本自寒，下醫復吐下之，寒格，更逆吐下，麻黃升麻湯主之。若食入口即吐，乾薑黃芩黃連人參湯主之。",0.899,"[""傷寒雜病論_桂本獨有用字：\n.179升麻""]",silver,variant_text,,pending,,text_match
VR_GUIBEN_0342,SHSRC0050,SHL_SONGBEN_0360,songben,guiben,傷寒雜病論_桂本,下利，有微熱而渴，脈弱者，今自愈。,"11.80
下利，有微熱而渴，脈弱者，令自愈。",0.833,"[""宋本獨有用字：今"", ""傷寒雜病論_桂本獨有用字：\n.018令""]",silver,variant_text,,pending,,text_match
VR_GUIBEN_0343,SHSRC0050,SHL_SONGBEN_0362,songben,guiben,傷寒雜病論_桂本,下利，手足厥冷，無脈者，灸之。不溫。若脈不還，反微喘者，死。少陰負趺陽者，為順也。,"11.82
下利，手足厥逆，無脈者，灸之不溫，若脈不還，反微喘者，死。少陰負趺陽者，為順也。",0.933,"[""宋本獨有用字：冷"", ""傷寒雜病論_桂本獨有用字：\n.128逆""]",silver,variant_text,,pending,,text_match
VR_GUIBEN_0344,SHSRC0050,SHL_SONGBEN_0363,songben,guiben,傷寒雜病論_桂本,下利，寸脈反浮數，尺中自濇者，必清膿血。,"11.83
下利，寸脈反浮數，尺中自濇者，必圊膿血，柏葉阿膠湯主之。",0.703,"[""宋本獨有用字：清"", ""傷寒雜病論_桂本獨有用字：\n.138主之圊柏湯膠葉阿""]",bronze,variant_text,,pending,,text_match
VR_GUIBEN_0345,SHSRC0050,SHL_SONGBEN_0364,songben,guiben,傷寒雜病論_桂本,下利清穀，不可攻表，汗出必脹滿。,"11.84
下利清穀，下可攻表；汗出，必脹滿。",0.833,"[""宋本獨有用字：不"", ""傷寒雜病論_桂本獨有用字：\n.148；""]",silver,variant_text,,pending,,text_match
VR_GUIBEN_0346,SHSRC0050,SHL_SONGBEN_0365,songben,guiben,傷寒雜病論_桂本,下利，脈沉弦者，下重也；脈大者，為未止；脈微弱數者，為欲自止，雖發熱，不死。,"11.85
下利，脈沉弦者，下重也；脈大者，為未止；脈微弱數者，為欲自止，雖發熱，不死。",1.0,[],silver,variant_text,,pending,,text_match
VR_GUIBEN_0347,SHSRC0050,SHL_SONGBEN_0366,songben,guiben,傷寒雜病論_桂本,下利，脈沉而遲，其人面少赤，身有微熱，下利清穀者，必鬱冒汗出而解。病人必微厥。所以然者，其面戴陽，下虛故也。,"11.86
下利，脈沉而遲，其人面少赤，身有微熱，下利清穀者，必鬱冒，汗出而解，病人必微厥，所以然者，其面戴陽下虛故也。",1.0,[],silver,variant_text,,pending,,text_match
VR_GUIBEN_0348,SHSRC0050,SHL_SONGBEN_0367,songben,guiben,傷寒雜病論_桂本,下利，脈數而渴者，今自愈。設不差，必清膿血，以有熱故也。,"11.87
下利，脈數而渴者，令自愈，設不差，必清膿血，以有熱故也。",0.905,"[""宋本獨有用字：今"", ""傷寒雜病論_桂本獨有用字：\n.178令""]",silver,variant_text,,pending,,text_match
VR_GUIBEN_0349,SHSRC0050,SHL_SONGBEN_0368,songben,guiben,傷寒雜病論_桂本,下利後脈絕，手足厥冷，晬時脈還，手足溫者生，脈不還者死。,"11.88
下利後，脈絕，手足厥冷，晬時脈還，手足溫者，生；脈不還者，死。",1.0,[],silver,variant_text,,pending,,text_match
VR_GUIBEN_0350,SHSRC0050,SHL_SONGBEN_0369,songben,guiben,傷寒雜病論_桂本,傷寒下利，日十餘行，脈反實者，死。,"11.89
傷寒，下利日十餘行，脈反實者，死。",1.0,[],silver,variant_text,,pending,,text_match
VR_GUIBEN_0351,SHSRC0050,SHL_SONGBEN_0370,songben,guiben,傷寒雜病論_桂本,下利清穀，裏寒外熱，汗出而厥者，通脈四逆湯主之。,"11.90
下利清穀，裏寒外熱，汗出而厥者，通脈四逆湯主之。",1.0,[],silver,variant_text,,pending,,text_match
VR_GUIBEN_0352,SHSRC0050,SHL_SONGBEN_0371,songben,guiben,傷寒雜病論_桂本,熱利下重者，白頭翁湯主之。,"11.91
熱利下重者，白頭翁湯主之。",1.0,[],silver,variant_text,,pending,,text_match
VR_GUIBEN_0353,SHSRC0050,SHL_SONGBEN_0372,songben,guiben,傷寒雜病論_桂本,下利腹脹滿，身體疼痛者，先溫其裏，乃攻其表。溫裏宜四逆湯，攻表宜桂枝湯。,"11.93
下利，腹脹滿，身體疼痛者，先溫其裏，乃攻其表。溫裏宜四逆湯，攻表宜桂枝湯。（四逆湯方見前）",0.935,"[""傷寒雜病論_桂本獨有用字：\n.139前方見（）""]",silver,variant_text,,pending,,text_match
VR_GUIBEN_0354,SHSRC0050,SHL_SONGBEN_0373,songben,guiben,傷寒雜病論_桂本,下利欲飲水者，以有熱故也，白頭翁湯主之。,"11.94
下利，欲飲水者，以有熱故也，白頭翁湯主之。（方見前）",0.914,"[""傷寒雜病論_桂本獨有用字：\n.149前方見（）""]",silver,variant_text,,pending,,text_match
VR_GUIBEN_0355,SHSRC0050,SHL_SONGBEN_0374,songben,guiben,傷寒雜病論_桂本,下利譫語者，有燥屎也，宜小承氣湯。,"11.95
下利，讝語者，有燥屎也，宜小承氣湯。",0.846,"[""宋本獨有用字：譫"", ""傷寒雜病論_桂本獨有用字：\n.159讝""]",silver,variant_text,,pending,,text_match
VR_GUIBEN_0356,SHSRC0050,SHL_SONGBEN_0375,songben,guiben,傷寒雜病論_桂本,下利後，更煩，按之心下濡者，為虛煩也，宜梔子豉湯。,"11.96
下利後，更煩，按之心下濡者，為虛煩也，宜梔子豉湯。",1.0,[],silver,variant_text,,pending,,text_match
VR_GUIBEN_0357,SHSRC0050,SHL_SONGBEN_0376,songben,guiben,傷寒雜病論_桂本,嘔家有癰膿者，不可治嘔，膿盡自愈。,"11.99
嘔家有癰膿者，不可治嘔，膿盡自愈。",1.0,[],silver,variant_text,,pending,,text_match
VR_GUIBEN_0358,SHSRC0050,SHL_SONGBEN_0377,songben,guiben,傷寒雜病論_桂本,嘔而脈弱，小便復利，身有微熱，見厥者難治，四逆湯主之。,"11.103
嘔而脈弱，小便復利，身有微熱，見厥者，難治，四逆湯主之。（方見前）",0.933,"[""傷寒雜病論_桂本獨有用字：\n.013前方（）""]",silver,variant_text,,pending,,text_match
VR_GUIBEN_0359,SHSRC0050,SHL_SONGBEN_0378,songben,guiben,傷寒雜病論_桂本,乾嘔，吐涎沫，頭痛者，吳茱萸湯主之。,"11.101
乾嘔，吐涎沫，頭痛者，吳茱萸湯主之。（方見上）",0.897,"[""傷寒雜病論_桂本獨有用字：\n.01上方見（）""]",silver,variant_text,,pending,,text_match
VR_GUIBEN_0360,SHSRC0050,SHL_SONGBEN_0379,songben,guiben,傷寒雜病論_桂本,嘔而發熱者，小柴胡湯主之。,"11.102
嘔而發熱者，小柴胡湯主之。",1.0,[],silver,variant_text,,pending,,text_match
VR_GUIBEN_0361,SHSRC0050,SHL_SONGBEN_0380,songben,guiben,傷寒雜病論_桂本,傷寒，大吐、大下之，極虛，復極汗者，其人外氣怫鬱，復與之水，以發其汗，因得噦。所以然者，胃中寒冷故也。,"11.105
傷寒，大吐大下之，極虛、復極汗者，以其人外氣怫鬱，復與之水以發其汗，因得噦。所以然者，胃中寒冷故也。",0.962,"[""傷寒雜病論_桂本獨有用字：\n.015""]",silver,variant_text,,pending,,text_match
VR_GUIBEN_0362,SHSRC0050,SHL_SONGBEN_0381,songben,guiben,傷寒雜病論_桂本,傷寒，噦而腹滿，視其前後，知何部不利，利之即愈。,"11.106
傷寒，噦而腹滿，視其前後，知何部下利，利之則愈。",0.778,"[""宋本獨有用字：不即"", ""傷寒雜病論_桂本獨有用字：\n.016下則""]",bronze,variant_text,,pending,,text_match
VR_GUIBEN_0363,SHSRC0050,SHL_SONGBEN_0382,songben,guiben,傷寒雜病論_桂本,問曰：病有霍亂者何？答曰：嘔吐而利，此名霍亂。,"12.1
問曰：病有霍亂者何？答曰：嘔吐而利，此名霍亂。",1.0,[],silver,variant_text,,pending,,text_match
VR_GUIBEN_0364,SHSRC0050,SHL_SONGBEN_0383,songben,guiben,傷寒雜病論_桂本,問曰：病發熱、頭痛、身疼、惡寒、吐利者，此屬何病？答曰：此名霍亂。霍亂自吐下，又利止，復更發熱也。,"12.3
問曰：病有發熱、頭痛、身疼、惡寒、吐利者，此屬何病？答曰：此非霍亂。霍亂自吐下。今惡寒、身疼，復更發熱，故知非霍亂也。",0.722,"[""宋本獨有用字：又名止"", ""傷寒雜病論_桂本獨有用字：\n.123今故有知非""]",bronze,variant_text,,pending,,text_match
VR_GUIBEN_0365,SHSRC0050,SHL_SONGBEN_0384,songben,guiben,傷寒雜病論_桂本,傷寒，其脈微濇者，本是霍亂，今是傷寒，卻四五日，至陰經上，轉入陰必利；本嘔，下利者，不可治也。欲似大便，而反失氣，仍不利者，此屬陽明也，便必鞕，十三日愈。所以然者，經盡故也。下利後，當便鞕，鞕則能食者愈。今反不能食，到後經中，頗能食，復過一經能食，過之一日當愈；不愈者，不屬陽明也。,"12.16
傷寒，其脈微濇者，本是霍亂，今是傷寒，卻四五日，至陰經上，若轉入陰者，必利；若欲似大便，而反失氣，仍不利者，此屬陽明也，便必鞕，十三日愈。所以然者，經盡故也。",0.675,"[""宋本獨有用字：一下中之到則可嘔後復治當能過頗食"", ""傷寒雜病論_桂本獨有用字：\n.126若""]",bronze,variant_text,,pending,,text_match
VR_GUIBEN_0366,SHSRC0050,SHL_SONGBEN_0385,songben,guiben,傷寒雜病論_桂本,惡寒脈微而復利，利止，亡血也，四逆加人參湯主之。,"12.18
傷寒，脈微而復利，利自止者，亡血也，四逆加人參湯主之。",0.8,"[""宋本獨有用字：惡"", ""傷寒雜病論_桂本獨有用字：\n.128傷者自""]",silver,variant_text,,pending,,text_match
VR_GUIBEN_0367,SHSRC0050,SHL_SONGBEN_0386,songben,guiben,傷寒雜病論_桂本,霍亂，頭痛，發熱，身疼痛，熱多欲飲水者，五苓散主之。寒多不用水者，理中丸主之。,"12.15
霍亂已，頭痛，發熱，身疼痛，熱多，欲飲水者，五苓散主之；寒多，不飲水者，理中丸主之。",0.893,"[""宋本獨有用字：用"", ""傷寒雜病論_桂本獨有用字：\n.125已；""]",silver,variant_text,,pending,,text_match
VR_GUIBEN_0368,SHSRC0050,SHL_SONGBEN_0387,songben,guiben,傷寒雜病論_桂本,吐利止而身痛不休者，當消息和解其外，宜桂枝湯小和之。,"12.19
吐、利止，而身痛不休者，當消息和解其外，宜桂枝湯。",0.927,"[""宋本獨有用字：之小"", ""傷寒雜病論_桂本獨有用字：\n.129、""]",silver,variant_text,,pending,,text_match
VR_GUIBEN_0369,SHSRC0050,SHL_SONGBEN_0388,songben,guiben,傷寒雜病論_桂本,吐利，汗出，發熱，惡寒，四肢拘急，手足厥冷者，四逆湯主之。,"12.20
吐、利，汗出，發熱，惡寒，四肢拘急，手足厥冷者，四逆湯主之。（方見前）",0.933,"[""傷寒雜病論_桂本獨有用字：\n.012、前方見（）""]",silver,variant_text,,pending,,text_match
VR_GUIBEN_0370,SHSRC0050,SHL_SONGBEN_0389,songben,guiben,傷寒雜病論_桂本,既吐且利，小便復利而大汗出，下利清穀，內寒外熱，脈微欲絕者，四逆湯主之。,"12.21
既吐且利，小便復利而大汗出，下利清穀，內寒外熱，脈微欲絕者，四逆湯主之。（方見前）",0.951,"[""傷寒雜病論_桂本獨有用字：\n.12前方見（）""]",silver,variant_text,,pending,,text_match
VR_GUIBEN_0371,SHSRC0050,SHL_SONGBEN_0390,songben,guiben,傷寒雜病論_桂本,吐已下斷，汗出而厥，四肢拘急不解，脈微欲絕者，通脈四逆加豬膽汁湯主之。,"12.22
吐已下斷，汗出而厥，四肢拘急不解，脈微欲絕者，通脈四逆加豬膽汁湯主之。",1.0,[],silver,variant_text,,pending,,text_match
VR_GUIBEN_0372,SHSRC0050,SHL_SONGBEN_0391,songben,guiben,傷寒雜病論_桂本,吐利，發汗，脈平，小煩者，以新虛不勝穀氣故也。,"12.23
吐、利後，汗出，脈平，小煩者，以新虛不勝穀氣故也。",0.8,"[""宋本獨有用字：發"", ""傷寒雜病論_桂本獨有用字：\n.123、出後""]",silver,variant_text,,pending,,text_match
VR_GUIBEN_0373,SHSRC0050,SHL_SONGBEN_0392,songben,guiben,傷寒雜病論_桂本,傷寒陰陽易之為病，其人身體重，少氣，少腹裏急，或引陰中拘攣，熱上衝胸，頭重不欲舉，眼中生花，膝脛拘急者，燒褌散主之。,"12.38
傷寒，陰陽易之為病，其人身體重，少氣，少腹裏急，或引陰中拘攣，熱上衝胸，頭重不欲舉，眼中生花，膝脛拘急者，燒裩散主之。
燒裩散方
右剪取婦人中裩近隱處，燒灰，以水和服方寸匙，日三服，小便即利，陰頭微腫則愈。婦人病取男子裩襠燒，和服如法。",0.647,"[""宋本獨有用字：褌"", ""傷寒雜病論_桂本獨有用字：\n.1238三以便利則剪匙即取右和如婦子寸小微愈方日服水法灰""]",bronze,variant_text,,pending,,text_match
VR_GUIBEN_0374,SHSRC0050,SHL_SONGBEN_0393,songben,guiben,傷寒雜病論_桂本,大病差後，勞復者，枳實梔子豉湯主之。,"12.39
大病差後，勞復者，枳實梔子豉湯主之；若有宿食者，加大黃如博棋子大五六枚。",0.636,"[""傷寒雜病論_桂本獨有用字：\n.1239五六加博如宿有枚棋若食黃；""]",bronze,variant_text,,pending,,text_match
VR_GUIBEN_0375,SHSRC0050,SHL_SONGBEN_0394,songben,guiben,傷寒雜病論_桂本,傷寒差以後，更發熱，小柴胡湯主之。脈浮者，以汗解之；脈沉實者，以下解之。,"12.40
傷寒差已後，更發熱者，小柴胡湯主之；脈浮者，以汗解之；脈沉實者，以下解之。",0.863,"[""傷寒雜病論_桂本獨有用字：\n.0124已""]",silver,variant_text,,pending,,text_match
VR_GUIBEN_0376,SHSRC0050,SHL_SONGBEN_0395,songben,guiben,傷寒雜病論_桂本,大病差後，從腰以下有水氣者，牡蠣澤瀉散主之。,"12.41
大病差後，從腰以下有水氣者，牡蠣澤瀉散主之。",1.0,[],silver,variant_text,,pending,,text_match
VR_GUIBEN_0377,SHSRC0050,SHL_SONGBEN_0396,songben,guiben,傷寒雜病論_桂本,大病差後，喜唾，久不了了，胸上有寒，當以丸藥溫之，宜理中丸。,"12.42
大病差後，喜唾，久不了了，胸上有寒也，當以丸藥溫之，宜理中丸。（方見霍亂）",0.863,"[""傷寒雜病論_桂本獨有用字：\n.124也亂方見霍（）""]",silver,variant_text,,pending,,text_match
VR_GUIBEN_0378,SHSRC0050,SHL_SONGBEN_0397,songben,guiben,傷寒雜病論_桂本,傷寒解後，虛羸少氣，氣逆欲吐，竹葉石膏湯主之。,"12.43
傷寒解後，虛羸少氣，氣逆欲吐者，竹葉石膏湯主之。",0.919,"[""傷寒雜病論_桂本獨有用字：\n.1234者""]",silver,variant_text,,pending,,text_match
VR_GUIBEN_0379,SHSRC0050,SHL_SONGBEN_0398,songben,guiben,傷寒雜病論_桂本,病人脈已解，而日暮微煩，以病新差，人強與穀，脾胃氣尚弱，不能消穀，故令微煩，損穀則愈。,"12.44
大病已解，而日暮微煩者，以病新差，人強與穀，脾胃之氣尚弱，不能消穀，故令微煩，損穀則愈。",0.836,"[""宋本獨有用字：脈"", ""傷寒雜病論_桂本獨有用字：\n.124之大者""]",silver,variant_text,,pending,,text_match
VR_QIANJINYI_0380,SHSRC0034,SHL_SONGBEN_0001,songben,qianjinyi,傷寒論_千金翼方版,太陽之為病，脈浮，頭項強痛而惡寒。,太陽之為病，頭項強痛而惡寒。,0.833,"[""宋本獨有用字：浮脈""]",silver,variant_text,,pending,,text_match
VR_QIANJINYI_0381,SHSRC0034,SHL_SONGBEN_0002,songben,qianjinyi,傷寒論_千金翼方版,太陽病，發熱，汗出，惡風，脈緩者，名為中風。,太陽病，發熱，汗出而惡風，其脈緩，為中風。,0.667,"[""宋本獨有用字：名者"", ""傷寒論_千金翼方版獨有用字：其而""]",bronze,variant_text,,pending,,text_match
VR_QIANJINYI_0382,SHSRC0034,SHL_SONGBEN_0003,songben,qianjinyi,傷寒論_千金翼方版,太陽病，或已發熱，或未發熱，必惡寒，體痛，嘔逆，脈陰陽俱緊者，名為傷寒。,太陽病，或已發熱，或未發熱，必惡寒，體痛，嘔逆，脈陰陽俱緊，為傷寒。,0.92,"[""宋本獨有用字：名者""]",silver,variant_text,,pending,,text_match
VR_QIANJINYI_0383,SHSRC0034,SHL_SONGBEN_0004,songben,qianjinyi,傷寒論_千金翼方版,傷寒一日，太陽受之，脈若靜者，為不傳。頗欲吐，若躁煩，脈數急者，為傳也。,傷寒一日，太陽受之，脈若靜者為不傳；頗欲嘔，若躁煩，脈數急者，乃為傳。,0.868,"[""宋本獨有用字：也吐"", ""傷寒論_千金翼方版獨有用字：乃嘔；""]",silver,variant_text,,pending,,text_match
VR_QIANJINYI_0384,SHSRC0034,SHL_SONGBEN_0007,songben,qianjinyi,傷寒論_千金翼方版,病有發熱惡寒者，發於陽也；無熱惡寒者，發於陰也。發於陽，七日愈；發於陰，六日愈。以陽數七，陰數六故也。,夫病有發熱而惡寒者，發於陽也；不熱而惡寒者，發於陰也。發於陽者七日愈，發於陰者六日愈。以陽數七、陰數六故也。,0.781,"[""宋本獨有用字：無"", ""傷寒論_千金翼方版獨有用字：、不夫而""]",bronze,variant_text,,pending,,text_match
VR_QIANJINYI_0385,SHSRC0034,SHL_SONGBEN_0008,songben,qianjinyi,傷寒論_千金翼方版,太陽病，頭痛至七日以上自愈者，以行其經盡故也。若欲作再經者，針足陽明，使經不傳則愈。,太陽病頭痛，至七日以上自愈者，其經竟故也。若欲作再經者，針足陽明，使經不傳則愈。,0.882,"[""宋本獨有用字：盡行"", ""傷寒論_千金翼方版獨有用字：竟""]",silver,variant_text,,pending,,text_match
VR_QIANJINYI_0386,SHSRC0034,SHL_SONGBEN_0009,songben,qianjinyi,傷寒論_千金翼方版,太陽病，欲解時，從巳至未上。,太陽病，欲解時，從巳盡未。,0.737,"[""宋本獨有用字：上至"", ""傷寒論_千金翼方版獨有用字：盡""]",bronze,variant_text,,pending,,text_match
VR_QIANJINYI_0387,SHSRC0034,SHL_SONGBEN_0010,songben,qianjinyi,傷寒論_千金翼方版,風家，表解而不了了者，十二日愈。,風家表解而不了了者，十二日愈。,1.0,[],silver,variant_text,,pending,,text_match
VR_QIANJINYI_0388,SHSRC0034,SHL_SONGBEN_0012,songben,qianjinyi,傷寒論_千金翼方版,太陽中風，陽浮而陰弱，陽浮者，熱自發，陰弱者，汗自出。嗇嗇惡寒，淅淅惡風，翕翕發熱，鼻鳴乾嘔者，桂枝湯主之。,太陽中風，陽浮而陰濡，弱浮者熱自發，濡弱者汗自出，澀澀惡寒，淅淅惡風，翕翕發熱，鼻鳴乾嘔者，桂枝湯主之。,0.84,"[""宋本獨有用字：嗇"", ""傷寒論_千金翼方版獨有用字：澀濡""]",silver,variant_text,,pending,,text_match
VR_QIANJINYI_0389,SHSRC0034,SHL_SONGBEN_0013,songben,qianjinyi,傷寒論_千金翼方版,太陽病，頭痛，發熱，汗出，惡風，桂枝湯主之。,太陽病，頭痛發熱，汗出惡風，桂枝湯主之。,1.0,[],silver,variant_text,,pending,,text_match
VR_QIANJINYI_0390,SHSRC0034,SHL_SONGBEN_0014,songben,qianjinyi,傷寒論_千金翼方版,太陽病，項背強几几，反汗出惡風者，桂枝加葛根湯主之。,太陽病，項背強几几，而反汗出，惡風，桂枝湯主之。（本論云：桂枝加葛根湯）,0.766,"[""宋本獨有用字：者"", ""傷寒論_千金翼方版獨有用字：云本而論（）：""]",bronze,variant_text,,pending,,text_match
VR_QIANJINYI_0391,SHSRC0034,SHL_SONGBEN_0017,songben,qianjinyi,傷寒論_千金翼方版,若酒客病，不可與桂枝湯，得之則嘔，以酒客不喜甘故也。,酒客不可與桂枝湯，得之則嘔，酒客不喜甘故也。,0.833,"[""宋本獨有用字：以病若""]",silver,variant_text,,pending,,text_match
VR_QIANJINYI_0392,SHSRC0034,SHL_SONGBEN_0018,songben,qianjinyi,傷寒論_千金翼方版,喘家作，桂枝湯加厚朴、杏子佳。,喘家，作桂枝湯，加厚朴杏仁佳。,0.818,"[""宋本獨有用字：、子"", ""傷寒論_千金翼方版獨有用字：仁""]",silver,variant_text,,pending,,text_match
VR_QIANJINYI_0393,SHSRC0034,SHL_SONGBEN_0019,songben,qianjinyi,傷寒論_千金翼方版,凡服桂枝湯吐者，其後必吐膿血也。,服桂枝湯吐者，其後必吐膿血。,0.917,"[""宋本獨有用字：也凡""]",silver,variant_text,,pending,,text_match
VR_QIANJINYI_0394,SHSRC0034,SHL_SONGBEN_0020,songben,qianjinyi,傷寒論_千金翼方版,太陽病，發汗，遂漏不止，其人惡風，小便難，四肢微急，難以屈伸者，桂枝加附子湯主之。,太陽病，發其汗，遂漏而不止，其人惡風，小便難，四肢微急，難以屈伸，桂枝加附子湯主之。,0.862,"[""宋本獨有用字：者"", ""傷寒論_千金翼方版獨有用字：而""]",silver,variant_text,,pending,,text_match
VR_QIANJINYI_0395,SHSRC0034,SHL_SONGBEN_0021,songben,qianjinyi,傷寒論_千金翼方版,太陽病，下之後，脈促胸滿者，桂枝去芍藥湯主之。,太陽病下之，其脈促胸滿者，桂枝去芍藥湯主之。若微寒者，桂枝去芍藥加附子湯主之。桂枝去芍藥中加附子一枚即是。,0.627,"[""宋本獨有用字：後"", ""傷寒論_千金翼方版獨有用字：一中其加即子寒微是枚若附""]",bronze,variant_text,,pending,,text_match
VR_QIANJINYI_0396,SHSRC0034,SHL_SONGBEN_0023,songben,qianjinyi,傷寒論_千金翼方版,太陽病，得之八九日，如瘧狀，發熱惡寒，熱多寒少，其人不嘔，清便欲自可，一日二三度發。脈微緩者，為欲愈也；脈微而惡寒者，此陰陽俱虛，不可更發汗、更下、更吐也；面色反有熱色者，未欲解也，以其不能得小汗出，身必癢，宜桂枝麻黃各半湯。,太陽病，得之八九日，如瘧，發熱而惡寒，熱多而寒少，其人不嘔，清便欲自可，一日再三發。其脈微緩者，為欲愈；脈微而惡寒者，此為陰陽俱虛，不可復吐下發汗也，面色反有熱者，為未欲解，以其不能得汗出，身必當癢，桂枝麻黃各半湯主之。,0.689,"[""宋本獨有用字：、二宜小度更狀"", ""傷寒論_千金翼方版獨有用字：主再復當""]",bronze,variant_text,,pending,,text_match
VR_QIANJINYI_0397,SHSRC0034,SHL_SONGBEN_0024,songben,qianjinyi,傷寒論_千金翼方版,太陽病，初服桂枝湯，反煩不解者，先刺風池、風府，卻與桂枝湯則愈。,太陽病，初服桂枝湯，而反煩不解者，當先刺風池風府，乃卻與桂枝湯則愈。,0.816,"[""宋本獨有用字：、"", ""傷寒論_千金翼方版獨有用字：乃當而""]",silver,variant_text,,pending,,text_match
VR_QIANJINYI_0398,SHSRC0034,SHL_SONGBEN_0028,songben,qianjinyi,傷寒論_千金翼方版,服桂枝湯，或下之，仍頭項強痛，翕翕發熱，無汗，心下滿微痛，小便不利者，桂枝去桂加茯苓白朮湯主之。,服桂枝湯下之，頸項強痛，翕翕發熱，無汗，心下滿，微痛，小便不利，桂枝去桂加茯苓白朮湯主之方：茯苓　白朮（各三兩）,0.795,"[""宋本獨有用字：。仍或者頭"", ""傷寒論_千金翼方版獨有用字：　三兩各方頸（）：""]",bronze,variant_text,,pending,,text_match
VR_QIANJINYI_0399,SHSRC0034,SHL_SONGBEN_0029,songben,qianjinyi,傷寒論_千金翼方版,傷寒，脈浮，自汗出，小便數，心煩，微惡寒，腳攣急，反與桂枝欲攻其表，此誤也。得之便厥，咽中乾，煩躁吐逆者，作甘草乾薑湯與之，以復其陽。若厥愈足溫者，更作芍藥甘草湯與之，其腳即伸。若胃氣不和，譫語者，少與調胃承氣湯。若重發汗，復加燒針者，四逆湯主之。,傷寒，脈浮，自汗出，小便數，頗復微惡寒，而腳攣急。反與桂枝欲攻其表，得之便厥，咽乾，煩躁吐逆，當作甘草乾薑湯，以復其陽；厥愈足溫，更作芍藥甘草湯與之，其腳即伸；而胃氣不和，可與承氣湯。重發汗，復加燒針者，四逆湯主之。,0.743,"[""宋本獨有用字：中也少心此若語誤調譫"", ""傷寒論_千金翼方版獨有用字：可當而頗；""]",bronze,variant_text,,pending,,text_match
VR_QIANJINYI_0400,SHSRC0034,SHL_SONGBEN_0035,songben,qianjinyi,傷寒論_千金翼方版,太陽病，頭痛，發熱，身疼，腰痛，骨節疼痛，惡風，無汗而喘者，麻黃湯主之。,太陽病，頭痛發熱，身體疼，腰痛，骨節疼，惡風，無汗而喘，麻黃湯主之。,0.824,"[""宋本獨有用字：者"", ""傷寒論_千金翼方版獨有用字：體""]",silver,variant_text,,pending,,text_match
VR_QIANJINYI_0401,SHSRC0034,SHL_SONGBEN_0036,songben,qianjinyi,傷寒論_千金翼方版,太陽與陽明合病，喘而胸滿者，不可下，宜麻黃湯。,太陽與陽明合病，喘而胸滿，不可下也，宜麻黃湯。,0.833,"[""宋本獨有用字：者"", ""傷寒論_千金翼方版獨有用字：也""]",silver,variant_text,,pending,,text_match
VR_QIANJINYI_0402,SHSRC0034,SHL_SONGBEN_0039,songben,qianjinyi,傷寒論_千金翼方版,傷寒脈浮緩，身不疼，但重，乍有輕時，無少陰證者，大青龍湯發之。,傷寒，脈浮緩，其身不疼，但重，乍有輕時，無少陰證者，可與大青龍湯發之（用上方）,0.815,"[""宋本獨有用字：。"", ""傷寒論_千金翼方版獨有用字：上其可方用與（）""]",silver,variant_text,,pending,,text_match
VR_QIANJINYI_0403,SHSRC0034,SHL_SONGBEN_0040,songben,qianjinyi,傷寒論_千金翼方版,傷寒表不解，心下有水氣，乾嘔，發熱而欬，或渴，或利，或噎，或小便不利，少腹滿，或喘者，小青龍湯主之。,傷寒表不解，心下有水氣，咳而發熱，或渴，或利，或噎，或小便不利，少腹滿，或喘者，小青龍湯主之，方：麻黃（去節，三兩）　芍藥　細辛　乾薑　甘草（炙）　桂枝（各三兩）　五味子　半夏（各半升，洗）,0.621,"[""宋本獨有用字：。嘔欬"", ""傷寒論_千金翼方版獨有用字：　三五兩升半去各味咳夏子方枝桂洗炙甘節細芍草薑藥辛麻黃（）：""]",bronze,variant_text,,pending,,text_match
VR_QIANJINYI_0404,SHSRC0034,SHL_SONGBEN_0041,songben,qianjinyi,傷寒論_千金翼方版,傷寒心下有水氣，欬而微喘，發熱不渴。服湯已，渴者，此寒去欲解也。小青龍湯主之。,傷寒，心下有水氣，咳而微喘，發熱不渴，服湯已而渴者，此為寒去為欲解，小青龍湯主之（用上方）。,0.716,"[""宋本獨有用字：也欬"", ""傷寒論_千金翼方版獨有用字：上咳方為用（）""]",bronze,variant_text,,pending,,text_match
VR_QIANJINYI_0405,SHSRC0034,SHL_SONGBEN_0042,songben,qianjinyi,傷寒論_千金翼方版,太陽病，外證未解，脈浮弱者，當以汗解，宜桂枝湯。,太陽病，外證未解，其脈浮弱，當以汗解，宜桂枝湯。,0.833,"[""宋本獨有用字：者"", ""傷寒論_千金翼方版獨有用字：其""]",silver,variant_text,,pending,,text_match
VR_QIANJINYI_0406,SHSRC0034,SHL_SONGBEN_0044,songben,qianjinyi,傷寒論_千金翼方版,太陽病，外證未解，不可下也，下之為逆。欲解外者，宜桂枝湯。,太陽病，有外證未解，不可下之，下之為逆，解外宜桂枝湯。,0.714,"[""宋本獨有用字：也欲者"", ""傷寒論_千金翼方版獨有用字：有""]",bronze,variant_text,,pending,,text_match
VR_QIANJINYI_0407,SHSRC0034,SHL_SONGBEN_0045,songben,qianjinyi,傷寒論_千金翼方版,太陽病，先發汗不解，而復下之，脈浮者不愈。浮為在外，而反下之，故令不愈。今脈浮，故在外，當須解外則愈，宜桂枝湯。,太陽病，先發汗，不解，而下之，其脈浮，不愈。浮為在外，而反下之。故令不愈，今脈浮，故在外，當解其外則愈，宜桂枝湯。,0.81,"[""宋本獨有用字：復者須"", ""傷寒論_千金翼方版獨有用字：其""]",silver,variant_text,,pending,,text_match
VR_QIANJINYI_0408,SHSRC0034,SHL_SONGBEN_0046,songben,qianjinyi,傷寒論_千金翼方版,太陽病，脈浮緊，無汗，發熱，身疼痛，八九日不解，表證仍在，此當發其汗。服藥已微除，其人發煩目瞑，劇者必衄，衄乃解。所以然者，陽氣重故也，麻黃湯主之。,太陽病，脈浮緊，無汗而發熱，其身疼痛，八九日不解，其表證仍在，此當發其汗。服藥微除，其人發煩，目瞑，增劇者必衄，衄乃解，所以然者，陽氣重故也。宜麻黃湯。,0.831,"[""宋本獨有用字：主之已"", ""傷寒論_千金翼方版獨有用字：增宜而""]",silver,variant_text,,pending,,text_match
VR_QIANJINYI_0409,SHSRC0034,SHL_SONGBEN_0049,songben,qianjinyi,傷寒論_千金翼方版,脈浮數者，法當汗出而愈。若下之，身重心悸者，不可發汗，當自汗出乃解。所以然者，尺中脈微，此裏虛。須表裏實，津液自和，便自汗出愈。,脈浮數，法當汗出而愈，而下之，則身體重，心悸者，不可發其汗，當自汗出而解，所以然者，尺中脈微，此裡虛，須表裡實，津液自和，自汗出愈。,0.688,"[""宋本獨有用字：乃便若裏"", ""傷寒論_千金翼方版獨有用字：其則裡體""]",bronze,variant_text,,pending,,text_match
VR_QIANJINYI_0410,SHSRC0034,SHL_SONGBEN_0052,songben,qianjinyi,傷寒論_千金翼方版,脈浮而數者，可發汗，宜麻黃湯。,脈浮熱數者，可發其汗，宜麻黃湯。,0.696,"[""宋本獨有用字：而"", ""傷寒論_千金翼方版獨有用字：其熱""]",bronze,variant_text,,pending,,text_match
VR_QIANJINYI_0411,SHSRC0034,SHL_SONGBEN_0053,songben,qianjinyi,傷寒論_千金翼方版,病常自汗出者，此為榮氣和，榮氣和者，外不諧，以衛氣不共榮氣諧和故爾。以榮行脈中，衛行脈外，復發其汗，榮衛和則愈，宜桂枝湯。,病常自汗出，此為榮氣和，衛氣不和故也，榮行脈中，衛行脈外，復發其汗，衛和則愈，宜桂枝湯。,0.7,"[""宋本獨有用字：以共爾者諧"", ""傷寒論_千金翼方版獨有用字：也""]",bronze,variant_text,,pending,,text_match
VR_QIANJINYI_0412,SHSRC0034,SHL_SONGBEN_0054,songben,qianjinyi,傷寒論_千金翼方版,病人藏無他病，時發熱、自汗出而不愈者，此衛氣不和也。先其時發汗則愈，宜桂枝湯。,病患臟無他病，時發熱，自汗出而不愈，此衛氣不和也，先其時發汗愈，宜桂枝湯。,0.8,"[""宋本獨有用字：、人則者藏"", ""傷寒論_千金翼方版獨有用字：患臟""]",silver,variant_text,,pending,,text_match
VR_QIANJINYI_0413,SHSRC0034,SHL_SONGBEN_0055,songben,qianjinyi,傷寒論_千金翼方版,傷寒脈浮緊，不發汗，因致衄者，麻黃湯主之。,傷寒，脈浮緊，不發其汗，因致衄，宜麻黃湯。,0.71,"[""宋本獨有用字：主之者"", ""傷寒論_千金翼方版獨有用字：其宜""]",bronze,variant_text,,pending,,text_match
VR_QIANJINYI_0414,SHSRC0034,SHL_SONGBEN_0056,songben,qianjinyi,傷寒論_千金翼方版,傷寒不大便六七日，頭痛有熱者，與承氣湯；其小便清者，知不在裏，仍在表也，當須發汗，若頭痛者，必衄，宜桂枝湯。,傷寒，不大便六七日，頭痛有熱，與承氣湯；其大便反青，此為不在裡故在表也，當發其汗，頭痛者必衄，宜桂枝湯。,0.634,"[""宋本獨有用字：仍小清知若裏須"", ""傷寒論_千金翼方版獨有用字：反故此為裡青""]",bronze,variant_text,,pending,,text_match
VR_QIANJINYI_0415,SHSRC0034,SHL_SONGBEN_0057,songben,qianjinyi,傷寒論_千金翼方版,傷寒發汗已解，半日許復煩，脈浮數者，可更發汗，宜桂枝湯。,傷寒，發汗已解，半日許復煩，其脈浮數，可復發其汗，宜桂枝湯。,0.727,"[""宋本獨有用字：更者"", ""傷寒論_千金翼方版獨有用字：其""]",bronze,variant_text,,pending,,text_match
VR_QIANJINYI_0416,SHSRC0034,SHL_SONGBEN_0058,songben,qianjinyi,傷寒論_千金翼方版,凡病，若發汗，若吐，若下，若亡血，亡津液，陰陽自和者，必自愈。,凡病，若發汗、若吐、若下、若亡血，無津液，而陰陽自和者，必自愈。,0.844,"[""傷寒論_千金翼方版獨有用字：、無而""]",silver,variant_text,,pending,,text_match
VR_QIANJINYI_0417,SHSRC0034,SHL_SONGBEN_0064,songben,qianjinyi,傷寒論_千金翼方版,發汗過多，其人叉手自冒心，心下悸，欲得按者，桂枝甘草湯主之。,發汗過多以後，其人叉手自冒心，心下悸，而欲得按之，桂枝甘草湯主之。方：桂枝（四兩）　甘草（二兩，炙）,0.678,"[""宋本獨有用字：者"", ""傷寒論_千金翼方版獨有用字：　二以兩四後方炙而（）：""]",bronze,variant_text,,pending,,text_match
VR_QIANJINYI_0418,SHSRC0034,SHL_SONGBEN_0065,songben,qianjinyi,傷寒論_千金翼方版,發汗後，其人臍下悸者，欲作奔豚，茯苓桂枝甘草大棗湯主之。,發汗後，其人臍下悸，欲作奔豚，茯苓桂枝甘草大棗湯主之。方：茯苓（半斤）　桂枝（四兩）　甘草（一兩，炙）　大棗（十五枚，擘）,0.689,"[""宋本獨有用字：者"", ""傷寒論_千金翼方版獨有用字：　一五兩十半四擘斤方枚炙（）：""]",bronze,variant_text,,pending,,text_match
VR_QIANJINYI_0419,SHSRC0034,SHL_SONGBEN_0070,songben,qianjinyi,傷寒論_千金翼方版,發汗後惡寒者，虛故也。不惡寒但熱者，實也。當和胃氣，與調胃承氣湯。,發汗後，惡寒者，虛故也；不惡寒，但熱者，實也，當和其胃氣，宜小承氣湯。,0.8,"[""宋本獨有用字：與調"", ""傷寒論_千金翼方版獨有用字：其宜小；""]",silver,variant_text,,pending,,text_match
VR_QIANJINYI_0420,SHSRC0034,SHL_SONGBEN_0074,songben,qianjinyi,傷寒論_千金翼方版,中風發熱，六七日不解而煩，有表裏證，渴欲飲水，水入則吐者，名曰水逆，五苓散主之。,中風發熱，六七日不解而煩，有表裡證，渴欲飲水，水入而吐，此為水逆，五苓散主之（方見結胸悶中。）,0.696,"[""宋本獨有用字：則名曰者裏"", ""傷寒論_千金翼方版獨有用字：悶方此為結胸裡見（）""]",bronze,variant_text,,pending,,text_match
VR_QIANJINYI_0421,SHSRC0034,SHL_SONGBEN_0080,songben,qianjinyi,傷寒論_千金翼方版,傷寒，醫以丸藥大下之，身熱不去，微煩者，梔子乾薑湯主之。,傷寒，醫以丸藥大下後，身熱不去，微煩，梔子乾薑湯主之。方：梔子（十四枚，擘）　乾薑（二兩）,0.692,"[""宋本獨有用字：者"", ""傷寒論_千金翼方版獨有用字：　二兩十四後擘方枚（）：""]",bronze,variant_text,,pending,,text_match
VR_QIANJINYI_0422,SHSRC0034,SHL_SONGBEN_0082,songben,qianjinyi,傷寒論_千金翼方版,太陽病發汗，汗出不解，其人仍發熱，心下悸，頭眩，身瞤動，振振欲擗地者，真武湯主之。,太陽病，發其汗而不解，其人發熱，心下悸，頭眩，身　而動，振振欲擗地者，玄武湯主之。（方見少陰門。）,0.647,"[""宋本獨有用字：仍出真瞤"", ""傷寒論_千金翼方版獨有用字：　少方玄而見門陰（）""]",bronze,variant_text,,pending,,text_match
VR_QIANJINYI_0423,SHSRC0034,SHL_SONGBEN_0088,songben,qianjinyi,傷寒論_千金翼方版,汗家，重發汗，必恍惚心亂，小便已陰疼，與禹餘糧丸。,汗家，重發其汗，必恍惚心亂，小便已陰疼。,0.765,"[""宋本獨有用字：丸禹糧與餘"", ""傷寒論_千金翼方版獨有用字：其""]",bronze,variant_text,,pending,,text_match
VR_QIANJINYI_0424,SHSRC0034,SHL_SONGBEN_0092,songben,qianjinyi,傷寒論_千金翼方版,病發熱，頭痛，脈反沉，若不差，身體疼痛，當救其裏，宜四逆湯。,師曰：病發熱頭痛，脈反沉，若不瘥，身體更疼痛，當救其裡，宜溫藥四逆湯。,0.653,"[""宋本獨有用字：差裏"", ""傷寒論_千金翼方版獨有用字：師曰更溫瘥藥裡：""]",bronze,variant_text,,pending,,text_match
VR_QIANJINYI_0425,SHSRC0034,SHL_SONGBEN_0093,songben,qianjinyi,傷寒論_千金翼方版,太陽病，先下而不愈，因復發汗，以此表裏俱虛，其人因致冒。冒家汗出自愈。所以然者，汗出表和故也。裏未和，然後復下之。,太陽病，先下而不愈，因復發其汗，表裡俱虛，其人因冒，冒家當汗出自愈，所以然者，汗出表和故也，表和故下之。,0.69,"[""宋本獨有用字：後未此致裏"", ""傷寒論_千金翼方版獨有用字：當裡""]",bronze,variant_text,,pending,,text_match
VR_QIANJINYI_0426,SHSRC0034,SHL_SONGBEN_0095,songben,qianjinyi,傷寒論_千金翼方版,太陽病，發熱汗出者，此為榮弱衛強，故使汗出。欲救邪風者，宜桂枝湯。,太陽病，發熱汗出，此為榮弱衛強，故使汗出，以救邪風，桂枝湯主之。,0.735,"[""宋本獨有用字：宜欲者"", ""傷寒論_千金翼方版獨有用字：主之以""]",bronze,variant_text,,pending,,text_match
VR_QIANJINYI_0427,SHSRC0034,SHL_SONGBEN_0096,songben,qianjinyi,傷寒論_千金翼方版,傷寒五六日，中風，往來寒熱，胸脇苦滿，嘿嘿不欲飲食，心煩喜嘔。或胸中煩而不嘔，或渴，或腹中痛，或脇下痞鞕，或心下悸、小便不利，或不渴、身有微熱，或欬者，小柴胡湯主之。,傷寒中風，有柴胡證，但見一證便是，不必悉具也。凡柴胡湯證而下之，柴胡證不罷，復與柴胡湯解者，必蒸蒸而振，卻發熱汗出而解。傷寒五六日，中風，往來寒熱，胸脅苦滿，嘿嘿不欲飲食，心煩喜嘔，或胸中煩而不嘔，或渴，或腹中痛，或脅下痞堅，或心下悸，小便不利，或不渴，外有微熱，或咳，小柴胡湯主之。,0.632,"[""宋本獨有用字：、欬脇身鞕"", ""傷寒論_千金翼方版獨有用字：一也但具凡出卻咳堅外復必悉振是汗發罷脅與蒸見解證""]",bronze,variant_text,,pending,,text_match
VR_QIANJINYI_0428,SHSRC0034,SHL_SONGBEN_0097,songben,qianjinyi,傷寒論_千金翼方版,血弱氣盡，腠理開，邪氣因入，與正氣相搏，結於脇下，正邪分爭，往來寒熱，休作有時，嘿嘿不欲飲食，藏府相連，其痛必下，邪高痛下，故使嘔也，小柴胡湯主之。服柴胡湯已，渴者屬陽明，以法治之。,血弱氣盡，腠理開，邪氣因入，與正氣相搏，在於脅下，正邪分爭，往來寒熱，休作有時，嘿嘿不欲食飲，臟腑相連，其痛必下，邪高痛下，故使其嘔，小柴胡湯主之。服柴胡而渴者，此為屬陽明，以法治之。,0.778,"[""宋本獨有用字：也已府結脇藏"", ""傷寒論_千金翼方版獨有用字：在此為而脅腑臟""]",bronze,variant_text,,pending,,text_match
VR_QIANJINYI_0429,SHSRC0034,SHL_SONGBEN_0098,songben,qianjinyi,傷寒論_千金翼方版,得病六七日，脈遲浮弱，惡風寒，手足溫，醫二三下之，不能食而脇下滿痛，面目及身黃，頸項強，小便難者，與柴胡湯，後必下重。本渴飲水而嘔者，柴胡不中與也，食穀者噦。,得病六七日，脈遲浮弱，惡風寒，手足溫，醫再三下之，不能食，其人脅下滿痛，面目及身黃，頸項強，小便難，與柴胡湯，後必下重；本渴飲水而嘔，柴胡復不中與也，食穀者噦。,0.841,"[""宋本獨有用字：二脇"", ""傷寒論_千金翼方版獨有用字：人其再復脅；""]",silver,variant_text,,pending,,text_match
VR_QIANJINYI_0430,SHSRC0034,SHL_SONGBEN_0105,songben,qianjinyi,傷寒論_千金翼方版,傷寒十三日，過經，譫語者，以有熱也，當以湯下之。若小便利者，大便當鞕，而反下利，脈調和者，知醫以丸藥下之，非其治也。若自下利者，脈當微厥，今反和者，此為內實也，調胃承氣湯主之。,傷寒十三日，過經而譫語，內有熱也，當以湯下之。小便利者，大便當堅，而反利，其脈調和者，知醫以丸藥下之，非其治也，自利者，其脈當微厥。今反和者，此為內實，宜承氣湯。,0.719,"[""宋本獨有用字：主胃若鞕"", ""傷寒論_千金翼方版獨有用字：堅宜""]",bronze,variant_text,,pending,,text_match
VR_QIANJINYI_0431,SHSRC0034,SHL_SONGBEN_0106,songben,qianjinyi,傷寒論_千金翼方版,太陽病不解，熱結膀胱，其人如狂，血自下，下者愈。其外不解者，尚未可攻，當先解其外。外解已，但少腹急結者，乃可攻之，宜桃核承氣湯。,太陽病，不解，熱結膀胱，其人如狂，血自下，下者即愈。其外不解，尚未可攻，當先解其外。外解，少腹急結者，乃可攻之，宜桃核承氣湯。方桃仁（五十枚，去皮尖）　大黃（四兩）　桂枝（二兩）　甘草（二兩，炙）　芒硝（一兩）,0.706,"[""宋本獨有用字：但已"", ""傷寒論_千金翼方版獨有用字：　一二五仁兩十即去四大尖方枚枝桂炙甘皮硝芒草黃（）""]",bronze,variant_text,,pending,,text_match
VR_QIANJINYI_0432,SHSRC0034,SHL_SONGBEN_0107,songben,qianjinyi,傷寒論_千金翼方版,傷寒八九日，下之，胸滿煩驚，小便不利，譫語，一身盡重，不可轉側者，柴胡加龍骨牡蠣湯主之。,傷寒八九日，下之，胸滿煩驚，小便不利，譫語，一身不可轉側，柴胡加龍骨牡蠣湯主之，方：柴胡（四兩）　黃芩　人參　生薑（切）　龍骨　牡蠣（熬）　桂枝　茯苓　鉛丹（各一兩半）,0.667,"[""宋本獨有用字：。盡者重"", ""傷寒論_千金翼方版獨有用字：　丹人兩切半參各四方枝桂熬生芩苓茯薑鉛黃（）：""]",bronze,variant_text,,pending,,text_match
VR_QIANJINYI_0433,SHSRC0034,SHL_SONGBEN_0108,songben,qianjinyi,傷寒論_千金翼方版,傷寒，腹滿，譫語，寸口脈浮而緊，此肝乘脾也，名曰縱。刺期門。,傷寒，腹滿而譫語，寸口脈浮而緊者，此為肝乘脾，名曰縱，宜刺期門。,0.681,"[""宋本獨有用字：也"", ""傷寒論_千金翼方版獨有用字：宜為者""]",bronze,variant_text,,pending,,text_match
VR_QIANJINYI_0434,SHSRC0034,SHL_SONGBEN_0109,songben,qianjinyi,傷寒論_千金翼方版,傷寒發熱，嗇嗇惡寒，大渴欲飲水，其腹必滿，自汗出，小便利，其病欲解，此肝乘肺也，名曰橫。刺期門。,傷寒發熱，澀澀惡寒，其人大渴，欲飲　漿者，其腹必滿，而自汗出，小便利，其病欲解，此為肝乘肺，名曰橫，宜刺期門。,0.658,"[""宋本獨有用字：也嗇水"", ""傷寒論_千金翼方版獨有用字：　人宜漿澀為者而""]",bronze,variant_text,,pending,,text_match
VR_QIANJINYI_0435,SHSRC0034,SHL_SONGBEN_0113,songben,qianjinyi,傷寒論_千金翼方版,形作傷寒，其脈不弦緊而弱，弱者必渴，被火必譫語，弱者發熱脈浮，解之當汗出愈。,傷寒，其脈不弦緊而弱，弱者必渴，被火，必譫語。,0.723,"[""宋本獨有用字：之作出形愈汗浮熱當發解""]",bronze,variant_text,,pending,,text_match
VR_QIANJINYI_0436,SHSRC0034,SHL_SONGBEN_0114,songben,qianjinyi,傷寒論_千金翼方版,太陽病，以火熏之，不得汗，其人必躁。到經不解，必清血，名爲火邪。,太陽病，以火熏之，不得汗，其人必躁，到經不解，必清血。,0.909,"[""宋本獨有用字：名爲邪""]",silver,variant_text,,pending,,text_match
VR_QIANJINYI_0437,SHSRC0034,SHL_SONGBEN_0115,songben,qianjinyi,傷寒論_千金翼方版,脈浮，熱甚，而反灸之，此為實，實以虛治，因火而動，必咽燥，吐血。,脈浮熱甚，而反灸之，此為實，實以虛治，因火而動，咽燥必唾血。,0.826,"[""宋本獨有用字：吐"", ""傷寒論_千金翼方版獨有用字：唾""]",silver,variant_text,,pending,,text_match
VR_QIANJINYI_0438,SHSRC0034,SHL_SONGBEN_0117,songben,qianjinyi,傷寒論_千金翼方版,燒針令其汗，針處被寒，核起而赤者，必發奔豚。氣從少腹上衝心者，灸其核上各一壯，與桂枝加桂湯，更加桂二兩也。,燒針令其汗，針處被寒，核起而赤者，必發奔豚，氣從少腹上衝者，灸其核上一壯，與桂枝加桂湯。,0.861,"[""宋本獨有用字：也二兩各心更""]",silver,variant_text,,pending,,text_match
VR_QIANJINYI_0439,SHSRC0034,SHL_SONGBEN_0118,songben,qianjinyi,傷寒論_千金翼方版,火逆下之，因燒針煩躁者，桂枝甘草龍骨牡蠣湯主之。,火逆下之，因燒針煩躁者，桂枝甘草龍骨牡蠣湯主之。方：桂枝（一兩）　甘草　龍骨　牡蠣（各二兩，熬）,0.816,"[""傷寒論_千金翼方版獨有用字：　一二兩各方熬（）：""]",silver,variant_text,,pending,,text_match
VR_QIANJINYI_0440,SHSRC0034,SHL_SONGBEN_0119,songben,qianjinyi,傷寒論_千金翼方版,太陽傷寒者，加溫針，必驚也。,傷寒，加溫針，必驚。,0.625,"[""宋本獨有用字：也太者陽""]",bronze,variant_text,,pending,,text_match
VR_QIANJINYI_0441,SHSRC0034,SHL_SONGBEN_0122,songben,qianjinyi,傷寒論_千金翼方版,病人脈數，數為熱，當消穀引食，而反吐者，此以發汗，令陽氣微，膈氣虛，脈乃數也。數為客熱，不能消穀，以胃中虛冷，故吐也。,病患脈數，數為熱，當消穀引食，而反吐者，以醫發其汗，陽氣微，膈氣虛，脈則為數，數為客熱，不能消穀，胃中虛冷，故吐也。,0.698,"[""宋本獨有用字：乃人令此"", ""傷寒論_千金翼方版獨有用字：其則患醫""]",bronze,variant_text,,pending,,text_match
VR_QIANJINYI_0442,SHSRC0034,SHL_SONGBEN_0124,songben,qianjinyi,傷寒論_千金翼方版,太陽病，六七日表證仍在，脈微而沉，反不結胸，其人發狂者，以熱在下焦，少腹當鞕滿，小便自利者，下血乃愈。所以然者，以太陽隨經，瘀熱在裏故也。抵當湯主之。,太陽病六七日，出表證續在，脈微而沉，反不結胸，其人發狂者，以熱在下焦。少腹堅滿，小便自利者，下血乃愈，所以然者，以太陽隨經，瘀熱在裡故也，宜下之，以抵當湯。,0.797,"[""宋本獨有用字：主仍裏鞕"", ""傷寒論_千金翼方版獨有用字：出堅宜續裡""]",bronze,variant_text,,pending,,text_match
VR_QIANJINYI_0443,SHSRC0034,SHL_SONGBEN_0125,songben,qianjinyi,傷寒論_千金翼方版,太陽病，身黃，脈沉結，少腹鞕，小便不利者，為無血也。小便自利，其人如狂者，血證諦也，抵當湯主之。,太陽病，身黃，脈沉結，少腹堅，小便不利者，為無血；小便自利，其人如狂者，血證諦也，抵當湯主之。,0.901,"[""宋本獨有用字：鞕"", ""傷寒論_千金翼方版獨有用字：堅；""]",silver,variant_text,,pending,,text_match
VR_QIANJINYI_0444,SHSRC0034,SHL_SONGBEN_0126,songben,qianjinyi,傷寒論_千金翼方版,傷寒有熱，少腹滿，應小便不利，今反利者，為有血也，當下之，不可餘藥，宜抵當丸。,傷寒有熱，少腹滿，應小便不利，今反利者，為有血也，當須下之，不可余藥，宜抵當丸。,0.885,"[""宋本獨有用字：餘"", ""傷寒論_千金翼方版獨有用字：余須""]",silver,variant_text,,pending,,text_match
VR_QIANJINYI_0445,SHSRC0034,SHL_SONGBEN_0132,songben,qianjinyi,傷寒論_千金翼方版,結胸證，其脈浮大者，不可下，下之則死。,結胸證，其脈浮大，不可下之，下之即死。,0.667,"[""宋本獨有用字：則者"", ""傷寒論_千金翼方版獨有用字：即""]",bronze,variant_text,,pending,,text_match
VR_QIANJINYI_0446,SHSRC0034,SHL_SONGBEN_0133,songben,qianjinyi,傷寒論_千金翼方版,結胸證悉具，煩躁者亦死。,結胸證悉具，煩躁者死。,0.824,"[""宋本獨有用字：亦""]",silver,variant_text,,pending,,text_match
VR_QIANJINYI_0447,SHSRC0034,SHL_SONGBEN_0134,songben,qianjinyi,傷寒論_千金翼方版,太陽病，脈浮而動數，浮則為風，數則為熱，動則為痛，數則為虛。頭痛發熱，微盜汗出，而反惡寒者，表未解也，醫反下之，動數變遲，膈內拒痛，胃中空虛，客氣動膈，短氣躁煩，心中懊憹，陽氣內陷，心下因鞕，則為結胸，大陷胸湯主之。若不結胸，但頭汗出，餘處無汗，劑頸而還，小便不利，身必發黃。,太陽病，脈浮而動數，浮則為風，數則為熱，動則為痛，數則為虛，頭痛發熱，微盜汗出，而反惡寒，其表未解，醫反下之，動數則遲，頭痛即眩，胃中空虛，客氣動膈，短氣躁煩，心中懊　，陽氣內陷，心下因堅，則為結胸，大陷胸湯主之。若不結胸，但頭汗出，其余無汗，齊頸而還，小便不利，身必發黃。,0.82,"[""宋本獨有用字：也劑憹拒者處變鞕餘"", ""傷寒論_千金翼方版獨有用字：　余其即堅眩齊""]",silver,variant_text,,pending,,text_match
VR_QIANJINYI_0448,SHSRC0034,SHL_SONGBEN_0137,songben,qianjinyi,傷寒論_千金翼方版,太陽病，重發汗而復下之，不大便五六日，舌上燥而渴，日晡所小有潮熱，從心下至少腹鞕滿而痛，不可近者，大陷胸湯主之。,太陽病，重發汗而復下之，不大便五六日，舌上燥而渴，日晡如小有潮熱，從心下至少腹堅滿而痛不可近，大陷胸湯主之。若心下滿而堅痛者，此為結胸，大陷胸湯主之。,0.788,"[""宋本獨有用字：所鞕"", ""傷寒論_千金翼方版獨有用字：堅如此為結若""]",bronze,variant_text,,pending,,text_match
VR_QIANJINYI_0449,SHSRC0034,SHL_SONGBEN_0138,songben,qianjinyi,傷寒論_千金翼方版,小結胸病，正在心下，按之則痛，脈浮滑者，小陷胸湯主之。,小結胸者，正在心下，按之即痛，其脈浮滑，小陷胸湯主之。,0.667,"[""宋本獨有用字：則病"", ""傷寒論_千金翼方版獨有用字：其即""]",bronze,variant_text,,pending,,text_match
VR_QIANJINYI_0450,SHSRC0034,SHL_SONGBEN_0139,songben,qianjinyi,傷寒論_千金翼方版,太陽病，二三日，不能臥，但欲起，心下必結，脈微弱者，此本有寒分也。反下之，若利止，必作結胸；未止者，四日復下之，此作協熱利也。,太陽病二三日，不能臥，但欲起者，心下必結，其脈微弱者，此本寒也。而反下之，利止者，必結胸；未止者，四五日復重下之，此為挾熱利。,0.632,"[""宋本獨有用字：作分協有若"", ""傷寒論_千金翼方版獨有用字：五其挾為而重""]",bronze,variant_text,,pending,,text_match
VR_QIANJINYI_0451,SHSRC0034,SHL_SONGBEN_0142,songben,qianjinyi,傷寒論_千金翼方版,太陽與少陽并病，頭項強痛，或眩冒，時如結胸，心下痞鞕者，當刺大椎第一間、肺俞、肝俞，慎不可發汗，發汗則譫語、脈弦，五日譫語不止，當刺期門。,太陽與少陽並病，頭痛，或眩冒，如結胸，心下痞而堅，當刺肺俞、肝俞、大椎第一間，慎不可發汗，發汗即譫語，譫語則脈弦，五日譫語不止，當刺期門。,0.699,"[""宋本獨有用字：并強時者鞕項"", ""傷寒論_千金翼方版獨有用字：並即堅而""]",bronze,variant_text,,pending,,text_match
VR_QIANJINYI_0452,SHSRC0034,SHL_SONGBEN_0143,songben,qianjinyi,傷寒論_千金翼方版,婦人中風，發熱惡寒，經水適來，得之七八日，熱除而脈遲身涼，胸脇下滿，如結胸狀，譫語者，此為熱入血室也。當刺期門，隨其實而取之。,婦人中風，發熱惡寒，經水適來，得七八日，熱除而脈遲，身涼，胸脅下滿，如結胸狀，譫語，此為熱入血室，當刺期門，隨其虛實而取之。,0.84,"[""宋本獨有用字：也者脇"", ""傷寒論_千金翼方版獨有用字：脅虛""]",silver,variant_text,,pending,,text_match
VR_QIANJINYI_0453,SHSRC0034,SHL_SONGBEN_0144,songben,qianjinyi,傷寒論_千金翼方版,婦人中風，七八日續得寒熱，發作有時，經水適斷者，此為熱入血室，其血必結，故使如瘧狀，發作有時，小柴胡湯主之。,婦人中風七八日，續得寒熱，發作有時，經水適斷者，此為熱入血室，其血必結，故使如瘧狀，發作有時，小柴胡湯主之（方見柴胡湯門。）,0.953,"[""傷寒論_千金翼方版獨有用字：方見門（）""]",silver,variant_text,,pending,,text_match
VR_QIANJINYI_0454,SHSRC0034,SHL_SONGBEN_0145,songben,qianjinyi,傷寒論_千金翼方版,婦人傷寒，發熱，經水適來，晝日明了，暮則譫語，如見鬼狀，此為熱入血室，無犯胃氣及上二焦，必自愈。,婦人傷寒，發熱，經水適來，晝日了了，暮則譫語如見鬼狀，此為熱入血室，無犯胃氣及上二焦，必當自愈。,0.909,"[""宋本獨有用字：明"", ""傷寒論_千金翼方版獨有用字：當""]",silver,variant_text,,pending,,text_match
VR_QIANJINYI_0455,SHSRC0034,SHL_SONGBEN_0147,songben,qianjinyi,傷寒論_千金翼方版,傷寒五六日，已發汗而復下之，胸脇滿微結，小便不利，渴而不嘔，但頭汗出，往來寒熱，心煩者，此為未解也，柴胡桂枝乾薑湯主之。,傷寒五六日，其人已發汗，而復下之，胸脅滿微結，小便不利，渴而不嘔，但頭汗出，往來寒熱而煩，此為未解，柴胡桂枝乾薑湯主之。方：柴胡（八兩）　桂枝（三兩）　乾薑（二兩）　栝蔞根（四兩）　黃芩（三兩）　牡蠣（二兩，熬）,0.667,"[""宋本獨有用字：也心者脇"", ""傷寒論_千金翼方版獨有用字：　三二人兩八其四方栝根熬牡脅芩蔞蠣黃（）：""]",bronze,variant_text,,pending,,text_match
VR_QIANJINYI_0456,SHSRC0034,SHL_SONGBEN_0150,songben,qianjinyi,傷寒論_千金翼方版,太陽少陽并病，而反下之，成結胸，心下鞕，下利不止，水漿不下，其人心煩。,太陽少陽並病，而反下之，結胸，心下堅，下利不復止，水漿不肯下，其人必心煩。,0.643,"[""宋本獨有用字：并成鞕"", ""傷寒論_千金翼方版獨有用字：並堅復必肯""]",bronze,variant_text,,pending,,text_match
VR_QIANJINYI_0457,SHSRC0034,SHL_SONGBEN_0151,songben,qianjinyi,傷寒論_千金翼方版,脈浮而緊，而復下之，緊反入裏，則作痞，按之自濡，但氣痞耳。,脈浮緊，而下之，緊反入裡，則作痞，按之自濡，但氣痞耳。,0.762,"[""宋本獨有用字：復裏"", ""傷寒論_千金翼方版獨有用字：裡""]",bronze,variant_text,,pending,,text_match
VR_QIANJINYI_0458,SHSRC0034,SHL_SONGBEN_0153,songben,qianjinyi,傷寒論_千金翼方版,太陽病，醫發汗，遂發熱惡寒，因復下之，心下痞，表裏俱虛，陰陽氣并竭，無陽則陰獨，復加燒針，因胸煩。面色青黃，膚瞤者，難治。今色微黃，手足溫者，易愈。,太陽病，發其汗，遂發熱惡寒，復下之，則心下痞。此表裡俱虛，陰陽氣並竭，無陽則陰獨，復加燒針，胸煩，面色青黃膚　，此為難治，今色微黃，手足溫者愈。,0.69,"[""宋本獨有用字：因并易瞤裏醫"", ""傷寒論_千金翼方版獨有用字：　並其此為裡""]",bronze,variant_text,,pending,,text_match
VR_QIANJINYI_0459,SHSRC0034,SHL_SONGBEN_0154,songben,qianjinyi,傷寒論_千金翼方版,心下痞，按之濡，其脈關上浮者，大黃黃連瀉心湯主之。,心下痞，按之自濡，關上脈浮者，大黃黃連瀉心湯主之。方：大黃（二兩）　黃連（一兩）,0.638,"[""宋本獨有用字：其"", ""傷寒論_千金翼方版獨有用字：　一二兩方自（）：""]",bronze,variant_text,,pending,,text_match
VR_QIANJINYI_0460,SHSRC0034,SHL_SONGBEN_0158,songben,qianjinyi,傷寒論_千金翼方版,傷寒中風，醫反下之，其人下利，日數十行，穀不化，腹中雷鳴，心下痞鞕而滿，乾嘔，心煩不得安。醫見心下痞，謂病不盡，復下之，其痞益甚，此非結熱，但以胃中虛，客氣上逆，故使鞕也，甘草瀉心湯主之。,傷寒中風，醫反下之，其人下利日數十行，穀不化，腹中雷鳴，心下痞堅而滿，乾嘔而煩，不能得安，醫見心下痞，為病不盡，復重下之，其痞益甚，此非結熱，但胃中虛，客氣上逆，故使之堅，甘草瀉心湯主之。方：甘草（四兩，炙）　黃芩　乾薑（各三兩）　黃連（一兩）　半夏（半升，洗）　大棗（十二枚，擘）　一方有人參（三兩。）,0.659,"[""宋本獨有用字：也以謂鞕"", ""傷寒論_千金翼方版獨有用字：　一三二兩升半參各四堅夏大擘方有枚棗洗炙為能芩薑連重黃（）：""]",bronze,variant_text,,pending,,text_match
VR_QIANJINYI_0461,SHSRC0034,SHL_SONGBEN_0159,songben,qianjinyi,傷寒論_千金翼方版,傷寒，服湯藥，下利不止，心下痞鞕。服瀉心湯已，復以他藥下之，利不止。醫以理中與之，利益甚。理中者，理中焦，此利在下焦，赤石脂禹餘糧湯主之。復不止者，當利其小便。,傷寒，服湯藥，下利不止，心下痞堅。服瀉心湯，復以他藥下之，利不止。醫以理中與之，而利益甚。理中治中焦，此利在下焦，赤石脂禹餘糧湯主之。方：赤石脂（一斤，碎）　太一禹餘糧（一斤，碎）,0.741,"[""宋本獨有用字：便其小已當者鞕"", ""傷寒論_千金翼方版獨有用字：　一堅太斤方治碎而（）：""]",bronze,variant_text,,pending,,text_match
VR_QIANJINYI_0462,SHSRC0034,SHL_SONGBEN_0160,songben,qianjinyi,傷寒論_千金翼方版,傷寒吐下後，發汗，虛煩，脈甚微，八九日心下痞鞕，脇下痛，氣上衝咽喉，眩冒，經脈動惕者，久而成痿。,傷寒吐下發汗，虛煩，脈甚微，八九日心下痞堅，脅下痛，氣上衝喉咽，眩冒，經脈動惕者，久而成痿。,0.795,"[""宋本獨有用字：後脇鞕"", ""傷寒論_千金翼方版獨有用字：堅脅""]",bronze,variant_text,,pending,,text_match
VR_QIANJINYI_0463,SHSRC0034,SHL_SONGBEN_0164,songben,qianjinyi,傷寒論_千金翼方版,傷寒大下後，復發汗，心下痞，惡寒者，表未解也。不可攻痞，當先解表，表解乃可攻痞。解表宜桂枝湯，攻痞宜大黃黃連瀉心湯。,傷寒大下後，復發汗，心下痞，惡寒者，不可攻痞，當先解表，宜桂枝湯。,0.706,"[""宋本獨有用字：乃也未瀉連黃""]",bronze,variant_text,,pending,,text_match
VR_QIANJINYI_0464,SHSRC0034,SHL_SONGBEN_0166,songben,qianjinyi,傷寒論_千金翼方版,病如桂枝證，頭不痛，項不強，寸脈微浮，胸中痞鞕，氣上衝喉咽不得息者，此為胸有寒也，當吐之，宜瓜蒂散。,病如桂枝證，頭項不強痛，脈微浮，胸中痞堅，氣上衝喉咽不得息，此為胸有寒，當吐之，宜瓜蒂散。方：瓜蒂（熬）　赤小豆（各一分）,0.682,"[""宋本獨有用字：也寸者鞕"", ""傷寒論_千金翼方版獨有用字：　一分各堅小方熬豆赤（）：""]",bronze,variant_text,,pending,,text_match
VR_QIANJINYI_0465,SHSRC0034,SHL_SONGBEN_0168,songben,qianjinyi,傷寒論_千金翼方版,傷寒若吐若下後，七八日不解，熱結在裏，表裏俱熱，時時惡風，大渴，舌上乾燥而煩，欲飲水數升者，白虎加人參湯主之。,傷寒吐下後，七八日不解，熱結在裡，表裡俱熱，時時惡風，大渴，舌上干燥而煩，欲飲水數升，白虎湯主之。（方見雜療中。）,0.652,"[""宋本獨有用字：乾人加參者若裏"", ""傷寒論_千金翼方版獨有用字：中干方療裡見雜（）""]",bronze,variant_text,,pending,,text_match
VR_QIANJINYI_0466,SHSRC0034,SHL_SONGBEN_0169,songben,qianjinyi,傷寒論_千金翼方版,傷寒無大熱，口燥渴，心煩，背微惡寒者，白虎加人參湯主之。,傷寒無大熱，口燥渴而煩，其背微惡寒，白虎湯主之。,0.634,"[""宋本獨有用字：人加參心者"", ""傷寒論_千金翼方版獨有用字：其而""]",bronze,variant_text,,pending,,text_match
VR_QIANJINYI_0467,SHSRC0034,SHL_SONGBEN_0170,songben,qianjinyi,傷寒論_千金翼方版,傷寒，脈浮，發熱無汗，其表不解，不可與白虎湯；渴欲飲水，無表證者，白虎加人參湯主之。,傷寒脈浮，發熱無汗，其表不解，不可與白虎湯；渴欲飲水無表證，白虎湯主之。,0.881,"[""宋本獨有用字：人加參者""]",silver,variant_text,,pending,,text_match
VR_QIANJINYI_0468,SHSRC0034,SHL_SONGBEN_0172,songben,qianjinyi,傷寒論_千金翼方版,太陽與少陽合病，自下利者，與黃芩湯；若嘔者，黃芩加半夏生薑湯主之。,太陽與少陽合病，自下利者，與黃芩湯；若嘔者，與黃芩加半夏生薑湯。,0.939,"[""宋本獨有用字：主之""]",silver,variant_text,,pending,,text_match
VR_QIANJINYI_0469,SHSRC0034,SHL_SONGBEN_0175,songben,qianjinyi,傷寒論_千金翼方版,風濕相搏，骨節疼煩，掣痛不得屈伸，近之則痛劇，汗出短氣，小便不利，惡風不欲去衣，或身微腫者，甘草附子湯主之。,風濕相搏，骨節疼煩，掣痛不得屈伸，近之則痛劇，汗出短氣，小便不利，惡風不欲去衣，或身微腫，甘草附子湯主之。方：甘草（二兩，炙）　附子（二枚，炮）　白朮（三兩）　桂枝（四兩）,0.808,"[""宋本獨有用字：者"", ""傷寒論_千金翼方版獨有用字：　三二兩四方朮枚枝桂炙炮白（）：""]",silver,variant_text,,pending,,text_match
VR_QIANJINYI_0470,SHSRC0034,SHL_SONGBEN_0179,songben,qianjinyi,傷寒論_千金翼方版,問曰：病有太陽陽明，有正陽陽明，有少陽陽明，何謂也？答曰：太陽陽明者，脾約是也；正陽陽明者，胃家實是也；少陽陽明者，發汗利小便已，胃中燥煩實，大便難是也。,問曰：病有太陽陽明，有正陽陽明，有微陽陽明，何謂也？答曰：太陽陽明者，脾約是也。正陽陽明者，胃家實是也；微陽明明者，發其汗，若利其小便，胃中燥便難是也。,0.727,"[""宋本獨有用字：大少已煩"", ""傷寒論_千金翼方版獨有用字：其微若""]",bronze,variant_text,,pending,,text_match
VR_QIANJINYI_0471,SHSRC0034,SHL_SONGBEN_0180,songben,qianjinyi,傷寒論_千金翼方版,陽明之為病，胃家實是也。,陽明之為病，胃中寒是也。,0.667,"[""宋本獨有用字：家實"", ""傷寒論_千金翼方版獨有用字：中寒""]",bronze,variant_text,,pending,,text_match
VR_QIANJINYI_0472,SHSRC0034,SHL_SONGBEN_0182,songben,qianjinyi,傷寒論_千金翼方版,問曰：陽明病外證云何？答曰：身熱，汗自出，不惡寒，反惡熱也。,問曰：陽明病外證云何？答曰：身熱，汗出，而不惡寒，但反惡熱。,0.773,"[""宋本獨有用字：也自"", ""傷寒論_千金翼方版獨有用字：但而""]",bronze,variant_text,,pending,,text_match
VR_QIANJINYI_0473,SHSRC0034,SHL_SONGBEN_0186,songben,qianjinyi,傷寒論_千金翼方版,傷寒三日，陽明脈大。,傷寒三日陽明脈大。,1.0,[],silver,variant_text,,pending,,text_match_short_12
VR_QIANJINYI_0474,SHSRC0034,SHL_SONGBEN_0189,songben,qianjinyi,傷寒論_千金翼方版,陽明中風，口苦咽乾，腹滿微喘，發熱惡寒，脈浮而緊。若下之，則腹滿，小便難也。,陽明中風，口苦咽乾，腹滿微喘，發熱惡寒，脈浮若緊，下之則腹滿，小便難也。,0.873,"[""宋本獨有用字：而""]",silver,variant_text,,pending,,text_match
VR_QIANJINYI_0475,SHSRC0034,SHL_SONGBEN_0190,songben,qianjinyi,傷寒論_千金翼方版,陽明病，若能食，名中風；不能食，名中寒。,陽明病，能食為中風，不能食為中寒。,0.667,"[""宋本獨有用字：名若；"", ""傷寒論_千金翼方版獨有用字：為""]",bronze,variant_text,,pending,,text_match
VR_QIANJINYI_0476,SHSRC0034,SHL_SONGBEN_0191,songben,qianjinyi,傷寒論_千金翼方版,陽明病，若中寒者，不能食，小便不利，手足濈然汗出，此欲作固瘕，必大便初鞕後溏。所以然者，以胃中冷，水穀不別故也。,陽明病，中寒不能食，而小便不利，手足然汗出，此為欲作堅瘕也，必頭堅後溏。所以然者，胃中冷，水穀不別故也。,0.621,"[""宋本獨有用字：初固大濈若鞕"", ""傷寒論_千金翼方版獨有用字：堅為而頭""]",bronze,variant_text,,pending,,text_match
VR_QIANJINYI_0477,SHSRC0034,SHL_SONGBEN_0192,songben,qianjinyi,傷寒論_千金翼方版,陽明病，初欲食，小便反不利，大便自調，其人骨節疼，翕翕如有熱狀，奄然發狂，濈然汗出而解者，此水不勝穀氣，與汗共并，脈緊則愈。,陽明病，初為欲食之，小便反不數，大便自調，其人骨節疼，翕翕如有熱狀，奄然發狂，然汗出而解。此為水不勝穀氣，與汗共並，堅者即愈。,0.713,"[""宋本獨有用字：利則并濈緊脈"", ""傷寒論_千金翼方版獨有用字：並之即堅數為""]",bronze,variant_text,,pending,,text_match
VR_QIANJINYI_0478,SHSRC0034,SHL_SONGBEN_0193,songben,qianjinyi,傷寒論_千金翼方版,陽明病，欲解時，從申至戌上。,陽明病，欲解時，從申盡戍。,0.737,"[""宋本獨有用字：上戌至"", ""傷寒論_千金翼方版獨有用字：戍盡""]",bronze,variant_text,,pending,,text_match
VR_QIANJINYI_0479,SHSRC0034,SHL_SONGBEN_0194,songben,qianjinyi,傷寒論_千金翼方版,陽明病，不能食，攻其熱必噦，所以然者，胃中虛冷故也。以其人本虛，攻其熱必噦。,陽明病，不能食，下之不解，其人不能食，攻其熱必噦，所以然者，胃中虛冷故也；其人本虛，攻其熱必噦。,0.842,"[""傷寒論_千金翼方版獨有用字：下之解；""]",silver,variant_text,,pending,,text_match
VR_QIANJINYI_0480,SHSRC0034,SHL_SONGBEN_0195,songben,qianjinyi,傷寒論_千金翼方版,陽明病，脈遲，食難用飽，飽則微煩頭眩，必小便難，此欲作穀癉，雖下之，腹滿如故，所以然者，脈遲故也。,陽明病，脈遲，食難用飽，飽即微煩頭眩者，必小便難，此欲作穀疸，雖下之，其腹必滿如故耳，所以然者，脈遲故也。,0.744,"[""宋本獨有用字：則癉"", ""傷寒論_千金翼方版獨有用字：其即疸耳""]",bronze,variant_text,,pending,,text_match
VR_QIANJINYI_0481,SHSRC0034,SHL_SONGBEN_0197,songben,qianjinyi,傷寒論_千金翼方版,陽明病，反無汗而小便利，二三日嘔而欬，手足厥者，必苦頭痛；若不欬，不嘔，手足不厥者，頭不痛。,冬陽明病，反無汗，但小便利，二三日嘔而咳，手足若厥者，其人頭必痛，若不嘔不咳，手足不厥者，頭不痛。,0.629,"[""宋本獨有用字：欬苦；"", ""傷寒論_千金翼方版獨有用字：人但其冬咳""]",bronze,variant_text,,pending,,text_match
VR_QIANJINYI_0482,SHSRC0034,SHL_SONGBEN_0198,songben,qianjinyi,傷寒論_千金翼方版,陽明病，但頭眩，不惡寒，故能食而欬，其人咽必痛；若不欬者，咽不痛。,冬陽明病，但頭眩，不惡寒，故能食而咳者，其人咽必痛，若不咳者，咽不痛。,0.824,"[""宋本獨有用字：欬；"", ""傷寒論_千金翼方版獨有用字：冬咳""]",silver,variant_text,,pending,,text_match
VR_QIANJINYI_0483,SHSRC0034,SHL_SONGBEN_0199,songben,qianjinyi,傷寒論_千金翼方版,陽明病，無汗，小便不利，心中懊憹者，身必發黃。,陽明病，無汗，小便不利，心中懊　，必發黃。,0.839,"[""宋本獨有用字：憹者身"", ""傷寒論_千金翼方版獨有用字：　""]",silver,variant_text,,pending,,text_match
VR_QIANJINYI_0484,SHSRC0034,SHL_SONGBEN_0200,songben,qianjinyi,傷寒論_千金翼方版,陽明病，被火，額上微汗出，而小便不利者，必發黃。,陽明病被火，額上微汗出而小便不利，必發黃。,0.914,"[""宋本獨有用字：者""]",silver,variant_text,,pending,,text_match
VR_QIANJINYI_0485,SHSRC0034,SHL_SONGBEN_0201,songben,qianjinyi,傷寒論_千金翼方版,陽明病，脈浮而緊者，必潮熱，發作有時，但浮者，必盜汗出。,陽明病，脈浮而緊，其熱必潮，發作有時，但浮者，必盜汗出。,0.829,"[""傷寒論_千金翼方版獨有用字：其""]",silver,variant_text,,pending,,text_match
VR_QIANJINYI_0486,SHSRC0034,SHL_SONGBEN_0202,songben,qianjinyi,傷寒論_千金翼方版,陽明病，口燥，但欲漱水，不欲嚥者，此必衄。,陽明病，口燥，但欲漱水，不欲咽者，必衄。,0.759,"[""宋本獨有用字：嚥此"", ""傷寒論_千金翼方版獨有用字：咽""]",bronze,variant_text,,pending,,text_match
VR_QIANJINYI_0487,SHSRC0034,SHL_SONGBEN_0203,songben,qianjinyi,傷寒論_千金翼方版,陽明病，本自汗出，醫更重發汗，病已差，尚微煩不了了者，此必大便鞕故也。以亡津液，胃中乾燥，故令大便鞕。當問其小便日幾行。若本小便日三四行，今日再行，故知大便不久出。今為小便數少，以津液當還入胃中，故知不久必大便也。,陽明病，本自汗出，醫復重發其汗，病已瘥，其人微煩不了了，此大便堅也。必亡津液，胃中燥，故令其堅。當問小便日幾行，若本日三四行，今日再行者，必知大便不久出，今為小便數少，津液當還入胃中，故知必當大便也。,0.654,"[""宋本獨有用字：乾以尚差更鞕"", ""傷寒論_千金翼方版獨有用字：人堅復瘥""]",bronze,variant_text,,pending,,text_match
VR_QIANJINYI_0488,SHSRC0034,SHL_SONGBEN_0204,songben,qianjinyi,傷寒論_千金翼方版,傷寒嘔多，雖有陽明證，不可攻之。,傷寒嘔多，雖有陽明證，不可攻也。,0.917,"[""宋本獨有用字：之"", ""傷寒論_千金翼方版獨有用字：也""]",silver,variant_text,,pending,,text_match
VR_QIANJINYI_0489,SHSRC0034,SHL_SONGBEN_0206,songben,qianjinyi,傷寒論_千金翼方版,陽明病，面合色赤，不可攻之，必發熱、色黃者，小便不利也。,陽明病，合色赤，不可攻之，必發熱，色黃者，小便不利也。,0.927,"[""宋本獨有用字：、面""]",silver,variant_text,,pending,,text_match
VR_QIANJINYI_0490,SHSRC0034,SHL_SONGBEN_0207,songben,qianjinyi,傷寒論_千金翼方版,陽明病，不吐不下，心煩者，可與調胃承氣湯。,陽明病，不吐下，而煩者，可與承氣湯。,0.621,"[""宋本獨有用字：心胃調"", ""傷寒論_千金翼方版獨有用字：而""]",bronze,variant_text,,pending,,text_match
VR_QIANJINYI_0491,SHSRC0034,SHL_SONGBEN_0209,songben,qianjinyi,傷寒論_千金翼方版,陽明病，潮熱，大便微鞕者，可與大承氣湯，不鞕者，不可與之。若不大便六七日，恐有燥屎，欲知之法，少與小承氣湯。湯入腹中，轉矢氣者，此有燥屎也，乃可攻之；若不轉矢氣者，此但初頭鞕，後必溏，不可攻之，攻之必脹滿不能食也。欲飲水者，與水則噦。其後發熱者，必大便復鞕而少也，以小承氣湯和之。不轉矢氣者，慎不可攻也。,若不大便六七日，恐有燥屎，欲知之法，可與小承氣湯，若腹中轉矢氣者，此為有燥屎，乃可攻之。若不轉矢氣者，此但頭堅後溏，不可攻之，攻之必腹脹滿，不能食。欲飲水者即噦。其後發熱者，必復堅，以小承氣湯和之。若不轉矢氣者，慎不可攻之。,0.627,"[""宋本獨有用字：也入初則少微明潮病而陽鞕；"", ""傷寒論_千金翼方版獨有用字：即堅為""]",bronze,variant_text,,pending,,text_match
VR_QIANJINYI_0492,SHSRC0034,SHL_SONGBEN_0210,songben,qianjinyi,傷寒論_千金翼方版,夫實則譫語，虛則鄭聲，鄭聲者，重語也。直視，譫語，喘滿者死，下利者亦死。,夫實則譫語，虛則鄭聲。鄭聲者，重語是也。直視譫語，喘滿者死，下利者亦死。,0.941,"[""傷寒論_千金翼方版獨有用字：是""]",silver,variant_text,,pending,,text_match
VR_QIANJINYI_0493,SHSRC0034,SHL_SONGBEN_0213,songben,qianjinyi,傷寒論_千金翼方版,陽明病，其人多汗，以津液外出，胃中燥，大便必鞕，鞕則譫語。小承氣湯主之。若一服譫語止者，更莫復服。,陽明病，其人多汗，津液外出，胃中燥，大便必堅，堅者則譫語，承氣湯主之。,0.646,"[""宋本獨有用字：一以小復更服止若莫鞕"", ""傷寒論_千金翼方版獨有用字：堅""]",bronze,variant_text,,pending,,text_match
VR_QIANJINYI_0494,SHSRC0034,SHL_SONGBEN_0215,songben,qianjinyi,傷寒論_千金翼方版,陽明病，譫語，有潮熱，反不能食者，胃中必有燥屎五六枚也。若能食者，但鞕耳。宜大承氣湯下之。,陽明病，譫語，有潮熱，反不能食者，必有燥屎五六枚，若能食者，但堅耳，承氣湯主之。,0.698,"[""宋本獨有用字：下中也大宜胃鞕"", ""傷寒論_千金翼方版獨有用字：主堅""]",bronze,variant_text,,pending,,text_match
VR_QIANJINYI_0495,SHSRC0034,SHL_SONGBEN_0216,songben,qianjinyi,傷寒論_千金翼方版,陽明病，下血，譫語者，此為熱入血室。但頭汗出者，刺期門，隨其實而瀉之，濈然汗出則愈。,陽明病，下血而譫語者，此為熱入血室，但頭汗出者，當刺期門，隨其實而瀉之，　然汗出者則愈。,0.831,"[""宋本獨有用字：濈"", ""傷寒論_千金翼方版獨有用字：　當""]",silver,variant_text,,pending,,text_match
VR_QIANJINYI_0496,SHSRC0034,SHL_SONGBEN_0217,songben,qianjinyi,傷寒論_千金翼方版,汗出，譫語者，以有燥屎在胃中，此為風也。須下者，過經乃可下之。下之若早，語言必亂，以表虛裏實故也。下之愈，宜大承氣湯。,汗出而譫語者，有燥屎在胃中，此風也。過經乃可下之。下之若早，語言必亂。以表虛裡實，下之則愈，宜承氣湯。,0.667,"[""宋本獨有用字：大故為裏須"", ""傷寒論_千金翼方版獨有用字：則而裡""]",bronze,variant_text,,pending,,text_match
VR_QIANJINYI_0497,SHSRC0034,SHL_SONGBEN_0218,songben,qianjinyi,傷寒論_千金翼方版,傷寒四五日，脈沉而喘滿，沉為在裏，而反發其汗，津液越出，大便為難，表虛裏實，久則譫語。,傷寒四五日，脈沉而喘滿，沉為在裡，而反發其汗，津液越出，大便為難，表虛裡實，久則　語。,0.836,"[""宋本獨有用字：裏譫"", ""傷寒論_千金翼方版獨有用字：　裡""]",silver,variant_text,,pending,,text_match
VR_QIANJINYI_0498,SHSRC0034,SHL_SONGBEN_0219,songben,qianjinyi,傷寒論_千金翼方版,三陽合病，腹滿，身重，難以轉側，口不仁，面垢，譫語，遺尿。發汗則譫語，下之則額上生汗，手足厥冷。若自汗出者，白虎湯主之。,三陽合病，腹滿身重，難以轉側，口不仁，言語向經，譫語遺尿。發汗則譫語。下之則額上生汗，手足厥冷。白虎湯主之。（按諸本皆云「向經」，不敢刊改。）,0.742,"[""宋本獨有用字：出垢者自若面"", ""傷寒論_千金翼方版獨有用字：「」云刊向按改敢本皆經言諸（）""]",bronze,variant_text,,pending,,text_match
VR_QIANJINYI_0499,SHSRC0034,SHL_SONGBEN_0221,songben,qianjinyi,傷寒論_千金翼方版,陽明病，脈浮而緊，咽燥，口苦，腹滿而喘，發熱汗出，不惡寒，反惡熱，身重。若發汗則躁，心憒憒，反譫語，若加溫針，必怵惕，煩躁不得眠。若下之，則胃中空虛，客氣動膈，心中懊憹，舌上胎者，梔子豉湯主之。,陽明病，脈浮緊，咽乾口苦，腹滿而喘，發熱汗出，不惡寒，反偏惡熱，其身體重。發汗即躁，心中憒憒，而反譫語。加溫針，必怵惕，又煩躁不得眠。下之，胃中空虛，客氣動膈，心中懊　，舌上苔者梔子湯主之。,0.662,"[""宋本獨有用字：則憹燥胎若豉"", ""傷寒論_千金翼方版獨有用字：　乾偏其即又苔體""]",bronze,variant_text,,pending,,text_match
VR_QIANJINYI_0500,SHSRC0034,SHL_SONGBEN_0222,songben,qianjinyi,傷寒論_千金翼方版,若渴欲飲水，口乾舌燥者，白虎加人參湯主之。,若渴欲飲水，口乾舌燥者，白虎湯主之。（方見雜療中。）,0.722,"[""宋本獨有用字：人加參"", ""傷寒論_千金翼方版獨有用字：中方療見雜（）""]",bronze,variant_text,,pending,,text_match
VR_QIANJINYI_0501,SHSRC0034,SHL_SONGBEN_0224,songben,qianjinyi,傷寒論_千金翼方版,陽明病，汗出多而渴者，不可與豬苓湯，以汗多胃中燥，豬苓湯復利其小便故也。,陽明病，汗出多而渴者，不可與豬苓湯，以汗多胃中燥，豬苓湯復利其小便故也。,1.0,[],silver,variant_text,,pending,,text_match
VR_QIANJINYI_0502,SHSRC0034,SHL_SONGBEN_0226,songben,qianjinyi,傷寒論_千金翼方版,若胃中虛冷，不能食者，飲水則噦。,胃中虛冷，其人不能食者，飲水即噦。,0.64,"[""宋本獨有用字：則若"", ""傷寒論_千金翼方版獨有用字：人其即""]",bronze,variant_text,,pending,,text_match
VR_QIANJINYI_0503,SHSRC0034,SHL_SONGBEN_0227,songben,qianjinyi,傷寒論_千金翼方版,脈浮，發熱，口乾，鼻燥，能食者則衄。,脈浮發熱，口乾鼻燥，能食者即衄。,0.833,"[""宋本獨有用字：則"", ""傷寒論_千金翼方版獨有用字：即""]",silver,variant_text,,pending,,text_match
VR_QIANJINYI_0504,SHSRC0034,SHL_SONGBEN_0228,songben,qianjinyi,傷寒論_千金翼方版,陽明病，下之，其外有熱，手足溫，不結胸，心中懊憹，飢不能食，但頭汗出者，梔子豉湯主之。,陽明病，下之，其外有熱，手足溫，不結胸，心中懊　，若飢不能食，但頭汗出，梔子湯主之。方：梔子（十四枚，擘）　香豉（四合，綿裹）,0.711,"[""宋本獨有用字：憹者"", ""傷寒論_千金翼方版獨有用字：　十合四擘方枚綿若裹香（）：""]",bronze,variant_text,,pending,,text_match
VR_QIANJINYI_0505,SHSRC0034,SHL_SONGBEN_0229,songben,qianjinyi,傷寒論_千金翼方版,陽明病，發潮熱，大便溏，小便自可，胸脇滿不去者，與小柴胡湯。,陽明病發潮熱，大便溏，小便自可，而胸脅滿不去，小柴胡湯主之。,0.723,"[""宋本獨有用字：者脇與"", ""傷寒論_千金翼方版獨有用字：主之而脅""]",bronze,variant_text,,pending,,text_match
VR_QIANJINYI_0506,SHSRC0034,SHL_SONGBEN_0230,songben,qianjinyi,傷寒論_千金翼方版,陽明病，脇下鞕滿，不大便，而嘔，舌上白胎者，可與小柴胡湯。上焦得通，津液得下，胃氣因和，身濈然汗出而解。,陽明病，脅下堅滿，不大便而嘔，舌上苔者，可以小柴胡湯，上焦得通，津液得下，胃氣因和，身　然汗出而解。,0.75,"[""宋本獨有用字：濈白胎脇與鞕"", ""傷寒論_千金翼方版獨有用字：　以堅脅苔""]",bronze,variant_text,,pending,,text_match
VR_QIANJINYI_0507,SHSRC0034,SHL_SONGBEN_0231,songben,qianjinyi,傷寒論_千金翼方版,陽明中風，脈弦浮大而短氣，腹都滿，脇下及心痛，久按之氣不通，鼻乾，不得汗，嗜臥，一身及目悉黃，小便難，有潮熱，時時噦，耳前後腫。刺之小差，外不解，病過十日，脈續浮者，與小柴胡湯。,陽明中風，脈弦浮大，而短氣，腹都滿，脅下及心痛，久按之氣不通，鼻干，不得汗，其人嗜臥，一身及目悉黃，小便難，有潮熱，時時噦，耳前後腫。刺之小瘥，外不解，病過十日，脈續浮，與小柴胡湯。但浮，無余證，與麻黃湯。不溺，腹滿加噦，不治。（方見柴胡湯門）,0.753,"[""宋本獨有用字：乾差者脇"", ""傷寒論_千金翼方版獨有用字：人但余其加干方治溺無瘥脅見證門麻（）""]",bronze,variant_text,,pending,,text_match
VR_QIANJINYI_0508,SHSRC0034,SHL_SONGBEN_0233,songben,qianjinyi,傷寒論_千金翼方版,陽明病，自汗出，若發汗，小便自利者，此為津液內竭，雖鞕不可攻之，當須自欲大便，宜蜜煎導而通之，若土瓜根及大豬膽汁，皆可為導。,陽明病汗出，若發其汗，小便自利，此為內竭，雖堅不可攻，當須自欲大便，宜蜜煎導而通之，若土瓜根、豬膽汁皆可以導。方：蜜（七合）,0.68,"[""宋本獨有用字：及津液者鞕"", ""傷寒論_千金翼方版獨有用字：、七以其合堅方（）：""]",bronze,variant_text,,pending,,text_match
VR_QIANJINYI_0509,SHSRC0034,SHL_SONGBEN_0234,songben,qianjinyi,傷寒論_千金翼方版,陽明病，脈遲，汗出多，微惡寒者，表未解也，可發汗，宜桂枝湯。,陽明病，其脈遲，汗出多，而微惡寒，表為未解，可發汗，宜桂枝湯。,0.667,"[""宋本獨有用字：也者"", ""傷寒論_千金翼方版獨有用字：其為而""]",bronze,variant_text,,pending,,text_match
VR_QIANJINYI_0510,SHSRC0034,SHL_SONGBEN_0236,songben,qianjinyi,傷寒論_千金翼方版,陽明病，發熱汗出者，此為熱越，不能發黃也；但頭汗出，身無汗，劑頸而還，小便不利，渴引水漿者，此為瘀熱在裏，身必發黃，茵陳蒿湯主之。,陽明病，發熱而汗出，此為熱越，不能發黃也，但頭汗出，其身無有，齊頸而還，小便不利，渴引水漿，此為瘀熱在裡，身必發黃，茵陳湯主之。,0.75,"[""宋本獨有用字：劑者蒿裏；"", ""傷寒論_千金翼方版獨有用字：其有裡齊""]",bronze,variant_text,,pending,,text_match
VR_QIANJINYI_0511,SHSRC0034,SHL_SONGBEN_0237,songben,qianjinyi,傷寒論_千金翼方版,陽明證，其人喜忘者，必有畜血。所以然者，本有久瘀血，故令喜忘，屎雖鞕，大便反易，其色必黑者，宜抵當湯下之。,陽明證，其人喜忘，必有蓄血，所以然者，本有久瘀血，故令喜忘，雖堅，大便必黑，抵當湯主之。,0.622,"[""宋本獨有用字：下反宜屎易畜色鞕"", ""傷寒論_千金翼方版獨有用字：主堅蓄""]",bronze,variant_text,,pending,,text_match
VR_QIANJINYI_0512,SHSRC0034,SHL_SONGBEN_0241,songben,qianjinyi,傷寒論_千金翼方版,大下後，六七日不大便，煩不解，腹滿痛者，此有燥屎也。所以然者，本有宿食故也，宜大承氣湯。,大下後，六七日不大便，煩不解，腹滿痛者，此有燥屎，所以然者，本有宿食故也，宜承氣湯。,0.912,[],silver,variant_text,,pending,,text_match
VR_QIANJINYI_0513,SHSRC0034,SHL_SONGBEN_0242,songben,qianjinyi,傷寒論_千金翼方版,病人小便不利，大便乍難乍易，時有微熱，喘冒不能臥者，有燥屎也。宜大承氣湯。,病者小便不利，大便乍難乍易，時有微熱，怫鬱不能臥，有燥屎故也，宜承氣湯。,0.678,"[""宋本獨有用字：人冒喘"", ""傷寒論_千金翼方版獨有用字：怫故鬱""]",bronze,variant_text,,pending,,text_match
VR_QIANJINYI_0514,SHSRC0034,SHL_SONGBEN_0250,songben,qianjinyi,傷寒論_千金翼方版,太陽病，若吐、若下，若發汗後，微煩，小便數，大便因鞕者，與小承氣湯，和之愈。,太陽病，吐下發汗後，微煩，小便數，大便因堅，可與小承氣湯和之則愈。,0.667,"[""宋本獨有用字：、者若鞕"", ""傷寒論_千金翼方版獨有用字：則可堅""]",bronze,variant_text,,pending,,text_match
VR_QIANJINYI_0515,SHSRC0034,SHL_SONGBEN_0252,songben,qianjinyi,傷寒論_千金翼方版,傷寒六七日，目中不了了，睛不和，無表裏證，大便難，身微熱者，此為實也。急下之，宜大承氣湯。,傷寒六七日，目中不了了，睛不和，無表裡證，大便難，微熱者，此為實，急下之。,0.762,"[""宋本獨有用字：也宜承氣湯裏身"", ""傷寒論_千金翼方版獨有用字：裡""]",bronze,variant_text,,pending,,text_match
VR_QIANJINYI_0516,SHSRC0034,SHL_SONGBEN_0253,songben,qianjinyi,傷寒論_千金翼方版,陽明病，發熱，汗多者，急下之，宜大承氣湯。,陽明病，發熱汗多者，急下之，宜承氣湯。,0.897,"[""宋本獨有用字：大""]",silver,variant_text,,pending,,text_match
VR_QIANJINYI_0517,SHSRC0034,SHL_SONGBEN_0254,songben,qianjinyi,傷寒論_千金翼方版,發汗不解，腹滿痛者，急下之，宜大承氣湯。,發汗不解，腹滿痛者，急下之，宜承氣湯。,0.897,"[""宋本獨有用字：大""]",silver,variant_text,,pending,,text_match
VR_QIANJINYI_0518,SHSRC0034,SHL_SONGBEN_0255,songben,qianjinyi,傷寒論_千金翼方版,腹滿不減，減不足言，當下之，宜大承氣湯。,腹滿不減，減不足言，當下之，宜承氣湯。,0.897,"[""宋本獨有用字：大""]",silver,variant_text,,pending,,text_match
VR_QIANJINYI_0519,SHSRC0034,SHL_SONGBEN_0263,songben,qianjinyi,傷寒論_千金翼方版,少陽之為病，口苦，咽乾，目眩也。,少陽之為病，口苦咽乾目眩也。,1.0,[],silver,variant_text,,pending,,text_match
VR_QIANJINYI_0520,SHSRC0034,SHL_SONGBEN_0264,songben,qianjinyi,傷寒論_千金翼方版,少陽中風，兩耳無所聞，目赤，胸中滿而煩者，不可吐下，吐下則悸而驚。,少陽中風，兩耳無所聞，目赤，胸中滿而煩，不可吐下，吐下則悸而驚。,0.939,"[""宋本獨有用字：者""]",silver,variant_text,,pending,,text_match
VR_QIANJINYI_0521,SHSRC0034,SHL_SONGBEN_0265,songben,qianjinyi,傷寒論_千金翼方版,傷寒，脈弦細，頭痛發熱者，屬少陽。少陽不可發汗，發汗則譫語，此屬胃，胃和則愈；胃不和，煩而悸。,傷寒病，脈弦細，頭痛而發熱，此為屬少陽。少陽不可發汗，發汗則譫語，為屬胃。胃和即愈，不和煩而悸。,0.696,"[""宋本獨有用字：者；"", ""傷寒論_千金翼方版獨有用字：即為病""]",bronze,variant_text,,pending,,text_match
VR_QIANJINYI_0522,SHSRC0034,SHL_SONGBEN_0268,songben,qianjinyi,傷寒論_千金翼方版,三陽合病，脈浮大，上關上，但欲眠睡，目合則汗。,三陽脈浮大，上關上，但欲寐，目合則汗。,0.71,"[""宋本獨有用字：病眠睡"", ""傷寒論_千金翼方版獨有用字：寐""]",bronze,variant_text,,pending,,text_match
VR_QIANJINYI_0523,SHSRC0034,SHL_SONGBEN_0269,songben,qianjinyi,傷寒論_千金翼方版,傷寒六七日，無大熱，其人躁煩者，此為陽去入陰故也。,傷寒六七日，無大熱，其人躁煩，此為陽去入陰故也。,0.923,"[""宋本獨有用字：者""]",silver,variant_text,,pending,,text_match
VR_QIANJINYI_0524,SHSRC0034,SHL_SONGBEN_0270,songben,qianjinyi,傷寒論_千金翼方版,傷寒三日，三陽為盡，三陰當受邪，其人反能食而不嘔，此為三陰不受邪也。,傷寒三日，三陽為盡，三陰當受其邪，其人反能食而不嘔，此為三陰不受其邪。,0.923,"[""宋本獨有用字：也""]",silver,variant_text,,pending,,text_match
VR_QIANJINYI_0525,SHSRC0034,SHL_SONGBEN_0271,songben,qianjinyi,傷寒論_千金翼方版,傷寒三日，少陽脈小者，欲已也。,傷寒三日，少陽脈小，欲已。,0.8,"[""宋本獨有用字：也者""]",silver,variant_text,,pending,,text_match
VR_QIANJINYI_0526,SHSRC0034,SHL_SONGBEN_0272,songben,qianjinyi,傷寒論_千金翼方版,少陽病，欲解時，從寅至辰上。,少陽病，欲解時，從寅盡辰。,0.737,"[""宋本獨有用字：上至"", ""傷寒論_千金翼方版獨有用字：盡""]",bronze,variant_text,,pending,,text_match
VR_QIANJINYI_0527,SHSRC0034,SHL_SONGBEN_0274,songben,qianjinyi,傷寒論_千金翼方版,太陰中風，四肢煩疼，脈陽微陰濇而長者，為欲愈。,太陰中風，四肢煩疼，陽微陰澀而長，為欲愈。,0.706,"[""宋本獨有用字：濇者脈"", ""傷寒論_千金翼方版獨有用字：澀""]",bronze,variant_text,,pending,,text_match
VR_QIANJINYI_0528,SHSRC0034,SHL_SONGBEN_0275,songben,qianjinyi,傷寒論_千金翼方版,太陰病，欲解時，從亥至丑上。,太陰病，欲解時，從亥盡丑。,0.737,"[""宋本獨有用字：上至"", ""傷寒論_千金翼方版獨有用字：盡""]",bronze,variant_text,,pending,,text_match
VR_QIANJINYI_0529,SHSRC0034,SHL_SONGBEN_0277,songben,qianjinyi,傷寒論_千金翼方版,自利不渴者，屬太陰，以其臟有寒故也，當溫之，宜服四逆輩。,自利不渴者，屬太陰，其臟有寒故也，當溫之，宜四逆輩。,0.857,"[""宋本獨有用字：以服""]",silver,variant_text,,pending,,text_match
VR_QIANJINYI_0530,SHSRC0034,SHL_SONGBEN_0278,songben,qianjinyi,傷寒論_千金翼方版,傷寒脈浮而緩，手足自溫者，繫在太陰。太陰當發身黃，若小便自利者，不能發黃；至七八日，雖暴煩下利，日十餘行，必自止，以脾家實，腐穢當去故也。,傷寒脈浮而緩，手足溫，是為系在太陰，太陰當發黃；小便自利，利者不能發黃，至七八日，雖煩，暴利十余行，必自止，所以自止者，脾家實，腐穢當去故也。,0.661,"[""宋本獨有用字：下繫若身餘"", ""傷寒論_千金翼方版獨有用字：余所是為系""]",bronze,variant_text,,pending,,text_match
VR_QIANJINYI_0531,SHSRC0034,SHL_SONGBEN_0280,songben,qianjinyi,傷寒論_千金翼方版,太陰為病，脈弱，其人續自便利，設當行大黃、芍藥者，宜減之，以其人胃氣弱，易動故也。,人無陽證，脈弱，其人續自便利，設當行大黃芍藥者，減之，其人胃氣弱，易動故也。,0.767,"[""宋本獨有用字：、以太宜為病陰"", ""傷寒論_千金翼方版獨有用字：無證陽""]",bronze,variant_text,,pending,,text_match
VR_QIANJINYI_0532,SHSRC0034,SHL_SONGBEN_0281,songben,qianjinyi,傷寒論_千金翼方版,少陰之為病，脈微細，但欲寐也。,少陰之為病，脈微細，但欲寐。,0.952,"[""宋本獨有用字：也""]",silver,variant_text,,pending,,text_match
VR_QIANJINYI_0533,SHSRC0034,SHL_SONGBEN_0284,songben,qianjinyi,傷寒論_千金翼方版,少陰病，欬而下利，譫語者，被火氣劫故也。小便必難，以強責少陰汗也。,少陰病，咳而下利，譫語，是為被火氣劫故也，小便必難，為強責少陰汗也。,0.745,"[""宋本獨有用字：以欬者"", ""傷寒論_千金翼方版獨有用字：咳是為""]",bronze,variant_text,,pending,,text_match
VR_QIANJINYI_0534,SHSRC0034,SHL_SONGBEN_0285,songben,qianjinyi,傷寒論_千金翼方版,少陰病，脈細沉數，病為在裏，不可發汗。,少陰病，脈細沉數，病在裡，不可發其汗。,0.643,"[""宋本獨有用字：為裏"", ""傷寒論_千金翼方版獨有用字：其裡""]",bronze,variant_text,,pending,,text_match
VR_QIANJINYI_0535,SHSRC0034,SHL_SONGBEN_0286,songben,qianjinyi,傷寒論_千金翼方版,少陰病，脈微，不可發汗，亡陽故也。陽已虛，尺脈弱濇者，復不可下之。,少陰病，脈微不可發其汗，無陽故也；陽已虛，尺中弱澀者，復不可下之。,0.694,"[""宋本獨有用字：亡濇"", ""傷寒論_千金翼方版獨有用字：中其澀無；""]",bronze,variant_text,,pending,,text_match
VR_QIANJINYI_0536,SHSRC0034,SHL_SONGBEN_0287,songben,qianjinyi,傷寒論_千金翼方版,少陰病，脈緊，至七八日，自下利，脈暴微，手足反溫，脈緊反去者，為欲解也，雖煩下利，必自愈。,少陰病，脈緊者，至七八日，下利，其脈暴微，手足反溫，其脈緊反去，此為欲解，雖煩，下利必自愈。,0.719,"[""宋本獨有用字：也"", ""傷寒論_千金翼方版獨有用字：其此""]",bronze,variant_text,,pending,,text_match
VR_QIANJINYI_0537,SHSRC0034,SHL_SONGBEN_0288,songben,qianjinyi,傷寒論_千金翼方版,少陰病，下利，若利自止，惡寒而踡臥，手足溫者，可治。,少陰病，下利，若利止，惡寒而蜷，手足溫者，可治。,0.778,"[""宋本獨有用字：臥自踡"", ""傷寒論_千金翼方版獨有用字：蜷""]",bronze,variant_text,,pending,,text_match
VR_QIANJINYI_0538,SHSRC0034,SHL_SONGBEN_0289,songben,qianjinyi,傷寒論_千金翼方版,少陰病，惡寒而踡，時自煩，欲去衣被者，可治。,少陰病，惡寒而蜷，時自煩，欲去其衣被，可治。,0.688,"[""宋本獨有用字：者踡"", ""傷寒論_千金翼方版獨有用字：其蜷""]",bronze,variant_text,,pending,,text_match
VR_QIANJINYI_0539,SHSRC0034,SHL_SONGBEN_0290,songben,qianjinyi,傷寒論_千金翼方版,少陰中風，脈陽微陰浮者，為欲愈。,少陰中風，其脈陽微陰浮，為欲愈。,0.75,"[""宋本獨有用字：者"", ""傷寒論_千金翼方版獨有用字：其""]",bronze,variant_text,,pending,,text_match
VR_QIANJINYI_0540,SHSRC0034,SHL_SONGBEN_0291,songben,qianjinyi,傷寒論_千金翼方版,少陰病，欲解時，從子至寅上。,少陰病，欲解時，從子盡寅。,0.737,"[""宋本獨有用字：上至"", ""傷寒論_千金翼方版獨有用字：盡""]",bronze,variant_text,,pending,,text_match
VR_QIANJINYI_0541,SHSRC0034,SHL_SONGBEN_0292,songben,qianjinyi,傷寒論_千金翼方版,少陰病，吐、利，手足不逆冷，反發熱者，不死；脈不至者，灸少陰七壯。,少陰病，其人吐利，手足不逆，反發熱，不死，脈不足者，灸其少陰七壯。,0.638,"[""宋本獨有用字：、冷至；"", ""傷寒論_千金翼方版獨有用字：人其""]",bronze,variant_text,,pending,,text_match
VR_QIANJINYI_0542,SHSRC0034,SHL_SONGBEN_0293,songben,qianjinyi,傷寒論_千金翼方版,少陰病，八九日，一身手足盡熱者，以熱在膀胱，必便血也。,少陰病，八九日，而一身手足盡熱，熱在膀胱，必便血。,0.8,"[""宋本獨有用字：也以者"", ""傷寒論_千金翼方版獨有用字：而""]",silver,variant_text,,pending,,text_match
VR_QIANJINYI_0543,SHSRC0034,SHL_SONGBEN_0294,songben,qianjinyi,傷寒論_千金翼方版,少陰病，但厥，無汗，而強發之，必動其血。未知從何道出，或從口鼻，或從目出者，是名下厥上竭，為難治。,少陰病，但厥無汗，強發之必動血，未知從何道出，或從口鼻目出，是為下厥上竭，為難治。,0.771,"[""宋本獨有用字：其名者而""]",bronze,variant_text,,pending,,text_match
VR_QIANJINYI_0544,SHSRC0034,SHL_SONGBEN_0295,songben,qianjinyi,傷寒論_千金翼方版,少陰病，惡寒，身踡而利，手足逆冷者，不治。,少陰病，惡寒，蜷而利，手足逆者，不治。,0.714,"[""宋本獨有用字：冷踡身"", ""傷寒論_千金翼方版獨有用字：蜷""]",bronze,variant_text,,pending,,text_match
VR_QIANJINYI_0545,SHSRC0034,SHL_SONGBEN_0297,songben,qianjinyi,傷寒論_千金翼方版,少陰病，下利止而頭眩，時時自冒者，死。,少陰病，下利止而眩，時時自冒者死。,0.889,"[""宋本獨有用字：頭""]",silver,variant_text,,pending,,text_match
VR_QIANJINYI_0546,SHSRC0034,SHL_SONGBEN_0298,songben,qianjinyi,傷寒論_千金翼方版,少陰病，四逆，惡寒而身踡，脈不至，不煩而躁者，死。,少陰病，四逆惡寒而蜷，其脈不至，其人不煩而躁者，死。,0.737,"[""宋本獨有用字：踡身"", ""傷寒論_千金翼方版獨有用字：人其蜷""]",bronze,variant_text,,pending,,text_match
VR_QIANJINYI_0547,SHSRC0034,SHL_SONGBEN_0299,songben,qianjinyi,傷寒論_千金翼方版,少陰病，六七日，息高者，死。,少陰病六七日，其息高者，死。,0.842,"[""傷寒論_千金翼方版獨有用字：其""]",silver,variant_text,,pending,,text_match
VR_QIANJINYI_0548,SHSRC0034,SHL_SONGBEN_0300,songben,qianjinyi,傷寒論_千金翼方版,少陰病，脈微細沉，但欲臥，汗出不煩，自欲吐。至五六日，自利，復煩躁不得臥寐者，死。,少陰病，脈微細沉，但欲臥，汗出不煩，自欲吐，至五六日，自利，復煩躁不得臥寐者，死。,1.0,[],silver,variant_text,,pending,,text_match
VR_QIANJINYI_0549,SHSRC0034,SHL_SONGBEN_0301,songben,qianjinyi,傷寒論_千金翼方版,少陰病，始得之，反發熱，脈沉者，麻黃細辛附子湯主之。,少陰病，始得之，反發熱，脈反沉者，麻黃細辛附子湯主之。方：麻黃（二兩，去節）　細辛（二兩）　附子（一枚，炮，去皮，破八片）,0.655,"[""傷寒論_千金翼方版獨有用字：　一二兩八去方枚炮片皮破節（）：""]",bronze,variant_text,,pending,,text_match
VR_QIANJINYI_0550,SHSRC0034,SHL_SONGBEN_0302,songben,qianjinyi,傷寒論_千金翼方版,少陰病，得之二三日，麻黃附子甘草湯微發汗，以二三日無證，故微發汗也。,少陰病，得之二三日，麻黃附子甘草湯微發汗。,0.829,"[""宋本獨有用字：也以故無證""]",silver,variant_text,,pending,,text_match
VR_QIANJINYI_0551,SHSRC0034,SHL_SONGBEN_0304,songben,qianjinyi,傷寒論_千金翼方版,少陰病，得之一二日，口中和，其背惡寒者，當灸之，附子湯主之。,少陰病，得之一二日，口中和，其背中惡寒者，當灸之，附子湯主之。,0.936,[],silver,variant_text,,pending,,text_match
VR_QIANJINYI_0552,SHSRC0034,SHL_SONGBEN_0306,songben,qianjinyi,傷寒論_千金翼方版,少陰病，下利，便膿血者，桃花湯主之。,少陰病，下利便膿血，桃花湯主之。,0.88,"[""宋本獨有用字：者""]",silver,variant_text,,pending,,text_match
VR_QIANJINYI_0553,SHSRC0034,SHL_SONGBEN_0308,songben,qianjinyi,傷寒論_千金翼方版,少陰病，下利，便膿血者，可刺。,少陰病，下利便膿血者，可刺。,1.0,[],silver,variant_text,,pending,,text_match
VR_QIANJINYI_0554,SHSRC0034,SHL_SONGBEN_0309,songben,qianjinyi,傷寒論_千金翼方版,少陰病，吐利，手足逆冷，煩躁欲死者，吳茱萸湯主之。,少陰病，吐利，手足逆，煩躁欲死者，茱萸湯主之。（方見陽明門）,0.732,"[""宋本獨有用字：冷吳"", ""傷寒論_千金翼方版獨有用字：方明見門陽（）""]",bronze,variant_text,,pending,,text_match
VR_QIANJINYI_0555,SHSRC0034,SHL_SONGBEN_0310,songben,qianjinyi,傷寒論_千金翼方版,少陰病，下利，咽痛，胸滿，心煩，豬膚湯主之。,少陰病，下利，咽痛，胸滿，心煩，豬膚湯主之。方：豬膚（一斤）,0.882,"[""傷寒論_千金翼方版獨有用字：一斤方（）：""]",silver,variant_text,,pending,,text_match
VR_QIANJINYI_0556,SHSRC0034,SHL_SONGBEN_0313,songben,qianjinyi,傷寒論_千金翼方版,少陰病，咽中痛，半夏散及湯主之。,少陰病，咽中痛，半夏散及湯主之。方：半夏（洗）　桂枝　甘草（炙）,0.75,"[""傷寒論_千金翼方版獨有用字：　方枝桂洗炙甘草（）：""]",bronze,variant_text,,pending,,text_match
VR_QIANJINYI_0557,SHSRC0034,SHL_SONGBEN_0315,songben,qianjinyi,傷寒論_千金翼方版,少陰病，下利，脈微者，與白通湯。利不止，厥逆無脈，乾嘔煩者，白通加豬膽汁湯主之。服湯，脈暴出者死，微續者生。,少陰病，下利脈微，服白通湯，利不止，厥逆無脈，干煩者，白通加豬膽汁湯主之。方豬膽汁（一合）　人尿（五合）,0.623,"[""宋本獨有用字：乾出嘔暴死生續與"", ""傷寒論_千金翼方版獨有用字：　一五人合尿干方（）""]",bronze,variant_text,,pending,,text_match
VR_QIANJINYI_0558,SHSRC0034,SHL_SONGBEN_0316,songben,qianjinyi,傷寒論_千金翼方版,少陰病，二三日不已，至四五日，腹痛，小便不利，四肢沉重疼痛，自下利者，此為有水氣。其人或欬，或小便利，或下利，或嘔者，真武湯主之。,少陰病，二三日不已，至四五日，腹痛，小便不利，四肢沉重疼痛而利，此為有水氣，其人或咳，或小便不利，或下利，或嘔，玄武湯主之。方：茯苓　芍藥　生薑（各三兩，切）　白朮（二兩）　附子（一枚，炮，去皮，破八片）,0.644,"[""宋本獨有用字：欬真者自"", ""傷寒論_千金翼方版獨有用字：　一兩八切去各咳子方朮枚炮片玄生白皮破而芍苓茯薑藥附（）：""]",bronze,variant_text,,pending,,text_match
VR_QIANJINYI_0559,SHSRC0034,SHL_SONGBEN_0317,songben,qianjinyi,傷寒論_千金翼方版,少陰病，下利清穀，裏寒外熱，手足厥逆，脈微欲絕，身反不惡寒。其人面色赤，或腹痛，或乾嘔，或咽痛，或利止脈不出者，通脈四逆湯主之。,少陰病，下利清穀，裡寒外熱，手足厥逆，脈微欲絕，身反惡寒，其人面赤，或腹痛，或乾嘔，或咽痛，或下利止而脈不出，通脈四逆湯主之。方：甘草（二兩，炙）　附子（大者一枚，生，去皮，破八片）　乾薑（三兩，強人可四兩）,0.64,"[""宋本獨有用字：色裏"", ""傷寒論_千金翼方版獨有用字：　一三二兩八去可大子強方枚炙片甘生皮破而草薑裡附（）：""]",bronze,variant_text,,pending,,text_match
VR_QIANJINYI_0560,SHSRC0034,SHL_SONGBEN_0318,songben,qianjinyi,傷寒論_千金翼方版,少陰病，四逆，其人或欬，或悸，或小便不利，或腹中痛，或泄利下重者，四逆散主之。,少陰病，四逆，其人或咳，或悸，或小便不利，或腹中痛，或瀉利下重，四逆散主之。,0.807,"[""宋本獨有用字：欬泄者"", ""傷寒論_千金翼方版獨有用字：咳瀉""]",silver,variant_text,,pending,,text_match
VR_QIANJINYI_0561,SHSRC0034,SHL_SONGBEN_0319,songben,qianjinyi,傷寒論_千金翼方版,少陰病，下利，六七日，欬而嘔渴，心煩不得眠者，豬苓湯主之。,少陰病，下利六七日，咳而嘔渴，心煩不得眠，豬苓湯主之。（方見陽明門。）,0.75,"[""宋本獨有用字：欬者"", ""傷寒論_千金翼方版獨有用字：咳方明見門陽（）""]",bronze,variant_text,,pending,,text_match
VR_QIANJINYI_0562,SHSRC0034,SHL_SONGBEN_0320,songben,qianjinyi,傷寒論_千金翼方版,少陰病，得之二三日，口燥，咽乾者，急下之，宜大承氣湯。,少陰病，得之二三日，口燥咽乾者，急下之。,0.857,"[""宋本獨有用字：大宜承氣湯""]",silver,variant_text,,pending,,text_match
VR_QIANJINYI_0563,SHSRC0034,SHL_SONGBEN_0321,songben,qianjinyi,傷寒論_千金翼方版,少陰病，自利清水，色純青，心下必痛，口乾燥者，可下之，宜大承氣湯。,少陰病，利清水色，青者，心下必痛，口乾燥者，可下之，宜承氣湯（一云大柴胡。）,0.679,"[""宋本獨有用字：純自"", ""傷寒論_千金翼方版獨有用字：一云柴胡（）""]",bronze,variant_text,,pending,,text_match
VR_QIANJINYI_0564,SHSRC0034,SHL_SONGBEN_0322,songben,qianjinyi,傷寒論_千金翼方版,少陰病，六七日，腹脹，不大便者，急下之，宜大承氣湯。,少陰病六七日，腹滿不大便者，急下之，宜承氣湯。（方見承氣湯中）,0.732,"[""宋本獨有用字：脹"", ""傷寒論_千金翼方版獨有用字：中方滿見（）""]",bronze,variant_text,,pending,,text_match
VR_QIANJINYI_0565,SHSRC0034,SHL_SONGBEN_0323,songben,qianjinyi,傷寒論_千金翼方版,少陰病，脈沉者，急溫之，宜四逆湯。,少陰病，其脈沉者，當溫之，宜四逆湯。,0.72,"[""宋本獨有用字：急"", ""傷寒論_千金翼方版獨有用字：其當""]",bronze,variant_text,,pending,,text_match
VR_QIANJINYI_0566,SHSRC0034,SHL_SONGBEN_0324,songben,qianjinyi,傷寒論_千金翼方版,少陰病，飲食入口則吐，心中溫溫欲吐，復不能吐，始得之，手足寒，脈弦遲者，此胸中實，不可下也，當吐之。若膈上有寒飲，乾嘔者，不可吐也，當溫之，宜四逆湯。,少陰病，其人飲食入則吐，心中溫溫欲吐，復不能吐，始得之，手足寒，脈弦遲，此胸中實，不可下也，當遂吐之。若膈上有寒飲，乾嘔者，不可吐，當溫之，宜四逆湯。（方見陽明門。）,0.833,"[""宋本獨有用字：口"", ""傷寒論_千金翼方版獨有用字：人其方明見遂門陽（）""]",silver,variant_text,,pending,,text_match
VR_QIANJINYI_0567,SHSRC0034,SHL_SONGBEN_0326,songben,qianjinyi,傷寒論_千金翼方版,厥陰之為病，消渴，氣上撞心，心中疼熱，飢而不欲食，食則吐蚘。下之利不止。,厥陰之為病，消渴，氣上撞，心中疼熱，飢而不欲食，甚者則欲吐蛔，下之不肯止。,0.667,"[""宋本獨有用字：利蚘"", ""傷寒論_千金翼方版獨有用字：甚者肯蛔""]",bronze,variant_text,,pending,,text_match
VR_QIANJINYI_0568,SHSRC0034,SHL_SONGBEN_0327,songben,qianjinyi,傷寒論_千金翼方版,厥陰中風，脈微浮為欲愈，不浮為未愈。,厥陰中風，其脈微浮為欲愈，不浮為未愈。,0.889,"[""傷寒論_千金翼方版獨有用字：其""]",silver,variant_text,,pending,,text_match
VR_QIANJINYI_0569,SHSRC0034,SHL_SONGBEN_0328,songben,qianjinyi,傷寒論_千金翼方版,厥陰病，欲解時，從丑至卯上。,厥陰病，欲解時，從丑盡卯。,0.737,"[""宋本獨有用字：上至"", ""傷寒論_千金翼方版獨有用字：盡""]",bronze,variant_text,,pending,,text_match
VR_QIANJINYI_0570,SHSRC0034,SHL_SONGBEN_0330,songben,qianjinyi,傷寒論_千金翼方版,諸四逆厥者，不可下之，虛家亦然。,諸四逆厥者，不可下之，虛家亦然。,1.0,[],silver,variant_text,,pending,,text_match
VR_QIANJINYI_0571,SHSRC0034,SHL_SONGBEN_0331,songben,qianjinyi,傷寒論_千金翼方版,傷寒，先厥，後發熱而利者，必自止。見厥復利。,傷寒先厥，後發熱而利者，必止。見厥復利。,0.903,"[""宋本獨有用字：自""]",silver,variant_text,,pending,,text_match
VR_QIANJINYI_0572,SHSRC0034,SHL_SONGBEN_0332,songben,qianjinyi,傷寒論_千金翼方版,傷寒，始發熱六日，厥反九日而利。凡厥利者，當不能食；今反能食者，恐為除中。食以索餅，不發熱者，知胃氣尚在，必愈。恐暴熱來出而復去也。後三日脈之，其熱續在者，期之旦日夜半愈。所以然者，本發熱六日，厥反九日，復發熱三日，并前六日，亦為九日，與厥相應，故期之旦日夜半愈。後三日脈之而脈數，其熱不罷者，此為熱氣有餘，必發癰膿也。,傷寒始發熱六日，厥反九日而下利。厥利當不能食，今反能食，恐為除中。食之黍餅，不發熱者，知胃氣尚在，必愈。恐暴熱來出而復去也，後日脈之，其熱續在，期之旦日夜半愈。所以然者，本發熱六日，厥反九日，復發熱三日，並前六日，亦為九日，與厥相應，故期之旦日夜半愈。後三日脈之數，其熱不罷，此為熱氣有餘，必發癰膿。,0.838,"[""宋本獨有用字：凡并索；"", ""傷寒論_千金翼方版獨有用字：下並黍""]",silver,variant_text,,pending,,text_match
VR_QIANJINYI_0573,SHSRC0034,SHL_SONGBEN_0333,songben,qianjinyi,傷寒論_千金翼方版,傷寒脈遲，六七日，而反與黃芩湯徹其熱，脈遲為寒，今與黃芩湯復除其熱，腹中應冷，當不能食，今反能食，此名除中，必死。,傷寒脈遲，六七日，而反與黃芩湯徹其熱，脈遲為寒，與黃芩湯復除其熱，腹中冷，當不能食，今反能食，此為除中，必死。,0.872,"[""宋本獨有用字：名應""]",silver,variant_text,,pending,,text_match
VR_QIANJINYI_0574,SHSRC0034,SHL_SONGBEN_0334,songben,qianjinyi,傷寒論_千金翼方版,傷寒，先厥後發熱，下利必自止。而反汗出，咽中痛者，其喉為痹。發熱無汗，而利必自止；若不止，必便膿血。便膿血者，其喉不痹。,傷寒先發厥熱，下利必自止，而反汗出，咽中強痛，其喉為痹。發熱無汗，而利必自止；便膿血，便膿血者，其喉不痹。,0.773,"[""宋本獨有用字：後若"", ""傷寒論_千金翼方版獨有用字：強""]",bronze,variant_text,,pending,,text_match
VR_QIANJINYI_0575,SHSRC0034,SHL_SONGBEN_0335,songben,qianjinyi,傷寒論_千金翼方版,傷寒，一二日至四五日厥者，必發熱，前熱者，後必厥。厥深者，熱亦深；厥微者，熱亦微。厥應下之，而反發汗者，必口傷爛赤。,傷寒一二日至四五日，厥者必發熱，前厥者後必熱，厥深熱亦深，厥微熱亦微，厥應下之，而發其汗者，口傷爛赤。,0.756,"[""宋本獨有用字：反；"", ""傷寒論_千金翼方版獨有用字：其""]",bronze,variant_text,,pending,,text_match
VR_QIANJINYI_0576,SHSRC0034,SHL_SONGBEN_0336,songben,qianjinyi,傷寒論_千金翼方版,傷寒病，厥五日，熱亦五日。設六日，當復厥，不厥者自愈。厥終不過五日，以熱五日，故知自愈。,傷寒病，厥五日，熱亦五日，設六日，當復厥，不厥者自愈。厥不過五日，以熱五日，故知自愈。,0.966,"[""宋本獨有用字：終""]",silver,variant_text,,pending,,text_match
VR_QIANJINYI_0577,SHSRC0034,SHL_SONGBEN_0337,songben,qianjinyi,傷寒論_千金翼方版,凡厥者，陰陽氣不相順接，便為厥。厥者，手足逆冷者是也。,凡厥者，陰陽氣不相順接，便為厥。厥者，手足逆者是。,0.895,"[""宋本獨有用字：也冷""]",silver,variant_text,,pending,,text_match
VR_QIANJINYI_0578,SHSRC0034,SHL_SONGBEN_0338,songben,qianjinyi,傷寒論_千金翼方版,傷寒，脈微而厥，至七八日，膚冷，其人躁無暫安時者，此為藏厥，非蚘厥也。蚘厥者，其人當吐蚘，令病者靜而復時煩者，此為藏寒。蚘上入其膈故煩，須臾復止，得食而嘔，又煩者，蚘聞食臭出，其人常自吐蚘。蚘厥者，烏梅丸主之。又主久利。,傷寒脈微而厥，至七八日，膚冷，其人躁無安時，此為臟寒，蛔上入其膈，蛔厥者，其人當吐蛔。令病者靜，而復時煩，此為臟寒。蛔上入其膈，故煩，須臾復止，得食而嘔又煩者，蛔聞食臭必出，其人常自吐蛔，蛔厥者，烏梅丸主之。方：烏梅（三百枚）　細辛（六兩）　乾薑（十兩）　黃連（十六兩）　當歸（四兩）　蜀椒（四兩）,0.632,"[""宋本獨有用字：久也利暫藏蚘非"", ""傷寒論_千金翼方版獨有用字：　三乾兩六十四必方枚椒歸百細臟薑蛔蜀辛連黃（）：""]",bronze,variant_text,,pending,,text_match
VR_QIANJINYI_0579,SHSRC0034,SHL_SONGBEN_0339,songben,qianjinyi,傷寒論_千金翼方版,傷寒，熱少微厥，指頭寒，嘿嘿不欲食，煩躁。數日，小便利，色白者，此熱除也，欲得食，其病為愈。若厥而嘔，胸脇煩滿者，其後必便血。,傷寒熱少微厥，稍頭寒，嘿嘿不欲食，煩躁，數日，小便利，色白者，熱除也，得食，其病為愈；若厥而嘔，胸脅煩滿，其後必便血。（稍頭一作指頭。）,0.796,"[""宋本獨有用字：此脇"", ""傷寒論_千金翼方版獨有用字：一作稍脅（）；""]",bronze,variant_text,,pending,,text_match
VR_QIANJINYI_0580,SHSRC0034,SHL_SONGBEN_0340,songben,qianjinyi,傷寒論_千金翼方版,病者手足厥冷，言我不結胸，小腹滿，按之痛者，此冷結在膀胱關元也。,病者手足厥冷，言我不結胸，少腹滿，按之痛，此冷結在膀胱關元也。,0.863,"[""宋本獨有用字：小"", ""傷寒論_千金翼方版獨有用字：少""]",silver,variant_text,,pending,,text_match
VR_QIANJINYI_0581,SHSRC0034,SHL_SONGBEN_0341,songben,qianjinyi,傷寒論_千金翼方版,傷寒發熱四日，厥反三日，復熱四日，厥少熱多者，其病當愈。四日至七日，熱不除者，必便膿血。,傷寒發熱四日，厥反三日，復發熱四日，厥少熱多，其病當愈，四日至六七日，不除，必便膿血。,0.767,"[""宋本獨有用字：者"", ""傷寒論_千金翼方版獨有用字：六""]",bronze,variant_text,,pending,,text_match
VR_QIANJINYI_0582,SHSRC0034,SHL_SONGBEN_0342,songben,qianjinyi,傷寒論_千金翼方版,傷寒，厥四日，熱反三日，復厥五日，其病為進。寒多熱少，陽氣退，故為進也。,傷寒厥四日，熱反三日，復厥五日，其病為進，寒多熱少，陽氣退，故為進。,0.98,[],silver,variant_text,,pending,,text_match
VR_QIANJINYI_0583,SHSRC0034,SHL_SONGBEN_0343,songben,qianjinyi,傷寒論_千金翼方版,傷寒六七日，脈微，手足厥冷，煩躁，灸厥陰，厥不還者，死。,傷寒六七日，其脈微，手足厥，煩躁，灸其厥陰，厥不還者，死。,0.78,"[""宋本獨有用字：冷"", ""傷寒論_千金翼方版獨有用字：其""]",bronze,variant_text,,pending,,text_match
VR_QIANJINYI_0584,SHSRC0034,SHL_SONGBEN_0344,songben,qianjinyi,傷寒論_千金翼方版,傷寒發熱，下利，厥逆，躁不得臥者，死。,傷寒，下利厥逆，躁不能臥者，死。,0.667,"[""宋本獨有用字：得熱發"", ""傷寒論_千金翼方版獨有用字：能""]",bronze,variant_text,,pending,,text_match
VR_QIANJINYI_0585,SHSRC0034,SHL_SONGBEN_0345,songben,qianjinyi,傷寒論_千金翼方版,傷寒發熱，下利至甚，厥不止者，死。,傷寒發熱，下利至厥不止者，死。,0.87,"[""宋本獨有用字：甚""]",silver,variant_text,,pending,,text_match
VR_QIANJINYI_0586,SHSRC0034,SHL_SONGBEN_0346,songben,qianjinyi,傷寒論_千金翼方版,傷寒六七日，不利，便發熱而利，其人汗出不止者，死。有陰無陽故也。,傷寒六七日不利，便發熱而利，其人汗出不止者，死，有陰無陽故也。,1.0,[],silver,variant_text,,pending,,text_match
VR_QIANJINYI_0587,SHSRC0034,SHL_SONGBEN_0347,songben,qianjinyi,傷寒論_千金翼方版,傷寒五六日，不結胸，腹濡，脈虛復厥者，不可下，此亡血，下之死。,傷寒五六日，不結胸，腹濡，脈虛復厥者，忌下。下之亡血則死。,0.711,"[""宋本獨有用字：可此"", ""傷寒論_千金翼方版獨有用字：則忌""]",bronze,variant_text,,pending,,text_match
VR_QIANJINYI_0588,SHSRC0034,SHL_SONGBEN_0349,songben,qianjinyi,傷寒論_千金翼方版,傷寒脈促，手足厥逆，可灸之。,傷寒脈促，手足厥逆者，可灸之。,0.857,"[""傷寒論_千金翼方版獨有用字：者""]",silver,variant_text,,pending,,text_match
VR_QIANJINYI_0589,SHSRC0034,SHL_SONGBEN_0350,songben,qianjinyi,傷寒論_千金翼方版,傷寒，脈滑而厥者，裏有熱，白虎湯主之。,傷寒，脈滑而厥者，其表有熱，白虎湯主之。（表熱見裡方見難療中。）,0.632,"[""宋本獨有用字：裏"", ""傷寒論_千金翼方版獨有用字：中其方療表裡見難（）""]",bronze,variant_text,,pending,,text_match
VR_QIANJINYI_0590,SHSRC0034,SHL_SONGBEN_0353,songben,qianjinyi,傷寒論_千金翼方版,大汗出，熱不去，內拘急，四肢疼，又下利厥逆而惡寒者，四逆湯主之。,大汗出，熱不去，拘急四肢疼，若下利厥而惡寒，四逆湯主之。,0.723,"[""宋本獨有用字：內又者"", ""傷寒論_千金翼方版獨有用字：若""]",bronze,variant_text,,pending,,text_match
VR_QIANJINYI_0591,SHSRC0034,SHL_SONGBEN_0355,songben,qianjinyi,傷寒論_千金翼方版,病人手足厥冷，脈乍緊者，邪結在胸中，心下滿而煩，飢不能食者，病在胸中，當須吐之，宜瓜蒂散。,病者手足逆冷，脈乍緊者，邪結在胸中，心下滿而煩，飢不能食，病在胸中，當吐之，宜瓜蒂散。（方見療痞中。）,0.732,"[""宋本獨有用字：人厥須"", ""傷寒論_千金翼方版獨有用字：方痞療見逆（）""]",bronze,variant_text,,pending,,text_match
VR_QIANJINYI_0592,SHSRC0034,SHL_SONGBEN_0358,songben,qianjinyi,傷寒論_千金翼方版,傷寒四五日，腹中痛，若轉氣下趣少腹者，此欲自利也。,傷寒四五日，腹中痛，若轉氣下趣少腹，為欲自利。,0.842,"[""宋本獨有用字：也此者"", ""傷寒論_千金翼方版獨有用字：為""]",silver,variant_text,,pending,,text_match
VR_QIANJINYI_0593,SHSRC0034,SHL_SONGBEN_0359,songben,qianjinyi,傷寒論_千金翼方版,傷寒本自寒下，醫復吐下之，寒格，更逆吐下，若食入口即吐，乾薑黃芩黃連人參湯主之。,傷寒本自寒下，醫復吐之，而寒格更逆吐，食入即出，乾薑黃芩黃連人參湯主之。方：乾薑　黃芩　黃連　人參（各三兩）,0.687,"[""宋本獨有用字：口若"", ""傷寒論_千金翼方版獨有用字：　三兩出各方而（）：""]",bronze,variant_text,,pending,,text_match
VR_QIANJINYI_0594,SHSRC0034,SHL_SONGBEN_0360,songben,qianjinyi,傷寒論_千金翼方版,下利，有微熱而渴，脈弱者，今自愈。,下利，有微熱，其人渴，脈弱者，自愈。,0.667,"[""宋本獨有用字：今而"", ""傷寒論_千金翼方版獨有用字：人其""]",bronze,variant_text,,pending,,text_match
VR_QIANJINYI_0595,SHSRC0034,SHL_SONGBEN_0362,songben,qianjinyi,傷寒論_千金翼方版,下利，手足厥冷，無脈者，灸之。不溫。若脈不還，反微喘者，死。少陰負趺陽者，為順也。,下利，手足厥，無脈，灸之，不溫，反微喘者死；少陰負趺陽者為順。,0.755,"[""宋本獨有用字：也冷若還"", ""傷寒論_千金翼方版獨有用字：；""]",bronze,variant_text,,pending,,text_match
VR_QIANJINYI_0596,SHSRC0034,SHL_SONGBEN_0363,songben,qianjinyi,傷寒論_千金翼方版,下利，寸脈反浮數，尺中自濇者，必清膿血。,下利，脈反浮數，尺中自澀，其人必清膿血。,0.667,"[""宋本獨有用字：寸濇者"", ""傷寒論_千金翼方版獨有用字：人其澀""]",bronze,variant_text,,pending,,text_match
VR_QIANJINYI_0597,SHSRC0034,SHL_SONGBEN_0364,songben,qianjinyi,傷寒論_千金翼方版,下利清穀，不可攻表，汗出必脹滿。,下利清穀，不可攻其表，汗出必脹滿。,0.88,"[""傷寒論_千金翼方版獨有用字：其""]",silver,variant_text,,pending,,text_match
VR_QIANJINYI_0598,SHSRC0034,SHL_SONGBEN_0365,songben,qianjinyi,傷寒論_千金翼方版,下利，脈沉弦者，下重也；脈大者，為未止；脈微弱數者，為欲自止，雖發熱，不死。,下利，脈沉弦者，下重。其脈大者，為未止。脈微弱數者，為欲自止，雖發熱，不死。,0.926,"[""宋本獨有用字：也；"", ""傷寒論_千金翼方版獨有用字：其""]",silver,variant_text,,pending,,text_match
VR_QIANJINYI_0599,SHSRC0034,SHL_SONGBEN_0368,songben,qianjinyi,傷寒論_千金翼方版,下利後脈絕，手足厥冷，晬時脈還，手足溫者生，脈不還者死。,下利，後脈絕，手足厥，　時脈還，手足溫者生，不還者死。,0.821,"[""宋本獨有用字：冷晬"", ""傷寒論_千金翼方版獨有用字：　""]",silver,variant_text,,pending,,text_match
VR_QIANJINYI_0600,SHSRC0034,SHL_SONGBEN_0369,songben,qianjinyi,傷寒論_千金翼方版,傷寒下利，日十餘行，脈反實者，死。,傷寒下利，日十余行，其人脈反實者，死。,0.692,"[""宋本獨有用字：餘"", ""傷寒論_千金翼方版獨有用字：人余其""]",bronze,variant_text,,pending,,text_match
VR_QIANJINYI_0601,SHSRC0034,SHL_SONGBEN_0370,songben,qianjinyi,傷寒論_千金翼方版,下利清穀，裏寒外熱，汗出而厥者，通脈四逆湯主之。,下利清穀，裡寒外熱，汗出而厥，通脈四逆湯主之。（方見少陰門。）,0.714,"[""宋本獨有用字：者裏"", ""傷寒論_千金翼方版獨有用字：少方裡見門陰（）""]",bronze,variant_text,,pending,,text_match
VR_QIANJINYI_0602,SHSRC0034,SHL_SONGBEN_0371,songben,qianjinyi,傷寒論_千金翼方版,熱利下重者，白頭翁湯主之。,熱利下重，白頭翁湯主之。,0.842,"[""宋本獨有用字：者""]",silver,variant_text,,pending,,text_match
VR_QIANJINYI_0603,SHSRC0034,SHL_SONGBEN_0372,songben,qianjinyi,傷寒論_千金翼方版,下利腹脹滿，身體疼痛者，先溫其裏，乃攻其表。溫裏宜四逆湯，攻表宜桂枝湯。,下利腹滿，身體疼痛，先溫其裡，乃攻其表，溫裡宜四逆湯，攻表宜桂枝湯。（方並見上）,0.7,"[""宋本獨有用字：者脹裏"", ""傷寒論_千金翼方版獨有用字：上並方裡見（）""]",bronze,variant_text,,pending,,text_match
VR_QIANJINYI_0604,SHSRC0034,SHL_SONGBEN_0376,songben,qianjinyi,傷寒論_千金翼方版,嘔家有癰膿者，不可治嘔，膿盡自愈。,嘔家有癰膿，不可治嘔，膿盡自愈。,0.88,"[""宋本獨有用字：者""]",silver,variant_text,,pending,,text_match
VR_QIANJINYI_0605,SHSRC0034,SHL_SONGBEN_0377,songben,qianjinyi,傷寒論_千金翼方版,嘔而脈弱，小便復利，身有微熱，見厥者難治，四逆湯主之。,嘔而脈弱，小便復利，身有微熱，見厥難治，四逆湯主之。（方見上。）,0.864,"[""宋本獨有用字：者"", ""傷寒論_千金翼方版獨有用字：上方（）""]",silver,variant_text,,pending,,text_match
VR_QIANJINYI_0606,SHSRC0034,SHL_SONGBEN_0378,songben,qianjinyi,傷寒論_千金翼方版,乾嘔，吐涎沫，頭痛者，吳茱萸湯主之。,乾嘔，吐涎沫，而復頭痛，吳茱萸湯主之。（方見陽明門。）,0.625,"[""宋本獨有用字：者"", ""傷寒論_千金翼方版獨有用字：復方明而見門陽（）""]",bronze,variant_text,,pending,,text_match
VR_QIANJINYI_0607,SHSRC0034,SHL_SONGBEN_0379,songben,qianjinyi,傷寒論_千金翼方版,嘔而發熱者，小柴胡湯主之。,嘔而發熱，小柴胡湯主之。（方見柴胡門。）,0.696,"[""宋本獨有用字：者"", ""傷寒論_千金翼方版獨有用字：方見門（）""]",bronze,variant_text,,pending,,text_match
VR_QIANJINYI_0608,SHSRC0034,SHL_SONGBEN_0380,songben,qianjinyi,傷寒論_千金翼方版,傷寒，大吐、大下之，極虛，復極汗者，其人外氣怫鬱，復與之水，以發其汗，因得噦。所以然者，胃中寒冷故也。,傷寒大吐下之，極虛，復極汗者，其人外氣怫鬱，復與其水，以發其汗，因得噦，所以然者，胃中寒冷故也。,0.909,"[""宋本獨有用字：、""]",silver,variant_text,,pending,,text_match
VR_QIANJINYI_0609,SHSRC0034,SHL_SONGBEN_0381,songben,qianjinyi,傷寒論_千金翼方版,傷寒，噦而腹滿，視其前後，知何部不利，利之即愈。,傷寒噦而滿者，視其前後，知何部不利，利之則愈。,0.722,"[""宋本獨有用字：即腹"", ""傷寒論_千金翼方版獨有用字：則者""]",bronze,variant_text,,pending,,text_match
VR_QIANJINYI_0610,SHSRC0034,SHL_SONGBEN_0382,songben,qianjinyi,傷寒論_千金翼方版,問曰：病有霍亂者何？答曰：嘔吐而利，此名霍亂。,問曰：病有霍亂者，何也？答曰：嘔吐而利，此為霍亂。,0.788,"[""宋本獨有用字：名"", ""傷寒論_千金翼方版獨有用字：也為""]",bronze,variant_text,,pending,,text_match
VR_QIANJINYI_0611,SHSRC0034,SHL_SONGBEN_0386,songben,qianjinyi,傷寒論_千金翼方版,霍亂，頭痛，發熱，身疼痛，熱多欲飲水者，五苓散主之。寒多不用水者，理中丸主之。,霍亂而頭痛發熱，身體疼痛，熱多欲飲水，五苓散主之；寒多不用水者，理中湯主之。,0.793,"[""宋本獨有用字：丸"", ""傷寒論_千金翼方版獨有用字：湯而體；""]",bronze,variant_text,,pending,,text_match
VR_QIANJINYI_0612,SHSRC0034,SHL_SONGBEN_0387,songben,qianjinyi,傷寒論_千金翼方版,吐利止而身痛不休者，當消息和解其外，宜桂枝湯小和之。,吐利止而身體痛不休，當消息和解其外，宜桂枝湯小和之。,0.864,"[""宋本獨有用字：者"", ""傷寒論_千金翼方版獨有用字：體""]",silver,variant_text,,pending,,text_match
VR_QIANJINYI_0613,SHSRC0034,SHL_SONGBEN_0389,songben,qianjinyi,傷寒論_千金翼方版,既吐且利，小便復利而大汗出，下利清穀，內寒外熱，脈微欲絕者，四逆湯主之。,吐利汗出，發熱惡寒，四肢拘急，手足厥，四逆湯主之。既吐且利，小便復利，而大汗出，下利清穀，裡寒外熱，脈微欲絕，四逆湯主之。,0.694,"[""宋本獨有用字：內者"", ""傷寒論_千金翼方版獨有用字：厥急惡手拘發肢裡足""]",bronze,variant_text,,pending,,text_match
VR_QIANJINYI_0614,SHSRC0034,SHL_SONGBEN_0391,songben,qianjinyi,傷寒論_千金翼方版,吐利，發汗，脈平，小煩者，以新虛不勝穀氣故也。,吐利發汗，其人脈平，而小煩，此新虛不勝穀氣故也。,0.667,"[""宋本獨有用字：以者"", ""傷寒論_千金翼方版獨有用字：人其此而""]",bronze,variant_text,,pending,,text_match
VR_QIANJINYI_0615,SHSRC0034,SHL_SONGBEN_0392,songben,qianjinyi,傷寒論_千金翼方版,傷寒陰陽易之為病，其人身體重，少氣，少腹裏急，或引陰中拘攣，熱上衝胸，頭重不欲舉，眼中生花，膝脛拘急者，燒褌散主之。,傷寒陰易之為病，身體重，少氣，少腹裡急，或引陰中拘攣，熱上衝胸，頭重不欲舉，眼中生花，痂胞赤，膝脛拘急，燒　散主之。方：婦人裡　，近隱處燒灰。,0.693,"[""宋本獨有用字：其者裏褌陽"", ""傷寒論_千金翼方版獨有用字：　婦方灰痂胞處裡赤近隱：""]",bronze,variant_text,,pending,,text_match
VR_QIANJINYI_0616,SHSRC0034,SHL_SONGBEN_0394,songben,qianjinyi,傷寒論_千金翼方版,傷寒差以後，更發熱，小柴胡湯主之。脈浮者，以汗解之；脈沉實者，以下解之。,傷寒瘥已後，更發熱，小柴胡湯主之。脈浮者，以汗解之，脈沉實（一作緊）者，以下解之。,0.792,"[""宋本獨有用字：差；"", ""傷寒論_千金翼方版獨有用字：一作已瘥緊（）""]",bronze,variant_text,,pending,,text_match
