relation_id,source_node_id,source_node_type,source_source_id,target_node_id,target_node_type,target_source_id,relation_type,description,target_citation,target_resolution,source_reference,candidate_confidence,review_status,reviewer_id
REL_00001,SHL_SONGBEN_0001,clause,SHSRC0033,SHL_SONGBEN_0002,clause,SHSRC0033,sequence,同篇相鄰條文（並列/遞進語境）,,direct_clause_id,{},0.7,pending,
REL_00002,SHL_SONGBEN_0002,clause,SHSRC0033,SHL_SONGBEN_0003,clause,SHSRC0033,sequence,同篇相鄰條文（並列/遞進語境）,,direct_clause_id,{},0.7,pending,
REL_00003,SHL_SONGBEN_0003,clause,SHSRC0033,SHL_SONGBEN_0004,clause,SHSRC0033,sequence,同篇相鄰條文（並列/遞進語境）,,direct_clause_id,{},0.7,pending,
REL_00004,SHL_SONGBEN_0004,clause,SHSRC0033,SHL_SONGBEN_0005,clause,SHSRC0033,sequence,同篇相鄰條文（並列/遞進語境）,,direct_clause_id,{},0.7,pending,
REL_00005,SHL_SONGBEN_0005,clause,SHSRC0033,SHL_SONGBEN_0006,clause,SHSRC0033,sequence,同篇相鄰條文（並列/遞進語境）,,direct_clause_id,{},0.7,pending,
REL_00006,SHL_SONGBEN_0006,clause,SHSRC0033,SHL_SONGBEN_0007,clause,SHSRC0033,sequence,同篇相鄰條文（並列/遞進語境）,,direct_clause_id,{},0.7,pending,
REL_00007,SHL_SONGBEN_0007,clause,SHSRC0033,SHL_SONGBEN_0008,clause,SHSRC0033,sequence,同篇相鄰條文（並列/遞進語境）,,direct_clause_id,{},0.7,pending,
REL_00008,SHL_SONGBEN_0008,clause,SHSRC0033,SHL_SONGBEN_0009,clause,SHSRC0033,sequence,同篇相鄰條文（並列/遞進語境）,,direct_clause_id,{},0.7,pending,
REL_00009,SHL_SONGBEN_0009,clause,SHSRC0033,SHL_SONGBEN_0010,clause,SHSRC0033,sequence,同篇相鄰條文（並列/遞進語境）,,direct_clause_id,{},0.7,pending,
REL_00010,SHL_SONGBEN_0010,clause,SHSRC0033,SHL_SONGBEN_0011,clause,SHSRC0033,sequence,同篇相鄰條文（並列/遞進語境）,,direct_clause_id,{},0.7,pending,
REL_00011,SHL_SONGBEN_0011,clause,SHSRC0033,SHL_SONGBEN_0012,clause,SHSRC0033,sequence,同篇相鄰條文（並列/遞進語境）,,direct_clause_id,{},0.7,pending,
REL_00012,SHL_SONGBEN_0012,clause,SHSRC0033,SHL_SONGBEN_0013,clause,SHSRC0033,sequence,同篇相鄰條文（並列/遞進語境）,,direct_clause_id,{},0.7,pending,
REL_00013,SHL_SONGBEN_0013,clause,SHSRC0033,SHL_SONGBEN_0014,clause,SHSRC0033,sequence,同篇相鄰條文（並列/遞進語境）,,direct_clause_id,{},0.7,pending,
REL_00014,SHL_SONGBEN_0014,clause,SHSRC0033,SHL_SONGBEN_0015,clause,SHSRC0033,sequence,同篇相鄰條文（並列/遞進語境）,,direct_clause_id,{},0.7,pending,
REL_00015,SHL_SONGBEN_0015,clause,SHSRC0033,SHL_SONGBEN_0016,clause,SHSRC0033,sequence,同篇相鄰條文（並列/遞進語境）,,direct_clause_id,{},0.7,pending,
REL_00016,SHL_SONGBEN_0016,clause,SHSRC0033,SHL_SONGBEN_0017,clause,SHSRC0033,sequence,同篇相鄰條文（並列/遞進語境）,,direct_clause_id,{},0.7,pending,
REL_00017,SHL_SONGBEN_0017,clause,SHSRC0033,SHL_SONGBEN_0018,clause,SHSRC0033,sequence,同篇相鄰條文（並列/遞進語境）,,direct_clause_id,{},0.7,pending,
REL_00018,SHL_SONGBEN_0018,clause,SHSRC0033,SHL_SONGBEN_0019,clause,SHSRC0033,sequence,同篇相鄰條文（並列/遞進語境）,,direct_clause_id,{},0.7,pending,
REL_00019,SHL_SONGBEN_0019,clause,SHSRC0033,SHL_SONGBEN_0020,clause,SHSRC0033,sequence,同篇相鄰條文（並列/遞進語境）,,direct_clause_id,{},0.7,pending,
REL_00020,SHL_SONGBEN_0020,clause,SHSRC0033,SHL_SONGBEN_0021,clause,SHSRC0033,sequence,同篇相鄰條文（並列/遞進語境）,,direct_clause_id,{},0.7,pending,
REL_00021,SHL_SONGBEN_0021,clause,SHSRC0033,SHL_SONGBEN_0022,clause,SHSRC0033,sequence,同篇相鄰條文（並列/遞進語境）,,direct_clause_id,{},0.7,pending,
REL_00022,SHL_SONGBEN_0022,clause,SHSRC0033,SHL_SONGBEN_0023,clause,SHSRC0033,sequence,同篇相鄰條文（並列/遞進語境）,,direct_clause_id,{},0.7,pending,
REL_00023,SHL_SONGBEN_0023,clause,SHSRC0033,SHL_SONGBEN_0024,clause,SHSRC0033,sequence,同篇相鄰條文（並列/遞進語境）,,direct_clause_id,{},0.7,pending,
REL_00024,SHL_SONGBEN_0024,clause,SHSRC0033,SHL_SONGBEN_0025,clause,SHSRC0033,sequence,同篇相鄰條文（並列/遞進語境）,,direct_clause_id,{},0.7,pending,
REL_00025,SHL_SONGBEN_0025,clause,SHSRC0033,SHL_SONGBEN_0026,clause,SHSRC0033,sequence,同篇相鄰條文（並列/遞進語境）,,direct_clause_id,{},0.7,pending,
REL_00026,SHL_SONGBEN_0026,clause,SHSRC0033,SHL_SONGBEN_0027,clause,SHSRC0033,sequence,同篇相鄰條文（並列/遞進語境）,,direct_clause_id,{},0.7,pending,
REL_00027,SHL_SONGBEN_0027,clause,SHSRC0033,SHL_SONGBEN_0028,clause,SHSRC0033,sequence,同篇相鄰條文（並列/遞進語境）,,direct_clause_id,{},0.7,pending,
REL_00028,SHL_SONGBEN_0028,clause,SHSRC0033,SHL_SONGBEN_0029,clause,SHSRC0033,sequence,同篇相鄰條文（並列/遞進語境）,,direct_clause_id,{},0.7,pending,
REL_00029,SHL_SONGBEN_0029,clause,SHSRC0033,SHL_SONGBEN_0030,clause,SHSRC0033,sequence,同篇相鄰條文（並列/遞進語境）,,direct_clause_id,{},0.7,pending,
REL_00030,SHL_SONGBEN_0031,clause,SHSRC0033,SHL_SONGBEN_0032,clause,SHSRC0033,sequence,同篇相鄰條文（並列/遞進語境）,,direct_clause_id,{},0.7,pending,
REL_00031,SHL_SONGBEN_0032,clause,SHSRC0033,SHL_SONGBEN_0033,clause,SHSRC0033,sequence,同篇相鄰條文（並列/遞進語境）,,direct_clause_id,{},0.7,pending,
REL_00032,SHL_SONGBEN_0033,clause,SHSRC0033,SHL_SONGBEN_0034,clause,SHSRC0033,sequence,同篇相鄰條文（並列/遞進語境）,,direct_clause_id,{},0.7,pending,
REL_00033,SHL_SONGBEN_0034,clause,SHSRC0033,SHL_SONGBEN_0035,clause,SHSRC0033,sequence,同篇相鄰條文（並列/遞進語境）,,direct_clause_id,{},0.7,pending,
REL_00034,SHL_SONGBEN_0035,clause,SHSRC0033,SHL_SONGBEN_0036,clause,SHSRC0033,sequence,同篇相鄰條文（並列/遞進語境）,,direct_clause_id,{},0.7,pending,
REL_00035,SHL_SONGBEN_0036,clause,SHSRC0033,SHL_SONGBEN_0037,clause,SHSRC0033,sequence,同篇相鄰條文（並列/遞進語境）,,direct_clause_id,{},0.7,pending,
REL_00036,SHL_SONGBEN_0037,clause,SHSRC0033,SHL_SONGBEN_0038,clause,SHSRC0033,sequence,同篇相鄰條文（並列/遞進語境）,,direct_clause_id,{},0.7,pending,
REL_00037,SHL_SONGBEN_0038,clause,SHSRC0033,SHL_SONGBEN_0039,clause,SHSRC0033,sequence,同篇相鄰條文（並列/遞進語境）,,direct_clause_id,{},0.7,pending,
REL_00038,SHL_SONGBEN_0039,clause,SHSRC0033,SHL_SONGBEN_0040,clause,SHSRC0033,sequence,同篇相鄰條文（並列/遞進語境）,,direct_clause_id,{},0.7,pending,
REL_00039,SHL_SONGBEN_0040,clause,SHSRC0033,SHL_SONGBEN_0041,clause,SHSRC0033,sequence,同篇相鄰條文（並列/遞進語境）,,direct_clause_id,{},0.7,pending,
REL_00040,SHL_SONGBEN_0041,clause,SHSRC0033,SHL_SONGBEN_0042,clause,SHSRC0033,sequence,同篇相鄰條文（並列/遞進語境）,,direct_clause_id,{},0.7,pending,
REL_00041,SHL_SONGBEN_0042,clause,SHSRC0033,SHL_SONGBEN_0043,clause,SHSRC0033,sequence,同篇相鄰條文（並列/遞進語境）,,direct_clause_id,{},0.7,pending,
REL_00042,SHL_SONGBEN_0043,clause,SHSRC0033,SHL_SONGBEN_0044,clause,SHSRC0033,sequence,同篇相鄰條文（並列/遞進語境）,,direct_clause_id,{},0.7,pending,
REL_00043,SHL_SONGBEN_0044,clause,SHSRC0033,SHL_SONGBEN_0045,clause,SHSRC0033,sequence,同篇相鄰條文（並列/遞進語境）,,direct_clause_id,{},0.7,pending,
REL_00044,SHL_SONGBEN_0045,clause,SHSRC0033,SHL_SONGBEN_0046,clause,SHSRC0033,sequence,同篇相鄰條文（並列/遞進語境）,,direct_clause_id,{},0.7,pending,
REL_00045,SHL_SONGBEN_0046,clause,SHSRC0033,SHL_SONGBEN_0047,clause,SHSRC0033,sequence,同篇相鄰條文（並列/遞進語境）,,direct_clause_id,{},0.7,pending,
REL_00046,SHL_SONGBEN_0047,clause,SHSRC0033,SHL_SONGBEN_0048,clause,SHSRC0033,sequence,同篇相鄰條文（並列/遞進語境）,,direct_clause_id,{},0.7,pending,
REL_00047,SHL_SONGBEN_0048,clause,SHSRC0033,SHL_SONGBEN_0049,clause,SHSRC0033,sequence,同篇相鄰條文（並列/遞進語境）,,direct_clause_id,{},0.7,pending,
REL_00048,SHL_SONGBEN_0049,clause,SHSRC0033,SHL_SONGBEN_0050,clause,SHSRC0033,sequence,同篇相鄰條文（並列/遞進語境）,,direct_clause_id,{},0.7,pending,
REL_00049,SHL_SONGBEN_0050,clause,SHSRC0033,SHL_SONGBEN_0051,clause,SHSRC0033,sequence,同篇相鄰條文（並列/遞進語境）,,direct_clause_id,{},0.7,pending,
REL_00050,SHL_SONGBEN_0051,clause,SHSRC0033,SHL_SONGBEN_0052,clause,SHSRC0033,sequence,同篇相鄰條文（並列/遞進語境）,,direct_clause_id,{},0.7,pending,
REL_00051,SHL_SONGBEN_0052,clause,SHSRC0033,SHL_SONGBEN_0053,clause,SHSRC0033,sequence,同篇相鄰條文（並列/遞進語境）,,direct_clause_id,{},0.7,pending,
REL_00052,SHL_SONGBEN_0053,clause,SHSRC0033,SHL_SONGBEN_0054,clause,SHSRC0033,sequence,同篇相鄰條文（並列/遞進語境）,,direct_clause_id,{},0.7,pending,
REL_00053,SHL_SONGBEN_0054,clause,SHSRC0033,SHL_SONGBEN_0055,clause,SHSRC0033,sequence,同篇相鄰條文（並列/遞進語境）,,direct_clause_id,{},0.7,pending,
REL_00054,SHL_SONGBEN_0055,clause,SHSRC0033,SHL_SONGBEN_0056,clause,SHSRC0033,sequence,同篇相鄰條文（並列/遞進語境）,,direct_clause_id,{},0.7,pending,
REL_00055,SHL_SONGBEN_0056,clause,SHSRC0033,SHL_SONGBEN_0057,clause,SHSRC0033,sequence,同篇相鄰條文（並列/遞進語境）,,direct_clause_id,{},0.7,pending,
REL_00056,SHL_SONGBEN_0057,clause,SHSRC0033,SHL_SONGBEN_0058,clause,SHSRC0033,sequence,同篇相鄰條文（並列/遞進語境）,,direct_clause_id,{},0.7,pending,
REL_00057,SHL_SONGBEN_0058,clause,SHSRC0033,SHL_SONGBEN_0059,clause,SHSRC0033,sequence,同篇相鄰條文（並列/遞進語境）,,direct_clause_id,{},0.7,pending,
REL_00058,SHL_SONGBEN_0059,clause,SHSRC0033,SHL_SONGBEN_0060,clause,SHSRC0033,sequence,同篇相鄰條文（並列/遞進語境）,,direct_clause_id,{},0.7,pending,
REL_00059,SHL_SONGBEN_0060,clause,SHSRC0033,SHL_SONGBEN_0061,clause,SHSRC0033,sequence,同篇相鄰條文（並列/遞進語境）,,direct_clause_id,{},0.7,pending,
REL_00060,SHL_SONGBEN_0061,clause,SHSRC0033,SHL_SONGBEN_0062,clause,SHSRC0033,sequence,同篇相鄰條文（並列/遞進語境）,,direct_clause_id,{},0.7,pending,
REL_00061,SHL_SONGBEN_0062,clause,SHSRC0033,SHL_SONGBEN_0063,clause,SHSRC0033,sequence,同篇相鄰條文（並列/遞進語境）,,direct_clause_id,{},0.7,pending,
REL_00062,SHL_SONGBEN_0063,clause,SHSRC0033,SHL_SONGBEN_0064,clause,SHSRC0033,sequence,同篇相鄰條文（並列/遞進語境）,,direct_clause_id,{},0.7,pending,
REL_00063,SHL_SONGBEN_0064,clause,SHSRC0033,SHL_SONGBEN_0065,clause,SHSRC0033,sequence,同篇相鄰條文（並列/遞進語境）,,direct_clause_id,{},0.7,pending,
REL_00064,SHL_SONGBEN_0065,clause,SHSRC0033,SHL_SONGBEN_0066,clause,SHSRC0033,sequence,同篇相鄰條文（並列/遞進語境）,,direct_clause_id,{},0.7,pending,
REL_00065,SHL_SONGBEN_0066,clause,SHSRC0033,SHL_SONGBEN_0067,clause,SHSRC0033,sequence,同篇相鄰條文（並列/遞進語境）,,direct_clause_id,{},0.7,pending,
REL_00066,SHL_SONGBEN_0067,clause,SHSRC0033,SHL_SONGBEN_0068,clause,SHSRC0033,sequence,同篇相鄰條文（並列/遞進語境）,,direct_clause_id,{},0.7,pending,
REL_00067,SHL_SONGBEN_0068,clause,SHSRC0033,SHL_SONGBEN_0069,clause,SHSRC0033,sequence,同篇相鄰條文（並列/遞進語境）,,direct_clause_id,{},0.7,pending,
REL_00068,SHL_SONGBEN_0069,clause,SHSRC0033,SHL_SONGBEN_0070,clause,SHSRC0033,sequence,同篇相鄰條文（並列/遞進語境）,,direct_clause_id,{},0.7,pending,
REL_00069,SHL_SONGBEN_0070,clause,SHSRC0033,SHL_SONGBEN_0071,clause,SHSRC0033,sequence,同篇相鄰條文（並列/遞進語境）,,direct_clause_id,{},0.7,pending,
REL_00070,SHL_SONGBEN_0071,clause,SHSRC0033,SHL_SONGBEN_0072,clause,SHSRC0033,sequence,同篇相鄰條文（並列/遞進語境）,,direct_clause_id,{},0.7,pending,
REL_00071,SHL_SONGBEN_0072,clause,SHSRC0033,SHL_SONGBEN_0073,clause,SHSRC0033,sequence,同篇相鄰條文（並列/遞進語境）,,direct_clause_id,{},0.7,pending,
REL_00072,SHL_SONGBEN_0073,clause,SHSRC0033,SHL_SONGBEN_0074,clause,SHSRC0033,sequence,同篇相鄰條文（並列/遞進語境）,,direct_clause_id,{},0.7,pending,
REL_00073,SHL_SONGBEN_0074,clause,SHSRC0033,SHL_SONGBEN_0075,clause,SHSRC0033,sequence,同篇相鄰條文（並列/遞進語境）,,direct_clause_id,{},0.7,pending,
REL_00074,SHL_SONGBEN_0075,clause,SHSRC0033,SHL_SONGBEN_0076,clause,SHSRC0033,sequence,同篇相鄰條文（並列/遞進語境）,,direct_clause_id,{},0.7,pending,
REL_00075,SHL_SONGBEN_0076,clause,SHSRC0033,SHL_SONGBEN_0077,clause,SHSRC0033,sequence,同篇相鄰條文（並列/遞進語境）,,direct_clause_id,{},0.7,pending,
REL_00076,SHL_SONGBEN_0077,clause,SHSRC0033,SHL_SONGBEN_0078,clause,SHSRC0033,sequence,同篇相鄰條文（並列/遞進語境）,,direct_clause_id,{},0.7,pending,
REL_00077,SHL_SONGBEN_0078,clause,SHSRC0033,SHL_SONGBEN_0079,clause,SHSRC0033,sequence,同篇相鄰條文（並列/遞進語境）,,direct_clause_id,{},0.7,pending,
REL_00078,SHL_SONGBEN_0079,clause,SHSRC0033,SHL_SONGBEN_0080,clause,SHSRC0033,sequence,同篇相鄰條文（並列/遞進語境）,,direct_clause_id,{},0.7,pending,
REL_00079,SHL_SONGBEN_0080,clause,SHSRC0033,SHL_SONGBEN_0081,clause,SHSRC0033,sequence,同篇相鄰條文（並列/遞進語境）,,direct_clause_id,{},0.7,pending,
REL_00080,SHL_SONGBEN_0081,clause,SHSRC0033,SHL_SONGBEN_0082,clause,SHSRC0033,sequence,同篇相鄰條文（並列/遞進語境）,,direct_clause_id,{},0.7,pending,
REL_00081,SHL_SONGBEN_0082,clause,SHSRC0033,SHL_SONGBEN_0083,clause,SHSRC0033,sequence,同篇相鄰條文（並列/遞進語境）,,direct_clause_id,{},0.7,pending,
REL_00082,SHL_SONGBEN_0083,clause,SHSRC0033,SHL_SONGBEN_0084,clause,SHSRC0033,sequence,同篇相鄰條文（並列/遞進語境）,,direct_clause_id,{},0.7,pending,
REL_00083,SHL_SONGBEN_0084,clause,SHSRC0033,SHL_SONGBEN_0085,clause,SHSRC0033,sequence,同篇相鄰條文（並列/遞進語境）,,direct_clause_id,{},0.7,pending,
REL_00084,SHL_SONGBEN_0085,clause,SHSRC0033,SHL_SONGBEN_0086,clause,SHSRC0033,sequence,同篇相鄰條文（並列/遞進語境）,,direct_clause_id,{},0.7,pending,
REL_00085,SHL_SONGBEN_0086,clause,SHSRC0033,SHL_SONGBEN_0087,clause,SHSRC0033,sequence,同篇相鄰條文（並列/遞進語境）,,direct_clause_id,{},0.7,pending,
REL_00086,SHL_SONGBEN_0087,clause,SHSRC0033,SHL_SONGBEN_0088,clause,SHSRC0033,sequence,同篇相鄰條文（並列/遞進語境）,,direct_clause_id,{},0.7,pending,
REL_00087,SHL_SONGBEN_0088,clause,SHSRC0033,SHL_SONGBEN_0089,clause,SHSRC0033,sequence,同篇相鄰條文（並列/遞進語境）,,direct_clause_id,{},0.7,pending,
REL_00088,SHL_SONGBEN_0089,clause,SHSRC0033,SHL_SONGBEN_0090,clause,SHSRC0033,sequence,同篇相鄰條文（並列/遞進語境）,,direct_clause_id,{},0.7,pending,
REL_00089,SHL_SONGBEN_0090,clause,SHSRC0033,SHL_SONGBEN_0091,clause,SHSRC0033,sequence,同篇相鄰條文（並列/遞進語境）,,direct_clause_id,{},0.7,pending,
REL_00090,SHL_SONGBEN_0091,clause,SHSRC0033,SHL_SONGBEN_0092,clause,SHSRC0033,sequence,同篇相鄰條文（並列/遞進語境）,,direct_clause_id,{},0.7,pending,
REL_00091,SHL_SONGBEN_0092,clause,SHSRC0033,SHL_SONGBEN_0093,clause,SHSRC0033,sequence,同篇相鄰條文（並列/遞進語境）,,direct_clause_id,{},0.7,pending,
REL_00092,SHL_SONGBEN_0093,clause,SHSRC0033,SHL_SONGBEN_0094,clause,SHSRC0033,sequence,同篇相鄰條文（並列/遞進語境）,,direct_clause_id,{},0.7,pending,
REL_00093,SHL_SONGBEN_0094,clause,SHSRC0033,SHL_SONGBEN_0095,clause,SHSRC0033,sequence,同篇相鄰條文（並列/遞進語境）,,direct_clause_id,{},0.7,pending,
REL_00094,SHL_SONGBEN_0095,clause,SHSRC0033,SHL_SONGBEN_0096,clause,SHSRC0033,sequence,同篇相鄰條文（並列/遞進語境）,,direct_clause_id,{},0.7,pending,
REL_00095,SHL_SONGBEN_0096,clause,SHSRC0033,SHL_SONGBEN_0097,clause,SHSRC0033,sequence,同篇相鄰條文（並列/遞進語境）,,direct_clause_id,{},0.7,pending,
REL_00096,SHL_SONGBEN_0097,clause,SHSRC0033,SHL_SONGBEN_0098,clause,SHSRC0033,sequence,同篇相鄰條文（並列/遞進語境）,,direct_clause_id,{},0.7,pending,
REL_00097,SHL_SONGBEN_0098,clause,SHSRC0033,SHL_SONGBEN_0099,clause,SHSRC0033,sequence,同篇相鄰條文（並列/遞進語境）,,direct_clause_id,{},0.7,pending,
REL_00098,SHL_SONGBEN_0099,clause,SHSRC0033,SHL_SONGBEN_0100,clause,SHSRC0033,sequence,同篇相鄰條文（並列/遞進語境）,,direct_clause_id,{},0.7,pending,
REL_00099,SHL_SONGBEN_0100,clause,SHSRC0033,SHL_SONGBEN_0101,clause,SHSRC0033,sequence,同篇相鄰條文（並列/遞進語境）,,direct_clause_id,{},0.7,pending,
REL_00100,SHL_SONGBEN_0101,clause,SHSRC0033,SHL_SONGBEN_0102,clause,SHSRC0033,sequence,同篇相鄰條文（並列/遞進語境）,,direct_clause_id,{},0.7,pending,
REL_00101,SHL_SONGBEN_0102,clause,SHSRC0033,SHL_SONGBEN_0103,clause,SHSRC0033,sequence,同篇相鄰條文（並列/遞進語境）,,direct_clause_id,{},0.7,pending,
REL_00102,SHL_SONGBEN_0103,clause,SHSRC0033,SHL_SONGBEN_0104,clause,SHSRC0033,sequence,同篇相鄰條文（並列/遞進語境）,,direct_clause_id,{},0.7,pending,
REL_00103,SHL_SONGBEN_0104,clause,SHSRC0033,SHL_SONGBEN_0105,clause,SHSRC0033,sequence,同篇相鄰條文（並列/遞進語境）,,direct_clause_id,{},0.7,pending,
REL_00104,SHL_SONGBEN_0105,clause,SHSRC0033,SHL_SONGBEN_0106,clause,SHSRC0033,sequence,同篇相鄰條文（並列/遞進語境）,,direct_clause_id,{},0.7,pending,
REL_00105,SHL_SONGBEN_0106,clause,SHSRC0033,SHL_SONGBEN_0107,clause,SHSRC0033,sequence,同篇相鄰條文（並列/遞進語境）,,direct_clause_id,{},0.7,pending,
REL_00106,SHL_SONGBEN_0107,clause,SHSRC0033,SHL_SONGBEN_0108,clause,SHSRC0033,sequence,同篇相鄰條文（並列/遞進語境）,,direct_clause_id,{},0.7,pending,
REL_00107,SHL_SONGBEN_0108,clause,SHSRC0033,SHL_SONGBEN_0109,clause,SHSRC0033,sequence,同篇相鄰條文（並列/遞進語境）,,direct_clause_id,{},0.7,pending,
REL_00108,SHL_SONGBEN_0109,clause,SHSRC0033,SHL_SONGBEN_0110,clause,SHSRC0033,sequence,同篇相鄰條文（並列/遞進語境）,,direct_clause_id,{},0.7,pending,
REL_00109,SHL_SONGBEN_0110,clause,SHSRC0033,SHL_SONGBEN_0111,clause,SHSRC0033,sequence,同篇相鄰條文（並列/遞進語境）,,direct_clause_id,{},0.7,pending,
REL_00110,SHL_SONGBEN_0111,clause,SHSRC0033,SHL_SONGBEN_0112,clause,SHSRC0033,sequence,同篇相鄰條文（並列/遞進語境）,,direct_clause_id,{},0.7,pending,
REL_00111,SHL_SONGBEN_0112,clause,SHSRC0033,SHL_SONGBEN_0113,clause,SHSRC0033,sequence,同篇相鄰條文（並列/遞進語境）,,direct_clause_id,{},0.7,pending,
REL_00112,SHL_SONGBEN_0113,clause,SHSRC0033,SHL_SONGBEN_0114,clause,SHSRC0033,sequence,同篇相鄰條文（並列/遞進語境）,,direct_clause_id,{},0.7,pending,
REL_00113,SHL_SONGBEN_0114,clause,SHSRC0033,SHL_SONGBEN_0115,clause,SHSRC0033,sequence,同篇相鄰條文（並列/遞進語境）,,direct_clause_id,{},0.7,pending,
REL_00114,SHL_SONGBEN_0115,clause,SHSRC0033,SHL_SONGBEN_0116,clause,SHSRC0033,sequence,同篇相鄰條文（並列/遞進語境）,,direct_clause_id,{},0.7,pending,
REL_00115,SHL_SONGBEN_0116,clause,SHSRC0033,SHL_SONGBEN_0117,clause,SHSRC0033,sequence,同篇相鄰條文（並列/遞進語境）,,direct_clause_id,{},0.7,pending,
REL_00116,SHL_SONGBEN_0117,clause,SHSRC0033,SHL_SONGBEN_0118,clause,SHSRC0033,sequence,同篇相鄰條文（並列/遞進語境）,,direct_clause_id,{},0.7,pending,
REL_00117,SHL_SONGBEN_0118,clause,SHSRC0033,SHL_SONGBEN_0119,clause,SHSRC0033,sequence,同篇相鄰條文（並列/遞進語境）,,direct_clause_id,{},0.7,pending,
REL_00118,SHL_SONGBEN_0119,clause,SHSRC0033,SHL_SONGBEN_0120,clause,SHSRC0033,sequence,同篇相鄰條文（並列/遞進語境）,,direct_clause_id,{},0.7,pending,
REL_00119,SHL_SONGBEN_0120,clause,SHSRC0033,SHL_SONGBEN_0121,clause,SHSRC0033,sequence,同篇相鄰條文（並列/遞進語境）,,direct_clause_id,{},0.7,pending,
REL_00120,SHL_SONGBEN_0121,clause,SHSRC0033,SHL_SONGBEN_0122,clause,SHSRC0033,sequence,同篇相鄰條文（並列/遞進語境）,,direct_clause_id,{},0.7,pending,
REL_00121,SHL_SONGBEN_0122,clause,SHSRC0033,SHL_SONGBEN_0123,clause,SHSRC0033,sequence,同篇相鄰條文（並列/遞進語境）,,direct_clause_id,{},0.7,pending,
REL_00122,SHL_SONGBEN_0123,clause,SHSRC0033,SHL_SONGBEN_0124,clause,SHSRC0033,sequence,同篇相鄰條文（並列/遞進語境）,,direct_clause_id,{},0.7,pending,
REL_00123,SHL_SONGBEN_0124,clause,SHSRC0033,SHL_SONGBEN_0125,clause,SHSRC0033,sequence,同篇相鄰條文（並列/遞進語境）,,direct_clause_id,{},0.7,pending,
REL_00124,SHL_SONGBEN_0125,clause,SHSRC0033,SHL_SONGBEN_0126,clause,SHSRC0033,sequence,同篇相鄰條文（並列/遞進語境）,,direct_clause_id,{},0.7,pending,
REL_00125,SHL_SONGBEN_0126,clause,SHSRC0033,SHL_SONGBEN_0127,clause,SHSRC0033,sequence,同篇相鄰條文（並列/遞進語境）,,direct_clause_id,{},0.7,pending,
REL_00126,SHL_SONGBEN_0128,clause,SHSRC0033,SHL_SONGBEN_0129,clause,SHSRC0033,sequence,同篇相鄰條文（並列/遞進語境）,,direct_clause_id,{},0.7,pending,
REL_00127,SHL_SONGBEN_0129,clause,SHSRC0033,SHL_SONGBEN_0130,clause,SHSRC0033,sequence,同篇相鄰條文（並列/遞進語境）,,direct_clause_id,{},0.7,pending,
REL_00128,SHL_SONGBEN_0130,clause,SHSRC0033,SHL_SONGBEN_0131,clause,SHSRC0033,sequence,同篇相鄰條文（並列/遞進語境）,,direct_clause_id,{},0.7,pending,
REL_00129,SHL_SONGBEN_0131,clause,SHSRC0033,SHL_SONGBEN_0132,clause,SHSRC0033,sequence,同篇相鄰條文（並列/遞進語境）,,direct_clause_id,{},0.7,pending,
REL_00130,SHL_SONGBEN_0132,clause,SHSRC0033,SHL_SONGBEN_0133,clause,SHSRC0033,sequence,同篇相鄰條文（並列/遞進語境）,,direct_clause_id,{},0.7,pending,
REL_00131,SHL_SONGBEN_0133,clause,SHSRC0033,SHL_SONGBEN_0134,clause,SHSRC0033,sequence,同篇相鄰條文（並列/遞進語境）,,direct_clause_id,{},0.7,pending,
REL_00132,SHL_SONGBEN_0134,clause,SHSRC0033,SHL_SONGBEN_0135,clause,SHSRC0033,sequence,同篇相鄰條文（並列/遞進語境）,,direct_clause_id,{},0.7,pending,
REL_00133,SHL_SONGBEN_0135,clause,SHSRC0033,SHL_SONGBEN_0136,clause,SHSRC0033,sequence,同篇相鄰條文（並列/遞進語境）,,direct_clause_id,{},0.7,pending,
REL_00134,SHL_SONGBEN_0136,clause,SHSRC0033,SHL_SONGBEN_0137,clause,SHSRC0033,sequence,同篇相鄰條文（並列/遞進語境）,,direct_clause_id,{},0.7,pending,
REL_00135,SHL_SONGBEN_0137,clause,SHSRC0033,SHL_SONGBEN_0138,clause,SHSRC0033,sequence,同篇相鄰條文（並列/遞進語境）,,direct_clause_id,{},0.7,pending,
REL_00136,SHL_SONGBEN_0138,clause,SHSRC0033,SHL_SONGBEN_0139,clause,SHSRC0033,sequence,同篇相鄰條文（並列/遞進語境）,,direct_clause_id,{},0.7,pending,
REL_00137,SHL_SONGBEN_0139,clause,SHSRC0033,SHL_SONGBEN_0140,clause,SHSRC0033,sequence,同篇相鄰條文（並列/遞進語境）,,direct_clause_id,{},0.7,pending,
REL_00138,SHL_SONGBEN_0140,clause,SHSRC0033,SHL_SONGBEN_0141,clause,SHSRC0033,sequence,同篇相鄰條文（並列/遞進語境）,,direct_clause_id,{},0.7,pending,
REL_00139,SHL_SONGBEN_0141,clause,SHSRC0033,SHL_SONGBEN_0142,clause,SHSRC0033,sequence,同篇相鄰條文（並列/遞進語境）,,direct_clause_id,{},0.7,pending,
REL_00140,SHL_SONGBEN_0142,clause,SHSRC0033,SHL_SONGBEN_0143,clause,SHSRC0033,sequence,同篇相鄰條文（並列/遞進語境）,,direct_clause_id,{},0.7,pending,
REL_00141,SHL_SONGBEN_0143,clause,SHSRC0033,SHL_SONGBEN_0144,clause,SHSRC0033,sequence,同篇相鄰條文（並列/遞進語境）,,direct_clause_id,{},0.7,pending,
REL_00142,SHL_SONGBEN_0144,clause,SHSRC0033,SHL_SONGBEN_0145,clause,SHSRC0033,sequence,同篇相鄰條文（並列/遞進語境）,,direct_clause_id,{},0.7,pending,
REL_00143,SHL_SONGBEN_0145,clause,SHSRC0033,SHL_SONGBEN_0146,clause,SHSRC0033,sequence,同篇相鄰條文（並列/遞進語境）,,direct_clause_id,{},0.7,pending,
REL_00144,SHL_SONGBEN_0146,clause,SHSRC0033,SHL_SONGBEN_0147,clause,SHSRC0033,sequence,同篇相鄰條文（並列/遞進語境）,,direct_clause_id,{},0.7,pending,
REL_00145,SHL_SONGBEN_0147,clause,SHSRC0033,SHL_SONGBEN_0148,clause,SHSRC0033,sequence,同篇相鄰條文（並列/遞進語境）,,direct_clause_id,{},0.7,pending,
REL_00146,SHL_SONGBEN_0148,clause,SHSRC0033,SHL_SONGBEN_0149,clause,SHSRC0033,sequence,同篇相鄰條文（並列/遞進語境）,,direct_clause_id,{},0.7,pending,
REL_00147,SHL_SONGBEN_0149,clause,SHSRC0033,SHL_SONGBEN_0150,clause,SHSRC0033,sequence,同篇相鄰條文（並列/遞進語境）,,direct_clause_id,{},0.7,pending,
REL_00148,SHL_SONGBEN_0150,clause,SHSRC0033,SHL_SONGBEN_0151,clause,SHSRC0033,sequence,同篇相鄰條文（並列/遞進語境）,,direct_clause_id,{},0.7,pending,
REL_00149,SHL_SONGBEN_0151,clause,SHSRC0033,SHL_SONGBEN_0152,clause,SHSRC0033,sequence,同篇相鄰條文（並列/遞進語境）,,direct_clause_id,{},0.7,pending,
REL_00150,SHL_SONGBEN_0152,clause,SHSRC0033,SHL_SONGBEN_0153,clause,SHSRC0033,sequence,同篇相鄰條文（並列/遞進語境）,,direct_clause_id,{},0.7,pending,
REL_00151,SHL_SONGBEN_0153,clause,SHSRC0033,SHL_SONGBEN_0154,clause,SHSRC0033,sequence,同篇相鄰條文（並列/遞進語境）,,direct_clause_id,{},0.7,pending,
REL_00152,SHL_SONGBEN_0154,clause,SHSRC0033,SHL_SONGBEN_0155,clause,SHSRC0033,sequence,同篇相鄰條文（並列/遞進語境）,,direct_clause_id,{},0.7,pending,
REL_00153,SHL_SONGBEN_0155,clause,SHSRC0033,SHL_SONGBEN_0156,clause,SHSRC0033,sequence,同篇相鄰條文（並列/遞進語境）,,direct_clause_id,{},0.7,pending,
REL_00154,SHL_SONGBEN_0156,clause,SHSRC0033,SHL_SONGBEN_0157,clause,SHSRC0033,sequence,同篇相鄰條文（並列/遞進語境）,,direct_clause_id,{},0.7,pending,
REL_00155,SHL_SONGBEN_0157,clause,SHSRC0033,SHL_SONGBEN_0158,clause,SHSRC0033,sequence,同篇相鄰條文（並列/遞進語境）,,direct_clause_id,{},0.7,pending,
REL_00156,SHL_SONGBEN_0158,clause,SHSRC0033,SHL_SONGBEN_0159,clause,SHSRC0033,sequence,同篇相鄰條文（並列/遞進語境）,,direct_clause_id,{},0.7,pending,
REL_00157,SHL_SONGBEN_0159,clause,SHSRC0033,SHL_SONGBEN_0160,clause,SHSRC0033,sequence,同篇相鄰條文（並列/遞進語境）,,direct_clause_id,{},0.7,pending,
REL_00158,SHL_SONGBEN_0160,clause,SHSRC0033,SHL_SONGBEN_0161,clause,SHSRC0033,sequence,同篇相鄰條文（並列/遞進語境）,,direct_clause_id,{},0.7,pending,
REL_00159,SHL_SONGBEN_0161,clause,SHSRC0033,SHL_SONGBEN_0162,clause,SHSRC0033,sequence,同篇相鄰條文（並列/遞進語境）,,direct_clause_id,{},0.7,pending,
REL_00160,SHL_SONGBEN_0162,clause,SHSRC0033,SHL_SONGBEN_0163,clause,SHSRC0033,sequence,同篇相鄰條文（並列/遞進語境）,,direct_clause_id,{},0.7,pending,
REL_00161,SHL_SONGBEN_0163,clause,SHSRC0033,SHL_SONGBEN_0164,clause,SHSRC0033,sequence,同篇相鄰條文（並列/遞進語境）,,direct_clause_id,{},0.7,pending,
REL_00162,SHL_SONGBEN_0164,clause,SHSRC0033,SHL_SONGBEN_0165,clause,SHSRC0033,sequence,同篇相鄰條文（並列/遞進語境）,,direct_clause_id,{},0.7,pending,
REL_00163,SHL_SONGBEN_0165,clause,SHSRC0033,SHL_SONGBEN_0166,clause,SHSRC0033,sequence,同篇相鄰條文（並列/遞進語境）,,direct_clause_id,{},0.7,pending,
REL_00164,SHL_SONGBEN_0166,clause,SHSRC0033,SHL_SONGBEN_0167,clause,SHSRC0033,sequence,同篇相鄰條文（並列/遞進語境）,,direct_clause_id,{},0.7,pending,
REL_00165,SHL_SONGBEN_0167,clause,SHSRC0033,SHL_SONGBEN_0168,clause,SHSRC0033,sequence,同篇相鄰條文（並列/遞進語境）,,direct_clause_id,{},0.7,pending,
REL_00166,SHL_SONGBEN_0168,clause,SHSRC0033,SHL_SONGBEN_0169,clause,SHSRC0033,sequence,同篇相鄰條文（並列/遞進語境）,,direct_clause_id,{},0.7,pending,
REL_00167,SHL_SONGBEN_0169,clause,SHSRC0033,SHL_SONGBEN_0170,clause,SHSRC0033,sequence,同篇相鄰條文（並列/遞進語境）,,direct_clause_id,{},0.7,pending,
REL_00168,SHL_SONGBEN_0170,clause,SHSRC0033,SHL_SONGBEN_0171,clause,SHSRC0033,sequence,同篇相鄰條文（並列/遞進語境）,,direct_clause_id,{},0.7,pending,
REL_00169,SHL_SONGBEN_0171,clause,SHSRC0033,SHL_SONGBEN_0172,clause,SHSRC0033,sequence,同篇相鄰條文（並列/遞進語境）,,direct_clause_id,{},0.7,pending,
REL_00170,SHL_SONGBEN_0172,clause,SHSRC0033,SHL_SONGBEN_0173,clause,SHSRC0033,sequence,同篇相鄰條文（並列/遞進語境）,,direct_clause_id,{},0.7,pending,
REL_00171,SHL_SONGBEN_0173,clause,SHSRC0033,SHL_SONGBEN_0174,clause,SHSRC0033,sequence,同篇相鄰條文（並列/遞進語境）,,direct_clause_id,{},0.7,pending,
REL_00172,SHL_SONGBEN_0174,clause,SHSRC0033,SHL_SONGBEN_0175,clause,SHSRC0033,sequence,同篇相鄰條文（並列/遞進語境）,,direct_clause_id,{},0.7,pending,
REL_00173,SHL_SONGBEN_0175,clause,SHSRC0033,SHL_SONGBEN_0176,clause,SHSRC0033,sequence,同篇相鄰條文（並列/遞進語境）,,direct_clause_id,{},0.7,pending,
REL_00174,SHL_SONGBEN_0176,clause,SHSRC0033,SHL_SONGBEN_0177,clause,SHSRC0033,sequence,同篇相鄰條文（並列/遞進語境）,,direct_clause_id,{},0.7,pending,
REL_00175,SHL_SONGBEN_0177,clause,SHSRC0033,SHL_SONGBEN_0178,clause,SHSRC0033,sequence,同篇相鄰條文（並列/遞進語境）,,direct_clause_id,{},0.7,pending,
REL_00176,SHL_SONGBEN_0179,clause,SHSRC0033,SHL_SONGBEN_0180,clause,SHSRC0033,sequence,同篇相鄰條文（並列/遞進語境）,,direct_clause_id,{},0.7,pending,
REL_00177,SHL_SONGBEN_0180,clause,SHSRC0033,SHL_SONGBEN_0181,clause,SHSRC0033,sequence,同篇相鄰條文（並列/遞進語境）,,direct_clause_id,{},0.7,pending,
REL_00178,SHL_SONGBEN_0181,clause,SHSRC0033,SHL_SONGBEN_0182,clause,SHSRC0033,sequence,同篇相鄰條文（並列/遞進語境）,,direct_clause_id,{},0.7,pending,
REL_00179,SHL_SONGBEN_0182,clause,SHSRC0033,SHL_SONGBEN_0183,clause,SHSRC0033,sequence,同篇相鄰條文（並列/遞進語境）,,direct_clause_id,{},0.7,pending,
REL_00180,SHL_SONGBEN_0183,clause,SHSRC0033,SHL_SONGBEN_0184,clause,SHSRC0033,sequence,同篇相鄰條文（並列/遞進語境）,,direct_clause_id,{},0.7,pending,
REL_00181,SHL_SONGBEN_0184,clause,SHSRC0033,SHL_SONGBEN_0185,clause,SHSRC0033,sequence,同篇相鄰條文（並列/遞進語境）,,direct_clause_id,{},0.7,pending,
REL_00182,SHL_SONGBEN_0185,clause,SHSRC0033,SHL_SONGBEN_0186,clause,SHSRC0033,sequence,同篇相鄰條文（並列/遞進語境）,,direct_clause_id,{},0.7,pending,
REL_00183,SHL_SONGBEN_0186,clause,SHSRC0033,SHL_SONGBEN_0187,clause,SHSRC0033,sequence,同篇相鄰條文（並列/遞進語境）,,direct_clause_id,{},0.7,pending,
REL_00184,SHL_SONGBEN_0187,clause,SHSRC0033,SHL_SONGBEN_0188,clause,SHSRC0033,sequence,同篇相鄰條文（並列/遞進語境）,,direct_clause_id,{},0.7,pending,
REL_00185,SHL_SONGBEN_0188,clause,SHSRC0033,SHL_SONGBEN_0189,clause,SHSRC0033,sequence,同篇相鄰條文（並列/遞進語境）,,direct_clause_id,{},0.7,pending,
REL_00186,SHL_SONGBEN_0189,clause,SHSRC0033,SHL_SONGBEN_0190,clause,SHSRC0033,sequence,同篇相鄰條文（並列/遞進語境）,,direct_clause_id,{},0.7,pending,
REL_00187,SHL_SONGBEN_0190,clause,SHSRC0033,SHL_SONGBEN_0191,clause,SHSRC0033,sequence,同篇相鄰條文（並列/遞進語境）,,direct_clause_id,{},0.7,pending,
REL_00188,SHL_SONGBEN_0191,clause,SHSRC0033,SHL_SONGBEN_0192,clause,SHSRC0033,sequence,同篇相鄰條文（並列/遞進語境）,,direct_clause_id,{},0.7,pending,
REL_00189,SHL_SONGBEN_0192,clause,SHSRC0033,SHL_SONGBEN_0193,clause,SHSRC0033,sequence,同篇相鄰條文（並列/遞進語境）,,direct_clause_id,{},0.7,pending,
REL_00190,SHL_SONGBEN_0193,clause,SHSRC0033,SHL_SONGBEN_0194,clause,SHSRC0033,sequence,同篇相鄰條文（並列/遞進語境）,,direct_clause_id,{},0.7,pending,
REL_00191,SHL_SONGBEN_0194,clause,SHSRC0033,SHL_SONGBEN_0195,clause,SHSRC0033,sequence,同篇相鄰條文（並列/遞進語境）,,direct_clause_id,{},0.7,pending,
REL_00192,SHL_SONGBEN_0195,clause,SHSRC0033,SHL_SONGBEN_0196,clause,SHSRC0033,sequence,同篇相鄰條文（並列/遞進語境）,,direct_clause_id,{},0.7,pending,
REL_00193,SHL_SONGBEN_0196,clause,SHSRC0033,SHL_SONGBEN_0197,clause,SHSRC0033,sequence,同篇相鄰條文（並列/遞進語境）,,direct_clause_id,{},0.7,pending,
REL_00194,SHL_SONGBEN_0197,clause,SHSRC0033,SHL_SONGBEN_0198,clause,SHSRC0033,sequence,同篇相鄰條文（並列/遞進語境）,,direct_clause_id,{},0.7,pending,
REL_00195,SHL_SONGBEN_0198,clause,SHSRC0033,SHL_SONGBEN_0199,clause,SHSRC0033,sequence,同篇相鄰條文（並列/遞進語境）,,direct_clause_id,{},0.7,pending,
REL_00196,SHL_SONGBEN_0199,clause,SHSRC0033,SHL_SONGBEN_0200,clause,SHSRC0033,sequence,同篇相鄰條文（並列/遞進語境）,,direct_clause_id,{},0.7,pending,
REL_00197,SHL_SONGBEN_0200,clause,SHSRC0033,SHL_SONGBEN_0201,clause,SHSRC0033,sequence,同篇相鄰條文（並列/遞進語境）,,direct_clause_id,{},0.7,pending,
REL_00198,SHL_SONGBEN_0201,clause,SHSRC0033,SHL_SONGBEN_0202,clause,SHSRC0033,sequence,同篇相鄰條文（並列/遞進語境）,,direct_clause_id,{},0.7,pending,
REL_00199,SHL_SONGBEN_0202,clause,SHSRC0033,SHL_SONGBEN_0203,clause,SHSRC0033,sequence,同篇相鄰條文（並列/遞進語境）,,direct_clause_id,{},0.7,pending,
REL_00200,SHL_SONGBEN_0203,clause,SHSRC0033,SHL_SONGBEN_0204,clause,SHSRC0033,sequence,同篇相鄰條文（並列/遞進語境）,,direct_clause_id,{},0.7,pending,
REL_00201,SHL_SONGBEN_0204,clause,SHSRC0033,SHL_SONGBEN_0205,clause,SHSRC0033,sequence,同篇相鄰條文（並列/遞進語境）,,direct_clause_id,{},0.7,pending,
REL_00202,SHL_SONGBEN_0205,clause,SHSRC0033,SHL_SONGBEN_0206,clause,SHSRC0033,sequence,同篇相鄰條文（並列/遞進語境）,,direct_clause_id,{},0.7,pending,
REL_00203,SHL_SONGBEN_0206,clause,SHSRC0033,SHL_SONGBEN_0207,clause,SHSRC0033,sequence,同篇相鄰條文（並列/遞進語境）,,direct_clause_id,{},0.7,pending,
REL_00204,SHL_SONGBEN_0207,clause,SHSRC0033,SHL_SONGBEN_0208,clause,SHSRC0033,sequence,同篇相鄰條文（並列/遞進語境）,,direct_clause_id,{},0.7,pending,
REL_00205,SHL_SONGBEN_0208,clause,SHSRC0033,SHL_SONGBEN_0209,clause,SHSRC0033,sequence,同篇相鄰條文（並列/遞進語境）,,direct_clause_id,{},0.7,pending,
REL_00206,SHL_SONGBEN_0209,clause,SHSRC0033,SHL_SONGBEN_0210,clause,SHSRC0033,sequence,同篇相鄰條文（並列/遞進語境）,,direct_clause_id,{},0.7,pending,
REL_00207,SHL_SONGBEN_0210,clause,SHSRC0033,SHL_SONGBEN_0211,clause,SHSRC0033,sequence,同篇相鄰條文（並列/遞進語境）,,direct_clause_id,{},0.7,pending,
REL_00208,SHL_SONGBEN_0211,clause,SHSRC0033,SHL_SONGBEN_0212,clause,SHSRC0033,sequence,同篇相鄰條文（並列/遞進語境）,,direct_clause_id,{},0.7,pending,
REL_00209,SHL_SONGBEN_0212,clause,SHSRC0033,SHL_SONGBEN_0213,clause,SHSRC0033,sequence,同篇相鄰條文（並列/遞進語境）,,direct_clause_id,{},0.7,pending,
REL_00210,SHL_SONGBEN_0213,clause,SHSRC0033,SHL_SONGBEN_0214,clause,SHSRC0033,sequence,同篇相鄰條文（並列/遞進語境）,,direct_clause_id,{},0.7,pending,
REL_00211,SHL_SONGBEN_0214,clause,SHSRC0033,SHL_SONGBEN_0215,clause,SHSRC0033,sequence,同篇相鄰條文（並列/遞進語境）,,direct_clause_id,{},0.7,pending,
REL_00212,SHL_SONGBEN_0215,clause,SHSRC0033,SHL_SONGBEN_0216,clause,SHSRC0033,sequence,同篇相鄰條文（並列/遞進語境）,,direct_clause_id,{},0.7,pending,
REL_00213,SHL_SONGBEN_0216,clause,SHSRC0033,SHL_SONGBEN_0217,clause,SHSRC0033,sequence,同篇相鄰條文（並列/遞進語境）,,direct_clause_id,{},0.7,pending,
REL_00214,SHL_SONGBEN_0217,clause,SHSRC0033,SHL_SONGBEN_0218,clause,SHSRC0033,sequence,同篇相鄰條文（並列/遞進語境）,,direct_clause_id,{},0.7,pending,
REL_00215,SHL_SONGBEN_0218,clause,SHSRC0033,SHL_SONGBEN_0219,clause,SHSRC0033,sequence,同篇相鄰條文（並列/遞進語境）,,direct_clause_id,{},0.7,pending,
REL_00216,SHL_SONGBEN_0219,clause,SHSRC0033,SHL_SONGBEN_0220,clause,SHSRC0033,sequence,同篇相鄰條文（並列/遞進語境）,,direct_clause_id,{},0.7,pending,
REL_00217,SHL_SONGBEN_0220,clause,SHSRC0033,SHL_SONGBEN_0221,clause,SHSRC0033,sequence,同篇相鄰條文（並列/遞進語境）,,direct_clause_id,{},0.7,pending,
REL_00218,SHL_SONGBEN_0221,clause,SHSRC0033,SHL_SONGBEN_0222,clause,SHSRC0033,sequence,同篇相鄰條文（並列/遞進語境）,,direct_clause_id,{},0.7,pending,
REL_00219,SHL_SONGBEN_0222,clause,SHSRC0033,SHL_SONGBEN_0223,clause,SHSRC0033,sequence,同篇相鄰條文（並列/遞進語境）,,direct_clause_id,{},0.7,pending,
REL_00220,SHL_SONGBEN_0223,clause,SHSRC0033,SHL_SONGBEN_0224,clause,SHSRC0033,sequence,同篇相鄰條文（並列/遞進語境）,,direct_clause_id,{},0.7,pending,
REL_00221,SHL_SONGBEN_0224,clause,SHSRC0033,SHL_SONGBEN_0225,clause,SHSRC0033,sequence,同篇相鄰條文（並列/遞進語境）,,direct_clause_id,{},0.7,pending,
REL_00222,SHL_SONGBEN_0225,clause,SHSRC0033,SHL_SONGBEN_0226,clause,SHSRC0033,sequence,同篇相鄰條文（並列/遞進語境）,,direct_clause_id,{},0.7,pending,
REL_00223,SHL_SONGBEN_0226,clause,SHSRC0033,SHL_SONGBEN_0227,clause,SHSRC0033,sequence,同篇相鄰條文（並列/遞進語境）,,direct_clause_id,{},0.7,pending,
REL_00224,SHL_SONGBEN_0227,clause,SHSRC0033,SHL_SONGBEN_0228,clause,SHSRC0033,sequence,同篇相鄰條文（並列/遞進語境）,,direct_clause_id,{},0.7,pending,
REL_00225,SHL_SONGBEN_0228,clause,SHSRC0033,SHL_SONGBEN_0229,clause,SHSRC0033,sequence,同篇相鄰條文（並列/遞進語境）,,direct_clause_id,{},0.7,pending,
REL_00226,SHL_SONGBEN_0229,clause,SHSRC0033,SHL_SONGBEN_0230,clause,SHSRC0033,sequence,同篇相鄰條文（並列/遞進語境）,,direct_clause_id,{},0.7,pending,
REL_00227,SHL_SONGBEN_0230,clause,SHSRC0033,SHL_SONGBEN_0231,clause,SHSRC0033,sequence,同篇相鄰條文（並列/遞進語境）,,direct_clause_id,{},0.7,pending,
REL_00228,SHL_SONGBEN_0231,clause,SHSRC0033,SHL_SONGBEN_0232,clause,SHSRC0033,sequence,同篇相鄰條文（並列/遞進語境）,,direct_clause_id,{},0.7,pending,
REL_00229,SHL_SONGBEN_0232,clause,SHSRC0033,SHL_SONGBEN_0233,clause,SHSRC0033,sequence,同篇相鄰條文（並列/遞進語境）,,direct_clause_id,{},0.7,pending,
REL_00230,SHL_SONGBEN_0233,clause,SHSRC0033,SHL_SONGBEN_0234,clause,SHSRC0033,sequence,同篇相鄰條文（並列/遞進語境）,,direct_clause_id,{},0.7,pending,
REL_00231,SHL_SONGBEN_0234,clause,SHSRC0033,SHL_SONGBEN_0235,clause,SHSRC0033,sequence,同篇相鄰條文（並列/遞進語境）,,direct_clause_id,{},0.7,pending,
REL_00232,SHL_SONGBEN_0235,clause,SHSRC0033,SHL_SONGBEN_0236,clause,SHSRC0033,sequence,同篇相鄰條文（並列/遞進語境）,,direct_clause_id,{},0.7,pending,
REL_00233,SHL_SONGBEN_0236,clause,SHSRC0033,SHL_SONGBEN_0237,clause,SHSRC0033,sequence,同篇相鄰條文（並列/遞進語境）,,direct_clause_id,{},0.7,pending,
REL_00234,SHL_SONGBEN_0237,clause,SHSRC0033,SHL_SONGBEN_0238,clause,SHSRC0033,sequence,同篇相鄰條文（並列/遞進語境）,,direct_clause_id,{},0.7,pending,
REL_00235,SHL_SONGBEN_0238,clause,SHSRC0033,SHL_SONGBEN_0239,clause,SHSRC0033,sequence,同篇相鄰條文（並列/遞進語境）,,direct_clause_id,{},0.7,pending,
REL_00236,SHL_SONGBEN_0239,clause,SHSRC0033,SHL_SONGBEN_0240,clause,SHSRC0033,sequence,同篇相鄰條文（並列/遞進語境）,,direct_clause_id,{},0.7,pending,
REL_00237,SHL_SONGBEN_0240,clause,SHSRC0033,SHL_SONGBEN_0241,clause,SHSRC0033,sequence,同篇相鄰條文（並列/遞進語境）,,direct_clause_id,{},0.7,pending,
REL_00238,SHL_SONGBEN_0241,clause,SHSRC0033,SHL_SONGBEN_0242,clause,SHSRC0033,sequence,同篇相鄰條文（並列/遞進語境）,,direct_clause_id,{},0.7,pending,
REL_00239,SHL_SONGBEN_0242,clause,SHSRC0033,SHL_SONGBEN_0243,clause,SHSRC0033,sequence,同篇相鄰條文（並列/遞進語境）,,direct_clause_id,{},0.7,pending,
REL_00240,SHL_SONGBEN_0243,clause,SHSRC0033,SHL_SONGBEN_0244,clause,SHSRC0033,sequence,同篇相鄰條文（並列/遞進語境）,,direct_clause_id,{},0.7,pending,
REL_00241,SHL_SONGBEN_0244,clause,SHSRC0033,SHL_SONGBEN_0245,clause,SHSRC0033,sequence,同篇相鄰條文（並列/遞進語境）,,direct_clause_id,{},0.7,pending,
REL_00242,SHL_SONGBEN_0245,clause,SHSRC0033,SHL_SONGBEN_0246,clause,SHSRC0033,sequence,同篇相鄰條文（並列/遞進語境）,,direct_clause_id,{},0.7,pending,
REL_00243,SHL_SONGBEN_0246,clause,SHSRC0033,SHL_SONGBEN_0247,clause,SHSRC0033,sequence,同篇相鄰條文（並列/遞進語境）,,direct_clause_id,{},0.7,pending,
REL_00244,SHL_SONGBEN_0247,clause,SHSRC0033,SHL_SONGBEN_0248,clause,SHSRC0033,sequence,同篇相鄰條文（並列/遞進語境）,,direct_clause_id,{},0.7,pending,
REL_00245,SHL_SONGBEN_0248,clause,SHSRC0033,SHL_SONGBEN_0249,clause,SHSRC0033,sequence,同篇相鄰條文（並列/遞進語境）,,direct_clause_id,{},0.7,pending,
REL_00246,SHL_SONGBEN_0249,clause,SHSRC0033,SHL_SONGBEN_0250,clause,SHSRC0033,sequence,同篇相鄰條文（並列/遞進語境）,,direct_clause_id,{},0.7,pending,
REL_00247,SHL_SONGBEN_0250,clause,SHSRC0033,SHL_SONGBEN_0251,clause,SHSRC0033,sequence,同篇相鄰條文（並列/遞進語境）,,direct_clause_id,{},0.7,pending,
REL_00248,SHL_SONGBEN_0251,clause,SHSRC0033,SHL_SONGBEN_0252,clause,SHSRC0033,sequence,同篇相鄰條文（並列/遞進語境）,,direct_clause_id,{},0.7,pending,
REL_00249,SHL_SONGBEN_0252,clause,SHSRC0033,SHL_SONGBEN_0253,clause,SHSRC0033,sequence,同篇相鄰條文（並列/遞進語境）,,direct_clause_id,{},0.7,pending,
REL_00250,SHL_SONGBEN_0253,clause,SHSRC0033,SHL_SONGBEN_0254,clause,SHSRC0033,sequence,同篇相鄰條文（並列/遞進語境）,,direct_clause_id,{},0.7,pending,
REL_00251,SHL_SONGBEN_0254,clause,SHSRC0033,SHL_SONGBEN_0255,clause,SHSRC0033,sequence,同篇相鄰條文（並列/遞進語境）,,direct_clause_id,{},0.7,pending,
REL_00252,SHL_SONGBEN_0255,clause,SHSRC0033,SHL_SONGBEN_0256,clause,SHSRC0033,sequence,同篇相鄰條文（並列/遞進語境）,,direct_clause_id,{},0.7,pending,
REL_00253,SHL_SONGBEN_0256,clause,SHSRC0033,SHL_SONGBEN_0257,clause,SHSRC0033,sequence,同篇相鄰條文（並列/遞進語境）,,direct_clause_id,{},0.7,pending,
REL_00254,SHL_SONGBEN_0257,clause,SHSRC0033,SHL_SONGBEN_0258,clause,SHSRC0033,sequence,同篇相鄰條文（並列/遞進語境）,,direct_clause_id,{},0.7,pending,
REL_00255,SHL_SONGBEN_0258,clause,SHSRC0033,SHL_SONGBEN_0259,clause,SHSRC0033,sequence,同篇相鄰條文（並列/遞進語境）,,direct_clause_id,{},0.7,pending,
REL_00256,SHL_SONGBEN_0259,clause,SHSRC0033,SHL_SONGBEN_0260,clause,SHSRC0033,sequence,同篇相鄰條文（並列/遞進語境）,,direct_clause_id,{},0.7,pending,
REL_00257,SHL_SONGBEN_0260,clause,SHSRC0033,SHL_SONGBEN_0261,clause,SHSRC0033,sequence,同篇相鄰條文（並列/遞進語境）,,direct_clause_id,{},0.7,pending,
REL_00258,SHL_SONGBEN_0261,clause,SHSRC0033,SHL_SONGBEN_0262,clause,SHSRC0033,sequence,同篇相鄰條文（並列/遞進語境）,,direct_clause_id,{},0.7,pending,
REL_00259,SHL_SONGBEN_0263,clause,SHSRC0033,SHL_SONGBEN_0264,clause,SHSRC0033,sequence,同篇相鄰條文（並列/遞進語境）,,direct_clause_id,{},0.7,pending,
REL_00260,SHL_SONGBEN_0264,clause,SHSRC0033,SHL_SONGBEN_0265,clause,SHSRC0033,sequence,同篇相鄰條文（並列/遞進語境）,,direct_clause_id,{},0.7,pending,
REL_00261,SHL_SONGBEN_0265,clause,SHSRC0033,SHL_SONGBEN_0266,clause,SHSRC0033,sequence,同篇相鄰條文（並列/遞進語境）,,direct_clause_id,{},0.7,pending,
REL_00262,SHL_SONGBEN_0266,clause,SHSRC0033,SHL_SONGBEN_0267,clause,SHSRC0033,sequence,同篇相鄰條文（並列/遞進語境）,,direct_clause_id,{},0.7,pending,
REL_00263,SHL_SONGBEN_0267,clause,SHSRC0033,SHL_SONGBEN_0268,clause,SHSRC0033,sequence,同篇相鄰條文（並列/遞進語境）,,direct_clause_id,{},0.7,pending,
REL_00264,SHL_SONGBEN_0268,clause,SHSRC0033,SHL_SONGBEN_0269,clause,SHSRC0033,sequence,同篇相鄰條文（並列/遞進語境）,,direct_clause_id,{},0.7,pending,
REL_00265,SHL_SONGBEN_0269,clause,SHSRC0033,SHL_SONGBEN_0270,clause,SHSRC0033,sequence,同篇相鄰條文（並列/遞進語境）,,direct_clause_id,{},0.7,pending,
REL_00266,SHL_SONGBEN_0270,clause,SHSRC0033,SHL_SONGBEN_0271,clause,SHSRC0033,sequence,同篇相鄰條文（並列/遞進語境）,,direct_clause_id,{},0.7,pending,
REL_00267,SHL_SONGBEN_0271,clause,SHSRC0033,SHL_SONGBEN_0272,clause,SHSRC0033,sequence,同篇相鄰條文（並列/遞進語境）,,direct_clause_id,{},0.7,pending,
REL_00268,SHL_SONGBEN_0273,clause,SHSRC0033,SHL_SONGBEN_0274,clause,SHSRC0033,sequence,同篇相鄰條文（並列/遞進語境）,,direct_clause_id,{},0.7,pending,
REL_00269,SHL_SONGBEN_0274,clause,SHSRC0033,SHL_SONGBEN_0275,clause,SHSRC0033,sequence,同篇相鄰條文（並列/遞進語境）,,direct_clause_id,{},0.7,pending,
REL_00270,SHL_SONGBEN_0275,clause,SHSRC0033,SHL_SONGBEN_0276,clause,SHSRC0033,sequence,同篇相鄰條文（並列/遞進語境）,,direct_clause_id,{},0.7,pending,
REL_00271,SHL_SONGBEN_0276,clause,SHSRC0033,SHL_SONGBEN_0277,clause,SHSRC0033,sequence,同篇相鄰條文（並列/遞進語境）,,direct_clause_id,{},0.7,pending,
REL_00272,SHL_SONGBEN_0277,clause,SHSRC0033,SHL_SONGBEN_0278,clause,SHSRC0033,sequence,同篇相鄰條文（並列/遞進語境）,,direct_clause_id,{},0.7,pending,
REL_00273,SHL_SONGBEN_0278,clause,SHSRC0033,SHL_SONGBEN_0279,clause,SHSRC0033,sequence,同篇相鄰條文（並列/遞進語境）,,direct_clause_id,{},0.7,pending,
REL_00274,SHL_SONGBEN_0279,clause,SHSRC0033,SHL_SONGBEN_0280,clause,SHSRC0033,sequence,同篇相鄰條文（並列/遞進語境）,,direct_clause_id,{},0.7,pending,
REL_00275,SHL_SONGBEN_0281,clause,SHSRC0033,SHL_SONGBEN_0282,clause,SHSRC0033,sequence,同篇相鄰條文（並列/遞進語境）,,direct_clause_id,{},0.7,pending,
REL_00276,SHL_SONGBEN_0282,clause,SHSRC0033,SHL_SONGBEN_0283,clause,SHSRC0033,sequence,同篇相鄰條文（並列/遞進語境）,,direct_clause_id,{},0.7,pending,
REL_00277,SHL_SONGBEN_0283,clause,SHSRC0033,SHL_SONGBEN_0284,clause,SHSRC0033,sequence,同篇相鄰條文（並列/遞進語境）,,direct_clause_id,{},0.7,pending,
REL_00278,SHL_SONGBEN_0284,clause,SHSRC0033,SHL_SONGBEN_0285,clause,SHSRC0033,sequence,同篇相鄰條文（並列/遞進語境）,,direct_clause_id,{},0.7,pending,
REL_00279,SHL_SONGBEN_0285,clause,SHSRC0033,SHL_SONGBEN_0286,clause,SHSRC0033,sequence,同篇相鄰條文（並列/遞進語境）,,direct_clause_id,{},0.7,pending,
REL_00280,SHL_SONGBEN_0286,clause,SHSRC0033,SHL_SONGBEN_0287,clause,SHSRC0033,sequence,同篇相鄰條文（並列/遞進語境）,,direct_clause_id,{},0.7,pending,
REL_00281,SHL_SONGBEN_0287,clause,SHSRC0033,SHL_SONGBEN_0288,clause,SHSRC0033,sequence,同篇相鄰條文（並列/遞進語境）,,direct_clause_id,{},0.7,pending,
REL_00282,SHL_SONGBEN_0288,clause,SHSRC0033,SHL_SONGBEN_0289,clause,SHSRC0033,sequence,同篇相鄰條文（並列/遞進語境）,,direct_clause_id,{},0.7,pending,
REL_00283,SHL_SONGBEN_0289,clause,SHSRC0033,SHL_SONGBEN_0290,clause,SHSRC0033,sequence,同篇相鄰條文（並列/遞進語境）,,direct_clause_id,{},0.7,pending,
REL_00284,SHL_SONGBEN_0290,clause,SHSRC0033,SHL_SONGBEN_0291,clause,SHSRC0033,sequence,同篇相鄰條文（並列/遞進語境）,,direct_clause_id,{},0.7,pending,
REL_00285,SHL_SONGBEN_0291,clause,SHSRC0033,SHL_SONGBEN_0292,clause,SHSRC0033,sequence,同篇相鄰條文（並列/遞進語境）,,direct_clause_id,{},0.7,pending,
REL_00286,SHL_SONGBEN_0292,clause,SHSRC0033,SHL_SONGBEN_0293,clause,SHSRC0033,sequence,同篇相鄰條文（並列/遞進語境）,,direct_clause_id,{},0.7,pending,
REL_00287,SHL_SONGBEN_0293,clause,SHSRC0033,SHL_SONGBEN_0294,clause,SHSRC0033,sequence,同篇相鄰條文（並列/遞進語境）,,direct_clause_id,{},0.7,pending,
REL_00288,SHL_SONGBEN_0294,clause,SHSRC0033,SHL_SONGBEN_0295,clause,SHSRC0033,sequence,同篇相鄰條文（並列/遞進語境）,,direct_clause_id,{},0.7,pending,
REL_00289,SHL_SONGBEN_0295,clause,SHSRC0033,SHL_SONGBEN_0296,clause,SHSRC0033,sequence,同篇相鄰條文（並列/遞進語境）,,direct_clause_id,{},0.7,pending,
REL_00290,SHL_SONGBEN_0296,clause,SHSRC0033,SHL_SONGBEN_0297,clause,SHSRC0033,sequence,同篇相鄰條文（並列/遞進語境）,,direct_clause_id,{},0.7,pending,
REL_00291,SHL_SONGBEN_0297,clause,SHSRC0033,SHL_SONGBEN_0298,clause,SHSRC0033,sequence,同篇相鄰條文（並列/遞進語境）,,direct_clause_id,{},0.7,pending,
REL_00292,SHL_SONGBEN_0298,clause,SHSRC0033,SHL_SONGBEN_0299,clause,SHSRC0033,sequence,同篇相鄰條文（並列/遞進語境）,,direct_clause_id,{},0.7,pending,
REL_00293,SHL_SONGBEN_0299,clause,SHSRC0033,SHL_SONGBEN_0300,clause,SHSRC0033,sequence,同篇相鄰條文（並列/遞進語境）,,direct_clause_id,{},0.7,pending,
REL_00294,SHL_SONGBEN_0300,clause,SHSRC0033,SHL_SONGBEN_0301,clause,SHSRC0033,sequence,同篇相鄰條文（並列/遞進語境）,,direct_clause_id,{},0.7,pending,
REL_00295,SHL_SONGBEN_0301,clause,SHSRC0033,SHL_SONGBEN_0302,clause,SHSRC0033,sequence,同篇相鄰條文（並列/遞進語境）,,direct_clause_id,{},0.7,pending,
REL_00296,SHL_SONGBEN_0302,clause,SHSRC0033,SHL_SONGBEN_0303,clause,SHSRC0033,sequence,同篇相鄰條文（並列/遞進語境）,,direct_clause_id,{},0.7,pending,
REL_00297,SHL_SONGBEN_0303,clause,SHSRC0033,SHL_SONGBEN_0304,clause,SHSRC0033,sequence,同篇相鄰條文（並列/遞進語境）,,direct_clause_id,{},0.7,pending,
REL_00298,SHL_SONGBEN_0304,clause,SHSRC0033,SHL_SONGBEN_0305,clause,SHSRC0033,sequence,同篇相鄰條文（並列/遞進語境）,,direct_clause_id,{},0.7,pending,
REL_00299,SHL_SONGBEN_0305,clause,SHSRC0033,SHL_SONGBEN_0306,clause,SHSRC0033,sequence,同篇相鄰條文（並列/遞進語境）,,direct_clause_id,{},0.7,pending,
REL_00300,SHL_SONGBEN_0306,clause,SHSRC0033,SHL_SONGBEN_0307,clause,SHSRC0033,sequence,同篇相鄰條文（並列/遞進語境）,,direct_clause_id,{},0.7,pending,
REL_00301,SHL_SONGBEN_0307,clause,SHSRC0033,SHL_SONGBEN_0308,clause,SHSRC0033,sequence,同篇相鄰條文（並列/遞進語境）,,direct_clause_id,{},0.7,pending,
REL_00302,SHL_SONGBEN_0308,clause,SHSRC0033,SHL_SONGBEN_0309,clause,SHSRC0033,sequence,同篇相鄰條文（並列/遞進語境）,,direct_clause_id,{},0.7,pending,
REL_00303,SHL_SONGBEN_0309,clause,SHSRC0033,SHL_SONGBEN_0310,clause,SHSRC0033,sequence,同篇相鄰條文（並列/遞進語境）,,direct_clause_id,{},0.7,pending,
REL_00304,SHL_SONGBEN_0310,clause,SHSRC0033,SHL_SONGBEN_0311,clause,SHSRC0033,sequence,同篇相鄰條文（並列/遞進語境）,,direct_clause_id,{},0.7,pending,
REL_00305,SHL_SONGBEN_0311,clause,SHSRC0033,SHL_SONGBEN_0312,clause,SHSRC0033,sequence,同篇相鄰條文（並列/遞進語境）,,direct_clause_id,{},0.7,pending,
REL_00306,SHL_SONGBEN_0312,clause,SHSRC0033,SHL_SONGBEN_0313,clause,SHSRC0033,sequence,同篇相鄰條文（並列/遞進語境）,,direct_clause_id,{},0.7,pending,
REL_00307,SHL_SONGBEN_0313,clause,SHSRC0033,SHL_SONGBEN_0314,clause,SHSRC0033,sequence,同篇相鄰條文（並列/遞進語境）,,direct_clause_id,{},0.7,pending,
REL_00308,SHL_SONGBEN_0314,clause,SHSRC0033,SHL_SONGBEN_0315,clause,SHSRC0033,sequence,同篇相鄰條文（並列/遞進語境）,,direct_clause_id,{},0.7,pending,
REL_00309,SHL_SONGBEN_0315,clause,SHSRC0033,SHL_SONGBEN_0316,clause,SHSRC0033,sequence,同篇相鄰條文（並列/遞進語境）,,direct_clause_id,{},0.7,pending,
REL_00310,SHL_SONGBEN_0316,clause,SHSRC0033,SHL_SONGBEN_0317,clause,SHSRC0033,sequence,同篇相鄰條文（並列/遞進語境）,,direct_clause_id,{},0.7,pending,
REL_00311,SHL_SONGBEN_0317,clause,SHSRC0033,SHL_SONGBEN_0318,clause,SHSRC0033,sequence,同篇相鄰條文（並列/遞進語境）,,direct_clause_id,{},0.7,pending,
REL_00312,SHL_SONGBEN_0318,clause,SHSRC0033,SHL_SONGBEN_0319,clause,SHSRC0033,sequence,同篇相鄰條文（並列/遞進語境）,,direct_clause_id,{},0.7,pending,
REL_00313,SHL_SONGBEN_0319,clause,SHSRC0033,SHL_SONGBEN_0320,clause,SHSRC0033,sequence,同篇相鄰條文（並列/遞進語境）,,direct_clause_id,{},0.7,pending,
REL_00314,SHL_SONGBEN_0320,clause,SHSRC0033,SHL_SONGBEN_0321,clause,SHSRC0033,sequence,同篇相鄰條文（並列/遞進語境）,,direct_clause_id,{},0.7,pending,
REL_00315,SHL_SONGBEN_0321,clause,SHSRC0033,SHL_SONGBEN_0322,clause,SHSRC0033,sequence,同篇相鄰條文（並列/遞進語境）,,direct_clause_id,{},0.7,pending,
REL_00316,SHL_SONGBEN_0322,clause,SHSRC0033,SHL_SONGBEN_0323,clause,SHSRC0033,sequence,同篇相鄰條文（並列/遞進語境）,,direct_clause_id,{},0.7,pending,
REL_00317,SHL_SONGBEN_0323,clause,SHSRC0033,SHL_SONGBEN_0324,clause,SHSRC0033,sequence,同篇相鄰條文（並列/遞進語境）,,direct_clause_id,{},0.7,pending,
REL_00318,SHL_SONGBEN_0324,clause,SHSRC0033,SHL_SONGBEN_0325,clause,SHSRC0033,sequence,同篇相鄰條文（並列/遞進語境）,,direct_clause_id,{},0.7,pending,
REL_00319,SHL_SONGBEN_0326,clause,SHSRC0033,SHL_SONGBEN_0327,clause,SHSRC0033,sequence,同篇相鄰條文（並列/遞進語境）,,direct_clause_id,{},0.7,pending,
REL_00320,SHL_SONGBEN_0327,clause,SHSRC0033,SHL_SONGBEN_0328,clause,SHSRC0033,sequence,同篇相鄰條文（並列/遞進語境）,,direct_clause_id,{},0.7,pending,
REL_00321,SHL_SONGBEN_0328,clause,SHSRC0033,SHL_SONGBEN_0329,clause,SHSRC0033,sequence,同篇相鄰條文（並列/遞進語境）,,direct_clause_id,{},0.7,pending,
REL_00322,SHL_SONGBEN_0329,clause,SHSRC0033,SHL_SONGBEN_0330,clause,SHSRC0033,sequence,同篇相鄰條文（並列/遞進語境）,,direct_clause_id,{},0.7,pending,
REL_00323,SHL_SONGBEN_0330,clause,SHSRC0033,SHL_SONGBEN_0331,clause,SHSRC0033,sequence,同篇相鄰條文（並列/遞進語境）,,direct_clause_id,{},0.7,pending,
REL_00324,SHL_SONGBEN_0331,clause,SHSRC0033,SHL_SONGBEN_0332,clause,SHSRC0033,sequence,同篇相鄰條文（並列/遞進語境）,,direct_clause_id,{},0.7,pending,
REL_00325,SHL_SONGBEN_0332,clause,SHSRC0033,SHL_SONGBEN_0333,clause,SHSRC0033,sequence,同篇相鄰條文（並列/遞進語境）,,direct_clause_id,{},0.7,pending,
REL_00326,SHL_SONGBEN_0333,clause,SHSRC0033,SHL_SONGBEN_0334,clause,SHSRC0033,sequence,同篇相鄰條文（並列/遞進語境）,,direct_clause_id,{},0.7,pending,
REL_00327,SHL_SONGBEN_0334,clause,SHSRC0033,SHL_SONGBEN_0335,clause,SHSRC0033,sequence,同篇相鄰條文（並列/遞進語境）,,direct_clause_id,{},0.7,pending,
REL_00328,SHL_SONGBEN_0335,clause,SHSRC0033,SHL_SONGBEN_0336,clause,SHSRC0033,sequence,同篇相鄰條文（並列/遞進語境）,,direct_clause_id,{},0.7,pending,
REL_00329,SHL_SONGBEN_0336,clause,SHSRC0033,SHL_SONGBEN_0337,clause,SHSRC0033,sequence,同篇相鄰條文（並列/遞進語境）,,direct_clause_id,{},0.7,pending,
REL_00330,SHL_SONGBEN_0337,clause,SHSRC0033,SHL_SONGBEN_0338,clause,SHSRC0033,sequence,同篇相鄰條文（並列/遞進語境）,,direct_clause_id,{},0.7,pending,
REL_00331,SHL_SONGBEN_0338,clause,SHSRC0033,SHL_SONGBEN_0339,clause,SHSRC0033,sequence,同篇相鄰條文（並列/遞進語境）,,direct_clause_id,{},0.7,pending,
REL_00332,SHL_SONGBEN_0339,clause,SHSRC0033,SHL_SONGBEN_0340,clause,SHSRC0033,sequence,同篇相鄰條文（並列/遞進語境）,,direct_clause_id,{},0.7,pending,
REL_00333,SHL_SONGBEN_0340,clause,SHSRC0033,SHL_SONGBEN_0341,clause,SHSRC0033,sequence,同篇相鄰條文（並列/遞進語境）,,direct_clause_id,{},0.7,pending,
REL_00334,SHL_SONGBEN_0341,clause,SHSRC0033,SHL_SONGBEN_0342,clause,SHSRC0033,sequence,同篇相鄰條文（並列/遞進語境）,,direct_clause_id,{},0.7,pending,
REL_00335,SHL_SONGBEN_0342,clause,SHSRC0033,SHL_SONGBEN_0343,clause,SHSRC0033,sequence,同篇相鄰條文（並列/遞進語境）,,direct_clause_id,{},0.7,pending,
REL_00336,SHL_SONGBEN_0343,clause,SHSRC0033,SHL_SONGBEN_0344,clause,SHSRC0033,sequence,同篇相鄰條文（並列/遞進語境）,,direct_clause_id,{},0.7,pending,
REL_00337,SHL_SONGBEN_0344,clause,SHSRC0033,SHL_SONGBEN_0345,clause,SHSRC0033,sequence,同篇相鄰條文（並列/遞進語境）,,direct_clause_id,{},0.7,pending,
REL_00338,SHL_SONGBEN_0345,clause,SHSRC0033,SHL_SONGBEN_0346,clause,SHSRC0033,sequence,同篇相鄰條文（並列/遞進語境）,,direct_clause_id,{},0.7,pending,
REL_00339,SHL_SONGBEN_0346,clause,SHSRC0033,SHL_SONGBEN_0347,clause,SHSRC0033,sequence,同篇相鄰條文（並列/遞進語境）,,direct_clause_id,{},0.7,pending,
REL_00340,SHL_SONGBEN_0347,clause,SHSRC0033,SHL_SONGBEN_0348,clause,SHSRC0033,sequence,同篇相鄰條文（並列/遞進語境）,,direct_clause_id,{},0.7,pending,
REL_00341,SHL_SONGBEN_0348,clause,SHSRC0033,SHL_SONGBEN_0349,clause,SHSRC0033,sequence,同篇相鄰條文（並列/遞進語境）,,direct_clause_id,{},0.7,pending,
REL_00342,SHL_SONGBEN_0349,clause,SHSRC0033,SHL_SONGBEN_0350,clause,SHSRC0033,sequence,同篇相鄰條文（並列/遞進語境）,,direct_clause_id,{},0.7,pending,
REL_00343,SHL_SONGBEN_0350,clause,SHSRC0033,SHL_SONGBEN_0351,clause,SHSRC0033,sequence,同篇相鄰條文（並列/遞進語境）,,direct_clause_id,{},0.7,pending,
REL_00344,SHL_SONGBEN_0351,clause,SHSRC0033,SHL_SONGBEN_0352,clause,SHSRC0033,sequence,同篇相鄰條文（並列/遞進語境）,,direct_clause_id,{},0.7,pending,
REL_00345,SHL_SONGBEN_0352,clause,SHSRC0033,SHL_SONGBEN_0353,clause,SHSRC0033,sequence,同篇相鄰條文（並列/遞進語境）,,direct_clause_id,{},0.7,pending,
REL_00346,SHL_SONGBEN_0353,clause,SHSRC0033,SHL_SONGBEN_0354,clause,SHSRC0033,sequence,同篇相鄰條文（並列/遞進語境）,,direct_clause_id,{},0.7,pending,
REL_00347,SHL_SONGBEN_0354,clause,SHSRC0033,SHL_SONGBEN_0355,clause,SHSRC0033,sequence,同篇相鄰條文（並列/遞進語境）,,direct_clause_id,{},0.7,pending,
REL_00348,SHL_SONGBEN_0355,clause,SHSRC0033,SHL_SONGBEN_0356,clause,SHSRC0033,sequence,同篇相鄰條文（並列/遞進語境）,,direct_clause_id,{},0.7,pending,
REL_00349,SHL_SONGBEN_0356,clause,SHSRC0033,SHL_SONGBEN_0357,clause,SHSRC0033,sequence,同篇相鄰條文（並列/遞進語境）,,direct_clause_id,{},0.7,pending,
REL_00350,SHL_SONGBEN_0357,clause,SHSRC0033,SHL_SONGBEN_0358,clause,SHSRC0033,sequence,同篇相鄰條文（並列/遞進語境）,,direct_clause_id,{},0.7,pending,
REL_00351,SHL_SONGBEN_0358,clause,SHSRC0033,SHL_SONGBEN_0359,clause,SHSRC0033,sequence,同篇相鄰條文（並列/遞進語境）,,direct_clause_id,{},0.7,pending,
REL_00352,SHL_SONGBEN_0359,clause,SHSRC0033,SHL_SONGBEN_0360,clause,SHSRC0033,sequence,同篇相鄰條文（並列/遞進語境）,,direct_clause_id,{},0.7,pending,
REL_00353,SHL_SONGBEN_0360,clause,SHSRC0033,SHL_SONGBEN_0361,clause,SHSRC0033,sequence,同篇相鄰條文（並列/遞進語境）,,direct_clause_id,{},0.7,pending,
REL_00354,SHL_SONGBEN_0361,clause,SHSRC0033,SHL_SONGBEN_0362,clause,SHSRC0033,sequence,同篇相鄰條文（並列/遞進語境）,,direct_clause_id,{},0.7,pending,
REL_00355,SHL_SONGBEN_0362,clause,SHSRC0033,SHL_SONGBEN_0363,clause,SHSRC0033,sequence,同篇相鄰條文（並列/遞進語境）,,direct_clause_id,{},0.7,pending,
REL_00356,SHL_SONGBEN_0363,clause,SHSRC0033,SHL_SONGBEN_0364,clause,SHSRC0033,sequence,同篇相鄰條文（並列/遞進語境）,,direct_clause_id,{},0.7,pending,
REL_00357,SHL_SONGBEN_0364,clause,SHSRC0033,SHL_SONGBEN_0365,clause,SHSRC0033,sequence,同篇相鄰條文（並列/遞進語境）,,direct_clause_id,{},0.7,pending,
REL_00358,SHL_SONGBEN_0365,clause,SHSRC0033,SHL_SONGBEN_0366,clause,SHSRC0033,sequence,同篇相鄰條文（並列/遞進語境）,,direct_clause_id,{},0.7,pending,
REL_00359,SHL_SONGBEN_0366,clause,SHSRC0033,SHL_SONGBEN_0367,clause,SHSRC0033,sequence,同篇相鄰條文（並列/遞進語境）,,direct_clause_id,{},0.7,pending,
REL_00360,SHL_SONGBEN_0367,clause,SHSRC0033,SHL_SONGBEN_0368,clause,SHSRC0033,sequence,同篇相鄰條文（並列/遞進語境）,,direct_clause_id,{},0.7,pending,
REL_00361,SHL_SONGBEN_0368,clause,SHSRC0033,SHL_SONGBEN_0369,clause,SHSRC0033,sequence,同篇相鄰條文（並列/遞進語境）,,direct_clause_id,{},0.7,pending,
REL_00362,SHL_SONGBEN_0369,clause,SHSRC0033,SHL_SONGBEN_0370,clause,SHSRC0033,sequence,同篇相鄰條文（並列/遞進語境）,,direct_clause_id,{},0.7,pending,
REL_00363,SHL_SONGBEN_0370,clause,SHSRC0033,SHL_SONGBEN_0371,clause,SHSRC0033,sequence,同篇相鄰條文（並列/遞進語境）,,direct_clause_id,{},0.7,pending,
REL_00364,SHL_SONGBEN_0371,clause,SHSRC0033,SHL_SONGBEN_0372,clause,SHSRC0033,sequence,同篇相鄰條文（並列/遞進語境）,,direct_clause_id,{},0.7,pending,
REL_00365,SHL_SONGBEN_0372,clause,SHSRC0033,SHL_SONGBEN_0373,clause,SHSRC0033,sequence,同篇相鄰條文（並列/遞進語境）,,direct_clause_id,{},0.7,pending,
REL_00366,SHL_SONGBEN_0373,clause,SHSRC0033,SHL_SONGBEN_0374,clause,SHSRC0033,sequence,同篇相鄰條文（並列/遞進語境）,,direct_clause_id,{},0.7,pending,
REL_00367,SHL_SONGBEN_0374,clause,SHSRC0033,SHL_SONGBEN_0375,clause,SHSRC0033,sequence,同篇相鄰條文（並列/遞進語境）,,direct_clause_id,{},0.7,pending,
REL_00368,SHL_SONGBEN_0375,clause,SHSRC0033,SHL_SONGBEN_0376,clause,SHSRC0033,sequence,同篇相鄰條文（並列/遞進語境）,,direct_clause_id,{},0.7,pending,
REL_00369,SHL_SONGBEN_0376,clause,SHSRC0033,SHL_SONGBEN_0377,clause,SHSRC0033,sequence,同篇相鄰條文（並列/遞進語境）,,direct_clause_id,{},0.7,pending,
REL_00370,SHL_SONGBEN_0377,clause,SHSRC0033,SHL_SONGBEN_0378,clause,SHSRC0033,sequence,同篇相鄰條文（並列/遞進語境）,,direct_clause_id,{},0.7,pending,
REL_00371,SHL_SONGBEN_0378,clause,SHSRC0033,SHL_SONGBEN_0379,clause,SHSRC0033,sequence,同篇相鄰條文（並列/遞進語境）,,direct_clause_id,{},0.7,pending,
REL_00372,SHL_SONGBEN_0379,clause,SHSRC0033,SHL_SONGBEN_0380,clause,SHSRC0033,sequence,同篇相鄰條文（並列/遞進語境）,,direct_clause_id,{},0.7,pending,
REL_00373,SHL_SONGBEN_0380,clause,SHSRC0033,SHL_SONGBEN_0381,clause,SHSRC0033,sequence,同篇相鄰條文（並列/遞進語境）,,direct_clause_id,{},0.7,pending,
REL_00374,SHL_SONGBEN_0382,clause,SHSRC0033,SHL_SONGBEN_0383,clause,SHSRC0033,sequence,同篇相鄰條文（並列/遞進語境）,,direct_clause_id,{},0.7,pending,
REL_00375,SHL_SONGBEN_0383,clause,SHSRC0033,SHL_SONGBEN_0384,clause,SHSRC0033,sequence,同篇相鄰條文（並列/遞進語境）,,direct_clause_id,{},0.7,pending,
REL_00376,SHL_SONGBEN_0384,clause,SHSRC0033,SHL_SONGBEN_0385,clause,SHSRC0033,sequence,同篇相鄰條文（並列/遞進語境）,,direct_clause_id,{},0.7,pending,
REL_00377,SHL_SONGBEN_0385,clause,SHSRC0033,SHL_SONGBEN_0386,clause,SHSRC0033,sequence,同篇相鄰條文（並列/遞進語境）,,direct_clause_id,{},0.7,pending,
REL_00378,SHL_SONGBEN_0386,clause,SHSRC0033,SHL_SONGBEN_0387,clause,SHSRC0033,sequence,同篇相鄰條文（並列/遞進語境）,,direct_clause_id,{},0.7,pending,
REL_00379,SHL_SONGBEN_0387,clause,SHSRC0033,SHL_SONGBEN_0388,clause,SHSRC0033,sequence,同篇相鄰條文（並列/遞進語境）,,direct_clause_id,{},0.7,pending,
REL_00380,SHL_SONGBEN_0388,clause,SHSRC0033,SHL_SONGBEN_0389,clause,SHSRC0033,sequence,同篇相鄰條文（並列/遞進語境）,,direct_clause_id,{},0.7,pending,
REL_00381,SHL_SONGBEN_0389,clause,SHSRC0033,SHL_SONGBEN_0390,clause,SHSRC0033,sequence,同篇相鄰條文（並列/遞進語境）,,direct_clause_id,{},0.7,pending,
REL_00382,SHL_SONGBEN_0390,clause,SHSRC0033,SHL_SONGBEN_0391,clause,SHSRC0033,sequence,同篇相鄰條文（並列/遞進語境）,,direct_clause_id,{},0.7,pending,
REL_00383,SHL_SONGBEN_0392,clause,SHSRC0033,SHL_SONGBEN_0393,clause,SHSRC0033,sequence,同篇相鄰條文（並列/遞進語境）,,direct_clause_id,{},0.7,pending,
REL_00384,SHL_SONGBEN_0393,clause,SHSRC0033,SHL_SONGBEN_0394,clause,SHSRC0033,sequence,同篇相鄰條文（並列/遞進語境）,,direct_clause_id,{},0.7,pending,
REL_00385,SHL_SONGBEN_0394,clause,SHSRC0033,SHL_SONGBEN_0395,clause,SHSRC0033,sequence,同篇相鄰條文（並列/遞進語境）,,direct_clause_id,{},0.7,pending,
REL_00386,SHL_SONGBEN_0395,clause,SHSRC0033,SHL_SONGBEN_0396,clause,SHSRC0033,sequence,同篇相鄰條文（並列/遞進語境）,,direct_clause_id,{},0.7,pending,
REL_00387,SHL_SONGBEN_0396,clause,SHSRC0033,SHL_SONGBEN_0397,clause,SHSRC0033,sequence,同篇相鄰條文（並列/遞進語境）,,direct_clause_id,{},0.7,pending,
REL_00388,SHL_SONGBEN_0397,clause,SHSRC0033,SHL_SONGBEN_0398,clause,SHSRC0033,sequence,同篇相鄰條文（並列/遞進語境）,,direct_clause_id,{},0.7,pending,
REL_00389,SHL_SONGBEN_0012,clause,SHSRC0033,SHL_SONGBEN_0013,clause,SHSRC0033,same_formula_family,兩條均涉及桂枝湯方證，但症狀條件不同。,,direct_clause_id,"{""formula"": ""桂枝湯""}",0.86,pending,
REL_00390,SHL_SONGBEN_0013,clause,SHSRC0033,SHL_SONGBEN_0015,clause,SHSRC0033,same_formula_family,兩條均涉及桂枝湯方證，但症狀條件不同。,,direct_clause_id,"{""formula"": ""桂枝湯""}",0.86,pending,
REL_00391,SHL_SONGBEN_0015,clause,SHSRC0033,SHL_SONGBEN_0018,clause,SHSRC0033,same_formula_family,兩條均涉及桂枝湯方證，但症狀條件不同。,,direct_clause_id,"{""formula"": ""桂枝湯""}",0.86,pending,
REL_00392,SHL_SONGBEN_0018,clause,SHSRC0033,SHL_SONGBEN_0019,clause,SHSRC0033,same_formula_family,兩條均涉及桂枝湯方證，但症狀條件不同。,,direct_clause_id,"{""formula"": ""桂枝湯""}",0.86,pending,
REL_00393,SHL_SONGBEN_0019,clause,SHSRC0033,SHL_SONGBEN_0024,clause,SHSRC0033,same_formula_family,兩條均涉及桂枝湯方證，但症狀條件不同。,,direct_clause_id,"{""formula"": ""桂枝湯""}",0.86,pending,
REL_00394,SHL_SONGBEN_0024,clause,SHSRC0033,SHL_SONGBEN_0025,clause,SHSRC0033,same_formula_family,兩條均涉及桂枝湯方證，但症狀條件不同。,,direct_clause_id,"{""formula"": ""桂枝湯""}",0.86,pending,
REL_00395,SHL_SONGBEN_0025,clause,SHSRC0033,SHL_SONGBEN_0026,clause,SHSRC0033,same_formula_family,兩條均涉及桂枝湯方證，但症狀條件不同。,,direct_clause_id,"{""formula"": ""桂枝湯""}",0.86,pending,
REL_00396,SHL_SONGBEN_0026,clause,SHSRC0033,SHL_SONGBEN_0028,clause,SHSRC0033,same_formula_family,兩條均涉及桂枝湯方證，但症狀條件不同。,,direct_clause_id,"{""formula"": ""桂枝湯""}",0.86,pending,
REL_00397,SHL_SONGBEN_0028,clause,SHSRC0033,SHL_SONGBEN_0042,clause,SHSRC0033,same_formula_family,兩條均涉及桂枝湯方證，但症狀條件不同。,,direct_clause_id,"{""formula"": ""桂枝湯""}",0.86,pending,
REL_00398,SHL_SONGBEN_0042,clause,SHSRC0033,SHL_SONGBEN_0044,clause,SHSRC0033,same_formula_family,兩條均涉及桂枝湯方證，但症狀條件不同。,,direct_clause_id,"{""formula"": ""桂枝湯""}",0.86,pending,
REL_00399,SHL_SONGBEN_0044,clause,SHSRC0033,SHL_SONGBEN_0045,clause,SHSRC0033,same_formula_family,兩條均涉及桂枝湯方證，但症狀條件不同。,,direct_clause_id,"{""formula"": ""桂枝湯""}",0.86,pending,
REL_00400,SHL_SONGBEN_0045,clause,SHSRC0033,SHL_SONGBEN_0053,clause,SHSRC0033,same_formula_family,兩條均涉及桂枝湯方證，但症狀條件不同。,,direct_clause_id,"{""formula"": ""桂枝湯""}",0.86,pending,
REL_00401,SHL_SONGBEN_0053,clause,SHSRC0033,SHL_SONGBEN_0054,clause,SHSRC0033,same_formula_family,兩條均涉及桂枝湯方證，但症狀條件不同。,,direct_clause_id,"{""formula"": ""桂枝湯""}",0.86,pending,
REL_00402,SHL_SONGBEN_0054,clause,SHSRC0033,SHL_SONGBEN_0056,clause,SHSRC0033,same_formula_family,兩條均涉及桂枝湯方證，但症狀條件不同。,,direct_clause_id,"{""formula"": ""桂枝湯""}",0.86,pending,
REL_00403,SHL_SONGBEN_0056,clause,SHSRC0033,SHL_SONGBEN_0057,clause,SHSRC0033,same_formula_family,兩條均涉及桂枝湯方證，但症狀條件不同。,,direct_clause_id,"{""formula"": ""桂枝湯""}",0.86,pending,
REL_00404,SHL_SONGBEN_0057,clause,SHSRC0033,SHL_SONGBEN_0063,clause,SHSRC0033,same_formula_family,兩條均涉及桂枝湯方證，但症狀條件不同。,,direct_clause_id,"{""formula"": ""桂枝湯""}",0.86,pending,
REL_00405,SHL_SONGBEN_0063,clause,SHSRC0033,SHL_SONGBEN_0091,clause,SHSRC0033,same_formula_family,兩條均涉及桂枝湯方證，但症狀條件不同。,,direct_clause_id,"{""formula"": ""桂枝湯""}",0.86,pending,
REL_00406,SHL_SONGBEN_0091,clause,SHSRC0033,SHL_SONGBEN_0095,clause,SHSRC0033,same_formula_family,兩條均涉及桂枝湯方證，但症狀條件不同。,,direct_clause_id,"{""formula"": ""桂枝湯""}",0.86,pending,
REL_00407,SHL_SONGBEN_0095,clause,SHSRC0033,SHL_SONGBEN_0162,clause,SHSRC0033,same_formula_family,兩條均涉及桂枝湯方證，但症狀條件不同。,,direct_clause_id,"{""formula"": ""桂枝湯""}",0.86,pending,
REL_00408,SHL_SONGBEN_0162,clause,SHSRC0033,SHL_SONGBEN_0164,clause,SHSRC0033,same_formula_family,兩條均涉及桂枝湯方證，但症狀條件不同。,,direct_clause_id,"{""formula"": ""桂枝湯""}",0.86,pending,
REL_00409,SHL_SONGBEN_0164,clause,SHSRC0033,SHL_SONGBEN_0234,clause,SHSRC0033,same_formula_family,兩條均涉及桂枝湯方證，但症狀條件不同。,,direct_clause_id,"{""formula"": ""桂枝湯""}",0.86,pending,
REL_00410,SHL_SONGBEN_0234,clause,SHSRC0033,SHL_SONGBEN_0240,clause,SHSRC0033,same_formula_family,兩條均涉及桂枝湯方證，但症狀條件不同。,,direct_clause_id,"{""formula"": ""桂枝湯""}",0.86,pending,
REL_00411,SHL_SONGBEN_0240,clause,SHSRC0033,SHL_SONGBEN_0276,clause,SHSRC0033,same_formula_family,兩條均涉及桂枝湯方證，但症狀條件不同。,,direct_clause_id,"{""formula"": ""桂枝湯""}",0.86,pending,
REL_00412,SHL_SONGBEN_0276,clause,SHSRC0033,SHL_SONGBEN_0372,clause,SHSRC0033,same_formula_family,兩條均涉及桂枝湯方證，但症狀條件不同。,,direct_clause_id,"{""formula"": ""桂枝湯""}",0.86,pending,
REL_00413,SHL_SONGBEN_0372,clause,SHSRC0033,SHL_SONGBEN_0387,clause,SHSRC0033,same_formula_family,兩條均涉及桂枝湯方證，但症狀條件不同。,,direct_clause_id,"{""formula"": ""桂枝湯""}",0.86,pending,
REL_00414,SHL_SONGBEN_0026,clause,SHSRC0033,SHL_SONGBEN_0168,clause,SHSRC0033,same_formula_family,兩條均涉及白虎加人參湯方證，但症狀條件不同。,,direct_clause_id,"{""formula"": ""白虎加人參湯""}",0.86,pending,
REL_00415,SHL_SONGBEN_0168,clause,SHSRC0033,SHL_SONGBEN_0169,clause,SHSRC0033,same_formula_family,兩條均涉及白虎加人參湯方證，但症狀條件不同。,,direct_clause_id,"{""formula"": ""白虎加人參湯""}",0.86,pending,
REL_00416,SHL_SONGBEN_0169,clause,SHSRC0033,SHL_SONGBEN_0170,clause,SHSRC0033,same_formula_family,兩條均涉及白虎加人參湯方證，但症狀條件不同。,,direct_clause_id,"{""formula"": ""白虎加人參湯""}",0.86,pending,
REL_00417,SHL_SONGBEN_0170,clause,SHSRC0033,SHL_SONGBEN_0222,clause,SHSRC0033,same_formula_family,兩條均涉及白虎加人參湯方證，但症狀條件不同。,,direct_clause_id,"{""formula"": ""白虎加人參湯""}",0.86,pending,
REL_00418,SHL_SONGBEN_0029,clause,SHSRC0033,SHL_SONGBEN_0030,clause,SHSRC0033,same_formula_family,兩條均涉及甘草乾薑湯方證，但症狀條件不同。,,direct_clause_id,"{""formula"": ""甘草乾薑湯""}",0.86,pending,
REL_00419,SHL_SONGBEN_0029,clause,SHSRC0033,SHL_SONGBEN_0030,clause,SHSRC0033,same_formula_family,兩條均涉及芍藥甘草湯方證，但症狀條件不同。,,direct_clause_id,"{""formula"": ""芍藥甘草湯""}",0.86,pending,
REL_00420,SHL_SONGBEN_0029,clause,SHSRC0033,SHL_SONGBEN_0070,clause,SHSRC0033,same_formula_family,兩條均涉及調胃承氣湯方證，但症狀條件不同。,,direct_clause_id,"{""formula"": ""調胃承氣湯""}",0.86,pending,
REL_00421,SHL_SONGBEN_0070,clause,SHSRC0033,SHL_SONGBEN_0094,clause,SHSRC0033,same_formula_family,兩條均涉及調胃承氣湯方證，但症狀條件不同。,,direct_clause_id,"{""formula"": ""調胃承氣湯""}",0.86,pending,
REL_00422,SHL_SONGBEN_0094,clause,SHSRC0033,SHL_SONGBEN_0105,clause,SHSRC0033,same_formula_family,兩條均涉及調胃承氣湯方證，但症狀條件不同。,,direct_clause_id,"{""formula"": ""調胃承氣湯""}",0.86,pending,
REL_00423,SHL_SONGBEN_0105,clause,SHSRC0033,SHL_SONGBEN_0123,clause,SHSRC0033,same_formula_family,兩條均涉及調胃承氣湯方證，但症狀條件不同。,,direct_clause_id,"{""formula"": ""調胃承氣湯""}",0.86,pending,
REL_00424,SHL_SONGBEN_0123,clause,SHSRC0033,SHL_SONGBEN_0207,clause,SHSRC0033,same_formula_family,兩條均涉及調胃承氣湯方證，但症狀條件不同。,,direct_clause_id,"{""formula"": ""調胃承氣湯""}",0.86,pending,
REL_00425,SHL_SONGBEN_0207,clause,SHSRC0033,SHL_SONGBEN_0248,clause,SHSRC0033,same_formula_family,兩條均涉及調胃承氣湯方證，但症狀條件不同。,,direct_clause_id,"{""formula"": ""調胃承氣湯""}",0.86,pending,
REL_00426,SHL_SONGBEN_0248,clause,SHSRC0033,SHL_SONGBEN_0249,clause,SHSRC0033,same_formula_family,兩條均涉及調胃承氣湯方證，但症狀條件不同。,,direct_clause_id,"{""formula"": ""調胃承氣湯""}",0.86,pending,
REL_00427,SHL_SONGBEN_0029,clause,SHSRC0033,SHL_SONGBEN_0091,clause,SHSRC0033,same_formula_family,兩條均涉及四逆湯方證，但症狀條件不同。,,direct_clause_id,"{""formula"": ""四逆湯""}",0.86,pending,
REL_00428,SHL_SONGBEN_0091,clause,SHSRC0033,SHL_SONGBEN_0092,clause,SHSRC0033,same_formula_family,兩條均涉及四逆湯方證，但症狀條件不同。,,direct_clause_id,"{""formula"": ""四逆湯""}",0.86,pending,
REL_00429,SHL_SONGBEN_0092,clause,SHSRC0033,SHL_SONGBEN_0225,clause,SHSRC0033,same_formula_family,兩條均涉及四逆湯方證，但症狀條件不同。,,direct_clause_id,"{""formula"": ""四逆湯""}",0.86,pending,
REL_00430,SHL_SONGBEN_0225,clause,SHSRC0033,SHL_SONGBEN_0323,clause,SHSRC0033,same_formula_family,兩條均涉及四逆湯方證，但症狀條件不同。,,direct_clause_id,"{""formula"": ""四逆湯""}",0.86,pending,
REL_00431,SHL_SONGBEN_0323,clause,SHSRC0033,SHL_SONGBEN_0324,clause,SHSRC0033,same_formula_family,兩條均涉及四逆湯方證，但症狀條件不同。,,direct_clause_id,"{""formula"": ""四逆湯""}",0.86,pending,
REL_00432,SHL_SONGBEN_0324,clause,SHSRC0033,SHL_SONGBEN_0353,clause,SHSRC0033,same_formula_family,兩條均涉及四逆湯方證，但症狀條件不同。,,direct_clause_id,"{""formula"": ""四逆湯""}",0.86,pending,
REL_00433,SHL_SONGBEN_0353,clause,SHSRC0033,SHL_SONGBEN_0354,clause,SHSRC0033,same_formula_family,兩條均涉及四逆湯方證，但症狀條件不同。,,direct_clause_id,"{""formula"": ""四逆湯""}",0.86,pending,
REL_00434,SHL_SONGBEN_0354,clause,SHSRC0033,SHL_SONGBEN_0372,clause,SHSRC0033,same_formula_family,兩條均涉及四逆湯方證，但症狀條件不同。,,direct_clause_id,"{""formula"": ""四逆湯""}",0.86,pending,
REL_00435,SHL_SONGBEN_0372,clause,SHSRC0033,SHL_SONGBEN_0377,clause,SHSRC0033,same_formula_family,兩條均涉及四逆湯方證，但症狀條件不同。,,direct_clause_id,"{""formula"": ""四逆湯""}",0.86,pending,
REL_00436,SHL_SONGBEN_0377,clause,SHSRC0033,SHL_SONGBEN_0388,clause,SHSRC0033,same_formula_family,兩條均涉及四逆湯方證，但症狀條件不同。,,direct_clause_id,"{""formula"": ""四逆湯""}",0.86,pending,
REL_00437,SHL_SONGBEN_0388,clause,SHSRC0033,SHL_SONGBEN_0389,clause,SHSRC0033,same_formula_family,兩條均涉及四逆湯方證，但症狀條件不同。,,direct_clause_id,"{""formula"": ""四逆湯""}",0.86,pending,
REL_00438,SHL_SONGBEN_0031,clause,SHSRC0033,SHL_SONGBEN_0032,clause,SHSRC0033,same_formula_family,兩條均涉及葛根湯方證，但症狀條件不同。,,direct_clause_id,"{""formula"": ""葛根湯""}",0.86,pending,
REL_00439,SHL_SONGBEN_0035,clause,SHSRC0033,SHL_SONGBEN_0036,clause,SHSRC0033,same_formula_family,兩條均涉及麻黃湯方證，但症狀條件不同。,,direct_clause_id,"{""formula"": ""麻黃湯""}",0.86,pending,
REL_00440,SHL_SONGBEN_0036,clause,SHSRC0033,SHL_SONGBEN_0037,clause,SHSRC0033,same_formula_family,兩條均涉及麻黃湯方證，但症狀條件不同。,,direct_clause_id,"{""formula"": ""麻黃湯""}",0.86,pending,
REL_00441,SHL_SONGBEN_0037,clause,SHSRC0033,SHL_SONGBEN_0046,clause,SHSRC0033,same_formula_family,兩條均涉及麻黃湯方證，但症狀條件不同。,,direct_clause_id,"{""formula"": ""麻黃湯""}",0.86,pending,
REL_00442,SHL_SONGBEN_0046,clause,SHSRC0033,SHL_SONGBEN_0051,clause,SHSRC0033,same_formula_family,兩條均涉及麻黃湯方證，但症狀條件不同。,,direct_clause_id,"{""formula"": ""麻黃湯""}",0.86,pending,
REL_00443,SHL_SONGBEN_0051,clause,SHSRC0033,SHL_SONGBEN_0052,clause,SHSRC0033,same_formula_family,兩條均涉及麻黃湯方證，但症狀條件不同。,,direct_clause_id,"{""formula"": ""麻黃湯""}",0.86,pending,
REL_00444,SHL_SONGBEN_0052,clause,SHSRC0033,SHL_SONGBEN_0055,clause,SHSRC0033,same_formula_family,兩條均涉及麻黃湯方證，但症狀條件不同。,,direct_clause_id,"{""formula"": ""麻黃湯""}",0.86,pending,
REL_00445,SHL_SONGBEN_0055,clause,SHSRC0033,SHL_SONGBEN_0232,clause,SHSRC0033,same_formula_family,兩條均涉及麻黃湯方證，但症狀條件不同。,,direct_clause_id,"{""formula"": ""麻黃湯""}",0.86,pending,
REL_00446,SHL_SONGBEN_0232,clause,SHSRC0033,SHL_SONGBEN_0235,clause,SHSRC0033,same_formula_family,兩條均涉及麻黃湯方證，但症狀條件不同。,,direct_clause_id,"{""formula"": ""麻黃湯""}",0.86,pending,
REL_00447,SHL_SONGBEN_0037,clause,SHSRC0033,SHL_SONGBEN_0096,clause,SHSRC0033,same_formula_family,兩條均涉及小柴胡湯方證，但症狀條件不同。,,direct_clause_id,"{""formula"": ""小柴胡湯""}",0.86,pending,
REL_00448,SHL_SONGBEN_0096,clause,SHSRC0033,SHL_SONGBEN_0097,clause,SHSRC0033,same_formula_family,兩條均涉及小柴胡湯方證，但症狀條件不同。,,direct_clause_id,"{""formula"": ""小柴胡湯""}",0.86,pending,
REL_00449,SHL_SONGBEN_0097,clause,SHSRC0033,SHL_SONGBEN_0098,clause,SHSRC0033,same_formula_family,兩條均涉及小柴胡湯方證，但症狀條件不同。,,direct_clause_id,"{""formula"": ""小柴胡湯""}",0.86,pending,
REL_00450,SHL_SONGBEN_0098,clause,SHSRC0033,SHL_SONGBEN_0099,clause,SHSRC0033,same_formula_family,兩條均涉及小柴胡湯方證，但症狀條件不同。,,direct_clause_id,"{""formula"": ""小柴胡湯""}",0.86,pending,
REL_00451,SHL_SONGBEN_0099,clause,SHSRC0033,SHL_SONGBEN_0100,clause,SHSRC0033,same_formula_family,兩條均涉及小柴胡湯方證，但症狀條件不同。,,direct_clause_id,"{""formula"": ""小柴胡湯""}",0.86,pending,
REL_00452,SHL_SONGBEN_0100,clause,SHSRC0033,SHL_SONGBEN_0101,clause,SHSRC0033,same_formula_family,兩條均涉及小柴胡湯方證，但症狀條件不同。,,direct_clause_id,"{""formula"": ""小柴胡湯""}",0.86,pending,
REL_00453,SHL_SONGBEN_0101,clause,SHSRC0033,SHL_SONGBEN_0103,clause,SHSRC0033,same_formula_family,兩條均涉及小柴胡湯方證，但症狀條件不同。,,direct_clause_id,"{""formula"": ""小柴胡湯""}",0.86,pending,
REL_00454,SHL_SONGBEN_0103,clause,SHSRC0033,SHL_SONGBEN_0104,clause,SHSRC0033,same_formula_family,兩條均涉及小柴胡湯方證，但症狀條件不同。,,direct_clause_id,"{""formula"": ""小柴胡湯""}",0.86,pending,
REL_00455,SHL_SONGBEN_0104,clause,SHSRC0033,SHL_SONGBEN_0123,clause,SHSRC0033,same_formula_family,兩條均涉及小柴胡湯方證，但症狀條件不同。,,direct_clause_id,"{""formula"": ""小柴胡湯""}",0.86,pending,
REL_00456,SHL_SONGBEN_0123,clause,SHSRC0033,SHL_SONGBEN_0144,clause,SHSRC0033,same_formula_family,兩條均涉及小柴胡湯方證，但症狀條件不同。,,direct_clause_id,"{""formula"": ""小柴胡湯""}",0.86,pending,
REL_00457,SHL_SONGBEN_0144,clause,SHSRC0033,SHL_SONGBEN_0148,clause,SHSRC0033,same_formula_family,兩條均涉及小柴胡湯方證，但症狀條件不同。,,direct_clause_id,"{""formula"": ""小柴胡湯""}",0.86,pending,
REL_00458,SHL_SONGBEN_0148,clause,SHSRC0033,SHL_SONGBEN_0149,clause,SHSRC0033,same_formula_family,兩條均涉及小柴胡湯方證，但症狀條件不同。,,direct_clause_id,"{""formula"": ""小柴胡湯""}",0.86,pending,
REL_00459,SHL_SONGBEN_0149,clause,SHSRC0033,SHL_SONGBEN_0229,clause,SHSRC0033,same_formula_family,兩條均涉及小柴胡湯方證，但症狀條件不同。,,direct_clause_id,"{""formula"": ""小柴胡湯""}",0.86,pending,
REL_00460,SHL_SONGBEN_0229,clause,SHSRC0033,SHL_SONGBEN_0230,clause,SHSRC0033,same_formula_family,兩條均涉及小柴胡湯方證，但症狀條件不同。,,direct_clause_id,"{""formula"": ""小柴胡湯""}",0.86,pending,
REL_00461,SHL_SONGBEN_0230,clause,SHSRC0033,SHL_SONGBEN_0231,clause,SHSRC0033,same_formula_family,兩條均涉及小柴胡湯方證，但症狀條件不同。,,direct_clause_id,"{""formula"": ""小柴胡湯""}",0.86,pending,
REL_00462,SHL_SONGBEN_0231,clause,SHSRC0033,SHL_SONGBEN_0266,clause,SHSRC0033,same_formula_family,兩條均涉及小柴胡湯方證，但症狀條件不同。,,direct_clause_id,"{""formula"": ""小柴胡湯""}",0.86,pending,
REL_00463,SHL_SONGBEN_0266,clause,SHSRC0033,SHL_SONGBEN_0267,clause,SHSRC0033,same_formula_family,兩條均涉及小柴胡湯方證，但症狀條件不同。,,direct_clause_id,"{""formula"": ""小柴胡湯""}",0.86,pending,
REL_00464,SHL_SONGBEN_0267,clause,SHSRC0033,SHL_SONGBEN_0379,clause,SHSRC0033,same_formula_family,兩條均涉及小柴胡湯方證，但症狀條件不同。,,direct_clause_id,"{""formula"": ""小柴胡湯""}",0.86,pending,
REL_00465,SHL_SONGBEN_0379,clause,SHSRC0033,SHL_SONGBEN_0394,clause,SHSRC0033,same_formula_family,兩條均涉及小柴胡湯方證，但症狀條件不同。,,direct_clause_id,"{""formula"": ""小柴胡湯""}",0.86,pending,
REL_00466,SHL_SONGBEN_0038,clause,SHSRC0033,SHL_SONGBEN_0039,clause,SHSRC0033,same_formula_family,兩條均涉及大青龍湯方證，但症狀條件不同。,,direct_clause_id,"{""formula"": ""大青龍湯""}",0.86,pending,
REL_00467,SHL_SONGBEN_0040,clause,SHSRC0033,SHL_SONGBEN_0041,clause,SHSRC0033,same_formula_family,兩條均涉及小青龍湯方證，但症狀條件不同。,,direct_clause_id,"{""formula"": ""小青龍湯""}",0.86,pending,
REL_00468,SHL_SONGBEN_0063,clause,SHSRC0033,SHL_SONGBEN_0162,clause,SHSRC0033,same_formula_family,兩條均涉及麻黃杏仁甘草石膏湯方證，但症狀條件不同。,,direct_clause_id,"{""formula"": ""麻黃杏仁甘草石膏湯""}",0.86,pending,
REL_00469,SHL_SONGBEN_0071,clause,SHSRC0033,SHL_SONGBEN_0072,clause,SHSRC0033,same_formula_family,兩條均涉及五苓散方證，但症狀條件不同。,,direct_clause_id,"{""formula"": ""五苓散""}",0.86,pending,
REL_00470,SHL_SONGBEN_0072,clause,SHSRC0033,SHL_SONGBEN_0073,clause,SHSRC0033,same_formula_family,兩條均涉及五苓散方證，但症狀條件不同。,,direct_clause_id,"{""formula"": ""五苓散""}",0.86,pending,
REL_00471,SHL_SONGBEN_0073,clause,SHSRC0033,SHL_SONGBEN_0074,clause,SHSRC0033,same_formula_family,兩條均涉及五苓散方證，但症狀條件不同。,,direct_clause_id,"{""formula"": ""五苓散""}",0.86,pending,
REL_00472,SHL_SONGBEN_0074,clause,SHSRC0033,SHL_SONGBEN_0141,clause,SHSRC0033,same_formula_family,兩條均涉及五苓散方證，但症狀條件不同。,,direct_clause_id,"{""formula"": ""五苓散""}",0.86,pending,
REL_00473,SHL_SONGBEN_0141,clause,SHSRC0033,SHL_SONGBEN_0156,clause,SHSRC0033,same_formula_family,兩條均涉及五苓散方證，但症狀條件不同。,,direct_clause_id,"{""formula"": ""五苓散""}",0.86,pending,
REL_00474,SHL_SONGBEN_0156,clause,SHSRC0033,SHL_SONGBEN_0244,clause,SHSRC0033,same_formula_family,兩條均涉及五苓散方證，但症狀條件不同。,,direct_clause_id,"{""formula"": ""五苓散""}",0.86,pending,
REL_00475,SHL_SONGBEN_0244,clause,SHSRC0033,SHL_SONGBEN_0386,clause,SHSRC0033,same_formula_family,兩條均涉及五苓散方證，但症狀條件不同。,,direct_clause_id,"{""formula"": ""五苓散""}",0.86,pending,
REL_00476,SHL_SONGBEN_0073,clause,SHSRC0033,SHL_SONGBEN_0356,clause,SHSRC0033,same_formula_family,兩條均涉及茯苓甘草湯方證，但症狀條件不同。,,direct_clause_id,"{""formula"": ""茯苓甘草湯""}",0.86,pending,
REL_00477,SHL_SONGBEN_0076,clause,SHSRC0033,SHL_SONGBEN_0077,clause,SHSRC0033,same_formula_family,兩條均涉及梔子豉湯方證，但症狀條件不同。,,direct_clause_id,"{""formula"": ""梔子豉湯""}",0.86,pending,
REL_00478,SHL_SONGBEN_0077,clause,SHSRC0033,SHL_SONGBEN_0078,clause,SHSRC0033,same_formula_family,兩條均涉及梔子豉湯方證，但症狀條件不同。,,direct_clause_id,"{""formula"": ""梔子豉湯""}",0.86,pending,
REL_00479,SHL_SONGBEN_0078,clause,SHSRC0033,SHL_SONGBEN_0221,clause,SHSRC0033,same_formula_family,兩條均涉及梔子豉湯方證，但症狀條件不同。,,direct_clause_id,"{""formula"": ""梔子豉湯""}",0.86,pending,
REL_00480,SHL_SONGBEN_0221,clause,SHSRC0033,SHL_SONGBEN_0228,clause,SHSRC0033,same_formula_family,兩條均涉及梔子豉湯方證，但症狀條件不同。,,direct_clause_id,"{""formula"": ""梔子豉湯""}",0.86,pending,
REL_00481,SHL_SONGBEN_0228,clause,SHSRC0033,SHL_SONGBEN_0375,clause,SHSRC0033,same_formula_family,兩條均涉及梔子豉湯方證，但症狀條件不同。,,direct_clause_id,"{""formula"": ""梔子豉湯""}",0.86,pending,
REL_00482,SHL_SONGBEN_0082,clause,SHSRC0033,SHL_SONGBEN_0316,clause,SHSRC0033,same_formula_family,兩條均涉及真武湯方證，但症狀條件不同。,,direct_clause_id,"{""formula"": ""真武湯""}",0.86,pending,
REL_00483,SHL_SONGBEN_0100,clause,SHSRC0033,SHL_SONGBEN_0102,clause,SHSRC0033,same_formula_family,兩條均涉及小建中湯方證，但症狀條件不同。,,direct_clause_id,"{""formula"": ""小建中湯""}",0.86,pending,
REL_00484,SHL_SONGBEN_0103,clause,SHSRC0033,SHL_SONGBEN_0136,clause,SHSRC0033,same_formula_family,兩條均涉及大柴胡湯方證，但症狀條件不同。,,direct_clause_id,"{""formula"": ""大柴胡湯""}",0.86,pending,
REL_00485,SHL_SONGBEN_0136,clause,SHSRC0033,SHL_SONGBEN_0165,clause,SHSRC0033,same_formula_family,兩條均涉及大柴胡湯方證，但症狀條件不同。,,direct_clause_id,"{""formula"": ""大柴胡湯""}",0.86,pending,
REL_00486,SHL_SONGBEN_0124,clause,SHSRC0033,SHL_SONGBEN_0125,clause,SHSRC0033,same_formula_family,兩條均涉及抵當湯方證，但症狀條件不同。,,direct_clause_id,"{""formula"": ""抵當湯""}",0.86,pending,
REL_00487,SHL_SONGBEN_0125,clause,SHSRC0033,SHL_SONGBEN_0237,clause,SHSRC0033,same_formula_family,兩條均涉及抵當湯方證，但症狀條件不同。,,direct_clause_id,"{""formula"": ""抵當湯""}",0.86,pending,
REL_00488,SHL_SONGBEN_0237,clause,SHSRC0033,SHL_SONGBEN_0257,clause,SHSRC0033,same_formula_family,兩條均涉及抵當湯方證，但症狀條件不同。,,direct_clause_id,"{""formula"": ""抵當湯""}",0.86,pending,
REL_00489,SHL_SONGBEN_0134,clause,SHSRC0033,SHL_SONGBEN_0135,clause,SHSRC0033,same_formula_family,兩條均涉及大陷胸湯方證，但症狀條件不同。,,direct_clause_id,"{""formula"": ""大陷胸湯""}",0.86,pending,
REL_00490,SHL_SONGBEN_0135,clause,SHSRC0033,SHL_SONGBEN_0136,clause,SHSRC0033,same_formula_family,兩條均涉及大陷胸湯方證，但症狀條件不同。,,direct_clause_id,"{""formula"": ""大陷胸湯""}",0.86,pending,
REL_00491,SHL_SONGBEN_0136,clause,SHSRC0033,SHL_SONGBEN_0137,clause,SHSRC0033,same_formula_family,兩條均涉及大陷胸湯方證，但症狀條件不同。,,direct_clause_id,"{""formula"": ""大陷胸湯""}",0.86,pending,
REL_00492,SHL_SONGBEN_0137,clause,SHSRC0033,SHL_SONGBEN_0149,clause,SHSRC0033,same_formula_family,兩條均涉及大陷胸湯方證，但症狀條件不同。,,direct_clause_id,"{""formula"": ""大陷胸湯""}",0.86,pending,
REL_00493,SHL_SONGBEN_0138,clause,SHSRC0033,SHL_SONGBEN_0141,clause,SHSRC0033,same_formula_family,兩條均涉及小陷胸湯方證，但症狀條件不同。,,direct_clause_id,"{""formula"": ""小陷胸湯""}",0.86,pending,
REL_00494,SHL_SONGBEN_0149,clause,SHSRC0033,SHL_SONGBEN_0157,clause,SHSRC0033,same_formula_family,兩條均涉及半夏瀉心湯方證，但症狀條件不同。,,direct_clause_id,"{""formula"": ""半夏瀉心湯""}",0.86,pending,
REL_00495,SHL_SONGBEN_0154,clause,SHSRC0033,SHL_SONGBEN_0164,clause,SHSRC0033,same_formula_family,兩條均涉及大黃黃連瀉心湯方證，但症狀條件不同。,,direct_clause_id,"{""formula"": ""大黃黃連瀉心湯""}",0.86,pending,
REL_00496,SHL_SONGBEN_0155,clause,SHSRC0033,SHL_SONGBEN_0157,clause,SHSRC0033,same_formula_family,兩條均涉及附子瀉心湯方證，但症狀條件不同。,,direct_clause_id,"{""formula"": ""附子瀉心湯""}",0.86,pending,
REL_00497,SHL_SONGBEN_0157,clause,SHSRC0033,SHL_SONGBEN_0158,clause,SHSRC0033,same_formula_family,兩條均涉及甘草瀉心湯方證，但症狀條件不同。,,direct_clause_id,"{""formula"": ""甘草瀉心湯""}",0.86,pending,
REL_00498,SHL_SONGBEN_0157,clause,SHSRC0033,SHL_SONGBEN_0159,clause,SHSRC0033,same_formula_family,兩條均涉及理中丸方證，但症狀條件不同。,,direct_clause_id,"{""formula"": ""理中丸""}",0.86,pending,
REL_00499,SHL_SONGBEN_0159,clause,SHSRC0033,SHL_SONGBEN_0386,clause,SHSRC0033,same_formula_family,兩條均涉及理中丸方證，但症狀條件不同。,,direct_clause_id,"{""formula"": ""理中丸""}",0.86,pending,
REL_00500,SHL_SONGBEN_0386,clause,SHSRC0033,SHL_SONGBEN_0396,clause,SHSRC0033,same_formula_family,兩條均涉及理中丸方證，但症狀條件不同。,,direct_clause_id,"{""formula"": ""理中丸""}",0.86,pending,
REL_00501,SHL_SONGBEN_0166,clause,SHSRC0033,SHL_SONGBEN_0355,clause,SHSRC0033,same_formula_family,兩條均涉及瓜蒂散方證，但症狀條件不同。,,direct_clause_id,"{""formula"": ""瓜蒂散""}",0.86,pending,
REL_00502,SHL_SONGBEN_0172,clause,SHSRC0033,SHL_SONGBEN_0333,clause,SHSRC0033,same_formula_family,兩條均涉及黃芩湯方證，但症狀條件不同。,,direct_clause_id,"{""formula"": ""黃芩湯""}",0.86,pending,
REL_00503,SHL_SONGBEN_0176,clause,SHSRC0033,SHL_SONGBEN_0219,clause,SHSRC0033,same_formula_family,兩條均涉及白虎湯方證，但症狀條件不同。,,direct_clause_id,"{""formula"": ""白虎湯""}",0.86,pending,
REL_00504,SHL_SONGBEN_0219,clause,SHSRC0033,SHL_SONGBEN_0350,clause,SHSRC0033,same_formula_family,兩條均涉及白虎湯方證，但症狀條件不同。,,direct_clause_id,"{""formula"": ""白虎湯""}",0.86,pending,
REL_00505,SHL_SONGBEN_0208,clause,SHSRC0033,SHL_SONGBEN_0209,clause,SHSRC0033,same_formula_family,兩條均涉及大承氣湯方證，但症狀條件不同。,,direct_clause_id,"{""formula"": ""大承氣湯""}",0.86,pending,
REL_00506,SHL_SONGBEN_0209,clause,SHSRC0033,SHL_SONGBEN_0212,clause,SHSRC0033,same_formula_family,兩條均涉及大承氣湯方證，但症狀條件不同。,,direct_clause_id,"{""formula"": ""大承氣湯""}",0.86,pending,
REL_00507,SHL_SONGBEN_0212,clause,SHSRC0033,SHL_SONGBEN_0215,clause,SHSRC0033,same_formula_family,兩條均涉及大承氣湯方證，但症狀條件不同。,,direct_clause_id,"{""formula"": ""大承氣湯""}",0.86,pending,
REL_00508,SHL_SONGBEN_0215,clause,SHSRC0033,SHL_SONGBEN_0217,clause,SHSRC0033,same_formula_family,兩條均涉及大承氣湯方證，但症狀條件不同。,,direct_clause_id,"{""formula"": ""大承氣湯""}",0.86,pending,
REL_00509,SHL_SONGBEN_0217,clause,SHSRC0033,SHL_SONGBEN_0220,clause,SHSRC0033,same_formula_family,兩條均涉及大承氣湯方證，但症狀條件不同。,,direct_clause_id,"{""formula"": ""大承氣湯""}",0.86,pending,
REL_00510,SHL_SONGBEN_0220,clause,SHSRC0033,SHL_SONGBEN_0238,clause,SHSRC0033,same_formula_family,兩條均涉及大承氣湯方證，但症狀條件不同。,,direct_clause_id,"{""formula"": ""大承氣湯""}",0.86,pending,
REL_00511,SHL_SONGBEN_0238,clause,SHSRC0033,SHL_SONGBEN_0240,clause,SHSRC0033,same_formula_family,兩條均涉及大承氣湯方證，但症狀條件不同。,,direct_clause_id,"{""formula"": ""大承氣湯""}",0.86,pending,
REL_00512,SHL_SONGBEN_0240,clause,SHSRC0033,SHL_SONGBEN_0241,clause,SHSRC0033,same_formula_family,兩條均涉及大承氣湯方證，但症狀條件不同。,,direct_clause_id,"{""formula"": ""大承氣湯""}",0.86,pending,
REL_00513,SHL_SONGBEN_0241,clause,SHSRC0033,SHL_SONGBEN_0242,clause,SHSRC0033,same_formula_family,兩條均涉及大承氣湯方證，但症狀條件不同。,,direct_clause_id,"{""formula"": ""大承氣湯""}",0.86,pending,
REL_00514,SHL_SONGBEN_0242,clause,SHSRC0033,SHL_SONGBEN_0251,clause,SHSRC0033,same_formula_family,兩條均涉及大承氣湯方證，但症狀條件不同。,,direct_clause_id,"{""formula"": ""大承氣湯""}",0.86,pending,
REL_00515,SHL_SONGBEN_0251,clause,SHSRC0033,SHL_SONGBEN_0252,clause,SHSRC0033,same_formula_family,兩條均涉及大承氣湯方證，但症狀條件不同。,,direct_clause_id,"{""formula"": ""大承氣湯""}",0.86,pending,
REL_00516,SHL_SONGBEN_0252,clause,SHSRC0033,SHL_SONGBEN_0253,clause,SHSRC0033,same_formula_family,兩條均涉及大承氣湯方證，但症狀條件不同。,,direct_clause_id,"{""formula"": ""大承氣湯""}",0.86,pending,
REL_00517,SHL_SONGBEN_0253,clause,SHSRC0033,SHL_SONGBEN_0254,clause,SHSRC0033,same_formula_family,兩條均涉及大承氣湯方證，但症狀條件不同。,,direct_clause_id,"{""formula"": ""大承氣湯""}",0.86,pending,
REL_00518,SHL_SONGBEN_0254,clause,SHSRC0033,SHL_SONGBEN_0255,clause,SHSRC0033,same_formula_family,兩條均涉及大承氣湯方證，但症狀條件不同。,,direct_clause_id,"{""formula"": ""大承氣湯""}",0.86,pending,
REL_00519,SHL_SONGBEN_0255,clause,SHSRC0033,SHL_SONGBEN_0256,clause,SHSRC0033,same_formula_family,兩條均涉及大承氣湯方證，但症狀條件不同。,,direct_clause_id,"{""formula"": ""大承氣湯""}",0.86,pending,
REL_00520,SHL_SONGBEN_0256,clause,SHSRC0033,SHL_SONGBEN_0320,clause,SHSRC0033,same_formula_family,兩條均涉及大承氣湯方證，但症狀條件不同。,,direct_clause_id,"{""formula"": ""大承氣湯""}",0.86,pending,
REL_00521,SHL_SONGBEN_0320,clause,SHSRC0033,SHL_SONGBEN_0321,clause,SHSRC0033,same_formula_family,兩條均涉及大承氣湯方證，但症狀條件不同。,,direct_clause_id,"{""formula"": ""大承氣湯""}",0.86,pending,
REL_00522,SHL_SONGBEN_0321,clause,SHSRC0033,SHL_SONGBEN_0322,clause,SHSRC0033,same_formula_family,兩條均涉及大承氣湯方證，但症狀條件不同。,,direct_clause_id,"{""formula"": ""大承氣湯""}",0.86,pending,
REL_00523,SHL_SONGBEN_0208,clause,SHSRC0033,SHL_SONGBEN_0209,clause,SHSRC0033,same_formula_family,兩條均涉及小承氣湯方證，但症狀條件不同。,,direct_clause_id,"{""formula"": ""小承氣湯""}",0.86,pending,
REL_00524,SHL_SONGBEN_0209,clause,SHSRC0033,SHL_SONGBEN_0213,clause,SHSRC0033,same_formula_family,兩條均涉及小承氣湯方證，但症狀條件不同。,,direct_clause_id,"{""formula"": ""小承氣湯""}",0.86,pending,
REL_00525,SHL_SONGBEN_0213,clause,SHSRC0033,SHL_SONGBEN_0214,clause,SHSRC0033,same_formula_family,兩條均涉及小承氣湯方證，但症狀條件不同。,,direct_clause_id,"{""formula"": ""小承氣湯""}",0.86,pending,
REL_00526,SHL_SONGBEN_0214,clause,SHSRC0033,SHL_SONGBEN_0250,clause,SHSRC0033,same_formula_family,兩條均涉及小承氣湯方證，但症狀條件不同。,,direct_clause_id,"{""formula"": ""小承氣湯""}",0.86,pending,
REL_00527,SHL_SONGBEN_0250,clause,SHSRC0033,SHL_SONGBEN_0251,clause,SHSRC0033,same_formula_family,兩條均涉及小承氣湯方證，但症狀條件不同。,,direct_clause_id,"{""formula"": ""小承氣湯""}",0.86,pending,
REL_00528,SHL_SONGBEN_0251,clause,SHSRC0033,SHL_SONGBEN_0374,clause,SHSRC0033,same_formula_family,兩條均涉及小承氣湯方證，但症狀條件不同。,,direct_clause_id,"{""formula"": ""小承氣湯""}",0.86,pending,
REL_00529,SHL_SONGBEN_0223,clause,SHSRC0033,SHL_SONGBEN_0224,clause,SHSRC0033,same_formula_family,兩條均涉及豬苓湯方證，但症狀條件不同。,,direct_clause_id,"{""formula"": ""豬苓湯""}",0.86,pending,
REL_00530,SHL_SONGBEN_0224,clause,SHSRC0033,SHL_SONGBEN_0319,clause,SHSRC0033,same_formula_family,兩條均涉及豬苓湯方證，但症狀條件不同。,,direct_clause_id,"{""formula"": ""豬苓湯""}",0.86,pending,
REL_00531,SHL_SONGBEN_0236,clause,SHSRC0033,SHL_SONGBEN_0260,clause,SHSRC0033,same_formula_family,兩條均涉及茵陳蒿湯方證，但症狀條件不同。,,direct_clause_id,"{""formula"": ""茵陳蒿湯""}",0.86,pending,
REL_00532,SHL_SONGBEN_0243,clause,SHSRC0033,SHL_SONGBEN_0309,clause,SHSRC0033,same_formula_family,兩條均涉及吳茱萸湯方證，但症狀條件不同。,,direct_clause_id,"{""formula"": ""吳茱萸湯""}",0.86,pending,
REL_00533,SHL_SONGBEN_0309,clause,SHSRC0033,SHL_SONGBEN_0378,clause,SHSRC0033,same_formula_family,兩條均涉及吳茱萸湯方證，但症狀條件不同。,,direct_clause_id,"{""formula"": ""吳茱萸湯""}",0.86,pending,
REL_00534,SHL_SONGBEN_0304,clause,SHSRC0033,SHL_SONGBEN_0305,clause,SHSRC0033,same_formula_family,兩條均涉及附子湯方證，但症狀條件不同。,,direct_clause_id,"{""formula"": ""附子湯""}",0.86,pending,
REL_00535,SHL_SONGBEN_0306,clause,SHSRC0033,SHL_SONGBEN_0307,clause,SHSRC0033,same_formula_family,兩條均涉及桃花湯方證，但症狀條件不同。,,direct_clause_id,"{""formula"": ""桃花湯""}",0.86,pending,
REL_00536,SHL_SONGBEN_0314,clause,SHSRC0033,SHL_SONGBEN_0315,clause,SHSRC0033,same_formula_family,兩條均涉及白通湯方證，但症狀條件不同。,,direct_clause_id,"{""formula"": ""白通湯""}",0.86,pending,
REL_00537,SHL_SONGBEN_0317,clause,SHSRC0033,SHL_SONGBEN_0370,clause,SHSRC0033,same_formula_family,兩條均涉及通脈四逆湯方證，但症狀條件不同。,,direct_clause_id,"{""formula"": ""通脈四逆湯""}",0.86,pending,
REL_00538,SHL_SONGBEN_0351,clause,SHSRC0033,SHL_SONGBEN_0352,clause,SHSRC0033,same_formula_family,兩條均涉及當歸四逆湯方證，但症狀條件不同。,,direct_clause_id,"{""formula"": ""當歸四逆湯""}",0.86,pending,
REL_00539,SHL_SONGBEN_0371,clause,SHSRC0033,SHL_SONGBEN_0373,clause,SHSRC0033,same_formula_family,兩條均涉及白頭翁湯方證，但症狀條件不同。,,direct_clause_id,"{""formula"": ""白頭翁湯""}",0.86,pending,
REL_00540,SHL_SONGBEN_0015,clause,SHSRC0033,SHL_SONGBEN_0012,clause,SHSRC0033,mistreatment_transformation,誤治變證（下之後）以桂枝湯救治，與該方主證條互參。,,direct_clause_id,"{""formula"": ""桂枝湯""}",0.8,pending,
REL_00541,SHL_SONGBEN_0028,clause,SHSRC0033,SHL_SONGBEN_0012,clause,SHSRC0033,mistreatment_transformation,誤治變證（下之）以桂枝湯救治，與該方主證條互參。,,direct_clause_id,"{""formula"": ""桂枝湯""}",0.8,pending,
REL_00542,SHL_SONGBEN_0029,clause,SHSRC0033,SHL_SONGBEN_0105,clause,SHSRC0033,mistreatment_transformation,誤治變證（重發汗、燒針）以調胃承氣湯救治，與該方主證條互參。,,direct_clause_id,"{""formula"": ""調胃承氣湯""}",0.8,pending,
REL_00543,SHL_SONGBEN_0044,clause,SHSRC0033,SHL_SONGBEN_0012,clause,SHSRC0033,mistreatment_transformation,誤治變證（下之）以桂枝湯救治，與該方主證條互參。,,direct_clause_id,"{""formula"": ""桂枝湯""}",0.8,pending,
REL_00544,SHL_SONGBEN_0045,clause,SHSRC0033,SHL_SONGBEN_0012,clause,SHSRC0033,mistreatment_transformation,誤治變證（而反下之）以桂枝湯救治，與該方主證條互參。,,direct_clause_id,"{""formula"": ""桂枝湯""}",0.8,pending,
REL_00545,SHL_SONGBEN_0063,clause,SHSRC0033,SHL_SONGBEN_0012,clause,SHSRC0033,mistreatment_transformation,誤治變證（發汗後）以桂枝湯救治，與該方主證條互參。,,direct_clause_id,"{""formula"": ""桂枝湯""}",0.8,pending,
REL_00546,SHL_SONGBEN_0070,clause,SHSRC0033,SHL_SONGBEN_0105,clause,SHSRC0033,mistreatment_transformation,誤治變證（發汗後）以調胃承氣湯救治，與該方主證條互參。,,direct_clause_id,"{""formula"": ""調胃承氣湯""}",0.8,pending,
REL_00547,SHL_SONGBEN_0077,clause,SHSRC0033,SHL_SONGBEN_0076,clause,SHSRC0033,mistreatment_transformation,誤治變證（若下之）以梔子豉湯救治，與該方主證條互參。,,direct_clause_id,"{""formula"": ""梔子豉湯""}",0.8,pending,
REL_00548,SHL_SONGBEN_0078,clause,SHSRC0033,SHL_SONGBEN_0076,clause,SHSRC0033,mistreatment_transformation,誤治變證（大下之後）以梔子豉湯救治，與該方主證條互參。,,direct_clause_id,"{""formula"": ""梔子豉湯""}",0.8,pending,
REL_00549,SHL_SONGBEN_0091,clause,SHSRC0033,SHL_SONGBEN_0029,clause,SHSRC0033,mistreatment_transformation,誤治變證（醫下之）以四逆湯救治，與該方主證條互參。,,direct_clause_id,"{""formula"": ""四逆湯""}",0.8,pending,
REL_00550,SHL_SONGBEN_0091,clause,SHSRC0033,SHL_SONGBEN_0012,clause,SHSRC0033,mistreatment_transformation,誤治變證（醫下之）以桂枝湯救治，與該方主證條互參。,,direct_clause_id,"{""formula"": ""桂枝湯""}",0.8,pending,
REL_00551,SHL_SONGBEN_0094,clause,SHSRC0033,SHL_SONGBEN_0105,clause,SHSRC0033,mistreatment_transformation,誤治變證（下之）以調胃承氣湯救治，與該方主證條互參。,,direct_clause_id,"{""formula"": ""調胃承氣湯""}",0.8,pending,
REL_00552,SHL_SONGBEN_0098,clause,SHSRC0033,SHL_SONGBEN_0096,clause,SHSRC0033,mistreatment_transformation,誤治變證（下之）以小柴胡湯救治，與該方主證條互參。,,direct_clause_id,"{""formula"": ""小柴胡湯""}",0.8,pending,
REL_00553,SHL_SONGBEN_0101,clause,SHSRC0033,SHL_SONGBEN_0096,clause,SHSRC0033,mistreatment_transformation,誤治變證（下之）以小柴胡湯救治，與該方主證條互參。,,direct_clause_id,"{""formula"": ""小柴胡湯""}",0.8,pending,
REL_00554,SHL_SONGBEN_0103,clause,SHSRC0033,SHL_SONGBEN_0165,clause,SHSRC0033,mistreatment_transformation,誤治變證（下之）以大柴胡湯救治，與該方主證條互參。,,direct_clause_id,"{""formula"": ""大柴胡湯""}",0.8,pending,
REL_00555,SHL_SONGBEN_0103,clause,SHSRC0033,SHL_SONGBEN_0096,clause,SHSRC0033,mistreatment_transformation,誤治變證（下之）以小柴胡湯救治，與該方主證條互參。,,direct_clause_id,"{""formula"": ""小柴胡湯""}",0.8,pending,
REL_00556,SHL_SONGBEN_0104,clause,SHSRC0033,SHL_SONGBEN_0096,clause,SHSRC0033,mistreatment_transformation,誤治變證（下之）以小柴胡湯救治，與該方主證條互參。,,direct_clause_id,"{""formula"": ""小柴胡湯""}",0.8,pending,
REL_00557,SHL_SONGBEN_0137,clause,SHSRC0033,SHL_SONGBEN_0134,clause,SHSRC0033,mistreatment_transformation,誤治變證（復下之、重發汗）以大陷胸湯救治，與該方主證條互參。,,direct_clause_id,"{""formula"": ""大陷胸湯""}",0.8,pending,
REL_00558,SHL_SONGBEN_0149,clause,SHSRC0033,SHL_SONGBEN_0096,clause,SHSRC0033,mistreatment_transformation,誤治變證（下之）以小柴胡湯救治，與該方主證條互參。,,direct_clause_id,"{""formula"": ""小柴胡湯""}",0.8,pending,
REL_00559,SHL_SONGBEN_0149,clause,SHSRC0033,SHL_SONGBEN_0134,clause,SHSRC0033,mistreatment_transformation,誤治變證（下之）以大陷胸湯救治，與該方主證條互參。,,direct_clause_id,"{""formula"": ""大陷胸湯""}",0.8,pending,
REL_00560,SHL_SONGBEN_0156,clause,SHSRC0033,SHL_SONGBEN_0071,clause,SHSRC0033,mistreatment_transformation,誤治變證（下之）以五苓散救治，與該方主證條互參。,,direct_clause_id,"{""formula"": ""五苓散""}",0.8,pending,
REL_00561,SHL_SONGBEN_0159,clause,SHSRC0033,SHL_SONGBEN_0386,clause,SHSRC0033,mistreatment_transformation,誤治變證（下之）以理中丸救治，與該方主證條互參。,,direct_clause_id,"{""formula"": ""理中丸""}",0.8,pending,
REL_00562,SHL_SONGBEN_0162,clause,SHSRC0033,SHL_SONGBEN_0012,clause,SHSRC0033,mistreatment_transformation,誤治變證（下後）以桂枝湯救治，與該方主證條互參。,,direct_clause_id,"{""formula"": ""桂枝湯""}",0.8,pending,
REL_00563,SHL_SONGBEN_0162,clause,SHSRC0033,SHL_SONGBEN_0063,clause,SHSRC0033,mistreatment_transformation,誤治變證（下後）以麻黃杏仁甘草石膏湯救治，與該方主證條互參。,,direct_clause_id,"{""formula"": ""麻黃杏仁甘草石膏湯""}",0.8,pending,
REL_00564,SHL_SONGBEN_0164,clause,SHSRC0033,SHL_SONGBEN_0012,clause,SHSRC0033,mistreatment_transformation,誤治變證（大下後、復發汗）以桂枝湯救治，與該方主證條互參。,,direct_clause_id,"{""formula"": ""桂枝湯""}",0.8,pending,
REL_00565,SHL_SONGBEN_0164,clause,SHSRC0033,SHL_SONGBEN_0154,clause,SHSRC0033,mistreatment_transformation,誤治變證（大下後、復發汗）以大黃黃連瀉心湯救治，與該方主證條互參。,,direct_clause_id,"{""formula"": ""大黃黃連瀉心湯""}",0.8,pending,
REL_00566,SHL_SONGBEN_0168,clause,SHSRC0033,SHL_SONGBEN_0026,clause,SHSRC0033,mistreatment_transformation,誤治變證（下後、若吐）以白虎加人參湯救治，與該方主證條互參。,,direct_clause_id,"{""formula"": ""白虎加人參湯""}",0.8,pending,
REL_00567,SHL_SONGBEN_0212,clause,SHSRC0033,SHL_SONGBEN_0208,clause,SHSRC0033,mistreatment_transformation,誤治變證（下後、若吐）以大承氣湯救治，與該方主證條互參。,,direct_clause_id,"{""formula"": ""大承氣湯""}",0.8,pending,
REL_00568,SHL_SONGBEN_0215,clause,SHSRC0033,SHL_SONGBEN_0208,clause,SHSRC0033,mistreatment_transformation,誤治變證（下之）以大承氣湯救治，與該方主證條互參。,,direct_clause_id,"{""formula"": ""大承氣湯""}",0.8,pending,
REL_00569,SHL_SONGBEN_0217,clause,SHSRC0033,SHL_SONGBEN_0208,clause,SHSRC0033,mistreatment_transformation,誤治變證（下之）以大承氣湯救治，與該方主證條互參。,,direct_clause_id,"{""formula"": ""大承氣湯""}",0.8,pending,
REL_00570,SHL_SONGBEN_0219,clause,SHSRC0033,SHL_SONGBEN_0176,clause,SHSRC0033,mistreatment_transformation,誤治變證（下之）以白虎湯救治，與該方主證條互參。,,direct_clause_id,"{""formula"": ""白虎湯""}",0.8,pending,
REL_00571,SHL_SONGBEN_0220,clause,SHSRC0033,SHL_SONGBEN_0208,clause,SHSRC0033,mistreatment_transformation,誤治變證（下之）以大承氣湯救治，與該方主證條互參。,,direct_clause_id,"{""formula"": ""大承氣湯""}",0.8,pending,
REL_00572,SHL_SONGBEN_0221,clause,SHSRC0033,SHL_SONGBEN_0076,clause,SHSRC0033,mistreatment_transformation,誤治變證（若下之、加溫針）以梔子豉湯救治，與該方主證條互參。,,direct_clause_id,"{""formula"": ""梔子豉湯""}",0.8,pending,
REL_00573,SHL_SONGBEN_0228,clause,SHSRC0033,SHL_SONGBEN_0076,clause,SHSRC0033,mistreatment_transformation,誤治變證（下之）以梔子豉湯救治，與該方主證條互參。,,direct_clause_id,"{""formula"": ""梔子豉湯""}",0.8,pending,
REL_00574,SHL_SONGBEN_0237,clause,SHSRC0033,SHL_SONGBEN_0124,clause,SHSRC0033,mistreatment_transformation,誤治變證（下之）以抵當湯救治，與該方主證條互參。,,direct_clause_id,"{""formula"": ""抵當湯""}",0.8,pending,
REL_00575,SHL_SONGBEN_0238,clause,SHSRC0033,SHL_SONGBEN_0208,clause,SHSRC0033,mistreatment_transformation,誤治變證（下之）以大承氣湯救治，與該方主證條互參。,,direct_clause_id,"{""formula"": ""大承氣湯""}",0.8,pending,
REL_00576,SHL_SONGBEN_0240,clause,SHSRC0033,SHL_SONGBEN_0208,clause,SHSRC0033,mistreatment_transformation,誤治變證（下之）以大承氣湯救治，與該方主證條互參。,,direct_clause_id,"{""formula"": ""大承氣湯""}",0.8,pending,
REL_00577,SHL_SONGBEN_0240,clause,SHSRC0033,SHL_SONGBEN_0012,clause,SHSRC0033,mistreatment_transformation,誤治變證（下之）以桂枝湯救治，與該方主證條互參。,,direct_clause_id,"{""formula"": ""桂枝湯""}",0.8,pending,
REL_00578,SHL_SONGBEN_0241,clause,SHSRC0033,SHL_SONGBEN_0208,clause,SHSRC0033,mistreatment_transformation,誤治變證（大下後）以大承氣湯救治，與該方主證條互參。,,direct_clause_id,"{""formula"": ""大承氣湯""}",0.8,pending,
REL_00579,SHL_SONGBEN_0244,clause,SHSRC0033,SHL_SONGBEN_0071,clause,SHSRC0033,mistreatment_transformation,誤治變證（醫下之）以五苓散救治，與該方主證條互參。,,direct_clause_id,"{""formula"": ""五苓散""}",0.8,pending,
REL_00580,SHL_SONGBEN_0249,clause,SHSRC0033,SHL_SONGBEN_0105,clause,SHSRC0033,mistreatment_transformation,誤治變證（吐後）以調胃承氣湯救治，與該方主證條互參。,,direct_clause_id,"{""formula"": ""調胃承氣湯""}",0.8,pending,
REL_00581,SHL_SONGBEN_0250,clause,SHSRC0033,SHL_SONGBEN_0213,clause,SHSRC0033,mistreatment_transformation,誤治變證（發汗後、若吐）以小承氣湯救治，與該方主證條互參。,,direct_clause_id,"{""formula"": ""小承氣湯""}",0.8,pending,
REL_00582,SHL_SONGBEN_0252,clause,SHSRC0033,SHL_SONGBEN_0208,clause,SHSRC0033,mistreatment_transformation,誤治變證（下之）以大承氣湯救治，與該方主證條互參。,,direct_clause_id,"{""formula"": ""大承氣湯""}",0.8,pending,
REL_00583,SHL_SONGBEN_0253,clause,SHSRC0033,SHL_SONGBEN_0208,clause,SHSRC0033,mistreatment_transformation,誤治變證（下之）以大承氣湯救治，與該方主證條互參。,,direct_clause_id,"{""formula"": ""大承氣湯""}",0.8,pending,
REL_00584,SHL_SONGBEN_0254,clause,SHSRC0033,SHL_SONGBEN_0208,clause,SHSRC0033,mistreatment_transformation,誤治變證（下之）以大承氣湯救治，與該方主證條互參。,,direct_clause_id,"{""formula"": ""大承氣湯""}",0.8,pending,
REL_00585,SHL_SONGBEN_0255,clause,SHSRC0033,SHL_SONGBEN_0208,clause,SHSRC0033,mistreatment_transformation,誤治變證（下之）以大承氣湯救治，與該方主證條互參。,,direct_clause_id,"{""formula"": ""大承氣湯""}",0.8,pending,
REL_00586,SHL_SONGBEN_0256,clause,SHSRC0033,SHL_SONGBEN_0208,clause,SHSRC0033,mistreatment_transformation,誤治變證（下之）以大承氣湯救治，與該方主證條互參。,,direct_clause_id,"{""formula"": ""大承氣湯""}",0.8,pending,
REL_00587,SHL_SONGBEN_0257,clause,SHSRC0033,SHL_SONGBEN_0124,clause,SHSRC0033,mistreatment_transformation,誤治變證（下之）以抵當湯救治，與該方主證條互參。,,direct_clause_id,"{""formula"": ""抵當湯""}",0.8,pending,
REL_00588,SHL_SONGBEN_0267,clause,SHSRC0033,SHL_SONGBEN_0096,clause,SHSRC0033,mistreatment_transformation,誤治變證（溫針）以小柴胡湯救治，與該方主證條互參。,,direct_clause_id,"{""formula"": ""小柴胡湯""}",0.8,pending,
REL_00589,SHL_SONGBEN_0320,clause,SHSRC0033,SHL_SONGBEN_0208,clause,SHSRC0033,mistreatment_transformation,誤治變證（下之）以大承氣湯救治，與該方主證條互參。,,direct_clause_id,"{""formula"": ""大承氣湯""}",0.8,pending,
REL_00590,SHL_SONGBEN_0321,clause,SHSRC0033,SHL_SONGBEN_0208,clause,SHSRC0033,mistreatment_transformation,誤治變證（下之）以大承氣湯救治，與該方主證條互參。,,direct_clause_id,"{""formula"": ""大承氣湯""}",0.8,pending,
REL_00591,SHL_SONGBEN_0322,clause,SHSRC0033,SHL_SONGBEN_0208,clause,SHSRC0033,mistreatment_transformation,誤治變證（下之）以大承氣湯救治，與該方主證條互參。,,direct_clause_id,"{""formula"": ""大承氣湯""}",0.8,pending,
REL_00592,SHL_SONGBEN_0224,clause,SHSRC0033,SHL_SONGBEN_0223,clause,SHSRC0033,contraindication,本條為豬苓湯之禁例，與其主證條對勘。,,direct_clause_id,"{""formula"": ""豬苓湯""}",0.85,pending,
REL_00593,SHL_SONGBEN_0013,clause,SHSRC0033,SHL_SONGBEN_0023,clause,SHSRC0033,differential,二條共見汗出、發熱而結論方不同（桂枝湯 vs 桂枝麻黃各半湯），構成鑒別。,,direct_clause_id,"{""shared"": [""汗出"", ""發熱""]}",0.72,pending,
REL_00594,SHL_SONGBEN_0013,clause,SHSRC0033,SHL_SONGBEN_0035,clause,SHSRC0033,differential,二條共見惡風、發熱、頭痛而結論方不同（桂枝湯 vs 麻黃湯），構成鑒別。,,direct_clause_id,"{""shared"": [""惡風"", ""發熱"", ""頭痛""]}",0.72,pending,
REL_00595,SHL_SONGBEN_0013,clause,SHSRC0033,SHL_SONGBEN_0038,clause,SHSRC0033,differential,二條共見惡風、汗出、發熱而結論方不同（桂枝湯 vs 大青龍湯），構成鑒別。,,direct_clause_id,"{""shared"": [""惡風"", ""汗出"", ""發熱""]}",0.72,pending,
REL_00596,SHL_SONGBEN_0013,clause,SHSRC0033,SHL_SONGBEN_0082,clause,SHSRC0033,differential,二條共見汗出、發熱而結論方不同（桂枝湯 vs 真武湯），構成鑒別。,,direct_clause_id,"{""shared"": [""汗出"", ""發熱""]}",0.72,pending,
REL_00597,SHL_SONGBEN_0013,clause,SHSRC0033,SHL_SONGBEN_0092,clause,SHSRC0033,differential,二條共見發熱、頭痛而結論方不同（桂枝湯 vs 四逆湯），構成鑒別。,,direct_clause_id,"{""shared"": [""發熱"", ""頭痛""]}",0.72,pending,
REL_00598,SHL_SONGBEN_0013,clause,SHSRC0033,SHL_SONGBEN_0101,clause,SHSRC0033,differential,二條共見汗出、發熱而結論方不同（桂枝湯 vs 小柴胡湯），構成鑒別。,,direct_clause_id,"{""shared"": [""汗出"", ""發熱""]}",0.72,pending,
REL_00599,SHL_SONGBEN_0013,clause,SHSRC0033,SHL_SONGBEN_0134,clause,SHSRC0033,differential,二條共見發熱、頭痛而結論方不同（桂枝湯 vs 大陷胸湯），構成鑒別。,,direct_clause_id,"{""shared"": [""發熱"", ""頭痛""]}",0.72,pending,
REL_00600,SHL_SONGBEN_0013,clause,SHSRC0033,SHL_SONGBEN_0149,clause,SHSRC0033,differential,二條共見汗出、發熱而結論方不同（桂枝湯 vs 半夏瀉心湯），構成鑒別。,,direct_clause_id,"{""shared"": [""汗出"", ""發熱""]}",0.72,pending,
REL_00601,SHL_SONGBEN_0013,clause,SHSRC0033,SHL_SONGBEN_0152,clause,SHSRC0033,differential,二條共見汗出、頭痛而結論方不同（桂枝湯 vs 十棗湯），構成鑒別。,,direct_clause_id,"{""shared"": [""汗出"", ""頭痛""]}",0.72,pending,
REL_00602,SHL_SONGBEN_0013,clause,SHSRC0033,SHL_SONGBEN_0165,clause,SHSRC0033,differential,二條共見汗出、發熱而結論方不同（桂枝湯 vs 大柴胡湯），構成鑒別。,,direct_clause_id,"{""shared"": [""汗出"", ""發熱""]}",0.72,pending,
REL_00603,SHL_SONGBEN_0013,clause,SHSRC0033,SHL_SONGBEN_0175,clause,SHSRC0033,differential,二條共見惡風、汗出而結論方不同（桂枝湯 vs 甘草附子湯），構成鑒別。,,direct_clause_id,"{""shared"": [""惡風"", ""汗出""]}",0.72,pending,
REL_00604,SHL_SONGBEN_0014,clause,SHSRC0033,SHL_SONGBEN_0031,clause,SHSRC0033,differential,二條共見惡風、項背強几几而結論方不同（桂枝加葛根湯 vs 葛根湯），構成鑒別。,,direct_clause_id,"{""shared"": [""惡風"", ""項背強几几""]}",0.72,pending,
REL_00605,SHL_SONGBEN_0020,clause,SHSRC0033,SHL_SONGBEN_0098,clause,SHSRC0033,differential,二條共見小便難、惡風而結論方不同（桂枝加附子湯 vs 小柴胡湯），構成鑒別。,,direct_clause_id,"{""shared"": [""小便難"", ""惡風""]}",0.72,pending,
REL_00606,SHL_SONGBEN_0023,clause,SHSRC0033,SHL_SONGBEN_0027,clause,SHSRC0033,differential,二條共見惡寒、發熱而結論方不同（桂枝麻黃各半湯 vs 桂枝二越婢一湯），構成鑒別。,,direct_clause_id,"{""shared"": [""惡寒"", ""發熱""]}",0.72,pending,
REL_00607,SHL_SONGBEN_0023,clause,SHSRC0033,SHL_SONGBEN_0038,clause,SHSRC0033,differential,二條共見惡寒、汗出、發熱而結論方不同（桂枝麻黃各半湯 vs 大青龍湯），構成鑒別。,,direct_clause_id,"{""shared"": [""惡寒"", ""汗出"", ""發熱""]}",0.72,pending,
REL_00608,SHL_SONGBEN_0023,clause,SHSRC0033,SHL_SONGBEN_0082,clause,SHSRC0033,differential,二條共見汗出、發熱而結論方不同（桂枝麻黃各半湯 vs 真武湯），構成鑒別。,,direct_clause_id,"{""shared"": [""汗出"", ""發熱""]}",0.72,pending,
REL_00609,SHL_SONGBEN_0023,clause,SHSRC0033,SHL_SONGBEN_0095,clause,SHSRC0033,differential,二條共見汗出、發熱而結論方不同（桂枝麻黃各半湯 vs 桂枝湯），構成鑒別。,,direct_clause_id,"{""shared"": [""汗出"", ""發熱""]}",0.72,pending,
REL_00610,SHL_SONGBEN_0023,clause,SHSRC0033,SHL_SONGBEN_0101,clause,SHSRC0033,differential,二條共見汗出、發熱而結論方不同（桂枝麻黃各半湯 vs 小柴胡湯），構成鑒別。,,direct_clause_id,"{""shared"": [""汗出"", ""發熱""]}",0.72,pending,
REL_00611,SHL_SONGBEN_0023,clause,SHSRC0033,SHL_SONGBEN_0149,clause,SHSRC0033,differential,二條共見汗出、發熱而結論方不同（桂枝麻黃各半湯 vs 半夏瀉心湯），構成鑒別。,,direct_clause_id,"{""shared"": [""汗出"", ""發熱""]}",0.72,pending,
REL_00612,SHL_SONGBEN_0023,clause,SHSRC0033,SHL_SONGBEN_0155,clause,SHSRC0033,differential,二條共見惡寒、汗出而結論方不同（桂枝麻黃各半湯 vs 附子瀉心湯），構成鑒別。,,direct_clause_id,"{""shared"": [""惡寒"", ""汗出""]}",0.72,pending,
REL_00613,SHL_SONGBEN_0023,clause,SHSRC0033,SHL_SONGBEN_0165,clause,SHSRC0033,differential,二條共見汗出、發熱而結論方不同（桂枝麻黃各半湯 vs 大柴胡湯），構成鑒別。,,direct_clause_id,"{""shared"": [""汗出"", ""發熱""]}",0.72,pending,
REL_00614,SHL_SONGBEN_0027,clause,SHSRC0033,SHL_SONGBEN_0038,clause,SHSRC0033,differential,二條共見惡寒、發熱而結論方不同（桂枝二越婢一湯 vs 大青龍湯），構成鑒別。,,direct_clause_id,"{""shared"": [""惡寒"", ""發熱""]}",0.72,pending,
REL_00615,SHL_SONGBEN_0028,clause,SHSRC0033,SHL_SONGBEN_0134,clause,SHSRC0033,differential,二條共見小便不利、無汗而結論方不同（桂枝去桂加茯苓白朮湯 vs 大陷胸湯），構成鑒別。,,direct_clause_id,"{""shared"": [""小便不利"", ""無汗""]}",0.72,pending,
REL_00616,SHL_SONGBEN_0029,clause,SHSRC0033,SHL_SONGBEN_0030,clause,SHSRC0033,differential,二條共見咽中乾、煩躁、譫語而結論方不同（甘草乾薑湯 vs 甘草乾薑湯），構成鑒別。,,direct_clause_id,"{""shared"": [""咽中乾"", ""煩躁"", ""譫語""]}",0.72,pending,
REL_00617,SHL_SONGBEN_0029,clause,SHSRC0033,SHL_SONGBEN_0105,clause,SHSRC0033,differential,二條共見厥、譫語而結論方不同（甘草乾薑湯 vs 調胃承氣湯），構成鑒別。,,direct_clause_id,"{""shared"": [""厥"", ""譫語""]}",0.72,pending,
REL_00618,SHL_SONGBEN_0029,clause,SHSRC0033,SHL_SONGBEN_0169,clause,SHSRC0033,differential,二條共見微惡寒、心煩而結論方不同（甘草乾薑湯 vs 白虎加人參湯），構成鑒別。,,direct_clause_id,"{""shared"": [""微惡寒"", ""心煩""]}",0.72,pending,
REL_00619,SHL_SONGBEN_0030,clause,SHSRC0033,SHL_SONGBEN_0038,clause,SHSRC0033,differential,二條共見厥逆、汗出、煩躁而結論方不同（甘草乾薑湯 vs 大青龍湯），構成鑒別。,,direct_clause_id,"{""shared"": [""厥逆"", ""汗出"", ""煩躁""]}",0.72,pending,
REL_00620,SHL_SONGBEN_0035,clause,SHSRC0033,SHL_SONGBEN_0038,clause,SHSRC0033,differential,二條共見惡風、發熱而結論方不同（麻黃湯 vs 大青龍湯），構成鑒別。,,direct_clause_id,"{""shared"": [""惡風"", ""發熱""]}",0.72,pending,
REL_00621,SHL_SONGBEN_0035,clause,SHSRC0033,SHL_SONGBEN_0092,clause,SHSRC0033,differential,二條共見發熱、頭痛而結論方不同（麻黃湯 vs 四逆湯），構成鑒別。,,direct_clause_id,"{""shared"": [""發熱"", ""頭痛""]}",0.72,pending,
REL_00622,SHL_SONGBEN_0035,clause,SHSRC0033,SHL_SONGBEN_0134,clause,SHSRC0033,differential,二條共見發熱、頭痛而結論方不同（麻黃湯 vs 大陷胸湯），構成鑒別。,,direct_clause_id,"{""shared"": [""發熱"", ""頭痛""]}",0.72,pending,
REL_00623,SHL_SONGBEN_0038,clause,SHSRC0033,SHL_SONGBEN_0046,clause,SHSRC0033,differential,二條共見發熱、身疼痛而結論方不同（大青龍湯 vs 麻黃湯），構成鑒別。,,direct_clause_id,"{""shared"": [""發熱"", ""身疼痛""]}",0.72,pending,
REL_00624,SHL_SONGBEN_0038,clause,SHSRC0033,SHL_SONGBEN_0082,clause,SHSRC0033,differential,二條共見汗出、發熱而結論方不同（大青龍湯 vs 真武湯），構成鑒別。,,direct_clause_id,"{""shared"": [""汗出"", ""發熱""]}",0.72,pending,
REL_00625,SHL_SONGBEN_0038,clause,SHSRC0033,SHL_SONGBEN_0095,clause,SHSRC0033,differential,二條共見汗出、發熱而結論方不同（大青龍湯 vs 桂枝湯），構成鑒別。,,direct_clause_id,"{""shared"": [""汗出"", ""發熱""]}",0.72,pending,
REL_00626,SHL_SONGBEN_0038,clause,SHSRC0033,SHL_SONGBEN_0101,clause,SHSRC0033,differential,二條共見汗出、發熱而結論方不同（大青龍湯 vs 小柴胡湯），構成鑒別。,,direct_clause_id,"{""shared"": [""汗出"", ""發熱""]}",0.72,pending,
REL_00627,SHL_SONGBEN_0038,clause,SHSRC0033,SHL_SONGBEN_0149,clause,SHSRC0033,differential,二條共見汗出、發熱而結論方不同（大青龍湯 vs 半夏瀉心湯），構成鑒別。,,direct_clause_id,"{""shared"": [""汗出"", ""發熱""]}",0.72,pending,
REL_00628,SHL_SONGBEN_0038,clause,SHSRC0033,SHL_SONGBEN_0155,clause,SHSRC0033,differential,二條共見惡寒、汗出而結論方不同（大青龍湯 vs 附子瀉心湯），構成鑒別。,,direct_clause_id,"{""shared"": [""惡寒"", ""汗出""]}",0.72,pending,
REL_00629,SHL_SONGBEN_0038,clause,SHSRC0033,SHL_SONGBEN_0165,clause,SHSRC0033,differential,二條共見汗出、發熱而結論方不同（大青龍湯 vs 大柴胡湯），構成鑒別。,,direct_clause_id,"{""shared"": [""汗出"", ""發熱""]}",0.72,pending,
REL_00630,SHL_SONGBEN_0038,clause,SHSRC0033,SHL_SONGBEN_0175,clause,SHSRC0033,differential,二條共見惡風、汗出而結論方不同（大青龍湯 vs 甘草附子湯），構成鑒別。,,direct_clause_id,"{""shared"": [""惡風"", ""汗出""]}",0.72,pending,
REL_00631,SHL_SONGBEN_0040,clause,SHSRC0033,SHL_SONGBEN_0096,clause,SHSRC0033,differential,二條共見咳、小便不利、渴而結論方不同（小青龍湯 vs 小柴胡湯），構成鑒別。,,direct_clause_id,"{""shared"": [""咳"", ""小便不利"", ""渴""]}",0.72,pending,
REL_00632,SHL_SONGBEN_0040,clause,SHSRC0033,SHL_SONGBEN_0126,clause,SHSRC0033,differential,二條共見小便不利、少腹滿而結論方不同（小青龍湯 vs 抵當丸），構成鑒別。,,direct_clause_id,"{""shared"": [""小便不利"", ""少腹滿""]}",0.72,pending,
REL_00633,SHL_SONGBEN_0040,clause,SHSRC0033,SHL_SONGBEN_0134,clause,SHSRC0033,differential,二條共見小便不利、發熱而結論方不同（小青龍湯 vs 大陷胸湯），構成鑒別。,,direct_clause_id,"{""shared"": [""小便不利"", ""發熱""]}",0.72,pending,
REL_00634,SHL_SONGBEN_0040,clause,SHSRC0033,SHL_SONGBEN_0147,clause,SHSRC0033,differential,二條共見小便不利、渴而結論方不同（小青龍湯 vs 柴胡桂枝乾薑湯），構成鑒別。,,direct_clause_id,"{""shared"": [""小便不利"", ""渴""]}",0.72,pending,
REL_00635,SHL_SONGBEN_0040,clause,SHSRC0033,SHL_SONGBEN_0156,clause,SHSRC0033,differential,二條共見小便不利、渴而結論方不同（小青龍湯 vs 五苓散），構成鑒別。,,direct_clause_id,"{""shared"": [""小便不利"", ""渴""]}",0.72,pending,
REL_00636,SHL_SONGBEN_0041,clause,SHSRC0033,SHL_SONGBEN_0073,clause,SHSRC0033,differential,二條共見不渴、渴而結論方不同（小青龍湯 vs 茯苓甘草湯），構成鑒別。,,direct_clause_id,"{""shared"": [""不渴"", ""渴""]}",0.72,pending,
REL_00637,SHL_SONGBEN_0041,clause,SHSRC0033,SHL_SONGBEN_0096,clause,SHSRC0033,differential,二條共見不渴、咳、渴而結論方不同（小青龍湯 vs 小柴胡湯），構成鑒別。,,direct_clause_id,"{""shared"": [""不渴"", ""咳"", ""渴""]}",0.72,pending,
REL_00638,SHL_SONGBEN_0046,clause,SHSRC0033,SHL_SONGBEN_0134,clause,SHSRC0033,differential,二條共見無汗、發熱而結論方不同（麻黃湯 vs 大陷胸湯），構成鑒別。,,direct_clause_id,"{""shared"": [""無汗"", ""發熱""]}",0.72,pending,
REL_00639,SHL_SONGBEN_0046,clause,SHSRC0033,SHL_SONGBEN_0170,clause,SHSRC0033,differential,二條共見無汗、發熱而結論方不同（麻黃湯 vs 白虎加人參湯），構成鑒別。,,direct_clause_id,"{""shared"": [""無汗"", ""發熱""]}",0.72,pending,
REL_00640,SHL_SONGBEN_0063,clause,SHSRC0033,SHL_SONGBEN_0136,clause,SHSRC0033,differential,二條共見汗出、無大熱而結論方不同（麻黃杏仁甘草石膏湯 vs 大柴胡湯），構成鑒別。,,direct_clause_id,"{""shared"": [""汗出"", ""無大熱""]}",0.72,pending,
REL_00641,SHL_SONGBEN_0071,clause,SHSRC0033,SHL_SONGBEN_0096,clause,SHSRC0033,differential,二條共見小便不利、微熱而結論方不同（五苓散 vs 小柴胡湯），構成鑒別。,,direct_clause_id,"{""shared"": [""小便不利"", ""微熱""]}",0.72,pending,
REL_00642,SHL_SONGBEN_0073,clause,SHSRC0033,SHL_SONGBEN_0096,clause,SHSRC0033,differential,二條共見不渴、渴而結論方不同（茯苓甘草湯 vs 小柴胡湯），構成鑒別。,,direct_clause_id,"{""shared"": [""不渴"", ""渴""]}",0.72,pending,
REL_00643,SHL_SONGBEN_0074,clause,SHSRC0033,SHL_SONGBEN_0170,clause,SHSRC0033,differential,二條共見渴欲飲水、發熱而結論方不同（五苓散 vs 白虎加人參湯），構成鑒別。,,direct_clause_id,"{""shared"": [""渴欲飲水"", ""發熱""]}",0.72,pending,
REL_00644,SHL_SONGBEN_0082,clause,SHSRC0033,SHL_SONGBEN_0095,clause,SHSRC0033,differential,二條共見汗出、發熱而結論方不同（真武湯 vs 桂枝湯），構成鑒別。,,direct_clause_id,"{""shared"": [""汗出"", ""發熱""]}",0.72,pending,
REL_00645,SHL_SONGBEN_0082,clause,SHSRC0033,SHL_SONGBEN_0101,clause,SHSRC0033,differential,二條共見汗出、發熱而結論方不同（真武湯 vs 小柴胡湯），構成鑒別。,,direct_clause_id,"{""shared"": [""汗出"", ""發熱""]}",0.72,pending,
REL_00646,SHL_SONGBEN_0082,clause,SHSRC0033,SHL_SONGBEN_0149,clause,SHSRC0033,differential,二條共見汗出、發熱而結論方不同（真武湯 vs 半夏瀉心湯），構成鑒別。,,direct_clause_id,"{""shared"": [""汗出"", ""發熱""]}",0.72,pending,
REL_00647,SHL_SONGBEN_0082,clause,SHSRC0033,SHL_SONGBEN_0165,clause,SHSRC0033,differential,二條共見汗出、發熱而結論方不同（真武湯 vs 大柴胡湯），構成鑒別。,,direct_clause_id,"{""shared"": [""汗出"", ""發熱""]}",0.72,pending,
REL_00648,SHL_SONGBEN_0092,clause,SHSRC0033,SHL_SONGBEN_0134,clause,SHSRC0033,differential,二條共見發熱、頭痛而結論方不同（四逆湯 vs 大陷胸湯），構成鑒別。,,direct_clause_id,"{""shared"": [""發熱"", ""頭痛""]}",0.72,pending,
REL_00649,SHL_SONGBEN_0095,clause,SHSRC0033,SHL_SONGBEN_0101,clause,SHSRC0033,differential,二條共見汗出、發熱而結論方不同（桂枝湯 vs 小柴胡湯），構成鑒別。,,direct_clause_id,"{""shared"": [""汗出"", ""發熱""]}",0.72,pending,
REL_00650,SHL_SONGBEN_0095,clause,SHSRC0033,SHL_SONGBEN_0149,clause,SHSRC0033,differential,二條共見汗出、發熱而結論方不同（桂枝湯 vs 半夏瀉心湯），構成鑒別。,,direct_clause_id,"{""shared"": [""汗出"", ""發熱""]}",0.72,pending,
REL_00651,SHL_SONGBEN_0095,clause,SHSRC0033,SHL_SONGBEN_0165,clause,SHSRC0033,differential,二條共見汗出、發熱而結論方不同（桂枝湯 vs 大柴胡湯），構成鑒別。,,direct_clause_id,"{""shared"": [""汗出"", ""發熱""]}",0.72,pending,
REL_00652,SHL_SONGBEN_0096,clause,SHSRC0033,SHL_SONGBEN_0147,clause,SHSRC0033,differential,二條共見小便不利、往來寒熱、渴而結論方不同（小柴胡湯 vs 柴胡桂枝乾薑湯），構成鑒別。,,direct_clause_id,"{""shared"": [""小便不利"", ""往來寒熱"", ""渴""]}",0.72,pending,
REL_00653,SHL_SONGBEN_0096,clause,SHSRC0033,SHL_SONGBEN_0156,clause,SHSRC0033,differential,二條共見小便不利、渴而結論方不同（小柴胡湯 vs 五苓散），構成鑒別。,,direct_clause_id,"{""shared"": [""小便不利"", ""渴""]}",0.72,pending,
REL_00654,SHL_SONGBEN_0097,clause,SHSRC0033,SHL_SONGBEN_0147,clause,SHSRC0033,differential,二條共見往來寒熱、渴而結論方不同（小柴胡湯 vs 柴胡桂枝乾薑湯），構成鑒別。,,direct_clause_id,"{""shared"": [""往來寒熱"", ""渴""]}",0.72,pending,
REL_00655,SHL_SONGBEN_0101,clause,SHSRC0033,SHL_SONGBEN_0149,clause,SHSRC0033,differential,二條共見汗出、發熱而結論方不同（小柴胡湯 vs 半夏瀉心湯），構成鑒別。,,direct_clause_id,"{""shared"": [""汗出"", ""發熱""]}",0.72,pending,
REL_00656,SHL_SONGBEN_0101,clause,SHSRC0033,SHL_SONGBEN_0165,clause,SHSRC0033,differential,二條共見汗出、發熱而結論方不同（小柴胡湯 vs 大柴胡湯），構成鑒別。,,direct_clause_id,"{""shared"": [""汗出"", ""發熱""]}",0.72,pending,
REL_00657,SHL_SONGBEN_0134,clause,SHSRC0033,SHL_SONGBEN_0147,clause,SHSRC0033,differential,二條共見小便不利、頭汗出而結論方不同（大陷胸湯 vs 柴胡桂枝乾薑湯），構成鑒別。,,direct_clause_id,"{""shared"": [""小便不利"", ""頭汗出""]}",0.72,pending,
REL_00658,SHL_SONGBEN_0134,clause,SHSRC0033,SHL_SONGBEN_0152,clause,SHSRC0033,differential,二條共見短氣、頭痛而結論方不同（大陷胸湯 vs 十棗湯），構成鑒別。,,direct_clause_id,"{""shared"": [""短氣"", ""頭痛""]}",0.72,pending,
REL_00659,SHL_SONGBEN_0134,clause,SHSRC0033,SHL_SONGBEN_0170,clause,SHSRC0033,differential,二條共見無汗、發熱而結論方不同（大陷胸湯 vs 白虎加人參湯），構成鑒別。,,direct_clause_id,"{""shared"": [""無汗"", ""發熱""]}",0.72,pending,
REL_00660,SHL_SONGBEN_0134,clause,SHSRC0033,SHL_SONGBEN_0175,clause,SHSRC0033,differential,二條共見小便不利、短氣而結論方不同（大陷胸湯 vs 甘草附子湯），構成鑒別。,,direct_clause_id,"{""shared"": [""小便不利"", ""短氣""]}",0.72,pending,
REL_00661,SHL_SONGBEN_0136,clause,SHSRC0033,SHL_SONGBEN_0162,clause,SHSRC0033,differential,二條共見汗出、無大熱而結論方不同（大柴胡湯 vs 桂枝湯），構成鑒別。,,direct_clause_id,"{""shared"": [""汗出"", ""無大熱""]}",0.72,pending,
REL_00662,SHL_SONGBEN_0146,clause,SHSRC0033,SHL_SONGBEN_0149,clause,SHSRC0033,differential,二條共見嘔、發熱而結論方不同（柴胡桂枝湯 vs 半夏瀉心湯），構成鑒別。,,direct_clause_id,"{""shared"": [""嘔"", ""發熱""]}",0.72,pending,
REL_00663,SHL_SONGBEN_0147,clause,SHSRC0033,SHL_SONGBEN_0156,clause,SHSRC0033,differential,二條共見小便不利、渴而結論方不同（柴胡桂枝乾薑湯 vs 五苓散），構成鑒別。,,direct_clause_id,"{""shared"": [""小便不利"", ""渴""]}",0.72,pending,
REL_00664,SHL_SONGBEN_0147,clause,SHSRC0033,SHL_SONGBEN_0169,clause,SHSRC0033,differential,二條共見心煩、渴而結論方不同（柴胡桂枝乾薑湯 vs 白虎加人參湯），構成鑒別。,,direct_clause_id,"{""shared"": [""心煩"", ""渴""]}",0.72,pending,
REL_00665,SHL_SONGBEN_0149,clause,SHSRC0033,SHL_SONGBEN_0165,clause,SHSRC0033,differential,二條共見汗出、發熱而結論方不同（半夏瀉心湯 vs 大柴胡湯），構成鑒別。,,direct_clause_id,"{""shared"": [""汗出"", ""發熱""]}",0.72,pending,
REL_00666,SHL_SONGBEN_0152,clause,SHSRC0033,SHL_SONGBEN_0157,clause,SHSRC0033,differential,二條共見下利、心下痞硬、汗出而結論方不同（十棗湯 vs 生薑瀉心湯），構成鑒別。,,direct_clause_id,"{""shared"": [""下利"", ""心下痞硬"", ""汗出""]}",0.72,pending,
REL_00667,SHL_SONGBEN_0152,clause,SHSRC0033,SHL_SONGBEN_0158,clause,SHSRC0033,differential,二條共見下利、乾嘔、心下痞硬而結論方不同（十棗湯 vs 甘草瀉心湯），構成鑒別。,,direct_clause_id,"{""shared"": [""下利"", ""乾嘔"", ""心下痞硬""]}",0.72,pending,
REL_00668,SHL_SONGBEN_0152,clause,SHSRC0033,SHL_SONGBEN_0165,clause,SHSRC0033,differential,二條共見下利、汗出而結論方不同（十棗湯 vs 大柴胡湯），構成鑒別。,,direct_clause_id,"{""shared"": [""下利"", ""汗出""]}",0.72,pending,
REL_00669,SHL_SONGBEN_0152,clause,SHSRC0033,SHL_SONGBEN_0175,clause,SHSRC0033,differential,二條共見汗出、短氣而結論方不同（十棗湯 vs 甘草附子湯），構成鑒別。,,direct_clause_id,"{""shared"": [""汗出"", ""短氣""]}",0.72,pending,
REL_00670,SHL_SONGBEN_0155,clause,SHSRC0033,SHL_SONGBEN_0164,clause,SHSRC0033,differential,二條共見心下痞、惡寒而結論方不同（附子瀉心湯 vs 桂枝湯），構成鑒別。,,direct_clause_id,"{""shared"": [""心下痞"", ""惡寒""]}",0.72,pending,
REL_00671,SHL_SONGBEN_0156,clause,SHSRC0033,SHL_SONGBEN_0169,clause,SHSRC0033,differential,二條共見口燥、渴而結論方不同（五苓散 vs 白虎加人參湯），構成鑒別。,,direct_clause_id,"{""shared"": [""口燥"", ""渴""]}",0.72,pending,
REL_00672,SHL_SONGBEN_0157,clause,SHSRC0033,SHL_SONGBEN_0158,clause,SHSRC0033,differential,二條共見下利、心下痞硬、腹中雷鳴而結論方不同（生薑瀉心湯 vs 甘草瀉心湯），構成鑒別。,,direct_clause_id,"{""shared"": [""下利"", ""心下痞硬"", ""腹中雷鳴""]}",0.72,pending,
REL_00673,SHL_SONGBEN_0157,clause,SHSRC0033,SHL_SONGBEN_0165,clause,SHSRC0033,differential,二條共見下利、汗出而結論方不同（生薑瀉心湯 vs 大柴胡湯），構成鑒別。,,direct_clause_id,"{""shared"": [""下利"", ""汗出""]}",0.72,pending,
REL_00674,SHL_SONGBEN_0208,clause,SHSRC0033,SHL_SONGBEN_0212,clause,SHSRC0033,differential,二條共見不惡寒、發熱而結論方不同（大承氣湯 vs 大承氣湯），構成鑒別。,,direct_clause_id,"{""shared"": [""不惡寒"", ""發熱""]}",0.72,pending,
REL_00675,SHL_SONGBEN_0208,clause,SHSRC0033,SHL_SONGBEN_0221,clause,SHSRC0033,differential,二條共見不惡寒、喘、汗出而結論方不同（大承氣湯 vs 梔子豉湯），構成鑒別。,,direct_clause_id,"{""shared"": [""不惡寒"", ""喘"", ""汗出"", ""發熱"", ""腹滿""]}",0.72,pending,
REL_00676,SHL_SONGBEN_0208,clause,SHSRC0033,SHL_SONGBEN_0224,clause,SHSRC0033,differential,二條共見汗出、汗多而結論方不同（大承氣湯 vs 豬苓湯），構成鑒別。,,direct_clause_id,"{""shared"": [""汗出"", ""汗多""]}",0.72,pending,
REL_00677,SHL_SONGBEN_0208,clause,SHSRC0033,SHL_SONGBEN_0231,clause,SHSRC0033,differential,二條共見潮熱、短氣而結論方不同（大承氣湯 vs 小柴胡湯），構成鑒別。,,direct_clause_id,"{""shared"": [""潮熱"", ""短氣""]}",0.72,pending,
REL_00678,SHL_SONGBEN_0208,clause,SHSRC0033,SHL_SONGBEN_0236,clause,SHSRC0033,differential,二條共見汗出、發熱而結論方不同（大承氣湯 vs 茵陳蒿湯），構成鑒別。,,direct_clause_id,"{""shared"": [""汗出"", ""發熱""]}",0.72,pending,
REL_00679,SHL_SONGBEN_0208,clause,SHSRC0033,SHL_SONGBEN_0240,clause,SHSRC0033,differential,二條共見汗出、發熱而結論方不同（大承氣湯 vs 大承氣湯），構成鑒別。,,direct_clause_id,"{""shared"": [""汗出"", ""發熱""]}",0.72,pending,
REL_00680,SHL_SONGBEN_0208,clause,SHSRC0033,SHL_SONGBEN_0244,clause,SHSRC0033,differential,二條共見不惡寒、惡寒、汗出而結論方不同（大承氣湯 vs 五苓散），構成鑒別。,,direct_clause_id,"{""shared"": [""不惡寒"", ""惡寒"", ""汗出"", ""發熱""]}",0.72,pending,
REL_00681,SHL_SONGBEN_0208,clause,SHSRC0033,SHL_SONGBEN_0253,clause,SHSRC0033,differential,二條共見汗多、發熱而結論方不同（大承氣湯 vs 大承氣湯），構成鑒別。,,direct_clause_id,"{""shared"": [""汗多"", ""發熱""]}",0.72,pending,
REL_00682,SHL_SONGBEN_0209,clause,SHSRC0033,SHL_SONGBEN_0212,clause,SHSRC0033,differential,二條共見不大便、發熱而結論方不同（大承氣湯 vs 大承氣湯），構成鑒別。,,direct_clause_id,"{""shared"": [""不大便"", ""發熱""]}",0.72,pending,
REL_00683,SHL_SONGBEN_0209,clause,SHSRC0033,SHL_SONGBEN_0214,clause,SHSRC0033,differential,二條共見不大便、潮熱而結論方不同（大承氣湯 vs 小承氣湯），構成鑒別。,,direct_clause_id,"{""shared"": [""不大便"", ""潮熱""]}",0.72,pending,
REL_00684,SHL_SONGBEN_0209,clause,SHSRC0033,SHL_SONGBEN_0215,clause,SHSRC0033,differential,二條共見潮熱、燥屎而結論方不同（大承氣湯 vs 大承氣湯），構成鑒別。,,direct_clause_id,"{""shared"": [""潮熱"", ""燥屎""]}",0.72,pending,
REL_00685,SHL_SONGBEN_0209,clause,SHSRC0033,SHL_SONGBEN_0231,clause,SHSRC0033,differential,二條共見噦、潮熱而結論方不同（大承氣湯 vs 小柴胡湯），構成鑒別。,,direct_clause_id,"{""shared"": [""噦"", ""潮熱""]}",0.72,pending,
REL_00686,SHL_SONGBEN_0209,clause,SHSRC0033,SHL_SONGBEN_0241,clause,SHSRC0033,differential,二條共見不大便、燥屎而結論方不同（大承氣湯 vs 大承氣湯），構成鑒別。,,direct_clause_id,"{""shared"": [""不大便"", ""燥屎""]}",0.72,pending,
REL_00687,SHL_SONGBEN_0209,clause,SHSRC0033,SHL_SONGBEN_0257,clause,SHSRC0033,differential,二條共見不大便、發熱而結論方不同（大承氣湯 vs 抵當湯），構成鑒別。,,direct_clause_id,"{""shared"": [""不大便"", ""發熱""]}",0.72,pending,
REL_00688,SHL_SONGBEN_0212,clause,SHSRC0033,SHL_SONGBEN_0214,clause,SHSRC0033,differential,二條共見不大便、譫語而結論方不同（大承氣湯 vs 小承氣湯），構成鑒別。,,direct_clause_id,"{""shared"": [""不大便"", ""譫語""]}",0.72,pending,
REL_00689,SHL_SONGBEN_0212,clause,SHSRC0033,SHL_SONGBEN_0221,clause,SHSRC0033,differential,二條共見不惡寒、發熱而結論方不同（大承氣湯 vs 梔子豉湯），構成鑒別。,,direct_clause_id,"{""shared"": [""不惡寒"", ""發熱""]}",0.72,pending,
REL_00690,SHL_SONGBEN_0212,clause,SHSRC0033,SHL_SONGBEN_0244,clause,SHSRC0033,differential,二條共見不惡寒、發熱而結論方不同（大承氣湯 vs 五苓散），構成鑒別。,,direct_clause_id,"{""shared"": [""不惡寒"", ""發熱""]}",0.72,pending,
REL_00691,SHL_SONGBEN_0212,clause,SHSRC0033,SHL_SONGBEN_0257,clause,SHSRC0033,differential,二條共見不大便、發熱而結論方不同（大承氣湯 vs 抵當湯），構成鑒別。,,direct_clause_id,"{""shared"": [""不大便"", ""發熱""]}",0.72,pending,
REL_00692,SHL_SONGBEN_0214,clause,SHSRC0033,SHL_SONGBEN_0215,clause,SHSRC0033,differential,二條共見潮熱、譫語而結論方不同（小承氣湯 vs 大承氣湯），構成鑒別。,,direct_clause_id,"{""shared"": [""潮熱"", ""譫語""]}",0.72,pending,
REL_00693,SHL_SONGBEN_0214,clause,SHSRC0033,SHL_SONGBEN_0220,clause,SHSRC0033,differential,二條共見潮熱、譫語而結論方不同（小承氣湯 vs 大承氣湯），構成鑒別。,,direct_clause_id,"{""shared"": [""潮熱"", ""譫語""]}",0.72,pending,
REL_00694,SHL_SONGBEN_0219,clause,SHSRC0033,SHL_SONGBEN_0221,clause,SHSRC0033,differential,二條共見腹滿、身重而結論方不同（白虎湯 vs 梔子豉湯），構成鑒別。,,direct_clause_id,"{""shared"": [""腹滿"", ""身重""]}",0.72,pending,
REL_00695,SHL_SONGBEN_0221,clause,SHSRC0033,SHL_SONGBEN_0236,clause,SHSRC0033,differential,二條共見汗出、發熱而結論方不同（梔子豉湯 vs 茵陳蒿湯），構成鑒別。,,direct_clause_id,"{""shared"": [""汗出"", ""發熱""]}",0.72,pending,
REL_00696,SHL_SONGBEN_0221,clause,SHSRC0033,SHL_SONGBEN_0240,clause,SHSRC0033,differential,二條共見汗出、發熱而結論方不同（梔子豉湯 vs 大承氣湯），構成鑒別。,,direct_clause_id,"{""shared"": [""汗出"", ""發熱""]}",0.72,pending,
REL_00697,SHL_SONGBEN_0221,clause,SHSRC0033,SHL_SONGBEN_0244,clause,SHSRC0033,differential,二條共見不惡寒、汗出、發熱而結論方不同（梔子豉湯 vs 五苓散），構成鑒別。,,direct_clause_id,"{""shared"": [""不惡寒"", ""汗出"", ""發熱""]}",0.72,pending,
REL_00698,SHL_SONGBEN_0223,clause,SHSRC0033,SHL_SONGBEN_0236,clause,SHSRC0033,differential,二條共見小便不利、發熱而結論方不同（豬苓湯 vs 茵陳蒿湯），構成鑒別。,,direct_clause_id,"{""shared"": [""小便不利"", ""發熱""]}",0.72,pending,
REL_00699,SHL_SONGBEN_0223,clause,SHSRC0033,SHL_SONGBEN_0244,clause,SHSRC0033,differential,二條共見渴欲飲水、發熱而結論方不同（豬苓湯 vs 五苓散），構成鑒別。,,direct_clause_id,"{""shared"": [""渴欲飲水"", ""發熱""]}",0.72,pending,
REL_00700,SHL_SONGBEN_0224,clause,SHSRC0033,SHL_SONGBEN_0236,clause,SHSRC0033,differential,二條共見汗出、渴而結論方不同（豬苓湯 vs 茵陳蒿湯），構成鑒別。,,direct_clause_id,"{""shared"": [""汗出"", ""渴""]}",0.72,pending,
REL_00701,SHL_SONGBEN_0224,clause,SHSRC0033,SHL_SONGBEN_0244,clause,SHSRC0033,differential,二條共見汗出、渴而結論方不同（豬苓湯 vs 五苓散），構成鑒別。,,direct_clause_id,"{""shared"": [""汗出"", ""渴""]}",0.72,pending,
REL_00702,SHL_SONGBEN_0236,clause,SHSRC0033,SHL_SONGBEN_0240,clause,SHSRC0033,differential,二條共見汗出、發熱而結論方不同（茵陳蒿湯 vs 大承氣湯），構成鑒別。,,direct_clause_id,"{""shared"": [""汗出"", ""發熱""]}",0.72,pending,
REL_00703,SHL_SONGBEN_0236,clause,SHSRC0033,SHL_SONGBEN_0244,clause,SHSRC0033,differential,二條共見汗出、渴、發熱而結論方不同（茵陳蒿湯 vs 五苓散），構成鑒別。,,direct_clause_id,"{""shared"": [""汗出"", ""渴"", ""發熱""]}",0.72,pending,
REL_00704,SHL_SONGBEN_0240,clause,SHSRC0033,SHL_SONGBEN_0244,clause,SHSRC0033,differential,二條共見汗出、發熱而結論方不同（大承氣湯 vs 五苓散），構成鑒別。,,direct_clause_id,"{""shared"": [""汗出"", ""發熱""]}",0.72,pending,
REL_00705,SHL_SONGBEN_0307,clause,SHSRC0033,SHL_SONGBEN_0316,clause,SHSRC0033,differential,二條共見小便不利、腹痛而結論方不同（桃花湯 vs 真武湯方（附加減法）），構成鑒別。,,direct_clause_id,"{""shared"": [""小便不利"", ""腹痛""]}",0.72,pending,
REL_00706,SHL_SONGBEN_0310,clause,SHSRC0033,SHL_SONGBEN_0319,clause,SHSRC0033,differential,二條共見下利、心煩而結論方不同（豬膚湯 vs 豬苓湯），構成鑒別。,,direct_clause_id,"{""shared"": [""下利"", ""心煩""]}",0.72,pending,
REL_00707,SHL_SONGBEN_0316,clause,SHSRC0033,SHL_SONGBEN_0318,clause,SHSRC0033,differential,二條共見咳、小便不利而結論方不同（真武湯方（附加減法） vs 四逆散），構成鑒別。,,direct_clause_id,"{""shared"": [""咳"", ""小便不利""]}",0.72,pending,
REL_00708,SHL_SONGBEN_0316,clause,SHSRC0033,SHL_SONGBEN_0319,clause,SHSRC0033,differential,二條共見下利、咳、嘔而結論方不同（真武湯方（附加減法） vs 豬苓湯），構成鑒別。,,direct_clause_id,"{""shared"": [""下利"", ""咳"", ""嘔""]}",0.72,pending,
REL_00709,SHL_SONGBEN_0338,clause,SHSRC0033,SHL_SONGBEN_0377,clause,SHSRC0033,differential,二條共見厥、嘔而結論方不同（烏梅丸 vs 四逆湯），構成鑒別。,,direct_clause_id,"{""shared"": [""厥"", ""嘔""]}",0.72,pending,
REL_00710,SHL_SONGBEN_0048,clause,SHSRC0033,SHL_SONGBEN_0180,clause,SHSRC0033,transmission,本條言傳變：太陽病→陽明病。,,direct_clause_id,"{""target_channel"": ""陽明病""}",0.8,pending,
REL_00711,SHL_SONGBEN_0097,clause,SHSRC0033,SHL_SONGBEN_0180,clause,SHSRC0033,transmission,本條言傳變：太陽病→陽明病。,,direct_clause_id,"{""target_channel"": ""陽明病""}",0.8,pending,
REL_00712,SHL_SONGBEN_0384,clause,SHSRC0033,SHL_SONGBEN_0180,clause,SHSRC0033,transmission,本條言傳變：霍亂病→陽明病。,,direct_clause_id,"{""target_channel"": ""陽明病""}",0.8,pending,
REL_00713,SHL_SONGBEN_0001,clause,SHSRC0033,VR_GUIBEN_0001,variant,SHSRC0050,variant,傷寒雜病論_桂本存在對應異文（相似度1.00）。,傷寒雜病論_桂本:辨太陽病脈證並治上,citation_to_node_unique,"{""book"": ""傷寒雜病論_桂本""}",1.0,pending,
REL_00714,SHL_SONGBEN_0002,clause,SHSRC0033,VR_GUIBEN_0002,variant,SHSRC0050,variant,傷寒雜病論_桂本存在對應異文（相似度1.00）。,傷寒雜病論_桂本:辨太陽病脈證並治上,citation_to_node_unique,"{""book"": ""傷寒雜病論_桂本""}",1.0,pending,
REL_00715,SHL_SONGBEN_0003,clause,SHSRC0033,VR_GUIBEN_0003,variant,SHSRC0050,variant,傷寒雜病論_桂本存在對應異文（相似度0.92）。,傷寒雜病論_桂本:辨太陽病脈證並治上,citation_to_node_unique,"{""book"": ""傷寒雜病論_桂本""}",0.923,pending,
REL_00716,SHL_SONGBEN_0004,clause,SHSRC0033,VR_GUIBEN_0004,variant,SHSRC0050,variant,傷寒雜病論_桂本存在對應異文（相似度0.96）。,傷寒雜病論_桂本:辨太陽病脈證並治上,citation_to_node_unique,"{""book"": ""傷寒雜病論_桂本""}",0.963,pending,
REL_00717,SHL_SONGBEN_0005,clause,SHSRC0033,VR_GUIBEN_0005,variant,SHSRC0050,variant,傷寒雜病論_桂本存在對應異文（相似度0.91）。,傷寒雜病論_桂本:辨太陽病脈證並治上,citation_to_node_unique,"{""book"": ""傷寒雜病論_桂本""}",0.909,pending,
REL_00718,SHL_SONGBEN_0006,clause,SHSRC0033,VR_GUIBEN_0006,variant,SHSRC0050,variant,傷寒雜病論_桂本存在對應異文（相似度0.98）。,傷寒雜病論_桂本:辨太陽病脈證並治上,citation_to_node_unique,"{""book"": ""傷寒雜病論_桂本""}",0.983,pending,
REL_00719,SHL_SONGBEN_0007,clause,SHSRC0033,VR_GUIBEN_0007,variant,SHSRC0050,variant,傷寒雜病論_桂本存在對應異文（相似度1.00）。,傷寒雜病論_桂本:辨太陽病脈證並治上,citation_to_node_unique,"{""book"": ""傷寒雜病論_桂本""}",1.0,pending,
REL_00720,SHL_SONGBEN_0008,clause,SHSRC0033,VR_GUIBEN_0008,variant,SHSRC0050,variant,傷寒雜病論_桂本存在對應異文（相似度1.00）。,傷寒雜病論_桂本:辨太陽病脈證並治上,citation_to_node_unique,"{""book"": ""傷寒雜病論_桂本""}",1.0,pending,
REL_00721,SHL_SONGBEN_0009,clause,SHSRC0033,VR_GUIBEN_0009,variant,SHSRC0050,variant,傷寒雜病論_桂本存在對應異文（相似度1.00）。,傷寒雜病論_桂本:辨太陽病脈證並治上,citation_to_node_unique,"{""book"": ""傷寒雜病論_桂本""}",1.0,pending,
REL_00722,SHL_SONGBEN_0010,clause,SHSRC0033,VR_GUIBEN_0010,variant,SHSRC0050,variant,傷寒雜病論_桂本存在對應異文（相似度1.00）。,傷寒雜病論_桂本:辨太陽病脈證並治上,citation_to_node_unique,"{""book"": ""傷寒雜病論_桂本""}",1.0,pending,
REL_00723,SHL_SONGBEN_0011,clause,SHSRC0033,VR_GUIBEN_0011,variant,SHSRC0050,variant,傷寒雜病論_桂本存在對應異文（相似度0.80）。,傷寒雜病論_桂本:辨太陽病脈證並治上,citation_to_node_unique,"{""book"": ""傷寒雜病論_桂本""}",0.8,pending,
REL_00724,SHL_SONGBEN_0012,clause,SHSRC0033,VR_GUIBEN_0012,variant,SHSRC0050,variant,傷寒雜病論_桂本存在對應異文（相似度0.80）。,傷寒雜病論_桂本:辨太陽病脈證並治上,citation_to_node_unique,"{""book"": ""傷寒雜病論_桂本""}",0.8,pending,
REL_00725,SHL_SONGBEN_0013,clause,SHSRC0033,VR_GUIBEN_0013,variant,SHSRC0050,variant,傷寒雜病論_桂本存在對應異文（相似度0.91）。,傷寒雜病論_桂本:辨太陽病脈證並治上,citation_to_node_unique,"{""book"": ""傷寒雜病論_桂本""}",0.909,pending,
REL_00726,SHL_SONGBEN_0014,clause,SHSRC0033,VR_GUIBEN_0014,variant,SHSRC0050,variant,傷寒雜病論_桂本存在對應異文（相似度0.81）。,傷寒雜病論_桂本:辨太陽病脈證並治上,citation_to_node_unique,"{""book"": ""傷寒雜病論_桂本""}",0.81,pending,
REL_00727,SHL_SONGBEN_0015,clause,SHSRC0033,VR_GUIBEN_0015,variant,SHSRC0050,variant,傷寒雜病論_桂本存在對應異文（相似度0.94）。,傷寒雜病論_桂本:辨太陽病脈證並治上,citation_to_node_unique,"{""book"": ""傷寒雜病論_桂本""}",0.941,pending,
REL_00728,SHL_SONGBEN_0016,clause,SHSRC0033,VR_GUIBEN_0016,variant,SHSRC0050,variant,傷寒雜病論_桂本存在對應異文（相似度0.69）。,傷寒雜病論_桂本:辨太陽病脈證並治上,citation_to_node_unique,"{""book"": ""傷寒雜病論_桂本""}",0.691,pending,
REL_00729,SHL_SONGBEN_0018,clause,SHSRC0033,VR_GUIBEN_0017,variant,SHSRC0050,variant,傷寒雜病論_桂本存在對應異文（相似度0.83）。,傷寒雜病論_桂本:辨太陽病脈證並治上,citation_to_node_unique,"{""book"": ""傷寒雜病論_桂本""}",0.833,pending,
REL_00730,SHL_SONGBEN_0019,clause,SHSRC0033,VR_GUIBEN_0018,variant,SHSRC0050,variant,傷寒雜病論_桂本存在對應異文（相似度1.00）。,傷寒雜病論_桂本:辨太陽病脈證並治上,citation_to_node_unique,"{""book"": ""傷寒雜病論_桂本""}",1.0,pending,
REL_00731,SHL_SONGBEN_0020,clause,SHSRC0033,VR_GUIBEN_0019,variant,SHSRC0050,variant,傷寒雜病論_桂本存在對應異文（相似度1.00）。,傷寒雜病論_桂本:辨太陽病脈證並治上,citation_to_node_unique,"{""book"": ""傷寒雜病論_桂本""}",1.0,pending,
REL_00732,SHL_SONGBEN_0021,clause,SHSRC0033,VR_GUIBEN_0020,variant,SHSRC0050,variant,傷寒雜病論_桂本存在對應異文（相似度1.00）。,傷寒雜病論_桂本:辨太陽病脈證並治上,citation_to_node_unique,"{""book"": ""傷寒雜病論_桂本""}",1.0,pending,
REL_00733,SHL_SONGBEN_0022,clause,SHSRC0033,VR_GUIBEN_0021,variant,SHSRC0050,variant,傷寒雜病論_桂本存在對應異文（相似度0.69）。,傷寒雜病論_桂本:辨太陽病脈證並治上,citation_to_node_unique,"{""book"": ""傷寒雜病論_桂本""}",0.686,pending,
REL_00734,SHL_SONGBEN_0023,clause,SHSRC0033,VR_GUIBEN_0022,variant,SHSRC0050,variant,傷寒雜病論_桂本存在對應異文（相似度0.98）。,傷寒雜病論_桂本:辨太陽病脈證並治上,citation_to_node_unique,"{""book"": ""傷寒雜病論_桂本""}",0.978,pending,
REL_00735,SHL_SONGBEN_0024,clause,SHSRC0033,VR_GUIBEN_0023,variant,SHSRC0050,variant,傷寒雜病論_桂本存在對應異文（相似度0.86）。,傷寒雜病論_桂本:辨太陽病脈證並治上,citation_to_node_unique,"{""book"": ""傷寒雜病論_桂本""}",0.864,pending,
REL_00736,SHL_SONGBEN_0025,clause,SHSRC0033,VR_GUIBEN_0024,variant,SHSRC0050,variant,傷寒雜病論_桂本存在對應異文（相似度0.71）。,傷寒雜病論_桂本:辨太陽病脈證並治上,citation_to_node_unique,"{""book"": ""傷寒雜病論_桂本""}",0.706,pending,
REL_00737,SHL_SONGBEN_0026,clause,SHSRC0033,VR_GUIBEN_0025,variant,SHSRC0050,variant,傷寒雜病論_桂本存在對應異文（相似度0.78）。,傷寒雜病論_桂本:辨太陽病脈證並治上,citation_to_node_unique,"{""book"": ""傷寒雜病論_桂本""}",0.776,pending,
REL_00738,SHL_SONGBEN_0027,clause,SHSRC0033,VR_GUIBEN_0026,variant,SHSRC0050,variant,傷寒雜病論_桂本存在對應異文（相似度0.86）。,傷寒雜病論_桂本:辨太陽病脈證並治上,citation_to_node_unique,"{""book"": ""傷寒雜病論_桂本""}",0.862,pending,
REL_00739,SHL_SONGBEN_0028,clause,SHSRC0033,VR_GUIBEN_0027,variant,SHSRC0050,variant,傷寒雜病論_桂本存在對應異文（相似度0.96）。,傷寒雜病論_桂本:辨太陽病脈證並治上,citation_to_node_unique,"{""book"": ""傷寒雜病論_桂本""}",0.962,pending,
REL_00740,SHL_SONGBEN_0029,clause,SHSRC0033,VR_GUIBEN_0028,variant,SHSRC0050,variant,傷寒雜病論_桂本存在對應異文（相似度0.96）。,傷寒雜病論_桂本:辨太陽病脈證並治上,citation_to_node_unique,"{""book"": ""傷寒雜病論_桂本""}",0.964,pending,
REL_00741,SHL_SONGBEN_0031,clause,SHSRC0033,VR_GUIBEN_0029,variant,SHSRC0050,variant,傷寒雜病論_桂本存在對應異文（相似度0.73）。,傷寒雜病論_桂本:辨太陽病脈證並治中,citation_to_node_unique,"{""book"": ""傷寒雜病論_桂本""}",0.727,pending,
REL_00742,SHL_SONGBEN_0032,clause,SHSRC0033,VR_GUIBEN_0030,variant,SHSRC0050,variant,傷寒雜病論_桂本存在對應異文（相似度0.74）。,傷寒雜病論_桂本:辨太陽病脈證並治中,citation_to_node_unique,"{""book"": ""傷寒雜病論_桂本""}",0.744,pending,
REL_00743,SHL_SONGBEN_0033,clause,SHSRC0033,VR_GUIBEN_0031,variant,SHSRC0050,variant,傷寒雜病論_桂本存在對應異文（相似度0.81）。,傷寒雜病論_桂本:辨太陽病脈證並治中,citation_to_node_unique,"{""book"": ""傷寒雜病論_桂本""}",0.809,pending,
REL_00744,SHL_SONGBEN_0034,clause,SHSRC0033,VR_GUIBEN_0032,variant,SHSRC0050,variant,傷寒雜病論_桂本存在對應異文（相似度0.86）。,傷寒雜病論_桂本:辨太陽病脈證並治中,citation_to_node_unique,"{""book"": ""傷寒雜病論_桂本""}",0.857,pending,
REL_00745,SHL_SONGBEN_0035,clause,SHSRC0033,VR_GUIBEN_0033,variant,SHSRC0050,variant,傷寒雜病論_桂本存在對應異文（相似度0.89）。,傷寒雜病論_桂本:辨太陽病脈證並治中,citation_to_node_unique,"{""book"": ""傷寒雜病論_桂本""}",0.894,pending,
REL_00746,SHL_SONGBEN_0036,clause,SHSRC0033,VR_GUIBEN_0034,variant,SHSRC0050,variant,傷寒雜病論_桂本存在對應異文（相似度0.85）。,傷寒雜病論_桂本:辨太陽病脈證並治中,citation_to_node_unique,"{""book"": ""傷寒雜病論_桂本""}",0.85,pending,
REL_00747,SHL_SONGBEN_0037,clause,SHSRC0033,VR_GUIBEN_0035,variant,SHSRC0050,variant,傷寒雜病論_桂本存在對應異文（相似度0.93）。,傷寒雜病論_桂本:辨太陽病脈證並治中,citation_to_node_unique,"{""book"": ""傷寒雜病論_桂本""}",0.932,pending,
REL_00748,SHL_SONGBEN_0039,clause,SHSRC0033,VR_GUIBEN_0036,variant,SHSRC0050,variant,傷寒雜病論_桂本存在對應異文（相似度0.73）。,傷寒雜病論_桂本:辨太陽病脈證並治中,citation_to_node_unique,"{""book"": ""傷寒雜病論_桂本""}",0.731,pending,
REL_00749,SHL_SONGBEN_0040,clause,SHSRC0033,VR_GUIBEN_0037,variant,SHSRC0050,variant,傷寒雜病論_桂本存在對應異文（相似度0.95）。,傷寒雜病論_桂本:辨太陽病脈證並治中,citation_to_node_unique,"{""book"": ""傷寒雜病論_桂本""}",0.947,pending,
REL_00750,SHL_SONGBEN_0041,clause,SHSRC0033,VR_GUIBEN_0038,variant,SHSRC0050,variant,傷寒雜病論_桂本存在對應異文（相似度0.89）。,傷寒雜病論_桂本:辨太陽病脈證並治中,citation_to_node_unique,"{""book"": ""傷寒雜病論_桂本""}",0.892,pending,
REL_00751,SHL_SONGBEN_0042,clause,SHSRC0033,VR_GUIBEN_0039,variant,SHSRC0050,variant,傷寒雜病論_桂本存在對應異文（相似度0.92）。,傷寒雜病論_桂本:辨太陽病脈證並治中,citation_to_node_unique,"{""book"": ""傷寒雜病論_桂本""}",0.923,pending,
REL_00752,SHL_SONGBEN_0043,clause,SHSRC0033,VR_GUIBEN_0040,variant,SHSRC0050,variant,傷寒雜病論_桂本存在對應異文（相似度1.00）。,傷寒雜病論_桂本:辨太陽病脈證並治中,citation_to_node_unique,"{""book"": ""傷寒雜病論_桂本""}",1.0,pending,
REL_00753,SHL_SONGBEN_0044,clause,SHSRC0033,VR_GUIBEN_0041,variant,SHSRC0050,variant,傷寒雜病論_桂本存在對應異文（相似度0.92）。,傷寒雜病論_桂本:辨太陽病脈證並治中,citation_to_node_unique,"{""book"": ""傷寒雜病論_桂本""}",0.917,pending,
REL_00754,SHL_SONGBEN_0045,clause,SHSRC0033,VR_GUIBEN_0042,variant,SHSRC0050,variant,傷寒雜病論_桂本存在對應異文（相似度0.92）。,傷寒雜病論_桂本:辨太陽病脈證並治中,citation_to_node_unique,"{""book"": ""傷寒雜病論_桂本""}",0.918,pending,
REL_00755,SHL_SONGBEN_0046,clause,SHSRC0033,VR_GUIBEN_0043,variant,SHSRC0050,variant,傷寒雜病論_桂本存在對應異文（相似度0.93）。,傷寒雜病論_桂本:辨太陽病脈證並治中,citation_to_node_unique,"{""book"": ""傷寒雜病論_桂本""}",0.932,pending,
REL_00756,SHL_SONGBEN_0047,clause,SHSRC0033,VR_GUIBEN_0044,variant,SHSRC0050,variant,傷寒雜病論_桂本存在對應異文（相似度0.81）。,傷寒雜病論_桂本:辨太陽病脈證並治中,citation_to_node_unique,"{""book"": ""傷寒雜病論_桂本""}",0.815,pending,
REL_00757,SHL_SONGBEN_0048,clause,SHSRC0033,VR_GUIBEN_0045,variant,SHSRC0050,variant,傷寒雜病論_桂本存在對應異文（相似度0.88）。,傷寒雜病論_桂本:辨太陽病脈證並治中,citation_to_node_unique,"{""book"": ""傷寒雜病論_桂本""}",0.881,pending,
REL_00758,SHL_SONGBEN_0049,clause,SHSRC0033,VR_GUIBEN_0046,variant,SHSRC0050,variant,傷寒雜病論_桂本存在對應異文（相似度0.71）。,傷寒雜病論_桂本:辨太陽病脈證並治中,citation_to_node_unique,"{""book"": ""傷寒雜病論_桂本""}",0.71,pending,
REL_00759,SHL_SONGBEN_0050,clause,SHSRC0033,VR_GUIBEN_0047,variant,SHSRC0050,variant,傷寒雜病論_桂本存在對應異文（相似度0.73）。,傷寒雜病論_桂本:辨太陽病脈證並治中,citation_to_node_unique,"{""book"": ""傷寒雜病論_桂本""}",0.732,pending,
REL_00760,SHL_SONGBEN_0051,clause,SHSRC0033,VR_GUIBEN_0048,variant,SHSRC0050,variant,傷寒雜病論_桂本存在對應異文（相似度0.89）。,傷寒雜病論_桂本:辨太陽病脈證並治中,citation_to_node_unique,"{""book"": ""傷寒雜病論_桂本""}",0.889,pending,
REL_00761,SHL_SONGBEN_0052,clause,SHSRC0033,VR_GUIBEN_0049,variant,SHSRC0050,variant,傷寒雜病論_桂本存在對應異文（相似度0.72）。,傷寒雜病論_桂本:辨太陽病脈證並治中,citation_to_node_unique,"{""book"": ""傷寒雜病論_桂本""}",0.72,pending,
REL_00762,SHL_SONGBEN_0053,clause,SHSRC0033,VR_GUIBEN_0050,variant,SHSRC0050,variant,傷寒雜病論_桂本存在對應異文（相似度0.66）。,傷寒雜病論_桂本:辨太陽病脈證並治中,citation_to_node_unique,"{""book"": ""傷寒雜病論_桂本""}",0.66,pending,
REL_00763,SHL_SONGBEN_0054,clause,SHSRC0033,VR_GUIBEN_0051,variant,SHSRC0050,variant,傷寒雜病論_桂本存在對應異文（相似度0.88）。,傷寒雜病論_桂本:辨太陽病脈證並治中,citation_to_node_unique,"{""book"": ""傷寒雜病論_桂本""}",0.879,pending,
REL_00764,SHL_SONGBEN_0055,clause,SHSRC0033,VR_GUIBEN_0052,variant,SHSRC0050,variant,傷寒雜病論_桂本存在對應異文（相似度0.76）。,傷寒雜病論_桂本:辨太陽病脈證並治中,citation_to_node_unique,"{""book"": ""傷寒雜病論_桂本""}",0.765,pending,
REL_00765,SHL_SONGBEN_0056,clause,SHSRC0033,VR_GUIBEN_0053,variant,SHSRC0050,variant,傷寒雜病論_桂本存在對應異文（相似度0.87）。,傷寒雜病論_桂本:辨太陽病脈證並治中,citation_to_node_unique,"{""book"": ""傷寒雜病論_桂本""}",0.867,pending,
REL_00766,SHL_SONGBEN_0057,clause,SHSRC0033,VR_GUIBEN_0054,variant,SHSRC0050,variant,傷寒雜病論_桂本存在對應異文（相似度0.80）。,傷寒雜病論_桂本:辨太陽病脈證並治中,citation_to_node_unique,"{""book"": ""傷寒雜病論_桂本""}",0.8,pending,
REL_00767,SHL_SONGBEN_0058,clause,SHSRC0033,VR_GUIBEN_0055,variant,SHSRC0050,variant,傷寒雜病論_桂本存在對應異文（相似度1.00）。,傷寒雜病論_桂本:辨太陽病脈證並治中,citation_to_node_unique,"{""book"": ""傷寒雜病論_桂本""}",1.0,pending,
REL_00768,SHL_SONGBEN_0059,clause,SHSRC0033,VR_GUIBEN_0056,variant,SHSRC0050,variant,傷寒雜病論_桂本存在對應異文（相似度0.64）。,傷寒雜病論_桂本:辨太陽病脈證並治中,citation_to_node_unique,"{""book"": ""傷寒雜病論_桂本""}",0.64,pending,
REL_00769,SHL_SONGBEN_0060,clause,SHSRC0033,VR_GUIBEN_0057,variant,SHSRC0050,variant,傷寒雜病論_桂本存在對應異文（相似度0.83）。,傷寒雜病論_桂本:辨太陽病脈證並治中,citation_to_node_unique,"{""book"": ""傷寒雜病論_桂本""}",0.826,pending,
REL_00770,SHL_SONGBEN_0061,clause,SHSRC0033,VR_GUIBEN_0058,variant,SHSRC0050,variant,傷寒雜病論_桂本存在對應異文（相似度0.96）。,傷寒雜病論_桂本:辨太陽病脈證並治中,citation_to_node_unique,"{""book"": ""傷寒雜病論_桂本""}",0.961,pending,
REL_00771,SHL_SONGBEN_0062,clause,SHSRC0033,VR_GUIBEN_0059,variant,SHSRC0050,variant,傷寒雜病論_桂本存在對應異文（相似度0.64）。,傷寒雜病論_桂本:辨太陽病脈證並治中,citation_to_node_unique,"{""book"": ""傷寒雜病論_桂本""}",0.64,pending,
REL_00772,SHL_SONGBEN_0063,clause,SHSRC0033,VR_GUIBEN_0060,variant,SHSRC0050,variant,傷寒雜病論_桂本存在對應異文（相似度0.93）。,傷寒雜病論_桂本:辨太陽病脈證並治中,citation_to_node_unique,"{""book"": ""傷寒雜病論_桂本""}",0.931,pending,
REL_00773,SHL_SONGBEN_0064,clause,SHSRC0033,VR_GUIBEN_0061,variant,SHSRC0050,variant,傷寒雜病論_桂本存在對應異文（相似度1.00）。,傷寒雜病論_桂本:辨太陽病脈證並治中,citation_to_node_unique,"{""book"": ""傷寒雜病論_桂本""}",1.0,pending,
REL_00774,SHL_SONGBEN_0065,clause,SHSRC0033,VR_GUIBEN_0062,variant,SHSRC0050,variant,傷寒雜病論_桂本存在對應異文（相似度0.94）。,傷寒雜病論_桂本:辨太陽病脈證並治中,citation_to_node_unique,"{""book"": ""傷寒雜病論_桂本""}",0.936,pending,
REL_00775,SHL_SONGBEN_0066,clause,SHSRC0033,VR_GUIBEN_0063,variant,SHSRC0050,variant,傷寒雜病論_桂本存在對應異文（相似度1.00）。,傷寒雜病論_桂本:辨太陽病脈證並治中,citation_to_node_unique,"{""book"": ""傷寒雜病論_桂本""}",1.0,pending,
REL_00776,SHL_SONGBEN_0067,clause,SHSRC0033,VR_GUIBEN_0064,variant,SHSRC0050,variant,傷寒雜病論_桂本存在對應異文（相似度1.00）。,傷寒雜病論_桂本:辨太陽病脈證並治中,citation_to_node_unique,"{""book"": ""傷寒雜病論_桂本""}",1.0,pending,
REL_00777,SHL_SONGBEN_0068,clause,SHSRC0033,VR_GUIBEN_0065,variant,SHSRC0050,variant,傷寒雜病論_桂本存在對應異文（相似度1.00）。,傷寒雜病論_桂本:辨太陽病脈證並治中,citation_to_node_unique,"{""book"": ""傷寒雜病論_桂本""}",1.0,pending,
REL_00778,SHL_SONGBEN_0069,clause,SHSRC0033,VR_GUIBEN_0066,variant,SHSRC0050,variant,傷寒雜病論_桂本存在對應異文（相似度1.00）。,傷寒雜病論_桂本:辨太陽病脈證並治中,citation_to_node_unique,"{""book"": ""傷寒雜病論_桂本""}",1.0,pending,
REL_00779,SHL_SONGBEN_0070,clause,SHSRC0033,VR_GUIBEN_0067,variant,SHSRC0050,variant,傷寒雜病論_桂本存在對應異文（相似度0.93）。,傷寒雜病論_桂本:辨太陽病脈證並治中,citation_to_node_unique,"{""book"": ""傷寒雜病論_桂本""}",0.926,pending,
REL_00780,SHL_SONGBEN_0071,clause,SHSRC0033,VR_GUIBEN_0068,variant,SHSRC0050,variant,傷寒雜病論_桂本存在對應異文（相似度0.94）。,傷寒雜病論_桂本:辨太陽病脈證並治中,citation_to_node_unique,"{""book"": ""傷寒雜病論_桂本""}",0.938,pending,
REL_00781,SHL_SONGBEN_0072,clause,SHSRC0033,VR_GUIBEN_0069,variant,SHSRC0050,variant,傷寒雜病論_桂本存在對應異文（相似度0.69）。,傷寒雜病論_桂本:辨太陽病脈證並治中,citation_to_node_unique,"{""book"": ""傷寒雜病論_桂本""}",0.688,pending,
REL_00782,SHL_SONGBEN_0073,clause,SHSRC0033,VR_GUIBEN_0070,variant,SHSRC0050,variant,傷寒雜病論_桂本存在對應異文（相似度0.88）。,傷寒雜病論_桂本:辨太陽病脈證並治中,citation_to_node_unique,"{""book"": ""傷寒雜病論_桂本""}",0.884,pending,
REL_00783,SHL_SONGBEN_0074,clause,SHSRC0033,VR_GUIBEN_0071,variant,SHSRC0050,variant,傷寒雜病論_桂本存在對應異文（相似度0.96）。,傷寒雜病論_桂本:辨太陽病脈證並治中,citation_to_node_unique,"{""book"": ""傷寒雜病論_桂本""}",0.955,pending,
REL_00784,SHL_SONGBEN_0076,clause,SHSRC0033,VR_GUIBEN_0072,variant,SHSRC0050,variant,傷寒雜病論_桂本存在對應異文（相似度0.74）。,傷寒雜病論_桂本:辨太陽病脈證並治中,citation_to_node_unique,"{""book"": ""傷寒雜病論_桂本""}",0.74,pending,
REL_00785,SHL_SONGBEN_0077,clause,SHSRC0033,VR_GUIBEN_0073,variant,SHSRC0050,variant,傷寒雜病論_桂本存在對應異文（相似度1.00）。,傷寒雜病論_桂本:辨太陽病脈證並治中,citation_to_node_unique,"{""book"": ""傷寒雜病論_桂本""}",1.0,pending,
REL_00786,SHL_SONGBEN_0078,clause,SHSRC0033,VR_GUIBEN_0074,variant,SHSRC0050,variant,傷寒雜病論_桂本存在對應異文（相似度0.95）。,傷寒雜病論_桂本:辨太陽病脈證並治中,citation_to_node_unique,"{""book"": ""傷寒雜病論_桂本""}",0.947,pending,
REL_00787,SHL_SONGBEN_0079,clause,SHSRC0033,VR_GUIBEN_0075,variant,SHSRC0050,variant,傷寒雜病論_桂本存在對應異文（相似度0.90）。,傷寒雜病論_桂本:辨太陽病脈證並治中,citation_to_node_unique,"{""book"": ""傷寒雜病論_桂本""}",0.9,pending,
REL_00788,SHL_SONGBEN_0080,clause,SHSRC0033,VR_GUIBEN_0076,variant,SHSRC0050,variant,傷寒雜病論_桂本存在對應異文（相似度0.94）。,傷寒雜病論_桂本:辨太陽病脈證並治中,citation_to_node_unique,"{""book"": ""傷寒雜病論_桂本""}",0.936,pending,
REL_00789,SHL_SONGBEN_0081,clause,SHSRC0033,VR_GUIBEN_0077,variant,SHSRC0050,variant,傷寒雜病論_桂本存在對應異文（相似度0.69）。,傷寒雜病論_桂本:辨太陽病脈證並治中,citation_to_node_unique,"{""book"": ""傷寒雜病論_桂本""}",0.688,pending,
REL_00790,SHL_SONGBEN_0082,clause,SHSRC0033,VR_GUIBEN_0078,variant,SHSRC0050,variant,傷寒雜病論_桂本存在對應異文（相似度1.00）。,傷寒雜病論_桂本:辨太陽病脈證並治中,citation_to_node_unique,"{""book"": ""傷寒雜病論_桂本""}",1.0,pending,
REL_00791,SHL_SONGBEN_0083,clause,SHSRC0033,VR_GUIBEN_0079,variant,SHSRC0050,variant,傷寒雜病論_桂本存在對應異文（相似度1.00）。,傷寒雜病論_桂本:辨太陽病脈證並治中,citation_to_node_unique,"{""book"": ""傷寒雜病論_桂本""}",1.0,pending,
REL_00792,SHL_SONGBEN_0084,clause,SHSRC0033,VR_GUIBEN_0080,variant,SHSRC0050,variant,傷寒雜病論_桂本存在對應異文（相似度1.00）。,傷寒雜病論_桂本:辨太陽病脈證並治中,citation_to_node_unique,"{""book"": ""傷寒雜病論_桂本""}",1.0,pending,
REL_00793,SHL_SONGBEN_0085,clause,SHSRC0033,VR_GUIBEN_0081,variant,SHSRC0050,variant,傷寒雜病論_桂本存在對應異文（相似度1.00）。,傷寒雜病論_桂本:辨太陽病脈證並治中,citation_to_node_unique,"{""book"": ""傷寒雜病論_桂本""}",1.0,pending,
REL_00794,SHL_SONGBEN_0086,clause,SHSRC0033,VR_GUIBEN_0082,variant,SHSRC0050,variant,傷寒雜病論_桂本存在對應異文（相似度0.91）。,傷寒雜病論_桂本:辨太陽病脈證並治中,citation_to_node_unique,"{""book"": ""傷寒雜病論_桂本""}",0.909,pending,
REL_00795,SHL_SONGBEN_0087,clause,SHSRC0033,VR_GUIBEN_0083,variant,SHSRC0050,variant,傷寒雜病論_桂本存在對應異文（相似度1.00）。,傷寒雜病論_桂本:辨太陽病脈證並治中,citation_to_node_unique,"{""book"": ""傷寒雜病論_桂本""}",1.0,pending,
REL_00796,SHL_SONGBEN_0088,clause,SHSRC0033,VR_GUIBEN_0084,variant,SHSRC0050,variant,傷寒雜病論_桂本存在對應異文（相似度0.89）。,傷寒雜病論_桂本:辨太陽病脈證並治中,citation_to_node_unique,"{""book"": ""傷寒雜病論_桂本""}",0.895,pending,
REL_00797,SHL_SONGBEN_0089,clause,SHSRC0033,VR_GUIBEN_0085,variant,SHSRC0050,variant,傷寒雜病論_桂本存在對應異文（相似度0.92）。,傷寒雜病論_桂本:辨太陽病脈證並治中,citation_to_node_unique,"{""book"": ""傷寒雜病論_桂本""}",0.917,pending,
REL_00798,SHL_SONGBEN_0090,clause,SHSRC0033,VR_GUIBEN_0086,variant,SHSRC0050,variant,傷寒雜病論_桂本存在對應異文（相似度0.93）。,傷寒雜病論_桂本:辨太陽病脈證並治中,citation_to_node_unique,"{""book"": ""傷寒雜病論_桂本""}",0.926,pending,
REL_00799,SHL_SONGBEN_0091,clause,SHSRC0033,VR_GUIBEN_0087,variant,SHSRC0050,variant,傷寒雜病論_桂本存在對應異文（相似度0.95）。,傷寒雜病論_桂本:辨太陽病脈證並治中,citation_to_node_unique,"{""book"": ""傷寒雜病論_桂本""}",0.95,pending,
REL_00800,SHL_SONGBEN_0093,clause,SHSRC0033,VR_GUIBEN_0088,variant,SHSRC0050,variant,傷寒雜病論_桂本存在對應異文（相似度0.90）。,傷寒雜病論_桂本:辨太陽病脈證並治中,citation_to_node_unique,"{""book"": ""傷寒雜病論_桂本""}",0.899,pending,
REL_00801,SHL_SONGBEN_0094,clause,SHSRC0033,VR_GUIBEN_0089,variant,SHSRC0050,variant,傷寒雜病論_桂本存在對應異文（相似度0.85）。,傷寒雜病論_桂本:辨太陽病脈證並治中,citation_to_node_unique,"{""book"": ""傷寒雜病論_桂本""}",0.854,pending,
REL_00802,SHL_SONGBEN_0095,clause,SHSRC0033,VR_GUIBEN_0090,variant,SHSRC0050,variant,傷寒雜病論_桂本存在對應異文（相似度0.93）。,傷寒雜病論_桂本:辨太陽病脈證並治中,citation_to_node_unique,"{""book"": ""傷寒雜病論_桂本""}",0.926,pending,
REL_00803,SHL_SONGBEN_0096,clause,SHSRC0033,VR_GUIBEN_0091,variant,SHSRC0050,variant,傷寒雜病論_桂本存在對應異文（相似度0.91）。,傷寒雜病論_桂本:辨太陽病脈證並治中,citation_to_node_unique,"{""book"": ""傷寒雜病論_桂本""}",0.908,pending,
REL_00804,SHL_SONGBEN_0097,clause,SHSRC0033,VR_GUIBEN_0092,variant,SHSRC0050,variant,傷寒雜病論_桂本存在對應異文（相似度0.86）。,傷寒雜病論_桂本:辨太陽病脈證並治中,citation_to_node_unique,"{""book"": ""傷寒雜病論_桂本""}",0.863,pending,
REL_00805,SHL_SONGBEN_0098,clause,SHSRC0033,VR_GUIBEN_0093,variant,SHSRC0050,variant,傷寒雜病論_桂本存在對應異文（相似度0.90）。,傷寒雜病論_桂本:辨太陽病脈證並治中,citation_to_node_unique,"{""book"": ""傷寒雜病論_桂本""}",0.905,pending,
REL_00806,SHL_SONGBEN_0099,clause,SHSRC0033,VR_GUIBEN_0094,variant,SHSRC0050,variant,傷寒雜病論_桂本存在對應異文（相似度0.95）。,傷寒雜病論_桂本:辨太陽病脈證並治中,citation_to_node_unique,"{""book"": ""傷寒雜病論_桂本""}",0.945,pending,
REL_00807,SHL_SONGBEN_0100,clause,SHSRC0033,VR_GUIBEN_0095,variant,SHSRC0050,variant,傷寒雜病論_桂本存在對應異文（相似度0.91）。,傷寒雜病論_桂本:辨太陽病脈證並治中,citation_to_node_unique,"{""book"": ""傷寒雜病論_桂本""}",0.912,pending,
REL_00808,SHL_SONGBEN_0101,clause,SHSRC0033,VR_GUIBEN_0096,variant,SHSRC0050,variant,傷寒雜病論_桂本存在對應異文（相似度0.94）。,傷寒雜病論_桂本:辨太陽病脈證並治中,citation_to_node_unique,"{""book"": ""傷寒雜病論_桂本""}",0.936,pending,
REL_00809,SHL_SONGBEN_0102,clause,SHSRC0033,VR_GUIBEN_0097,variant,SHSRC0050,variant,傷寒雜病論_桂本存在對應異文（相似度0.91）。,傷寒雜病論_桂本:辨太陽病脈證並治中,citation_to_node_unique,"{""book"": ""傷寒雜病論_桂本""}",0.914,pending,
REL_00810,SHL_SONGBEN_0103,clause,SHSRC0033,VR_GUIBEN_0098,variant,SHSRC0050,variant,傷寒雜病論_桂本存在對應異文（相似度0.98）。,傷寒雜病論_桂本:辨太陽病脈證並治中,citation_to_node_unique,"{""book"": ""傷寒雜病論_桂本""}",0.979,pending,
REL_00811,SHL_SONGBEN_0104,clause,SHSRC0033,VR_GUIBEN_0099,variant,SHSRC0050,variant,傷寒雜病論_桂本存在對應異文（相似度0.93）。,傷寒雜病論_桂本:辨太陽病脈證並治中,citation_to_node_unique,"{""book"": ""傷寒雜病論_桂本""}",0.934,pending,
REL_00812,SHL_SONGBEN_0105,clause,SHSRC0033,VR_GUIBEN_0100,variant,SHSRC0050,variant,傷寒雜病論_桂本存在對應異文（相似度0.90）。,傷寒雜病論_桂本:辨太陽病脈證並治中,citation_to_node_unique,"{""book"": ""傷寒雜病論_桂本""}",0.904,pending,
REL_00813,SHL_SONGBEN_0106,clause,SHSRC0033,VR_GUIBEN_0101,variant,SHSRC0050,variant,傷寒雜病論_桂本存在對應異文（相似度0.94）。,傷寒雜病論_桂本:辨太陽病脈證並治中,citation_to_node_unique,"{""book"": ""傷寒雜病論_桂本""}",0.938,pending,
REL_00814,SHL_SONGBEN_0107,clause,SHSRC0033,VR_GUIBEN_0102,variant,SHSRC0050,variant,傷寒雜病論_桂本存在對應異文（相似度0.90）。,傷寒雜病論_桂本:辨太陽病脈證並治中,citation_to_node_unique,"{""book"": ""傷寒雜病論_桂本""}",0.899,pending,
REL_00815,SHL_SONGBEN_0108,clause,SHSRC0033,VR_GUIBEN_0103,variant,SHSRC0050,variant,傷寒雜病論_桂本存在對應異文（相似度0.78）。,傷寒雜病論_桂本:辨太陽病脈證並治中,citation_to_node_unique,"{""book"": ""傷寒雜病論_桂本""}",0.776,pending,
REL_00816,SHL_SONGBEN_0109,clause,SHSRC0033,VR_GUIBEN_0104,variant,SHSRC0050,variant,傷寒雜病論_桂本存在對應異文（相似度0.76）。,傷寒雜病論_桂本:辨太陽病脈證並治中,citation_to_node_unique,"{""book"": ""傷寒雜病論_桂本""}",0.756,pending,
REL_00817,SHL_SONGBEN_0110,clause,SHSRC0033,VR_GUIBEN_0105,variant,SHSRC0050,variant,傷寒雜病論_桂本存在對應異文（相似度0.88）。,傷寒雜病論_桂本:辨太陽病脈證並治中,citation_to_node_unique,"{""book"": ""傷寒雜病論_桂本""}",0.876,pending,
REL_00818,SHL_SONGBEN_0111,clause,SHSRC0033,VR_GUIBEN_0106,variant,SHSRC0050,variant,傷寒雜病論_桂本存在對應異文（相似度0.91）。,傷寒雜病論_桂本:辨太陽病脈證並治中,citation_to_node_unique,"{""book"": ""傷寒雜病論_桂本""}",0.911,pending,
REL_00819,SHL_SONGBEN_0112,clause,SHSRC0033,VR_GUIBEN_0107,variant,SHSRC0050,variant,傷寒雜病論_桂本存在對應異文（相似度0.94）。,傷寒雜病論_桂本:辨太陽病脈證並治中,citation_to_node_unique,"{""book"": ""傷寒雜病論_桂本""}",0.943,pending,
REL_00820,SHL_SONGBEN_0113,clause,SHSRC0033,VR_GUIBEN_0108,variant,SHSRC0050,variant,傷寒雜病論_桂本存在對應異文（相似度0.77）。,傷寒雜病論_桂本:辨太陽病脈證並治中,citation_to_node_unique,"{""book"": ""傷寒雜病論_桂本""}",0.774,pending,
REL_00821,SHL_SONGBEN_0114,clause,SHSRC0033,VR_GUIBEN_0109,variant,SHSRC0050,variant,傷寒雜病論_桂本存在對應異文（相似度0.92）。,傷寒雜病論_桂本:辨太陽病脈證並治中,citation_to_node_unique,"{""book"": ""傷寒雜病論_桂本""}",0.917,pending,
REL_00822,SHL_SONGBEN_0115,clause,SHSRC0033,VR_GUIBEN_0110,variant,SHSRC0050,variant,傷寒雜病論_桂本存在對應異文（相似度0.77）。,傷寒雜病論_桂本:辨太陽病脈證並治中,citation_to_node_unique,"{""book"": ""傷寒雜病論_桂本""}",0.766,pending,
REL_00823,SHL_SONGBEN_0116,clause,SHSRC0033,VR_GUIBEN_0111,variant,SHSRC0050,variant,傷寒雜病論_桂本存在對應異文（相似度0.70）。,傷寒雜病論_桂本:辨太陽病脈證並治中,citation_to_node_unique,"{""book"": ""傷寒雜病論_桂本""}",0.699,pending,
REL_00824,SHL_SONGBEN_0117,clause,SHSRC0033,VR_GUIBEN_0112,variant,SHSRC0050,variant,傷寒雜病論_桂本存在對應異文（相似度0.94）。,傷寒雜病論_桂本:辨太陽病脈證並治中,citation_to_node_unique,"{""book"": ""傷寒雜病論_桂本""}",0.938,pending,
REL_00825,SHL_SONGBEN_0118,clause,SHSRC0033,VR_GUIBEN_0113,variant,SHSRC0050,variant,傷寒雜病論_桂本存在對應異文（相似度0.90）。,傷寒雜病論_桂本:辨太陽病脈證並治中,citation_to_node_unique,"{""book"": ""傷寒雜病論_桂本""}",0.9,pending,
REL_00826,SHL_SONGBEN_0119,clause,SHSRC0033,VR_GUIBEN_0114,variant,SHSRC0050,variant,傷寒雜病論_桂本存在對應異文（相似度1.00）。,傷寒雜病論_桂本:辨太陽病脈證並治中,citation_to_node_unique,"{""book"": ""傷寒雜病論_桂本""}",1.0,pending,
REL_00827,SHL_SONGBEN_0120,clause,SHSRC0033,VR_GUIBEN_0115,variant,SHSRC0050,variant,傷寒雜病論_桂本存在對應異文（相似度0.88）。,傷寒雜病論_桂本:辨太陽病脈證並治中,citation_to_node_unique,"{""book"": ""傷寒雜病論_桂本""}",0.881,pending,
REL_00828,SHL_SONGBEN_0122,clause,SHSRC0033,VR_GUIBEN_0116,variant,SHSRC0050,variant,傷寒雜病論_桂本存在對應異文（相似度0.93）。,傷寒雜病論_桂本:辨太陽病脈證並治中,citation_to_node_unique,"{""book"": ""傷寒雜病論_桂本""}",0.933,pending,
REL_00829,SHL_SONGBEN_0123,clause,SHSRC0033,VR_GUIBEN_0117,variant,SHSRC0050,variant,傷寒雜病論_桂本存在對應異文（相似度0.81）。,傷寒雜病論_桂本:辨太陽病脈證並治中,citation_to_node_unique,"{""book"": ""傷寒雜病論_桂本""}",0.808,pending,
REL_00830,SHL_SONGBEN_0124,clause,SHSRC0033,VR_GUIBEN_0118,variant,SHSRC0050,variant,傷寒雜病論_桂本存在對應異文（相似度1.00）。,傷寒雜病論_桂本:辨太陽病脈證並治中,citation_to_node_unique,"{""book"": ""傷寒雜病論_桂本""}",1.0,pending,
REL_00831,SHL_SONGBEN_0125,clause,SHSRC0033,VR_GUIBEN_0119,variant,SHSRC0050,variant,傷寒雜病論_桂本存在對應異文（相似度0.96）。,傷寒雜病論_桂本:辨太陽病脈證並治中,citation_to_node_unique,"{""book"": ""傷寒雜病論_桂本""}",0.96,pending,
REL_00832,SHL_SONGBEN_0126,clause,SHSRC0033,VR_GUIBEN_0120,variant,SHSRC0050,variant,傷寒雜病論_桂本存在對應異文（相似度0.90）。,傷寒雜病論_桂本:辨太陽病脈證並治中,citation_to_node_unique,"{""book"": ""傷寒雜病論_桂本""}",0.9,pending,
REL_00833,SHL_SONGBEN_0127,clause,SHSRC0033,VR_GUIBEN_0121,variant,SHSRC0050,variant,傷寒雜病論_桂本存在對應異文（相似度1.00）。,傷寒雜病論_桂本:辨太陽病脈證並治中,citation_to_node_unique,"{""book"": ""傷寒雜病論_桂本""}",1.0,pending,
REL_00834,SHL_SONGBEN_0130,clause,SHSRC0033,VR_GUIBEN_0122,variant,SHSRC0050,variant,傷寒雜病論_桂本存在對應異文（相似度0.66）。,傷寒雜病論_桂本:辨太陽病脈證並治下,citation_to_node_unique,"{""book"": ""傷寒雜病論_桂本""}",0.655,pending,
REL_00835,SHL_SONGBEN_0132,clause,SHSRC0033,VR_GUIBEN_0123,variant,SHSRC0050,variant,傷寒雜病論_桂本存在對應異文（相似度1.00）。,傷寒雜病論_桂本:辨太陽病脈證並治下,citation_to_node_unique,"{""book"": ""傷寒雜病論_桂本""}",1.0,pending,
REL_00836,SHL_SONGBEN_0133,clause,SHSRC0033,VR_GUIBEN_0124,variant,SHSRC0050,variant,傷寒雜病論_桂本存在對應異文（相似度1.00）。,傷寒雜病論_桂本:辨太陽病脈證並治下,citation_to_node_unique,"{""book"": ""傷寒雜病論_桂本""}",1.0,pending,
REL_00837,SHL_SONGBEN_0134,clause,SHSRC0033,VR_GUIBEN_0125,variant,SHSRC0050,variant,傷寒雜病論_桂本存在對應異文（相似度0.96）。,傷寒雜病論_桂本:辨太陽病脈證並治下,citation_to_node_unique,"{""book"": ""傷寒雜病論_桂本""}",0.961,pending,
REL_00838,SHL_SONGBEN_0135,clause,SHSRC0033,VR_GUIBEN_0126,variant,SHSRC0050,variant,傷寒雜病論_桂本存在對應異文（相似度0.82）。,傷寒雜病論_桂本:辨太陽病脈證並治下,citation_to_node_unique,"{""book"": ""傷寒雜病論_桂本""}",0.821,pending,
REL_00839,SHL_SONGBEN_0136,clause,SHSRC0033,VR_GUIBEN_0127,variant,SHSRC0050,variant,傷寒雜病論_桂本存在對應異文（相似度0.66）。,傷寒雜病論_桂本:辨太陽病脈證並治下,citation_to_node_unique,"{""book"": ""傷寒雜病論_桂本""}",0.658,pending,
REL_00840,SHL_SONGBEN_0137,clause,SHSRC0033,VR_GUIBEN_0128,variant,SHSRC0050,variant,傷寒雜病論_桂本存在對應異文（相似度0.97）。,傷寒雜病論_桂本:辨太陽病脈證並治下,citation_to_node_unique,"{""book"": ""傷寒雜病論_桂本""}",0.969,pending,
REL_00841,SHL_SONGBEN_0138,clause,SHSRC0033,VR_GUIBEN_0129,variant,SHSRC0050,variant,傷寒雜病論_桂本存在對應異文（相似度1.00）。,傷寒雜病論_桂本:辨太陽病脈證並治下,citation_to_node_unique,"{""book"": ""傷寒雜病論_桂本""}",1.0,pending,
REL_00842,SHL_SONGBEN_0139,clause,SHSRC0033,VR_GUIBEN_0130,variant,SHSRC0050,variant,傷寒雜病論_桂本存在對應異文（相似度0.95）。,傷寒雜病論_桂本:辨太陽病脈證並治下,citation_to_node_unique,"{""book"": ""傷寒雜病論_桂本""}",0.945,pending,
REL_00843,SHL_SONGBEN_0140,clause,SHSRC0033,VR_GUIBEN_0131,variant,SHSRC0050,variant,傷寒雜病論_桂本存在對應異文（相似度0.97）。,傷寒雜病論_桂本:辨太陽病脈證並治下,citation_to_node_unique,"{""book"": ""傷寒雜病論_桂本""}",0.973,pending,
REL_00844,SHL_SONGBEN_0141,clause,SHSRC0033,VR_GUIBEN_0132,variant,SHSRC0050,variant,傷寒雜病論_桂本存在對應異文（相似度0.96）。,傷寒雜病論_桂本:辨太陽病脈證並治下,citation_to_node_unique,"{""book"": ""傷寒雜病論_桂本""}",0.959,pending,
REL_00845,SHL_SONGBEN_0142,clause,SHSRC0033,VR_GUIBEN_0133,variant,SHSRC0050,variant,傷寒雜病論_桂本存在對應異文（相似度0.88）。,傷寒雜病論_桂本:辨太陽病脈證並治下,citation_to_node_unique,"{""book"": ""傷寒雜病論_桂本""}",0.876,pending,
REL_00846,SHL_SONGBEN_0143,clause,SHSRC0033,VR_GUIBEN_0134,variant,SHSRC0050,variant,傷寒雜病論_桂本存在對應異文（相似度0.88）。,傷寒雜病論_桂本:辨太陽病脈證並治下,citation_to_node_unique,"{""book"": ""傷寒雜病論_桂本""}",0.882,pending,
REL_00847,SHL_SONGBEN_0144,clause,SHSRC0033,VR_GUIBEN_0135,variant,SHSRC0050,variant,傷寒雜病論_桂本存在對應異文（相似度0.96）。,傷寒雜病論_桂本:辨太陽病脈證並治下,citation_to_node_unique,"{""book"": ""傷寒雜病論_桂本""}",0.963,pending,
REL_00848,SHL_SONGBEN_0145,clause,SHSRC0033,VR_GUIBEN_0136,variant,SHSRC0050,variant,傷寒雜病論_桂本存在對應異文（相似度0.86）。,傷寒雜病論_桂本:辨太陽病脈證並治下,citation_to_node_unique,"{""book"": ""傷寒雜病論_桂本""}",0.857,pending,
REL_00849,SHL_SONGBEN_0146,clause,SHSRC0033,VR_GUIBEN_0137,variant,SHSRC0050,variant,傷寒雜病論_桂本存在對應異文（相似度1.00）。,傷寒雜病論_桂本:辨太陽病脈證並治下,citation_to_node_unique,"{""book"": ""傷寒雜病論_桂本""}",1.0,pending,
REL_00850,SHL_SONGBEN_0147,clause,SHSRC0033,VR_GUIBEN_0138,variant,SHSRC0050,variant,傷寒雜病論_桂本存在對應異文（相似度1.00）。,傷寒雜病論_桂本:辨太陽病脈證並治下,citation_to_node_unique,"{""book"": ""傷寒雜病論_桂本""}",1.0,pending,
REL_00851,SHL_SONGBEN_0148,clause,SHSRC0033,VR_GUIBEN_0139,variant,SHSRC0050,variant,傷寒雜病論_桂本存在對應異文（相似度0.95）。,傷寒雜病論_桂本:辨太陽病脈證並治下,citation_to_node_unique,"{""book"": ""傷寒雜病論_桂本""}",0.952,pending,
REL_00852,SHL_SONGBEN_0149,clause,SHSRC0033,VR_GUIBEN_0140,variant,SHSRC0050,variant,傷寒雜病論_桂本存在對應異文（相似度0.98）。,傷寒雜病論_桂本:辨太陽病脈證並治下,citation_to_node_unique,"{""book"": ""傷寒雜病論_桂本""}",0.982,pending,
REL_00853,SHL_SONGBEN_0150,clause,SHSRC0033,VR_GUIBEN_0141,variant,SHSRC0050,variant,傷寒雜病論_桂本存在對應異文（相似度0.75）。,傷寒雜病論_桂本:辨太陽病脈證並治下,citation_to_node_unique,"{""book"": ""傷寒雜病論_桂本""}",0.75,pending,
REL_00854,SHL_SONGBEN_0151,clause,SHSRC0033,VR_GUIBEN_0142,variant,SHSRC0050,variant,傷寒雜病論_桂本存在對應異文（相似度0.88）。,傷寒雜病論_桂本:辨太陽病脈證並治下,citation_to_node_unique,"{""book"": ""傷寒雜病論_桂本""}",0.88,pending,
REL_00855,SHL_SONGBEN_0152,clause,SHSRC0033,VR_GUIBEN_0143,variant,SHSRC0050,variant,傷寒雜病論_桂本存在對應異文（相似度0.95）。,傷寒雜病論_桂本:辨太陽病脈證並治下,citation_to_node_unique,"{""book"": ""傷寒雜病論_桂本""}",0.945,pending,
REL_00856,SHL_SONGBEN_0153,clause,SHSRC0033,VR_GUIBEN_0144,variant,SHSRC0050,variant,傷寒雜病論_桂本存在對應異文（相似度0.96）。,傷寒雜病論_桂本:辨太陽病脈證並治下,citation_to_node_unique,"{""book"": ""傷寒雜病論_桂本""}",0.965,pending,
REL_00857,SHL_SONGBEN_0154,clause,SHSRC0033,VR_GUIBEN_0145,variant,SHSRC0050,variant,傷寒雜病論_桂本存在對應異文（相似度0.84）。,傷寒雜病論_桂本:辨太陽病脈證並治下,citation_to_node_unique,"{""book"": ""傷寒雜病論_桂本""}",0.837,pending,
REL_00858,SHL_SONGBEN_0155,clause,SHSRC0033,VR_GUIBEN_0146,variant,SHSRC0050,variant,傷寒雜病論_桂本存在對應異文（相似度0.87）。,傷寒雜病論_桂本:辨太陽病脈證並治下,citation_to_node_unique,"{""book"": ""傷寒雜病論_桂本""}",0.867,pending,
REL_00859,SHL_SONGBEN_0156,clause,SHSRC0033,VR_GUIBEN_0147,variant,SHSRC0050,variant,傷寒雜病論_桂本存在對應異文（相似度0.95）。,傷寒雜病論_桂本:辨太陽病脈證並治下,citation_to_node_unique,"{""book"": ""傷寒雜病論_桂本""}",0.954,pending,
REL_00860,SHL_SONGBEN_0157,clause,SHSRC0033,VR_GUIBEN_0148,variant,SHSRC0050,variant,傷寒雜病論_桂本存在對應異文（相似度0.67）。,傷寒雜病論_桂本:辨太陽病脈證並治下,citation_to_node_unique,"{""book"": ""傷寒雜病論_桂本""}",0.667,pending,
REL_00861,SHL_SONGBEN_0158,clause,SHSRC0033,VR_GUIBEN_0149,variant,SHSRC0050,variant,傷寒雜病論_桂本存在對應異文（相似度1.00）。,傷寒雜病論_桂本:辨太陽病脈證並治下,citation_to_node_unique,"{""book"": ""傷寒雜病論_桂本""}",1.0,pending,
REL_00862,SHL_SONGBEN_0159,clause,SHSRC0033,VR_GUIBEN_0150,variant,SHSRC0050,variant,傷寒雜病論_桂本存在對應異文（相似度0.88）。,傷寒雜病論_桂本:辨太陽病脈證並治下,citation_to_node_unique,"{""book"": ""傷寒雜病論_桂本""}",0.881,pending,
REL_00863,SHL_SONGBEN_0160,clause,SHSRC0033,VR_GUIBEN_0151,variant,SHSRC0050,variant,傷寒雜病論_桂本存在對應異文（相似度1.00）。,傷寒雜病論_桂本:辨太陽病脈證並治下,citation_to_node_unique,"{""book"": ""傷寒雜病論_桂本""}",1.0,pending,
REL_00864,SHL_SONGBEN_0161,clause,SHSRC0033,VR_GUIBEN_0152,variant,SHSRC0050,variant,傷寒雜病論_桂本存在對應異文（相似度1.00）。,傷寒雜病論_桂本:辨太陽病脈證並治下,citation_to_node_unique,"{""book"": ""傷寒雜病論_桂本""}",1.0,pending,
REL_00865,SHL_SONGBEN_0162,clause,SHSRC0033,VR_GUIBEN_0153,variant,SHSRC0050,variant,傷寒雜病論_桂本存在對應異文（相似度0.90）。,傷寒雜病論_桂本:辨太陽病脈證並治中,citation_to_node_unique,"{""book"": ""傷寒雜病論_桂本""}",0.897,pending,
REL_00866,SHL_SONGBEN_0163,clause,SHSRC0033,VR_GUIBEN_0154,variant,SHSRC0050,variant,傷寒雜病論_桂本存在對應異文（相似度1.00）。,傷寒雜病論_桂本:辨太陽病脈證並治下,citation_to_node_unique,"{""book"": ""傷寒雜病論_桂本""}",1.0,pending,
REL_00867,SHL_SONGBEN_0164,clause,SHSRC0033,VR_GUIBEN_0155,variant,SHSRC0050,variant,傷寒雜病論_桂本存在對應異文（相似度0.84）。,傷寒雜病論_桂本:辨太陽病脈證並治下,citation_to_node_unique,"{""book"": ""傷寒雜病論_桂本""}",0.835,pending,
REL_00868,SHL_SONGBEN_0165,clause,SHSRC0033,VR_GUIBEN_0156,variant,SHSRC0050,variant,傷寒雜病論_桂本存在對應異文（相似度0.78）。,傷寒雜病論_桂本:辨太陽病脈證並治下,citation_to_node_unique,"{""book"": ""傷寒雜病論_桂本""}",0.776,pending,
REL_00869,SHL_SONGBEN_0166,clause,SHSRC0033,VR_GUIBEN_0157,variant,SHSRC0050,variant,傷寒雜病論_桂本存在對應異文（相似度0.93）。,傷寒雜病論_桂本:辨太陽病脈證並治下,citation_to_node_unique,"{""book"": ""傷寒雜病論_桂本""}",0.925,pending,
REL_00870,SHL_SONGBEN_0167,clause,SHSRC0033,VR_GUIBEN_0158,variant,SHSRC0050,variant,傷寒雜病論_桂本存在對應異文（相似度0.91）。,傷寒雜病論_桂本:辨太陽病脈證並治下,citation_to_node_unique,"{""book"": ""傷寒雜病論_桂本""}",0.909,pending,
REL_00871,SHL_SONGBEN_0168,clause,SHSRC0033,VR_GUIBEN_0159,variant,SHSRC0050,variant,傷寒雜病論_桂本存在對應異文（相似度1.00）。,傷寒雜病論_桂本:辨太陽病脈證並治下,citation_to_node_unique,"{""book"": ""傷寒雜病論_桂本""}",1.0,pending,
REL_00872,SHL_SONGBEN_0169,clause,SHSRC0033,VR_GUIBEN_0160,variant,SHSRC0050,variant,傷寒雜病論_桂本存在對應異文（相似度0.94）。,傷寒雜病論_桂本:辨太陽病脈證並治下,citation_to_node_unique,"{""book"": ""傷寒雜病論_桂本""}",0.936,pending,
REL_00873,SHL_SONGBEN_0170,clause,SHSRC0033,VR_GUIBEN_0161,variant,SHSRC0050,variant,傷寒雜病論_桂本存在對應異文（相似度0.84）。,傷寒雜病論_桂本:辨太陽病脈證並治下,citation_to_node_unique,"{""book"": ""傷寒雜病論_桂本""}",0.841,pending,
REL_00874,SHL_SONGBEN_0171,clause,SHSRC0033,VR_GUIBEN_0162,variant,SHSRC0050,variant,傷寒雜病論_桂本存在對應異文（相似度0.77）。,傷寒雜病論_桂本:辨太陽病脈證並治下,citation_to_node_unique,"{""book"": ""傷寒雜病論_桂本""}",0.772,pending,
REL_00875,SHL_SONGBEN_0172,clause,SHSRC0033,VR_GUIBEN_0163,variant,SHSRC0050,variant,傷寒雜病論_桂本存在對應異文（相似度1.00）。,傷寒雜病論_桂本:辨太陽病脈證並治下,citation_to_node_unique,"{""book"": ""傷寒雜病論_桂本""}",1.0,pending,
REL_00876,SHL_SONGBEN_0173,clause,SHSRC0033,VR_GUIBEN_0164,variant,SHSRC0050,variant,傷寒雜病論_桂本存在對應異文（相似度0.93）。,傷寒雜病論_桂本:辨太陽病脈證並治下,citation_to_node_unique,"{""book"": ""傷寒雜病論_桂本""}",0.927,pending,
REL_00877,SHL_SONGBEN_0174,clause,SHSRC0033,VR_GUIBEN_0165,variant,SHSRC0050,variant,傷寒雜病論_桂本存在對應異文（相似度0.77）。,傷寒雜病論_桂本:濕病脈證並治第九,citation_to_node_unique,"{""book"": ""傷寒雜病論_桂本""}",0.774,pending,
REL_00878,SHL_SONGBEN_0175,clause,SHSRC0033,VR_GUIBEN_0166,variant,SHSRC0050,variant,傷寒雜病論_桂本存在對應異文（相似度1.00）。,傷寒雜病論_桂本:濕病脈證並治第九,citation_to_node_unique,"{""book"": ""傷寒雜病論_桂本""}",1.0,pending,
REL_00879,SHL_SONGBEN_0176,clause,SHSRC0033,VR_GUIBEN_0167,variant,SHSRC0050,variant,傷寒雜病論_桂本存在對應異文（相似度0.69）。,傷寒雜病論_桂本:辨太陽病脈證並治下,citation_to_node_unique,"{""book"": ""傷寒雜病論_桂本""}",0.686,pending,
REL_00880,SHL_SONGBEN_0177,clause,SHSRC0033,VR_GUIBEN_0168,variant,SHSRC0050,variant,傷寒雜病論_桂本存在對應異文（相似度0.74）。,傷寒雜病論_桂本:辨太陽病脈證並治下,citation_to_node_unique,"{""book"": ""傷寒雜病論_桂本""}",0.741,pending,
REL_00881,SHL_SONGBEN_0179,clause,SHSRC0033,VR_GUIBEN_0169,variant,SHSRC0050,variant,傷寒雜病論_桂本存在對應異文（相似度1.00）。,傷寒雜病論_桂本:辨陽明病脈證並治,citation_to_node_unique,"{""book"": ""傷寒雜病論_桂本""}",1.0,pending,
REL_00882,SHL_SONGBEN_0180,clause,SHSRC0033,VR_GUIBEN_0170,variant,SHSRC0050,variant,傷寒雜病論_桂本存在對應異文（相似度1.00）。,傷寒雜病論_桂本:辨陽明病脈證並治,citation_to_node_unique,"{""book"": ""傷寒雜病論_桂本""}",1.0,pending,
REL_00883,SHL_SONGBEN_0181,clause,SHSRC0033,VR_GUIBEN_0171,variant,SHSRC0050,variant,傷寒雜病論_桂本存在對應異文（相似度1.00）。,傷寒雜病論_桂本:辨陽明病脈證並治,citation_to_node_unique,"{""book"": ""傷寒雜病論_桂本""}",1.0,pending,
REL_00884,SHL_SONGBEN_0182,clause,SHSRC0033,VR_GUIBEN_0172,variant,SHSRC0050,variant,傷寒雜病論_桂本存在對應異文（相似度1.00）。,傷寒雜病論_桂本:辨陽明病脈證並治,citation_to_node_unique,"{""book"": ""傷寒雜病論_桂本""}",1.0,pending,
REL_00885,SHL_SONGBEN_0183,clause,SHSRC0033,VR_GUIBEN_0173,variant,SHSRC0050,variant,傷寒雜病論_桂本存在對應異文（相似度1.00）。,傷寒雜病論_桂本:辨陽明病脈證並治,citation_to_node_unique,"{""book"": ""傷寒雜病論_桂本""}",1.0,pending,
REL_00886,SHL_SONGBEN_0184,clause,SHSRC0033,VR_GUIBEN_0174,variant,SHSRC0050,variant,傷寒雜病論_桂本存在對應異文（相似度1.00）。,傷寒雜病論_桂本:辨陽明病脈證並治,citation_to_node_unique,"{""book"": ""傷寒雜病論_桂本""}",1.0,pending,
REL_00887,SHL_SONGBEN_0185,clause,SHSRC0033,VR_GUIBEN_0175,variant,SHSRC0050,variant,傷寒雜病論_桂本存在對應異文（相似度0.73）。,傷寒雜病論_桂本:辨陽明病脈證並治,citation_to_node_unique,"{""book"": ""傷寒雜病論_桂本""}",0.73,pending,
REL_00888,SHL_SONGBEN_0186,clause,SHSRC0033,VR_GUIBEN_0176,variant,SHSRC0050,variant,傷寒雜病論_桂本存在對應異文（相似度0.70）。,傷寒雜病論_桂本:辨陽明病脈證並治,citation_to_node_unique,"{""book"": ""傷寒雜病論_桂本""}",0.7,pending,
REL_00889,SHL_SONGBEN_0187,clause,SHSRC0033,VR_GUIBEN_0177,variant,SHSRC0050,variant,傷寒雜病論_桂本存在對應異文（相似度1.00）。,傷寒雜病論_桂本:辨陽明病脈證並治,citation_to_node_unique,"{""book"": ""傷寒雜病論_桂本""}",1.0,pending,
REL_00890,SHL_SONGBEN_0188,clause,SHSRC0033,VR_GUIBEN_0178,variant,SHSRC0050,variant,傷寒雜病論_桂本存在對應異文（相似度0.86）。,傷寒雜病論_桂本:辨陽明病脈證並治,citation_to_node_unique,"{""book"": ""傷寒雜病論_桂本""}",0.857,pending,
REL_00891,SHL_SONGBEN_0189,clause,SHSRC0033,VR_GUIBEN_0179,variant,SHSRC0050,variant,傷寒雜病論_桂本存在對應異文（相似度0.86）。,傷寒雜病論_桂本:辨陽明病脈證並治,citation_to_node_unique,"{""book"": ""傷寒雜病論_桂本""}",0.857,pending,
REL_00892,SHL_SONGBEN_0190,clause,SHSRC0033,VR_GUIBEN_0180,variant,SHSRC0050,variant,傷寒雜病論_桂本存在對應異文（相似度1.00）。,傷寒雜病論_桂本:辨陽明病脈證並治,citation_to_node_unique,"{""book"": ""傷寒雜病論_桂本""}",1.0,pending,
REL_00893,SHL_SONGBEN_0191,clause,SHSRC0033,VR_GUIBEN_0181,variant,SHSRC0050,variant,傷寒雜病論_桂本存在對應異文（相似度1.00）。,傷寒雜病論_桂本:辨陽明病脈證並治,citation_to_node_unique,"{""book"": ""傷寒雜病論_桂本""}",1.0,pending,
REL_00894,SHL_SONGBEN_0192,clause,SHSRC0033,VR_GUIBEN_0182,variant,SHSRC0050,variant,傷寒雜病論_桂本存在對應異文（相似度0.86）。,傷寒雜病論_桂本:辨陽明病脈證並治,citation_to_node_unique,"{""book"": ""傷寒雜病論_桂本""}",0.86,pending,
REL_00895,SHL_SONGBEN_0193,clause,SHSRC0033,VR_GUIBEN_0183,variant,SHSRC0050,variant,傷寒雜病論_桂本存在對應異文（相似度1.00）。,傷寒雜病論_桂本:辨陽明病脈證並治,citation_to_node_unique,"{""book"": ""傷寒雜病論_桂本""}",1.0,pending,
REL_00896,SHL_SONGBEN_0194,clause,SHSRC0033,VR_GUIBEN_0184,variant,SHSRC0050,variant,傷寒雜病論_桂本存在對應異文（相似度0.82）。,傷寒雜病論_桂本:辨陽明病脈證並治,citation_to_node_unique,"{""book"": ""傷寒雜病論_桂本""}",0.816,pending,
REL_00897,SHL_SONGBEN_0195,clause,SHSRC0033,VR_GUIBEN_0185,variant,SHSRC0050,variant,傷寒雜病論_桂本存在對應異文（相似度0.95）。,傷寒雜病論_桂本:辨陽明病脈證並治,citation_to_node_unique,"{""book"": ""傷寒雜病論_桂本""}",0.946,pending,
REL_00898,SHL_SONGBEN_0196,clause,SHSRC0033,VR_GUIBEN_0186,variant,SHSRC0050,variant,傷寒雜病論_桂本存在對應異文（相似度1.00）。,傷寒雜病論_桂本:辨陽明病脈證並治,citation_to_node_unique,"{""book"": ""傷寒雜病論_桂本""}",1.0,pending,
REL_00899,SHL_SONGBEN_0197,clause,SHSRC0033,VR_GUIBEN_0187,variant,SHSRC0050,variant,傷寒雜病論_桂本存在對應異文（相似度0.88）。,傷寒雜病論_桂本:辨陽明病脈證並治,citation_to_node_unique,"{""book"": ""傷寒雜病論_桂本""}",0.882,pending,
REL_00900,SHL_SONGBEN_0199,clause,SHSRC0033,VR_GUIBEN_0188,variant,SHSRC0050,variant,傷寒雜病論_桂本存在對應異文（相似度1.00）。,傷寒雜病論_桂本:辨陽明病脈證並治,citation_to_node_unique,"{""book"": ""傷寒雜病論_桂本""}",1.0,pending,
REL_00901,SHL_SONGBEN_0200,clause,SHSRC0033,VR_GUIBEN_0189,variant,SHSRC0050,variant,傷寒雜病論_桂本存在對應異文（相似度1.00）。,傷寒雜病論_桂本:辨陽明病脈證並治,citation_to_node_unique,"{""book"": ""傷寒雜病論_桂本""}",1.0,pending,
REL_00902,SHL_SONGBEN_0201,clause,SHSRC0033,VR_GUIBEN_0190,variant,SHSRC0050,variant,傷寒雜病論_桂本存在對應異文（相似度0.80）。,傷寒雜病論_桂本:辨陽明病脈證並治,citation_to_node_unique,"{""book"": ""傷寒雜病論_桂本""}",0.8,pending,
REL_00903,SHL_SONGBEN_0202,clause,SHSRC0033,VR_GUIBEN_0191,variant,SHSRC0050,variant,傷寒雜病論_桂本存在對應異文（相似度1.00）。,傷寒雜病論_桂本:辨陽明病脈證並治,citation_to_node_unique,"{""book"": ""傷寒雜病論_桂本""}",1.0,pending,
REL_00904,SHL_SONGBEN_0203,clause,SHSRC0033,VR_GUIBEN_0192,variant,SHSRC0050,variant,傷寒雜病論_桂本存在對應異文（相似度0.89）。,傷寒雜病論_桂本:辨陽明病脈證並治,citation_to_node_unique,"{""book"": ""傷寒雜病論_桂本""}",0.893,pending,
REL_00905,SHL_SONGBEN_0204,clause,SHSRC0033,VR_GUIBEN_0193,variant,SHSRC0050,variant,傷寒雜病論_桂本存在對應異文（相似度1.00）。,傷寒雜病論_桂本:辨陽明病脈證並治,citation_to_node_unique,"{""book"": ""傷寒雜病論_桂本""}",1.0,pending,
REL_00906,SHL_SONGBEN_0205,clause,SHSRC0033,VR_GUIBEN_0194,variant,SHSRC0050,variant,傷寒雜病論_桂本存在對應異文（相似度0.90）。,傷寒雜病論_桂本:辨陽明病脈證並治,citation_to_node_unique,"{""book"": ""傷寒雜病論_桂本""}",0.905,pending,
REL_00907,SHL_SONGBEN_0206,clause,SHSRC0033,VR_GUIBEN_0195,variant,SHSRC0050,variant,傷寒雜病論_桂本存在對應異文（相似度0.84）。,傷寒雜病論_桂本:辨陽明病脈證並治,citation_to_node_unique,"{""book"": ""傷寒雜病論_桂本""}",0.837,pending,
REL_00908,SHL_SONGBEN_0207,clause,SHSRC0033,VR_GUIBEN_0196,variant,SHSRC0050,variant,傷寒雜病論_桂本存在對應異文（相似度1.00）。,傷寒雜病論_桂本:辨陽明病脈證並治,citation_to_node_unique,"{""book"": ""傷寒雜病論_桂本""}",1.0,pending,
REL_00909,SHL_SONGBEN_0208,clause,SHSRC0033,VR_GUIBEN_0197,variant,SHSRC0050,variant,傷寒雜病論_桂本存在對應異文（相似度0.92）。,傷寒雜病論_桂本:辨陽明病脈證並治,citation_to_node_unique,"{""book"": ""傷寒雜病論_桂本""}",0.922,pending,
REL_00910,SHL_SONGBEN_0209,clause,SHSRC0033,VR_GUIBEN_0198,variant,SHSRC0050,variant,傷寒雜病論_桂本存在對應異文（相似度0.95）。,傷寒雜病論_桂本:辨陽明病脈證並治,citation_to_node_unique,"{""book"": ""傷寒雜病論_桂本""}",0.95,pending,
REL_00911,SHL_SONGBEN_0210,clause,SHSRC0033,VR_GUIBEN_0199,variant,SHSRC0050,variant,傷寒雜病論_桂本存在對應異文（相似度0.81）。,傷寒雜病論_桂本:辨陽明病脈證並治,citation_to_node_unique,"{""book"": ""傷寒雜病論_桂本""}",0.808,pending,
REL_00912,SHL_SONGBEN_0211,clause,SHSRC0033,VR_GUIBEN_0200,variant,SHSRC0050,variant,傷寒雜病論_桂本存在對應異文（相似度0.76）。,傷寒雜病論_桂本:辨陽明病脈證並治,citation_to_node_unique,"{""book"": ""傷寒雜病論_桂本""}",0.756,pending,
REL_00913,SHL_SONGBEN_0212,clause,SHSRC0033,VR_GUIBEN_0201,variant,SHSRC0050,variant,傷寒雜病論_桂本存在對應異文（相似度0.91）。,傷寒雜病論_桂本:辨陽明病脈證並治,citation_to_node_unique,"{""book"": ""傷寒雜病論_桂本""}",0.907,pending,
REL_00914,SHL_SONGBEN_0213,clause,SHSRC0033,VR_GUIBEN_0202,variant,SHSRC0050,variant,傷寒雜病論_桂本存在對應異文（相似度0.75）。,傷寒雜病論_桂本:辨陽明病脈證並治,citation_to_node_unique,"{""book"": ""傷寒雜病論_桂本""}",0.754,pending,
REL_00915,SHL_SONGBEN_0215,clause,SHSRC0033,VR_GUIBEN_0203,variant,SHSRC0050,variant,傷寒雜病論_桂本存在對應異文（相似度0.85）。,傷寒雜病論_桂本:辨陽明病脈證並治,citation_to_node_unique,"{""book"": ""傷寒雜病論_桂本""}",0.845,pending,
REL_00916,SHL_SONGBEN_0216,clause,SHSRC0033,VR_GUIBEN_0204,variant,SHSRC0050,variant,傷寒雜病論_桂本存在對應異文（相似度0.94）。,傷寒雜病論_桂本:辨陽明病脈證並治,citation_to_node_unique,"{""book"": ""傷寒雜病論_桂本""}",0.938,pending,
REL_00917,SHL_SONGBEN_0217,clause,SHSRC0033,VR_GUIBEN_0205,variant,SHSRC0050,variant,傷寒雜病論_桂本存在對應異文（相似度0.77）。,傷寒雜病論_桂本:辨陽明病脈證並治,citation_to_node_unique,"{""book"": ""傷寒雜病論_桂本""}",0.774,pending,
REL_00918,SHL_SONGBEN_0218,clause,SHSRC0033,VR_GUIBEN_0206,variant,SHSRC0050,variant,傷寒雜病論_桂本存在對應異文（相似度0.94）。,傷寒雜病論_桂本:辨陽明病脈證並治,citation_to_node_unique,"{""book"": ""傷寒雜病論_桂本""}",0.941,pending,
REL_00919,SHL_SONGBEN_0220,clause,SHSRC0033,VR_GUIBEN_0207,variant,SHSRC0050,variant,傷寒雜病論_桂本存在對應異文（相似度0.84）。,傷寒雜病論_桂本:辨陽明病脈證並治,citation_to_node_unique,"{""book"": ""傷寒雜病論_桂本""}",0.841,pending,
REL_00920,SHL_SONGBEN_0221,clause,SHSRC0033,VR_GUIBEN_0208,variant,SHSRC0050,variant,傷寒雜病論_桂本存在對應異文（相似度0.92）。,傷寒雜病論_桂本:辨陽明病脈證並治,citation_to_node_unique,"{""book"": ""傷寒雜病論_桂本""}",0.92,pending,
REL_00921,SHL_SONGBEN_0222,clause,SHSRC0033,VR_GUIBEN_0209,variant,SHSRC0050,variant,傷寒雜病論_桂本存在對應異文（相似度0.89）。,傷寒雜病論_桂本:辨陽明病脈證並治,citation_to_node_unique,"{""book"": ""傷寒雜病論_桂本""}",0.889,pending,
REL_00922,SHL_SONGBEN_0223,clause,SHSRC0033,VR_GUIBEN_0210,variant,SHSRC0050,variant,傷寒雜病論_桂本存在對應異文（相似度0.89）。,傷寒雜病論_桂本:辨陽明病脈證並治,citation_to_node_unique,"{""book"": ""傷寒雜病論_桂本""}",0.895,pending,
REL_00923,SHL_SONGBEN_0224,clause,SHSRC0033,VR_GUIBEN_0211,variant,SHSRC0050,variant,傷寒雜病論_桂本存在對應異文（相似度1.00）。,傷寒雜病論_桂本:辨陽明病脈證並治,citation_to_node_unique,"{""book"": ""傷寒雜病論_桂本""}",1.0,pending,
REL_00924,SHL_SONGBEN_0225,clause,SHSRC0033,VR_GUIBEN_0212,variant,SHSRC0050,variant,傷寒雜病論_桂本存在對應異文（相似度0.92）。,傷寒雜病論_桂本:辨陽明病脈證並治,citation_to_node_unique,"{""book"": ""傷寒雜病論_桂本""}",0.919,pending,
REL_00925,SHL_SONGBEN_0227,clause,SHSRC0033,VR_GUIBEN_0213,variant,SHSRC0050,variant,傷寒雜病論_桂本存在對應異文（相似度0.77）。,傷寒雜病論_桂本:辨陽明病脈證並治,citation_to_node_unique,"{""book"": ""傷寒雜病論_桂本""}",0.769,pending,
REL_00926,SHL_SONGBEN_0228,clause,SHSRC0033,VR_GUIBEN_0214,variant,SHSRC0050,variant,傷寒雜病論_桂本存在對應異文（相似度0.96）。,傷寒雜病論_桂本:辨陽明病脈證並治,citation_to_node_unique,"{""book"": ""傷寒雜病論_桂本""}",0.957,pending,
REL_00927,SHL_SONGBEN_0229,clause,SHSRC0033,VR_GUIBEN_0215,variant,SHSRC0050,variant,傷寒雜病論_桂本存在對應異文（相似度1.00）。,傷寒雜病論_桂本:辨陽明病脈證並治,citation_to_node_unique,"{""book"": ""傷寒雜病論_桂本""}",1.0,pending,
REL_00928,SHL_SONGBEN_0230,clause,SHSRC0033,VR_GUIBEN_0216,variant,SHSRC0050,variant,傷寒雜病論_桂本存在對應異文（相似度0.91）。,傷寒雜病論_桂本:辨陽明病脈證並治,citation_to_node_unique,"{""book"": ""傷寒雜病論_桂本""}",0.907,pending,
REL_00929,SHL_SONGBEN_0231,clause,SHSRC0033,VR_GUIBEN_0217,variant,SHSRC0050,variant,傷寒雜病論_桂本存在對應異文（相似度0.83）。,傷寒雜病論_桂本:辨陽明病脈證並治,citation_to_node_unique,"{""book"": ""傷寒雜病論_桂本""}",0.834,pending,
REL_00930,SHL_SONGBEN_0233,clause,SHSRC0033,VR_GUIBEN_0218,variant,SHSRC0050,variant,傷寒雜病論_桂本存在對應異文（相似度0.93）。,傷寒雜病論_桂本:辨陽明病脈證並治,citation_to_node_unique,"{""book"": ""傷寒雜病論_桂本""}",0.932,pending,
REL_00931,SHL_SONGBEN_0234,clause,SHSRC0033,VR_GUIBEN_0219,variant,SHSRC0050,variant,傷寒雜病論_桂本存在對應異文（相似度1.00）。,傷寒雜病論_桂本:辨陽明病脈證並治,citation_to_node_unique,"{""book"": ""傷寒雜病論_桂本""}",1.0,pending,
REL_00932,SHL_SONGBEN_0235,clause,SHSRC0033,VR_GUIBEN_0220,variant,SHSRC0050,variant,傷寒雜病論_桂本存在對應異文（相似度0.92）。,傷寒雜病論_桂本:辨陽明病脈證並治,citation_to_node_unique,"{""book"": ""傷寒雜病論_桂本""}",0.919,pending,
REL_00933,SHL_SONGBEN_0236,clause,SHSRC0033,VR_GUIBEN_0221,variant,SHSRC0050,variant,傷寒雜病論_桂本存在對應異文（相似度1.00）。,傷寒雜病論_桂本:辨陽明病脈證並治,citation_to_node_unique,"{""book"": ""傷寒雜病論_桂本""}",1.0,pending,
REL_00934,SHL_SONGBEN_0237,clause,SHSRC0033,VR_GUIBEN_0222,variant,SHSRC0050,variant,傷寒雜病論_桂本存在對應異文（相似度0.79）。,傷寒雜病論_桂本:辨陽明病脈證並治,citation_to_node_unique,"{""book"": ""傷寒雜病論_桂本""}",0.79,pending,
REL_00935,SHL_SONGBEN_0238,clause,SHSRC0033,VR_GUIBEN_0223,variant,SHSRC0050,variant,傷寒雜病論_桂本存在對應異文（相似度0.79）。,傷寒雜病論_桂本:辨陽明病脈證並治,citation_to_node_unique,"{""book"": ""傷寒雜病論_桂本""}",0.795,pending,
REL_00936,SHL_SONGBEN_0239,clause,SHSRC0033,VR_GUIBEN_0224,variant,SHSRC0050,variant,傷寒雜病論_桂本存在對應異文（相似度1.00）。,傷寒雜病論_桂本:辨陽明病脈證並治,citation_to_node_unique,"{""book"": ""傷寒雜病論_桂本""}",1.0,pending,
REL_00937,SHL_SONGBEN_0240,clause,SHSRC0033,VR_GUIBEN_0225,variant,SHSRC0050,variant,傷寒雜病論_桂本存在對應異文（相似度0.92）。,傷寒雜病論_桂本:辨陽明病脈證並治,citation_to_node_unique,"{""book"": ""傷寒雜病論_桂本""}",0.923,pending,
REL_00938,SHL_SONGBEN_0241,clause,SHSRC0033,VR_GUIBEN_0226,variant,SHSRC0050,variant,傷寒雜病論_桂本存在對應異文（相似度0.96）。,傷寒雜病論_桂本:辨陽明病脈證並治,citation_to_node_unique,"{""book"": ""傷寒雜病論_桂本""}",0.959,pending,
REL_00939,SHL_SONGBEN_0242,clause,SHSRC0033,VR_GUIBEN_0227,variant,SHSRC0050,variant,傷寒雜病論_桂本存在對應異文（相似度0.89）。,傷寒雜病論_桂本:辨陽明病脈證並治,citation_to_node_unique,"{""book"": ""傷寒雜病論_桂本""}",0.889,pending,
REL_00940,SHL_SONGBEN_0243,clause,SHSRC0033,VR_GUIBEN_0228,variant,SHSRC0050,variant,傷寒雜病論_桂本存在對應異文（相似度0.88）。,傷寒雜病論_桂本:辨陽明病脈證並治,citation_to_node_unique,"{""book"": ""傷寒雜病論_桂本""}",0.875,pending,
REL_00941,SHL_SONGBEN_0244,clause,SHSRC0033,VR_GUIBEN_0229,variant,SHSRC0050,variant,傷寒雜病論_桂本存在對應異文（相似度0.86）。,傷寒雜病論_桂本:辨陽明病脈證並治,citation_to_node_unique,"{""book"": ""傷寒雜病論_桂本""}",0.864,pending,
REL_00942,SHL_SONGBEN_0245,clause,SHSRC0033,VR_GUIBEN_0230,variant,SHSRC0050,variant,傷寒雜病論_桂本存在對應異文（相似度0.92）。,傷寒雜病論_桂本:辨陽明病脈證並治,citation_to_node_unique,"{""book"": ""傷寒雜病論_桂本""}",0.921,pending,
REL_00943,SHL_SONGBEN_0246,clause,SHSRC0033,VR_GUIBEN_0231,variant,SHSRC0050,variant,傷寒雜病論_桂本存在對應異文（相似度1.00）。,傷寒雜病論_桂本:辨陽明病脈證並治,citation_to_node_unique,"{""book"": ""傷寒雜病論_桂本""}",1.0,pending,
REL_00944,SHL_SONGBEN_0247,clause,SHSRC0033,VR_GUIBEN_0232,variant,SHSRC0050,variant,傷寒雜病論_桂本存在對應異文（相似度0.94）。,傷寒雜病論_桂本:辨陽明病脈證並治,citation_to_node_unique,"{""book"": ""傷寒雜病論_桂本""}",0.939,pending,
REL_00945,SHL_SONGBEN_0248,clause,SHSRC0033,VR_GUIBEN_0233,variant,SHSRC0050,variant,傷寒雜病論_桂本存在對應異文（相似度0.76）。,傷寒雜病論_桂本:辨陽明病脈證並治,citation_to_node_unique,"{""book"": ""傷寒雜病論_桂本""}",0.76,pending,
REL_00946,SHL_SONGBEN_0249,clause,SHSRC0033,VR_GUIBEN_0234,variant,SHSRC0050,variant,傷寒雜病論_桂本存在對應異文（相似度0.90）。,傷寒雜病論_桂本:辨陽明病脈證並治,citation_to_node_unique,"{""book"": ""傷寒雜病論_桂本""}",0.897,pending,
REL_00947,SHL_SONGBEN_0250,clause,SHSRC0033,VR_GUIBEN_0235,variant,SHSRC0050,variant,傷寒雜病論_桂本存在對應異文（相似度0.95）。,傷寒雜病論_桂本:辨陽明病脈證並治,citation_to_node_unique,"{""book"": ""傷寒雜病論_桂本""}",0.949,pending,
REL_00948,SHL_SONGBEN_0251,clause,SHSRC0033,VR_GUIBEN_0236,variant,SHSRC0050,variant,傷寒雜病論_桂本存在對應異文（相似度0.95）。,傷寒雜病論_桂本:辨陽明病脈證並治,citation_to_node_unique,"{""book"": ""傷寒雜病論_桂本""}",0.948,pending,
REL_00949,SHL_SONGBEN_0252,clause,SHSRC0033,VR_GUIBEN_0237,variant,SHSRC0050,variant,傷寒雜病論_桂本存在對應異文（相似度0.96）。,傷寒雜病論_桂本:辨陽明病脈證並治,citation_to_node_unique,"{""book"": ""傷寒雜病論_桂本""}",0.959,pending,
REL_00950,SHL_SONGBEN_0253,clause,SHSRC0033,VR_GUIBEN_0238,variant,SHSRC0050,variant,傷寒雜病論_桂本存在對應異文（相似度0.91）。,傷寒雜病論_桂本:辨陽明病脈證並治,citation_to_node_unique,"{""book"": ""傷寒雜病論_桂本""}",0.909,pending,
REL_00951,SHL_SONGBEN_0254,clause,SHSRC0033,VR_GUIBEN_0239,variant,SHSRC0050,variant,傷寒雜病論_桂本存在對應異文（相似度0.91）。,傷寒雜病論_桂本:辨陽明病脈證並治,citation_to_node_unique,"{""book"": ""傷寒雜病論_桂本""}",0.909,pending,
REL_00952,SHL_SONGBEN_0255,clause,SHSRC0033,VR_GUIBEN_0240,variant,SHSRC0050,variant,傷寒雜病論_桂本存在對應異文（相似度0.91）。,傷寒雜病論_桂本:辨陽明病脈證並治,citation_to_node_unique,"{""book"": ""傷寒雜病論_桂本""}",0.909,pending,
REL_00953,SHL_SONGBEN_0256,clause,SHSRC0033,VR_GUIBEN_0241,variant,SHSRC0050,variant,傷寒雜病論_桂本存在對應異文（相似度0.90）。,傷寒雜病論_桂本:辨陽明病脈證並治,citation_to_node_unique,"{""book"": ""傷寒雜病論_桂本""}",0.901,pending,
REL_00954,SHL_SONGBEN_0257,clause,SHSRC0033,VR_GUIBEN_0242,variant,SHSRC0050,variant,傷寒雜病論_桂本存在對應異文（相似度0.83）。,傷寒雜病論_桂本:辨陽明病脈證並治,citation_to_node_unique,"{""book"": ""傷寒雜病論_桂本""}",0.832,pending,
REL_00955,SHL_SONGBEN_0259,clause,SHSRC0033,VR_GUIBEN_0243,variant,SHSRC0050,variant,傷寒雜病論_桂本存在對應異文（相似度0.83）。,傷寒雜病論_桂本:辨陽明病脈證並治,citation_to_node_unique,"{""book"": ""傷寒雜病論_桂本""}",0.825,pending,
REL_00956,SHL_SONGBEN_0260,clause,SHSRC0033,VR_GUIBEN_0244,variant,SHSRC0050,variant,傷寒雜病論_桂本存在對應異文（相似度0.94）。,傷寒雜病論_桂本:辨陽明病脈證並治,citation_to_node_unique,"{""book"": ""傷寒雜病論_桂本""}",0.941,pending,
REL_00957,SHL_SONGBEN_0261,clause,SHSRC0033,VR_GUIBEN_0245,variant,SHSRC0050,variant,傷寒雜病論_桂本存在對應異文（相似度0.88）。,傷寒雜病論_桂本:辨陽明病脈證並治,citation_to_node_unique,"{""book"": ""傷寒雜病論_桂本""}",0.88,pending,
REL_00958,SHL_SONGBEN_0262,clause,SHSRC0033,VR_GUIBEN_0246,variant,SHSRC0050,variant,傷寒雜病論_桂本存在對應異文（相似度0.92）。,傷寒雜病論_桂本:辨陽明病脈證並治,citation_to_node_unique,"{""book"": ""傷寒雜病論_桂本""}",0.919,pending,
REL_00959,SHL_SONGBEN_0263,clause,SHSRC0033,VR_GUIBEN_0247,variant,SHSRC0050,variant,傷寒雜病論_桂本存在對應異文（相似度0.87）。,傷寒雜病論_桂本:辨少陽病脈證並治,citation_to_node_unique,"{""book"": ""傷寒雜病論_桂本""}",0.87,pending,
REL_00960,SHL_SONGBEN_0264,clause,SHSRC0033,VR_GUIBEN_0248,variant,SHSRC0050,variant,傷寒雜病論_桂本存在對應異文（相似度1.00）。,傷寒雜病論_桂本:辨少陽病脈證並治,citation_to_node_unique,"{""book"": ""傷寒雜病論_桂本""}",1.0,pending,
REL_00961,SHL_SONGBEN_0265,clause,SHSRC0033,VR_GUIBEN_0249,variant,SHSRC0050,variant,傷寒雜病論_桂本存在對應異文（相似度0.67）。,傷寒雜病論_桂本:辨少陽病脈證並治,citation_to_node_unique,"{""book"": ""傷寒雜病論_桂本""}",0.667,pending,
REL_00962,SHL_SONGBEN_0266,clause,SHSRC0033,VR_GUIBEN_0250,variant,SHSRC0050,variant,傷寒雜病論_桂本存在對應異文（相似度0.81）。,傷寒雜病論_桂本:辨少陽病脈證並治,citation_to_node_unique,"{""book"": ""傷寒雜病論_桂本""}",0.806,pending,
REL_00963,SHL_SONGBEN_0267,clause,SHSRC0033,VR_GUIBEN_0251,variant,SHSRC0050,variant,傷寒雜病論_桂本存在對應異文（相似度0.66）。,傷寒雜病論_桂本:辨少陽病脈證並治,citation_to_node_unique,"{""book"": ""傷寒雜病論_桂本""}",0.655,pending,
REL_00964,SHL_SONGBEN_0268,clause,SHSRC0033,VR_GUIBEN_0252,variant,SHSRC0050,variant,傷寒雜病論_桂本存在對應異文（相似度0.69）。,傷寒雜病論_桂本:辨少陽病脈證並治,citation_to_node_unique,"{""book"": ""傷寒雜病論_桂本""}",0.694,pending,
REL_00965,SHL_SONGBEN_0269,clause,SHSRC0033,VR_GUIBEN_0253,variant,SHSRC0050,variant,傷寒雜病論_桂本存在對應異文（相似度0.85）。,傷寒雜病論_桂本:辨少陽病脈證並治,citation_to_node_unique,"{""book"": ""傷寒雜病論_桂本""}",0.85,pending,
REL_00966,SHL_SONGBEN_0270,clause,SHSRC0033,VR_GUIBEN_0254,variant,SHSRC0050,variant,傷寒雜病論_桂本存在對應異文（相似度0.94）。,傷寒雜病論_桂本:辨少陽病脈證並治,citation_to_node_unique,"{""book"": ""傷寒雜病論_桂本""}",0.943,pending,
REL_00967,SHL_SONGBEN_0271,clause,SHSRC0033,VR_GUIBEN_0255,variant,SHSRC0050,variant,傷寒雜病論_桂本存在對應異文（相似度0.87）。,傷寒雜病論_桂本:辨少陽病脈證並治,citation_to_node_unique,"{""book"": ""傷寒雜病論_桂本""}",0.87,pending,
REL_00968,SHL_SONGBEN_0272,clause,SHSRC0033,VR_GUIBEN_0256,variant,SHSRC0050,variant,傷寒雜病論_桂本存在對應異文（相似度1.00）。,傷寒雜病論_桂本:辨少陽病脈證並治,citation_to_node_unique,"{""book"": ""傷寒雜病論_桂本""}",1.0,pending,
REL_00969,SHL_SONGBEN_0273,clause,SHSRC0033,VR_GUIBEN_0257,variant,SHSRC0050,variant,傷寒雜病論_桂本存在對應異文（相似度1.00）。,傷寒雜病論_桂本:辨太陰病脈證並治,citation_to_node_unique,"{""book"": ""傷寒雜病論_桂本""}",1.0,pending,
REL_00970,SHL_SONGBEN_0274,clause,SHSRC0033,VR_GUIBEN_0258,variant,SHSRC0050,variant,傷寒雜病論_桂本存在對應異文（相似度0.91）。,傷寒雜病論_桂本:辨太陰病脈證並治,citation_to_node_unique,"{""book"": ""傷寒雜病論_桂本""}",0.914,pending,
REL_00971,SHL_SONGBEN_0275,clause,SHSRC0033,VR_GUIBEN_0259,variant,SHSRC0050,variant,傷寒雜病論_桂本存在對應異文（相似度1.00）。,傷寒雜病論_桂本:辨太陰病脈證並治,citation_to_node_unique,"{""book"": ""傷寒雜病論_桂本""}",1.0,pending,
REL_00972,SHL_SONGBEN_0276,clause,SHSRC0033,VR_GUIBEN_0260,variant,SHSRC0050,variant,傷寒雜病論_桂本存在對應異文（相似度1.00）。,傷寒雜病論_桂本:辨太陰病脈證並治,citation_to_node_unique,"{""book"": ""傷寒雜病論_桂本""}",1.0,pending,
REL_00973,SHL_SONGBEN_0277,clause,SHSRC0033,VR_GUIBEN_0261,variant,SHSRC0050,variant,傷寒雜病論_桂本存在對應異文（相似度0.91）。,傷寒雜病論_桂本:辨太陰病脈證並治,citation_to_node_unique,"{""book"": ""傷寒雜病論_桂本""}",0.913,pending,
REL_00974,SHL_SONGBEN_0278,clause,SHSRC0033,VR_GUIBEN_0262,variant,SHSRC0050,variant,傷寒雜病論_桂本存在對應異文（相似度1.00）。,傷寒雜病論_桂本:辨太陰病脈證並治,citation_to_node_unique,"{""book"": ""傷寒雜病論_桂本""}",1.0,pending,
REL_00975,SHL_SONGBEN_0279,clause,SHSRC0033,VR_GUIBEN_0263,variant,SHSRC0050,variant,傷寒雜病論_桂本存在對應異文（相似度0.94）。,傷寒雜病論_桂本:辨太陰病脈證並治,citation_to_node_unique,"{""book"": ""傷寒雜病論_桂本""}",0.939,pending,
REL_00976,SHL_SONGBEN_0280,clause,SHSRC0033,VR_GUIBEN_0264,variant,SHSRC0050,variant,傷寒雜病論_桂本存在對應異文（相似度0.95）。,傷寒雜病論_桂本:辨太陰病脈證並治,citation_to_node_unique,"{""book"": ""傷寒雜病論_桂本""}",0.951,pending,
REL_00977,SHL_SONGBEN_0281,clause,SHSRC0033,VR_GUIBEN_0265,variant,SHSRC0050,variant,傷寒雜病論_桂本存在對應異文（相似度1.00）。,傷寒雜病論_桂本:辨少陰病脈證並治,citation_to_node_unique,"{""book"": ""傷寒雜病論_桂本""}",1.0,pending,
REL_00978,SHL_SONGBEN_0282,clause,SHSRC0033,VR_GUIBEN_0266,variant,SHSRC0050,variant,傷寒雜病論_桂本存在對應異文（相似度0.93）。,傷寒雜病論_桂本:辨少陰病脈證並治,citation_to_node_unique,"{""book"": ""傷寒雜病論_桂本""}",0.935,pending,
REL_00979,SHL_SONGBEN_0283,clause,SHSRC0033,VR_GUIBEN_0267,variant,SHSRC0050,variant,傷寒雜病論_桂本存在對應異文（相似度1.00）。,傷寒雜病論_桂本:辨少陰病脈證並治,citation_to_node_unique,"{""book"": ""傷寒雜病論_桂本""}",1.0,pending,
REL_00980,SHL_SONGBEN_0284,clause,SHSRC0033,VR_GUIBEN_0268,variant,SHSRC0050,variant,傷寒雜病論_桂本存在對應異文（相似度0.78）。,傷寒雜病論_桂本:辨少陰病脈證並治,citation_to_node_unique,"{""book"": ""傷寒雜病論_桂本""}",0.776,pending,
REL_00981,SHL_SONGBEN_0285,clause,SHSRC0033,VR_GUIBEN_0269,variant,SHSRC0050,variant,傷寒雜病論_桂本存在對應異文（相似度1.00）。,傷寒雜病論_桂本:辨少陰病脈證並治,citation_to_node_unique,"{""book"": ""傷寒雜病論_桂本""}",1.0,pending,
REL_00982,SHL_SONGBEN_0286,clause,SHSRC0033,VR_GUIBEN_0270,variant,SHSRC0050,variant,傷寒雜病論_桂本存在對應異文（相似度1.00）。,傷寒雜病論_桂本:辨少陰病脈證並治,citation_to_node_unique,"{""book"": ""傷寒雜病論_桂本""}",1.0,pending,
REL_00983,SHL_SONGBEN_0287,clause,SHSRC0033,VR_GUIBEN_0271,variant,SHSRC0050,variant,傷寒雜病論_桂本存在對應異文（相似度1.00）。,傷寒雜病論_桂本:辨少陰病脈證並治,citation_to_node_unique,"{""book"": ""傷寒雜病論_桂本""}",1.0,pending,
REL_00984,SHL_SONGBEN_0288,clause,SHSRC0033,VR_GUIBEN_0272,variant,SHSRC0050,variant,傷寒雜病論_桂本存在對應異文（相似度0.89）。,傷寒雜病論_桂本:辨少陰病脈證並治,citation_to_node_unique,"{""book"": ""傷寒雜病論_桂本""}",0.895,pending,
REL_00985,SHL_SONGBEN_0289,clause,SHSRC0033,VR_GUIBEN_0273,variant,SHSRC0050,variant,傷寒雜病論_桂本存在對應異文（相似度0.88）。,傷寒雜病論_桂本:辨少陰病脈證並治,citation_to_node_unique,"{""book"": ""傷寒雜病論_桂本""}",0.875,pending,
REL_00986,SHL_SONGBEN_0290,clause,SHSRC0033,VR_GUIBEN_0274,variant,SHSRC0050,variant,傷寒雜病論_桂本存在對應異文（相似度1.00）。,傷寒雜病論_桂本:辨少陰病脈證並治,citation_to_node_unique,"{""book"": ""傷寒雜病論_桂本""}",1.0,pending,
REL_00987,SHL_SONGBEN_0291,clause,SHSRC0033,VR_GUIBEN_0275,variant,SHSRC0050,variant,傷寒雜病論_桂本存在對應異文（相似度1.00）。,傷寒雜病論_桂本:辨少陰病脈證並治,citation_to_node_unique,"{""book"": ""傷寒雜病論_桂本""}",1.0,pending,
REL_00988,SHL_SONGBEN_0292,clause,SHSRC0033,VR_GUIBEN_0276,variant,SHSRC0050,variant,傷寒雜病論_桂本存在對應異文（相似度1.00）。,傷寒雜病論_桂本:辨少陰病脈證並治,citation_to_node_unique,"{""book"": ""傷寒雜病論_桂本""}",1.0,pending,
REL_00989,SHL_SONGBEN_0293,clause,SHSRC0033,VR_GUIBEN_0277,variant,SHSRC0050,variant,傷寒雜病論_桂本存在對應異文（相似度1.00）。,傷寒雜病論_桂本:辨少陰病脈證並治,citation_to_node_unique,"{""book"": ""傷寒雜病論_桂本""}",1.0,pending,
REL_00990,SHL_SONGBEN_0294,clause,SHSRC0033,VR_GUIBEN_0278,variant,SHSRC0050,variant,傷寒雜病論_桂本存在對應異文（相似度0.91）。,傷寒雜病論_桂本:辨少陰病脈證並治,citation_to_node_unique,"{""book"": ""傷寒雜病論_桂本""}",0.907,pending,
REL_00991,SHL_SONGBEN_0295,clause,SHSRC0033,VR_GUIBEN_0279,variant,SHSRC0050,variant,傷寒雜病論_桂本存在對應異文（相似度0.87）。,傷寒雜病論_桂本:辨少陰病脈證並治,citation_to_node_unique,"{""book"": ""傷寒雜病論_桂本""}",0.867,pending,
REL_00992,SHL_SONGBEN_0296,clause,SHSRC0033,VR_GUIBEN_0280,variant,SHSRC0050,variant,傷寒雜病論_桂本存在對應異文（相似度1.00）。,傷寒雜病論_桂本:辨少陰病脈證並治,citation_to_node_unique,"{""book"": ""傷寒雜病論_桂本""}",1.0,pending,
REL_00993,SHL_SONGBEN_0297,clause,SHSRC0033,VR_GUIBEN_0281,variant,SHSRC0050,variant,傷寒雜病論_桂本存在對應異文（相似度1.00）。,傷寒雜病論_桂本:辨少陰病脈證並治,citation_to_node_unique,"{""book"": ""傷寒雜病論_桂本""}",1.0,pending,
REL_00994,SHL_SONGBEN_0298,clause,SHSRC0033,VR_GUIBEN_0282,variant,SHSRC0050,variant,傷寒雜病論_桂本存在對應異文（相似度0.78）。,傷寒雜病論_桂本:辨少陰病脈證並治,citation_to_node_unique,"{""book"": ""傷寒雜病論_桂本""}",0.778,pending,
REL_00995,SHL_SONGBEN_0299,clause,SHSRC0033,VR_GUIBEN_0283,variant,SHSRC0050,variant,傷寒雜病論_桂本存在對應異文（相似度1.00）。,傷寒雜病論_桂本:辨少陰病脈證並治,citation_to_node_unique,"{""book"": ""傷寒雜病論_桂本""}",1.0,pending,
REL_00996,SHL_SONGBEN_0300,clause,SHSRC0033,VR_GUIBEN_0284,variant,SHSRC0050,variant,傷寒雜病論_桂本存在對應異文（相似度1.00）。,傷寒雜病論_桂本:辨少陰病脈證並治,citation_to_node_unique,"{""book"": ""傷寒雜病論_桂本""}",1.0,pending,
REL_00997,SHL_SONGBEN_0301,clause,SHSRC0033,VR_GUIBEN_0285,variant,SHSRC0050,variant,傷寒雜病論_桂本存在對應異文（相似度0.85）。,傷寒雜病論_桂本:辨少陰病脈證並治,citation_to_node_unique,"{""book"": ""傷寒雜病論_桂本""}",0.85,pending,
REL_00998,SHL_SONGBEN_0302,clause,SHSRC0033,VR_GUIBEN_0286,variant,SHSRC0050,variant,傷寒雜病論_桂本存在對應異文（相似度0.94）。,傷寒雜病論_桂本:辨少陰病脈證並治,citation_to_node_unique,"{""book"": ""傷寒雜病論_桂本""}",0.939,pending,
REL_00999,SHL_SONGBEN_0303,clause,SHSRC0033,VR_GUIBEN_0287,variant,SHSRC0050,variant,傷寒雜病論_桂本存在對應異文（相似度0.93）。,傷寒雜病論_桂本:辨少陰病脈證並治,citation_to_node_unique,"{""book"": ""傷寒雜病論_桂本""}",0.933,pending,
REL_01000,SHL_SONGBEN_0304,clause,SHSRC0033,VR_GUIBEN_0288,variant,SHSRC0050,variant,傷寒雜病論_桂本存在對應異文（相似度1.00）。,傷寒雜病論_桂本:辨少陰病脈證並治,citation_to_node_unique,"{""book"": ""傷寒雜病論_桂本""}",1.0,pending,
REL_01001,SHL_SONGBEN_0305,clause,SHSRC0033,VR_GUIBEN_0289,variant,SHSRC0050,variant,傷寒雜病論_桂本存在對應異文（相似度0.93）。,傷寒雜病論_桂本:辨少陰病脈證並治,citation_to_node_unique,"{""book"": ""傷寒雜病論_桂本""}",0.927,pending,
REL_01002,SHL_SONGBEN_0306,clause,SHSRC0033,VR_GUIBEN_0290,variant,SHSRC0050,variant,傷寒雜病論_桂本存在對應異文（相似度1.00）。,傷寒雜病論_桂本:辨少陰病脈證並治,citation_to_node_unique,"{""book"": ""傷寒雜病論_桂本""}",1.0,pending,
REL_01003,SHL_SONGBEN_0307,clause,SHSRC0033,VR_GUIBEN_0291,variant,SHSRC0050,variant,傷寒雜病論_桂本存在對應異文（相似度0.95）。,傷寒雜病論_桂本:辨少陰病脈證並治,citation_to_node_unique,"{""book"": ""傷寒雜病論_桂本""}",0.949,pending,
REL_01004,SHL_SONGBEN_0308,clause,SHSRC0033,VR_GUIBEN_0292,variant,SHSRC0050,variant,傷寒雜病論_桂本存在對應異文（相似度0.87）。,傷寒雜病論_桂本:辨少陰病脈證並治,citation_to_node_unique,"{""book"": ""傷寒雜病論_桂本""}",0.87,pending,
REL_01005,SHL_SONGBEN_0309,clause,SHSRC0033,VR_GUIBEN_0293,variant,SHSRC0050,variant,傷寒雜病論_桂本存在對應異文（相似度1.00）。,傷寒雜病論_桂本:辨少陰病脈證並治,citation_to_node_unique,"{""book"": ""傷寒雜病論_桂本""}",1.0,pending,
REL_01006,SHL_SONGBEN_0310,clause,SHSRC0033,VR_GUIBEN_0294,variant,SHSRC0050,variant,傷寒雜病論_桂本存在對應異文（相似度0.90）。,傷寒雜病論_桂本:辨少陰病脈證並治,citation_to_node_unique,"{""book"": ""傷寒雜病論_桂本""}",0.903,pending,
REL_01007,SHL_SONGBEN_0311,clause,SHSRC0033,VR_GUIBEN_0295,variant,SHSRC0050,variant,傷寒雜病論_桂本存在對應異文（相似度0.85）。,傷寒雜病論_桂本:辨少陰病脈證並治,citation_to_node_unique,"{""book"": ""傷寒雜病論_桂本""}",0.85,pending,
REL_01008,SHL_SONGBEN_0312,clause,SHSRC0033,VR_GUIBEN_0296,variant,SHSRC0050,variant,傷寒雜病論_桂本存在對應異文（相似度0.86）。,傷寒雜病論_桂本:辨少陰病脈證並治,citation_to_node_unique,"{""book"": ""傷寒雜病論_桂本""}",0.864,pending,
REL_01009,SHL_SONGBEN_0313,clause,SHSRC0033,VR_GUIBEN_0297,variant,SHSRC0050,variant,傷寒雜病論_桂本存在對應異文（相似度0.79）。,傷寒雜病論_桂本:辨少陰病脈證並治,citation_to_node_unique,"{""book"": ""傷寒雜病論_桂本""}",0.786,pending,
REL_01010,SHL_SONGBEN_0314,clause,SHSRC0033,VR_GUIBEN_0298,variant,SHSRC0050,variant,傷寒雜病論_桂本存在對應異文（相似度1.00）。,傷寒雜病論_桂本:辨少陰病脈證並治,citation_to_node_unique,"{""book"": ""傷寒雜病論_桂本""}",1.0,pending,
REL_01011,SHL_SONGBEN_0315,clause,SHSRC0033,VR_GUIBEN_0299,variant,SHSRC0050,variant,傷寒雜病論_桂本存在對應異文（相似度0.96）。,傷寒雜病論_桂本:辨少陰病脈證並治,citation_to_node_unique,"{""book"": ""傷寒雜病論_桂本""}",0.964,pending,
REL_01012,SHL_SONGBEN_0316,clause,SHSRC0033,VR_GUIBEN_0300,variant,SHSRC0050,variant,傷寒雜病論_桂本存在對應異文（相似度0.95）。,傷寒雜病論_桂本:辨少陰病脈證並治,citation_to_node_unique,"{""book"": ""傷寒雜病論_桂本""}",0.947,pending,
REL_01013,SHL_SONGBEN_0317,clause,SHSRC0033,VR_GUIBEN_0301,variant,SHSRC0050,variant,傷寒雜病論_桂本存在對應異文（相似度1.00）。,傷寒雜病論_桂本:辨少陰病脈證並治,citation_to_node_unique,"{""book"": ""傷寒雜病論_桂本""}",1.0,pending,
REL_01014,SHL_SONGBEN_0318,clause,SHSRC0033,VR_GUIBEN_0302,variant,SHSRC0050,variant,傷寒雜病論_桂本存在對應異文（相似度0.93）。,傷寒雜病論_桂本:辨少陰病脈證並治,citation_to_node_unique,"{""book"": ""傷寒雜病論_桂本""}",0.931,pending,
REL_01015,SHL_SONGBEN_0319,clause,SHSRC0033,VR_GUIBEN_0303,variant,SHSRC0050,variant,傷寒雜病論_桂本存在對應異文（相似度0.91）。,傷寒雜病論_桂本:辨少陰病脈證並治,citation_to_node_unique,"{""book"": ""傷寒雜病論_桂本""}",0.909,pending,
REL_01016,SHL_SONGBEN_0320,clause,SHSRC0033,VR_GUIBEN_0304,variant,SHSRC0050,variant,傷寒雜病論_桂本存在對應異文（相似度1.00）。,傷寒雜病論_桂本:辨少陰病脈證並治,citation_to_node_unique,"{""book"": ""傷寒雜病論_桂本""}",1.0,pending,
REL_01017,SHL_SONGBEN_0321,clause,SHSRC0033,VR_GUIBEN_0305,variant,SHSRC0050,variant,傷寒雜病論_桂本存在對應異文（相似度0.94）。,傷寒雜病論_桂本:辨少陰病脈證並治,citation_to_node_unique,"{""book"": ""傷寒雜病論_桂本""}",0.943,pending,
REL_01018,SHL_SONGBEN_0322,clause,SHSRC0033,VR_GUIBEN_0306,variant,SHSRC0050,variant,傷寒雜病論_桂本存在對應異文（相似度0.93）。,傷寒雜病論_桂本:辨少陰病脈證並治,citation_to_node_unique,"{""book"": ""傷寒雜病論_桂本""}",0.927,pending,
REL_01019,SHL_SONGBEN_0323,clause,SHSRC0033,VR_GUIBEN_0307,variant,SHSRC0050,variant,傷寒雜病論_桂本存在對應異文（相似度1.00）。,傷寒雜病論_桂本:辨少陰病脈證並治,citation_to_node_unique,"{""book"": ""傷寒雜病論_桂本""}",1.0,pending,
REL_01020,SHL_SONGBEN_0324,clause,SHSRC0033,VR_GUIBEN_0308,variant,SHSRC0050,variant,傷寒雜病論_桂本存在對應異文（相似度0.92）。,傷寒雜病論_桂本:辨少陰病脈證並治,citation_to_node_unique,"{""book"": ""傷寒雜病論_桂本""}",0.915,pending,
REL_01021,SHL_SONGBEN_0325,clause,SHSRC0033,VR_GUIBEN_0309,variant,SHSRC0050,variant,傷寒雜病論_桂本存在對應異文（相似度1.00）。,傷寒雜病論_桂本:辨厥陰病脈證並治,citation_to_node_unique,"{""book"": ""傷寒雜病論_桂本""}",1.0,pending,
REL_01022,SHL_SONGBEN_0326,clause,SHSRC0033,VR_GUIBEN_0310,variant,SHSRC0050,variant,傷寒雜病論_桂本存在對應異文（相似度1.00）。,傷寒雜病論_桂本:辨厥陰病脈證並治,citation_to_node_unique,"{""book"": ""傷寒雜病論_桂本""}",1.0,pending,
REL_01023,SHL_SONGBEN_0327,clause,SHSRC0033,VR_GUIBEN_0311,variant,SHSRC0050,variant,傷寒雜病論_桂本存在對應異文（相似度1.00）。,傷寒雜病論_桂本:辨厥陰病脈證並治,citation_to_node_unique,"{""book"": ""傷寒雜病論_桂本""}",1.0,pending,
REL_01024,SHL_SONGBEN_0328,clause,SHSRC0033,VR_GUIBEN_0312,variant,SHSRC0050,variant,傷寒雜病論_桂本存在對應異文（相似度0.84）。,傷寒雜病論_桂本:辨厥陰病脈證並治,citation_to_node_unique,"{""book"": ""傷寒雜病論_桂本""}",0.842,pending,
REL_01025,SHL_SONGBEN_0329,clause,SHSRC0033,VR_GUIBEN_0313,variant,SHSRC0050,variant,傷寒雜病論_桂本存在對應異文（相似度1.00）。,傷寒雜病論_桂本:辨厥陰病脈證並治,citation_to_node_unique,"{""book"": ""傷寒雜病論_桂本""}",1.0,pending,
REL_01026,SHL_SONGBEN_0330,clause,SHSRC0033,VR_GUIBEN_0314,variant,SHSRC0050,variant,傷寒雜病論_桂本存在對應異文（相似度1.00）。,傷寒雜病論_桂本:辨厥陰病脈證並治,citation_to_node_unique,"{""book"": ""傷寒雜病論_桂本""}",1.0,pending,
REL_01027,SHL_SONGBEN_0331,clause,SHSRC0033,VR_GUIBEN_0315,variant,SHSRC0050,variant,傷寒雜病論_桂本存在對應異文（相似度1.00）。,傷寒雜病論_桂本:辨厥陰病脈證並治,citation_to_node_unique,"{""book"": ""傷寒雜病論_桂本""}",1.0,pending,
REL_01028,SHL_SONGBEN_0332,clause,SHSRC0033,VR_GUIBEN_0316,variant,SHSRC0050,variant,傷寒雜病論_桂本存在對應異文（相似度0.96）。,傷寒雜病論_桂本:辨厥陰病脈證並治,citation_to_node_unique,"{""book"": ""傷寒雜病論_桂本""}",0.959,pending,
REL_01029,SHL_SONGBEN_0333,clause,SHSRC0033,VR_GUIBEN_0317,variant,SHSRC0050,variant,傷寒雜病論_桂本存在對應異文（相似度0.86）。,傷寒雜病論_桂本:辨厥陰病脈證並治,citation_to_node_unique,"{""book"": ""傷寒雜病論_桂本""}",0.857,pending,
REL_01030,SHL_SONGBEN_0334,clause,SHSRC0033,VR_GUIBEN_0318,variant,SHSRC0050,variant,傷寒雜病論_桂本存在對應異文（相似度1.00）。,傷寒雜病論_桂本:辨厥陰病脈證並治,citation_to_node_unique,"{""book"": ""傷寒雜病論_桂本""}",1.0,pending,
REL_01031,SHL_SONGBEN_0335,clause,SHSRC0033,VR_GUIBEN_0319,variant,SHSRC0050,variant,傷寒雜病論_桂本存在對應異文（相似度1.00）。,傷寒雜病論_桂本:辨厥陰病脈證並治,citation_to_node_unique,"{""book"": ""傷寒雜病論_桂本""}",1.0,pending,
REL_01032,SHL_SONGBEN_0336,clause,SHSRC0033,VR_GUIBEN_0320,variant,SHSRC0050,variant,傷寒雜病論_桂本存在對應異文（相似度0.95）。,傷寒雜病論_桂本:辨厥陰病脈證並治,citation_to_node_unique,"{""book"": ""傷寒雜病論_桂本""}",0.949,pending,
REL_01033,SHL_SONGBEN_0337,clause,SHSRC0033,VR_GUIBEN_0321,variant,SHSRC0050,variant,傷寒雜病論_桂本存在對應異文（相似度0.92）。,傷寒雜病論_桂本:辨厥陰病脈證並治,citation_to_node_unique,"{""book"": ""傷寒雜病論_桂本""}",0.923,pending,
REL_01034,SHL_SONGBEN_0338,clause,SHSRC0033,VR_GUIBEN_0322,variant,SHSRC0050,variant,傷寒雜病論_桂本存在對應異文（相似度0.91）。,傷寒雜病論_桂本:辨厥陰病脈證並治,citation_to_node_unique,"{""book"": ""傷寒雜病論_桂本""}",0.911,pending,
REL_01035,SHL_SONGBEN_0339,clause,SHSRC0033,VR_GUIBEN_0323,variant,SHSRC0050,variant,傷寒雜病論_桂本存在對應異文（相似度1.00）。,傷寒雜病論_桂本:辨厥陰病脈證並治,citation_to_node_unique,"{""book"": ""傷寒雜病論_桂本""}",1.0,pending,
REL_01036,SHL_SONGBEN_0340,clause,SHSRC0033,VR_GUIBEN_0324,variant,SHSRC0050,variant,傷寒雜病論_桂本存在對應異文（相似度0.92）。,傷寒雜病論_桂本:辨厥陰病脈證並治,citation_to_node_unique,"{""book"": ""傷寒雜病論_桂本""}",0.92,pending,
REL_01037,SHL_SONGBEN_0341,clause,SHSRC0033,VR_GUIBEN_0325,variant,SHSRC0050,variant,傷寒雜病論_桂本存在對應異文（相似度1.00）。,傷寒雜病論_桂本:辨厥陰病脈證並治,citation_to_node_unique,"{""book"": ""傷寒雜病論_桂本""}",1.0,pending,
REL_01038,SHL_SONGBEN_0342,clause,SHSRC0033,VR_GUIBEN_0326,variant,SHSRC0050,variant,傷寒雜病論_桂本存在對應異文（相似度1.00）。,傷寒雜病論_桂本:辨厥陰病脈證並治,citation_to_node_unique,"{""book"": ""傷寒雜病論_桂本""}",1.0,pending,
REL_01039,SHL_SONGBEN_0343,clause,SHSRC0033,VR_GUIBEN_0327,variant,SHSRC0050,variant,傷寒雜病論_桂本存在對應異文（相似度1.00）。,傷寒雜病論_桂本:辨厥陰病脈證並治,citation_to_node_unique,"{""book"": ""傷寒雜病論_桂本""}",1.0,pending,
REL_01040,SHL_SONGBEN_0344,clause,SHSRC0033,VR_GUIBEN_0328,variant,SHSRC0050,variant,傷寒雜病論_桂本存在對應異文（相似度1.00）。,傷寒雜病論_桂本:辨厥陰病脈證並治,citation_to_node_unique,"{""book"": ""傷寒雜病論_桂本""}",1.0,pending,
REL_01041,SHL_SONGBEN_0345,clause,SHSRC0033,VR_GUIBEN_0329,variant,SHSRC0050,variant,傷寒雜病論_桂本存在對應異文（相似度1.00）。,傷寒雜病論_桂本:辨厥陰病脈證並治,citation_to_node_unique,"{""book"": ""傷寒雜病論_桂本""}",1.0,pending,
REL_01042,SHL_SONGBEN_0346,clause,SHSRC0033,VR_GUIBEN_0330,variant,SHSRC0050,variant,傷寒雜病論_桂本存在對應異文（相似度1.00）。,傷寒雜病論_桂本:辨厥陰病脈證並治,citation_to_node_unique,"{""book"": ""傷寒雜病論_桂本""}",1.0,pending,
REL_01043,SHL_SONGBEN_0347,clause,SHSRC0033,VR_GUIBEN_0331,variant,SHSRC0050,variant,傷寒雜病論_桂本存在對應異文（相似度0.82）。,傷寒雜病論_桂本:辨厥陰病脈證並治,citation_to_node_unique,"{""book"": ""傷寒雜病論_桂本""}",0.816,pending,
REL_01044,SHL_SONGBEN_0348,clause,SHSRC0033,VR_GUIBEN_0332,variant,SHSRC0050,variant,傷寒雜病論_桂本存在對應異文（相似度0.92）。,傷寒雜病論_桂本:辨厥陰病脈證並治,citation_to_node_unique,"{""book"": ""傷寒雜病論_桂本""}",0.917,pending,
REL_01045,SHL_SONGBEN_0349,clause,SHSRC0033,VR_GUIBEN_0333,variant,SHSRC0050,variant,傷寒雜病論_桂本存在對應異文（相似度0.86）。,傷寒雜病論_桂本:辨厥陰病脈證並治,citation_to_node_unique,"{""book"": ""傷寒雜病論_桂本""}",0.857,pending,
REL_01046,SHL_SONGBEN_0350,clause,SHSRC0033,VR_GUIBEN_0334,variant,SHSRC0050,variant,傷寒雜病論_桂本存在對應異文（相似度0.90）。,傷寒雜病論_桂本:辨厥陰病脈證並治,citation_to_node_unique,"{""book"": ""傷寒雜病論_桂本""}",0.897,pending,
REL_01047,SHL_SONGBEN_0353,clause,SHSRC0033,VR_GUIBEN_0335,variant,SHSRC0050,variant,傷寒雜病論_桂本存在對應異文（相似度0.92）。,傷寒雜病論_桂本:辨厥陰病脈證並治,citation_to_node_unique,"{""book"": ""傷寒雜病論_桂本""}",0.92,pending,
REL_01048,SHL_SONGBEN_0354,clause,SHSRC0033,VR_GUIBEN_0336,variant,SHSRC0050,variant,傷寒雜病論_桂本存在對應異文（相似度0.81）。,傷寒雜病論_桂本:辨厥陰病脈證並治,citation_to_node_unique,"{""book"": ""傷寒雜病論_桂本""}",0.812,pending,
REL_01049,SHL_SONGBEN_0355,clause,SHSRC0033,VR_GUIBEN_0337,variant,SHSRC0050,variant,傷寒雜病論_桂本存在對應異文（相似度1.00）。,傷寒雜病論_桂本:辨厥陰病脈證並治,citation_to_node_unique,"{""book"": ""傷寒雜病論_桂本""}",1.0,pending,
REL_01050,SHL_SONGBEN_0356,clause,SHSRC0033,VR_GUIBEN_0338,variant,SHSRC0050,variant,傷寒雜病論_桂本存在對應異文（相似度0.95）。,傷寒雜病論_桂本:辨厥陰病脈證並治,citation_to_node_unique,"{""book"": ""傷寒雜病論_桂本""}",0.952,pending,
REL_01051,SHL_SONGBEN_0357,clause,SHSRC0033,VR_GUIBEN_0339,variant,SHSRC0050,variant,傷寒雜病論_桂本存在對應異文（相似度0.73）。,傷寒雜病論_桂本:辨厥陰病脈證並治,citation_to_node_unique,"{""book"": ""傷寒雜病論_桂本""}",0.729,pending,
REL_01052,SHL_SONGBEN_0358,clause,SHSRC0033,VR_GUIBEN_0340,variant,SHSRC0050,variant,傷寒雜病論_桂本存在對應異文（相似度0.90）。,傷寒雜病論_桂本:辨厥陰病脈證並治,citation_to_node_unique,"{""book"": ""傷寒雜病論_桂本""}",0.9,pending,
REL_01053,SHL_SONGBEN_0359,clause,SHSRC0033,VR_GUIBEN_0341,variant,SHSRC0050,variant,傷寒雜病論_桂本存在對應異文（相似度0.90）。,傷寒雜病論_桂本:辨厥陰病脈證並治,citation_to_node_unique,"{""book"": ""傷寒雜病論_桂本""}",0.899,pending,
REL_01054,SHL_SONGBEN_0360,clause,SHSRC0033,VR_GUIBEN_0342,variant,SHSRC0050,variant,傷寒雜病論_桂本存在對應異文（相似度0.83）。,傷寒雜病論_桂本:辨厥陰病脈證並治,citation_to_node_unique,"{""book"": ""傷寒雜病論_桂本""}",0.833,pending,
REL_01055,SHL_SONGBEN_0362,clause,SHSRC0033,VR_GUIBEN_0343,variant,SHSRC0050,variant,傷寒雜病論_桂本存在對應異文（相似度0.93）。,傷寒雜病論_桂本:辨厥陰病脈證並治,citation_to_node_unique,"{""book"": ""傷寒雜病論_桂本""}",0.933,pending,
REL_01056,SHL_SONGBEN_0363,clause,SHSRC0033,VR_GUIBEN_0344,variant,SHSRC0050,variant,傷寒雜病論_桂本存在對應異文（相似度0.70）。,傷寒雜病論_桂本:辨厥陰病脈證並治,citation_to_node_unique,"{""book"": ""傷寒雜病論_桂本""}",0.703,pending,
REL_01057,SHL_SONGBEN_0364,clause,SHSRC0033,VR_GUIBEN_0345,variant,SHSRC0050,variant,傷寒雜病論_桂本存在對應異文（相似度0.83）。,傷寒雜病論_桂本:辨厥陰病脈證並治,citation_to_node_unique,"{""book"": ""傷寒雜病論_桂本""}",0.833,pending,
REL_01058,SHL_SONGBEN_0365,clause,SHSRC0033,VR_GUIBEN_0346,variant,SHSRC0050,variant,傷寒雜病論_桂本存在對應異文（相似度1.00）。,傷寒雜病論_桂本:辨厥陰病脈證並治,citation_to_node_unique,"{""book"": ""傷寒雜病論_桂本""}",1.0,pending,
REL_01059,SHL_SONGBEN_0366,clause,SHSRC0033,VR_GUIBEN_0347,variant,SHSRC0050,variant,傷寒雜病論_桂本存在對應異文（相似度1.00）。,傷寒雜病論_桂本:辨厥陰病脈證並治,citation_to_node_unique,"{""book"": ""傷寒雜病論_桂本""}",1.0,pending,
REL_01060,SHL_SONGBEN_0367,clause,SHSRC0033,VR_GUIBEN_0348,variant,SHSRC0050,variant,傷寒雜病論_桂本存在對應異文（相似度0.90）。,傷寒雜病論_桂本:辨厥陰病脈證並治,citation_to_node_unique,"{""book"": ""傷寒雜病論_桂本""}",0.905,pending,
REL_01061,SHL_SONGBEN_0368,clause,SHSRC0033,VR_GUIBEN_0349,variant,SHSRC0050,variant,傷寒雜病論_桂本存在對應異文（相似度1.00）。,傷寒雜病論_桂本:辨厥陰病脈證並治,citation_to_node_unique,"{""book"": ""傷寒雜病論_桂本""}",1.0,pending,
REL_01062,SHL_SONGBEN_0369,clause,SHSRC0033,VR_GUIBEN_0350,variant,SHSRC0050,variant,傷寒雜病論_桂本存在對應異文（相似度1.00）。,傷寒雜病論_桂本:辨厥陰病脈證並治,citation_to_node_unique,"{""book"": ""傷寒雜病論_桂本""}",1.0,pending,
REL_01063,SHL_SONGBEN_0370,clause,SHSRC0033,VR_GUIBEN_0351,variant,SHSRC0050,variant,傷寒雜病論_桂本存在對應異文（相似度1.00）。,傷寒雜病論_桂本:辨厥陰病脈證並治,citation_to_node_unique,"{""book"": ""傷寒雜病論_桂本""}",1.0,pending,
REL_01064,SHL_SONGBEN_0371,clause,SHSRC0033,VR_GUIBEN_0352,variant,SHSRC0050,variant,傷寒雜病論_桂本存在對應異文（相似度1.00）。,傷寒雜病論_桂本:辨厥陰病脈證並治,citation_to_node_unique,"{""book"": ""傷寒雜病論_桂本""}",1.0,pending,
REL_01065,SHL_SONGBEN_0372,clause,SHSRC0033,VR_GUIBEN_0353,variant,SHSRC0050,variant,傷寒雜病論_桂本存在對應異文（相似度0.94）。,傷寒雜病論_桂本:辨厥陰病脈證並治,citation_to_node_unique,"{""book"": ""傷寒雜病論_桂本""}",0.935,pending,
REL_01066,SHL_SONGBEN_0373,clause,SHSRC0033,VR_GUIBEN_0354,variant,SHSRC0050,variant,傷寒雜病論_桂本存在對應異文（相似度0.91）。,傷寒雜病論_桂本:辨厥陰病脈證並治,citation_to_node_unique,"{""book"": ""傷寒雜病論_桂本""}",0.914,pending,
REL_01067,SHL_SONGBEN_0374,clause,SHSRC0033,VR_GUIBEN_0355,variant,SHSRC0050,variant,傷寒雜病論_桂本存在對應異文（相似度0.85）。,傷寒雜病論_桂本:辨厥陰病脈證並治,citation_to_node_unique,"{""book"": ""傷寒雜病論_桂本""}",0.846,pending,
REL_01068,SHL_SONGBEN_0375,clause,SHSRC0033,VR_GUIBEN_0356,variant,SHSRC0050,variant,傷寒雜病論_桂本存在對應異文（相似度1.00）。,傷寒雜病論_桂本:辨厥陰病脈證並治,citation_to_node_unique,"{""book"": ""傷寒雜病論_桂本""}",1.0,pending,
REL_01069,SHL_SONGBEN_0376,clause,SHSRC0033,VR_GUIBEN_0357,variant,SHSRC0050,variant,傷寒雜病論_桂本存在對應異文（相似度1.00）。,傷寒雜病論_桂本:辨厥陰病脈證並治,citation_to_node_unique,"{""book"": ""傷寒雜病論_桂本""}",1.0,pending,
REL_01070,SHL_SONGBEN_0377,clause,SHSRC0033,VR_GUIBEN_0358,variant,SHSRC0050,variant,傷寒雜病論_桂本存在對應異文（相似度0.93）。,傷寒雜病論_桂本:辨厥陰病脈證並治,citation_to_node_unique,"{""book"": ""傷寒雜病論_桂本""}",0.933,pending,
REL_01071,SHL_SONGBEN_0378,clause,SHSRC0033,VR_GUIBEN_0359,variant,SHSRC0050,variant,傷寒雜病論_桂本存在對應異文（相似度0.90）。,傷寒雜病論_桂本:辨厥陰病脈證並治,citation_to_node_unique,"{""book"": ""傷寒雜病論_桂本""}",0.897,pending,
REL_01072,SHL_SONGBEN_0379,clause,SHSRC0033,VR_GUIBEN_0360,variant,SHSRC0050,variant,傷寒雜病論_桂本存在對應異文（相似度1.00）。,傷寒雜病論_桂本:辨厥陰病脈證並治,citation_to_node_unique,"{""book"": ""傷寒雜病論_桂本""}",1.0,pending,
REL_01073,SHL_SONGBEN_0380,clause,SHSRC0033,VR_GUIBEN_0361,variant,SHSRC0050,variant,傷寒雜病論_桂本存在對應異文（相似度0.96）。,傷寒雜病論_桂本:辨厥陰病脈證並治,citation_to_node_unique,"{""book"": ""傷寒雜病論_桂本""}",0.962,pending,
REL_01074,SHL_SONGBEN_0381,clause,SHSRC0033,VR_GUIBEN_0362,variant,SHSRC0050,variant,傷寒雜病論_桂本存在對應異文（相似度0.78）。,傷寒雜病論_桂本:辨厥陰病脈證並治,citation_to_node_unique,"{""book"": ""傷寒雜病論_桂本""}",0.778,pending,
REL_01075,SHL_SONGBEN_0382,clause,SHSRC0033,VR_GUIBEN_0363,variant,SHSRC0050,variant,傷寒雜病論_桂本存在對應異文（相似度1.00）。,傷寒雜病論_桂本:辨霍亂吐利病脈證並治,citation_to_node_unique,"{""book"": ""傷寒雜病論_桂本""}",1.0,pending,
REL_01076,SHL_SONGBEN_0383,clause,SHSRC0033,VR_GUIBEN_0364,variant,SHSRC0050,variant,傷寒雜病論_桂本存在對應異文（相似度0.72）。,傷寒雜病論_桂本:辨霍亂吐利病脈證並治,citation_to_node_unique,"{""book"": ""傷寒雜病論_桂本""}",0.722,pending,
REL_01077,SHL_SONGBEN_0384,clause,SHSRC0033,VR_GUIBEN_0365,variant,SHSRC0050,variant,傷寒雜病論_桂本存在對應異文（相似度0.67）。,傷寒雜病論_桂本:辨霍亂吐利病脈證並治,citation_to_node_unique,"{""book"": ""傷寒雜病論_桂本""}",0.675,pending,
REL_01078,SHL_SONGBEN_0385,clause,SHSRC0033,VR_GUIBEN_0366,variant,SHSRC0050,variant,傷寒雜病論_桂本存在對應異文（相似度0.80）。,傷寒雜病論_桂本:辨霍亂吐利病脈證並治,citation_to_node_unique,"{""book"": ""傷寒雜病論_桂本""}",0.8,pending,
REL_01079,SHL_SONGBEN_0386,clause,SHSRC0033,VR_GUIBEN_0367,variant,SHSRC0050,variant,傷寒雜病論_桂本存在對應異文（相似度0.89）。,傷寒雜病論_桂本:辨霍亂吐利病脈證並治,citation_to_node_unique,"{""book"": ""傷寒雜病論_桂本""}",0.893,pending,
REL_01080,SHL_SONGBEN_0387,clause,SHSRC0033,VR_GUIBEN_0368,variant,SHSRC0050,variant,傷寒雜病論_桂本存在對應異文（相似度0.93）。,傷寒雜病論_桂本:辨霍亂吐利病脈證並治,citation_to_node_unique,"{""book"": ""傷寒雜病論_桂本""}",0.927,pending,
REL_01081,SHL_SONGBEN_0388,clause,SHSRC0033,VR_GUIBEN_0369,variant,SHSRC0050,variant,傷寒雜病論_桂本存在對應異文（相似度0.93）。,傷寒雜病論_桂本:辨霍亂吐利病脈證並治,citation_to_node_unique,"{""book"": ""傷寒雜病論_桂本""}",0.933,pending,
REL_01082,SHL_SONGBEN_0389,clause,SHSRC0033,VR_GUIBEN_0370,variant,SHSRC0050,variant,傷寒雜病論_桂本存在對應異文（相似度0.95）。,傷寒雜病論_桂本:辨霍亂吐利病脈證並治,citation_to_node_unique,"{""book"": ""傷寒雜病論_桂本""}",0.951,pending,
REL_01083,SHL_SONGBEN_0390,clause,SHSRC0033,VR_GUIBEN_0371,variant,SHSRC0050,variant,傷寒雜病論_桂本存在對應異文（相似度1.00）。,傷寒雜病論_桂本:辨霍亂吐利病脈證並治,citation_to_node_unique,"{""book"": ""傷寒雜病論_桂本""}",1.0,pending,
REL_01084,SHL_SONGBEN_0391,clause,SHSRC0033,VR_GUIBEN_0372,variant,SHSRC0050,variant,傷寒雜病論_桂本存在對應異文（相似度0.80）。,傷寒雜病論_桂本:辨霍亂吐利病脈證並治,citation_to_node_unique,"{""book"": ""傷寒雜病論_桂本""}",0.8,pending,
REL_01085,SHL_SONGBEN_0392,clause,SHSRC0033,VR_GUIBEN_0373,variant,SHSRC0050,variant,傷寒雜病論_桂本存在對應異文（相似度0.65）。,傷寒雜病論_桂本:辨痙陰陽易差後病脈證並治,citation_to_node_unique,"{""book"": ""傷寒雜病論_桂本""}",0.647,pending,
REL_01086,SHL_SONGBEN_0393,clause,SHSRC0033,VR_GUIBEN_0374,variant,SHSRC0050,variant,傷寒雜病論_桂本存在對應異文（相似度0.64）。,傷寒雜病論_桂本:辨痙陰陽易差後病脈證並治,citation_to_node_unique,"{""book"": ""傷寒雜病論_桂本""}",0.636,pending,
REL_01087,SHL_SONGBEN_0394,clause,SHSRC0033,VR_GUIBEN_0375,variant,SHSRC0050,variant,傷寒雜病論_桂本存在對應異文（相似度0.86）。,傷寒雜病論_桂本:辨痙陰陽易差後病脈證並治,citation_to_node_unique,"{""book"": ""傷寒雜病論_桂本""}",0.863,pending,
REL_01088,SHL_SONGBEN_0395,clause,SHSRC0033,VR_GUIBEN_0376,variant,SHSRC0050,variant,傷寒雜病論_桂本存在對應異文（相似度1.00）。,傷寒雜病論_桂本:辨痙陰陽易差後病脈證並治,citation_to_node_unique,"{""book"": ""傷寒雜病論_桂本""}",1.0,pending,
REL_01089,SHL_SONGBEN_0396,clause,SHSRC0033,VR_GUIBEN_0377,variant,SHSRC0050,variant,傷寒雜病論_桂本存在對應異文（相似度0.86）。,傷寒雜病論_桂本:辨痙陰陽易差後病脈證並治,citation_to_node_unique,"{""book"": ""傷寒雜病論_桂本""}",0.863,pending,
REL_01090,SHL_SONGBEN_0397,clause,SHSRC0033,VR_GUIBEN_0378,variant,SHSRC0050,variant,傷寒雜病論_桂本存在對應異文（相似度0.92）。,傷寒雜病論_桂本:辨痙陰陽易差後病脈證並治,citation_to_node_unique,"{""book"": ""傷寒雜病論_桂本""}",0.919,pending,
REL_01091,SHL_SONGBEN_0398,clause,SHSRC0033,VR_GUIBEN_0379,variant,SHSRC0050,variant,傷寒雜病論_桂本存在對應異文（相似度0.84）。,傷寒雜病論_桂本:辨痙陰陽易差後病脈證並治,citation_to_node_unique,"{""book"": ""傷寒雜病論_桂本""}",0.836,pending,
REL_01092,SHL_SONGBEN_0001,clause,SHSRC0033,VR_QIANJINYI_0380,variant,SHSRC0034,variant,傷寒論_千金翼方版存在對應異文（相似度0.83）。,傷寒論_千金翼方版:傷寒論(千金翼方版),citation_to_node_unique,"{""book"": ""傷寒論_千金翼方版""}",0.833,pending,
REL_01093,SHL_SONGBEN_0002,clause,SHSRC0033,VR_QIANJINYI_0381,variant,SHSRC0034,variant,傷寒論_千金翼方版存在對應異文（相似度0.67）。,傷寒論_千金翼方版:傷寒論(千金翼方版),citation_to_node_unique,"{""book"": ""傷寒論_千金翼方版""}",0.667,pending,
REL_01094,SHL_SONGBEN_0003,clause,SHSRC0033,VR_QIANJINYI_0382,variant,SHSRC0034,variant,傷寒論_千金翼方版存在對應異文（相似度0.92）。,傷寒論_千金翼方版:太陽病用麻黃湯法第二,citation_to_node_unique,"{""book"": ""傷寒論_千金翼方版""}",0.92,pending,
REL_01095,SHL_SONGBEN_0004,clause,SHSRC0033,VR_QIANJINYI_0383,variant,SHSRC0034,variant,傷寒論_千金翼方版存在對應異文（相似度0.87）。,傷寒論_千金翼方版:太陽病用麻黃湯法第二,citation_to_node_unique,"{""book"": ""傷寒論_千金翼方版""}",0.868,pending,
REL_01096,SHL_SONGBEN_0007,clause,SHSRC0033,VR_QIANJINYI_0384,variant,SHSRC0034,variant,傷寒論_千金翼方版存在對應異文（相似度0.78）。,傷寒論_千金翼方版:傷寒論(千金翼方版),citation_to_node_unique,"{""book"": ""傷寒論_千金翼方版""}",0.781,pending,
REL_01097,SHL_SONGBEN_0008,clause,SHSRC0033,VR_QIANJINYI_0385,variant,SHSRC0034,variant,傷寒論_千金翼方版存在對應異文（相似度0.88）。,傷寒論_千金翼方版:傷寒論(千金翼方版),citation_to_node_unique,"{""book"": ""傷寒論_千金翼方版""}",0.882,pending,
REL_01098,SHL_SONGBEN_0009,clause,SHSRC0033,VR_QIANJINYI_0386,variant,SHSRC0034,variant,傷寒論_千金翼方版存在對應異文（相似度0.74）。,傷寒論_千金翼方版:傷寒論(千金翼方版),citation_to_node_unique,"{""book"": ""傷寒論_千金翼方版""}",0.737,pending,
REL_01099,SHL_SONGBEN_0010,clause,SHSRC0033,VR_QIANJINYI_0387,variant,SHSRC0034,variant,傷寒論_千金翼方版存在對應異文（相似度1.00）。,傷寒論_千金翼方版:傷寒論(千金翼方版),citation_to_node_unique,"{""book"": ""傷寒論_千金翼方版""}",1.0,pending,
REL_01100,SHL_SONGBEN_0012,clause,SHSRC0033,VR_QIANJINYI_0388,variant,SHSRC0034,variant,傷寒論_千金翼方版存在對應異文（相似度0.84）。,傷寒論_千金翼方版:傷寒論(千金翼方版),citation_to_node_unique,"{""book"": ""傷寒論_千金翼方版""}",0.84,pending,
REL_01101,SHL_SONGBEN_0013,clause,SHSRC0033,VR_QIANJINYI_0389,variant,SHSRC0034,variant,傷寒論_千金翼方版存在對應異文（相似度1.00）。,傷寒論_千金翼方版:傷寒論(千金翼方版),citation_to_node_unique,"{""book"": ""傷寒論_千金翼方版""}",1.0,pending,
REL_01102,SHL_SONGBEN_0014,clause,SHSRC0033,VR_QIANJINYI_0390,variant,SHSRC0034,variant,傷寒論_千金翼方版存在對應異文（相似度0.77）。,傷寒論_千金翼方版:傷寒論(千金翼方版),citation_to_node_unique,"{""book"": ""傷寒論_千金翼方版""}",0.766,pending,
REL_01103,SHL_SONGBEN_0017,clause,SHSRC0033,VR_QIANJINYI_0391,variant,SHSRC0034,variant,傷寒論_千金翼方版存在對應異文（相似度0.83）。,傷寒論_千金翼方版:傷寒論(千金翼方版),citation_to_node_unique,"{""book"": ""傷寒論_千金翼方版""}",0.833,pending,
REL_01104,SHL_SONGBEN_0018,clause,SHSRC0033,VR_QIANJINYI_0392,variant,SHSRC0034,variant,傷寒論_千金翼方版存在對應異文（相似度0.82）。,傷寒論_千金翼方版:傷寒論(千金翼方版),citation_to_node_unique,"{""book"": ""傷寒論_千金翼方版""}",0.818,pending,
REL_01105,SHL_SONGBEN_0019,clause,SHSRC0033,VR_QIANJINYI_0393,variant,SHSRC0034,variant,傷寒論_千金翼方版存在對應異文（相似度0.92）。,傷寒論_千金翼方版:傷寒論(千金翼方版),citation_to_node_unique,"{""book"": ""傷寒論_千金翼方版""}",0.917,pending,
REL_01106,SHL_SONGBEN_0020,clause,SHSRC0033,VR_QIANJINYI_0394,variant,SHSRC0034,variant,傷寒論_千金翼方版存在對應異文（相似度0.86）。,傷寒論_千金翼方版:傷寒論(千金翼方版),citation_to_node_unique,"{""book"": ""傷寒論_千金翼方版""}",0.862,pending,
REL_01107,SHL_SONGBEN_0021,clause,SHSRC0033,VR_QIANJINYI_0395,variant,SHSRC0034,variant,傷寒論_千金翼方版存在對應異文（相似度0.63）。,傷寒論_千金翼方版:傷寒論(千金翼方版),citation_to_node_unique,"{""book"": ""傷寒論_千金翼方版""}",0.627,pending,
REL_01108,SHL_SONGBEN_0023,clause,SHSRC0033,VR_QIANJINYI_0396,variant,SHSRC0034,variant,傷寒論_千金翼方版存在對應異文（相似度0.69）。,傷寒論_千金翼方版:傷寒論(千金翼方版),citation_to_node_unique,"{""book"": ""傷寒論_千金翼方版""}",0.689,pending,
REL_01109,SHL_SONGBEN_0024,clause,SHSRC0033,VR_QIANJINYI_0397,variant,SHSRC0034,variant,傷寒論_千金翼方版存在對應異文（相似度0.82）。,傷寒論_千金翼方版:傷寒論(千金翼方版),citation_to_node_unique,"{""book"": ""傷寒論_千金翼方版""}",0.816,pending,
REL_01110,SHL_SONGBEN_0028,clause,SHSRC0033,VR_QIANJINYI_0398,variant,SHSRC0034,variant,傷寒論_千金翼方版存在對應異文（相似度0.79）。,傷寒論_千金翼方版:傷寒論(千金翼方版),citation_to_node_unique,"{""book"": ""傷寒論_千金翼方版""}",0.795,pending,
REL_01111,SHL_SONGBEN_0029,clause,SHSRC0033,VR_QIANJINYI_0399,variant,SHSRC0034,variant,傷寒論_千金翼方版存在對應異文（相似度0.74）。,傷寒論_千金翼方版:發汗吐下後病狀第五,citation_to_node_unique,"{""book"": ""傷寒論_千金翼方版""}",0.743,pending,
REL_01112,SHL_SONGBEN_0035,clause,SHSRC0033,VR_QIANJINYI_0400,variant,SHSRC0034,variant,傷寒論_千金翼方版存在對應異文（相似度0.82）。,傷寒論_千金翼方版:太陽病用麻黃湯法第二,citation_to_node_unique,"{""book"": ""傷寒論_千金翼方版""}",0.824,pending,
REL_01113,SHL_SONGBEN_0036,clause,SHSRC0033,VR_QIANJINYI_0401,variant,SHSRC0034,variant,傷寒論_千金翼方版存在對應異文（相似度0.83）。,傷寒論_千金翼方版:太陽病用麻黃湯法第二,citation_to_node_unique,"{""book"": ""傷寒論_千金翼方版""}",0.833,pending,
REL_01114,SHL_SONGBEN_0039,clause,SHSRC0033,VR_QIANJINYI_0402,variant,SHSRC0034,variant,傷寒論_千金翼方版存在對應異文（相似度0.81）。,傷寒論_千金翼方版:太陽病用青龍湯法第三,citation_to_node_unique,"{""book"": ""傷寒論_千金翼方版""}",0.815,pending,
REL_01115,SHL_SONGBEN_0040,clause,SHSRC0033,VR_QIANJINYI_0403,variant,SHSRC0034,variant,傷寒論_千金翼方版存在對應異文（相似度0.62）。,傷寒論_千金翼方版:太陽病用青龍湯法第三,citation_to_node_unique,"{""book"": ""傷寒論_千金翼方版""}",0.621,pending,
REL_01116,SHL_SONGBEN_0041,clause,SHSRC0033,VR_QIANJINYI_0404,variant,SHSRC0034,variant,傷寒論_千金翼方版存在對應異文（相似度0.72）。,傷寒論_千金翼方版:太陽病用青龍湯法第三,citation_to_node_unique,"{""book"": ""傷寒論_千金翼方版""}",0.716,pending,
REL_01117,SHL_SONGBEN_0042,clause,SHSRC0033,VR_QIANJINYI_0405,variant,SHSRC0034,variant,傷寒論_千金翼方版存在對應異文（相似度0.83）。,傷寒論_千金翼方版:傷寒論(千金翼方版),citation_to_node_unique,"{""book"": ""傷寒論_千金翼方版""}",0.833,pending,
REL_01118,SHL_SONGBEN_0044,clause,SHSRC0033,VR_QIANJINYI_0406,variant,SHSRC0034,variant,傷寒論_千金翼方版存在對應異文（相似度0.71）。,傷寒論_千金翼方版:傷寒論(千金翼方版),citation_to_node_unique,"{""book"": ""傷寒論_千金翼方版""}",0.714,pending,
REL_01119,SHL_SONGBEN_0045,clause,SHSRC0033,VR_QIANJINYI_0407,variant,SHSRC0034,variant,傷寒論_千金翼方版存在對應異文（相似度0.81）。,傷寒論_千金翼方版:傷寒論(千金翼方版),citation_to_node_unique,"{""book"": ""傷寒論_千金翼方版""}",0.81,pending,
REL_01120,SHL_SONGBEN_0046,clause,SHSRC0033,VR_QIANJINYI_0408,variant,SHSRC0034,variant,傷寒論_千金翼方版存在對應異文（相似度0.83）。,傷寒論_千金翼方版:太陽病用麻黃湯法第二,citation_to_node_unique,"{""book"": ""傷寒論_千金翼方版""}",0.831,pending,
REL_01121,SHL_SONGBEN_0049,clause,SHSRC0033,VR_QIANJINYI_0409,variant,SHSRC0034,variant,傷寒論_千金翼方版存在對應異文（相似度0.69）。,傷寒論_千金翼方版:發汗吐下後病狀第五,citation_to_node_unique,"{""book"": ""傷寒論_千金翼方版""}",0.688,pending,
REL_01122,SHL_SONGBEN_0052,clause,SHSRC0033,VR_QIANJINYI_0410,variant,SHSRC0034,variant,傷寒論_千金翼方版存在對應異文（相似度0.70）。,傷寒論_千金翼方版:太陽病用麻黃湯法第二,citation_to_node_unique,"{""book"": ""傷寒論_千金翼方版""}",0.696,pending,
REL_01123,SHL_SONGBEN_0053,clause,SHSRC0033,VR_QIANJINYI_0411,variant,SHSRC0034,variant,傷寒論_千金翼方版存在對應異文（相似度0.70）。,傷寒論_千金翼方版:傷寒論(千金翼方版),citation_to_node_unique,"{""book"": ""傷寒論_千金翼方版""}",0.7,pending,
REL_01124,SHL_SONGBEN_0054,clause,SHSRC0033,VR_QIANJINYI_0412,variant,SHSRC0034,variant,傷寒論_千金翼方版存在對應異文（相似度0.80）。,傷寒論_千金翼方版:傷寒論(千金翼方版),citation_to_node_unique,"{""book"": ""傷寒論_千金翼方版""}",0.8,pending,
REL_01125,SHL_SONGBEN_0055,clause,SHSRC0033,VR_QIANJINYI_0413,variant,SHSRC0034,variant,傷寒論_千金翼方版存在對應異文（相似度0.71）。,傷寒論_千金翼方版:太陽病用麻黃湯法第二,citation_to_node_unique,"{""book"": ""傷寒論_千金翼方版""}",0.71,pending,
REL_01126,SHL_SONGBEN_0056,clause,SHSRC0033,VR_QIANJINYI_0414,variant,SHSRC0034,variant,傷寒論_千金翼方版存在對應異文（相似度0.63）。,傷寒論_千金翼方版:傷寒論(千金翼方版),citation_to_node_unique,"{""book"": ""傷寒論_千金翼方版""}",0.634,pending,
REL_01127,SHL_SONGBEN_0057,clause,SHSRC0033,VR_QIANJINYI_0415,variant,SHSRC0034,variant,傷寒論_千金翼方版存在對應異文（相似度0.73）。,傷寒論_千金翼方版:傷寒論(千金翼方版),citation_to_node_unique,"{""book"": ""傷寒論_千金翼方版""}",0.727,pending,
REL_01128,SHL_SONGBEN_0058,clause,SHSRC0033,VR_QIANJINYI_0416,variant,SHSRC0034,variant,傷寒論_千金翼方版存在對應異文（相似度0.84）。,傷寒論_千金翼方版:發汗吐下後病狀第五,citation_to_node_unique,"{""book"": ""傷寒論_千金翼方版""}",0.844,pending,
REL_01129,SHL_SONGBEN_0064,clause,SHSRC0033,VR_QIANJINYI_0417,variant,SHSRC0034,variant,傷寒論_千金翼方版存在對應異文（相似度0.68）。,傷寒論_千金翼方版:發汗吐下後病狀第五,citation_to_node_unique,"{""book"": ""傷寒論_千金翼方版""}",0.678,pending,
REL_01130,SHL_SONGBEN_0065,clause,SHSRC0033,VR_QIANJINYI_0418,variant,SHSRC0034,variant,傷寒論_千金翼方版存在對應異文（相似度0.69）。,傷寒論_千金翼方版:發汗吐下後病狀第五,citation_to_node_unique,"{""book"": ""傷寒論_千金翼方版""}",0.689,pending,
REL_01131,SHL_SONGBEN_0070,clause,SHSRC0033,VR_QIANJINYI_0419,variant,SHSRC0034,variant,傷寒論_千金翼方版存在對應異文（相似度0.80）。,傷寒論_千金翼方版:太陽病用承氣湯法第五,citation_to_node_unique,"{""book"": ""傷寒論_千金翼方版""}",0.8,pending,
REL_01132,SHL_SONGBEN_0074,clause,SHSRC0033,VR_QIANJINYI_0420,variant,SHSRC0034,variant,傷寒論_千金翼方版存在對應異文（相似度0.70）。,傷寒論_千金翼方版:太陽病雜療法第七,citation_to_node_unique,"{""book"": ""傷寒論_千金翼方版""}",0.696,pending,
REL_01133,SHL_SONGBEN_0080,clause,SHSRC0033,VR_QIANJINYI_0421,variant,SHSRC0034,variant,傷寒論_千金翼方版存在對應異文（相似度0.69）。,傷寒論_千金翼方版:發汗吐下後病狀第五,citation_to_node_unique,"{""book"": ""傷寒論_千金翼方版""}",0.692,pending,
REL_01134,SHL_SONGBEN_0082,clause,SHSRC0033,VR_QIANJINYI_0422,variant,SHSRC0034,variant,傷寒論_千金翼方版存在對應異文（相似度0.65）。,傷寒論_千金翼方版:發汗吐下後病狀第五,citation_to_node_unique,"{""book"": ""傷寒論_千金翼方版""}",0.647,pending,
REL_01135,SHL_SONGBEN_0088,clause,SHSRC0033,VR_QIANJINYI_0423,variant,SHSRC0034,variant,傷寒論_千金翼方版存在對應異文（相似度0.76）。,傷寒論_千金翼方版:忌發汗第一,citation_to_node_unique,"{""book"": ""傷寒論_千金翼方版""}",0.765,pending,
REL_01136,SHL_SONGBEN_0092,clause,SHSRC0033,VR_QIANJINYI_0424,variant,SHSRC0034,variant,傷寒論_千金翼方版存在對應異文（相似度0.65）。,傷寒論_千金翼方版:宜溫第七,citation_to_node_unique,"{""book"": ""傷寒論_千金翼方版""}",0.653,pending,
REL_01137,SHL_SONGBEN_0093,clause,SHSRC0033,VR_QIANJINYI_0425,variant,SHSRC0034,variant,傷寒論_千金翼方版存在對應異文（相似度0.69）。,傷寒論_千金翼方版:發汗吐下後病狀第五,citation_to_node_unique,"{""book"": ""傷寒論_千金翼方版""}",0.69,pending,
REL_01138,SHL_SONGBEN_0095,clause,SHSRC0033,VR_QIANJINYI_0426,variant,SHSRC0034,variant,傷寒論_千金翼方版存在對應異文（相似度0.73）。,傷寒論_千金翼方版:傷寒論(千金翼方版),citation_to_node_unique,"{""book"": ""傷寒論_千金翼方版""}",0.735,pending,
REL_01139,SHL_SONGBEN_0096,clause,SHSRC0033,VR_QIANJINYI_0427,variant,SHSRC0034,variant,傷寒論_千金翼方版存在對應異文（相似度0.63）。,傷寒論_千金翼方版:太陽病用柴胡湯法第四,citation_to_node_unique,"{""book"": ""傷寒論_千金翼方版""}",0.632,pending,
REL_01140,SHL_SONGBEN_0097,clause,SHSRC0033,VR_QIANJINYI_0428,variant,SHSRC0034,variant,傷寒論_千金翼方版存在對應異文（相似度0.78）。,傷寒論_千金翼方版:太陽病用柴胡湯法第四,citation_to_node_unique,"{""book"": ""傷寒論_千金翼方版""}",0.778,pending,
REL_01141,SHL_SONGBEN_0098,clause,SHSRC0033,VR_QIANJINYI_0429,variant,SHSRC0034,variant,傷寒論_千金翼方版存在對應異文（相似度0.84）。,傷寒論_千金翼方版:太陽病用柴胡湯法第四,citation_to_node_unique,"{""book"": ""傷寒論_千金翼方版""}",0.841,pending,
REL_01142,SHL_SONGBEN_0105,clause,SHSRC0033,VR_QIANJINYI_0430,variant,SHSRC0034,variant,傷寒論_千金翼方版存在對應異文（相似度0.72）。,傷寒論_千金翼方版:太陽病用承氣湯法第五,citation_to_node_unique,"{""book"": ""傷寒論_千金翼方版""}",0.719,pending,
REL_01143,SHL_SONGBEN_0106,clause,SHSRC0033,VR_QIANJINYI_0431,variant,SHSRC0034,variant,傷寒論_千金翼方版存在對應異文（相似度0.71）。,傷寒論_千金翼方版:太陽病用承氣湯法第五,citation_to_node_unique,"{""book"": ""傷寒論_千金翼方版""}",0.706,pending,
REL_01144,SHL_SONGBEN_0107,clause,SHSRC0033,VR_QIANJINYI_0432,variant,SHSRC0034,variant,傷寒論_千金翼方版存在對應異文（相似度0.67）。,傷寒論_千金翼方版:太陽病用柴胡湯法第四,citation_to_node_unique,"{""book"": ""傷寒論_千金翼方版""}",0.667,pending,
REL_01145,SHL_SONGBEN_0108,clause,SHSRC0033,VR_QIANJINYI_0433,variant,SHSRC0034,variant,傷寒論_千金翼方版存在對應異文（相似度0.68）。,傷寒論_千金翼方版:宜刺第十三,citation_to_node_unique,"{""book"": ""傷寒論_千金翼方版""}",0.681,pending,
REL_01146,SHL_SONGBEN_0109,clause,SHSRC0033,VR_QIANJINYI_0434,variant,SHSRC0034,variant,傷寒論_千金翼方版存在對應異文（相似度0.66）。,傷寒論_千金翼方版:宜刺第十三,citation_to_node_unique,"{""book"": ""傷寒論_千金翼方版""}",0.658,pending,
REL_01147,SHL_SONGBEN_0113,clause,SHSRC0033,VR_QIANJINYI_0435,variant,SHSRC0034,variant,傷寒論_千金翼方版存在對應異文（相似度0.72）。,傷寒論_千金翼方版:忌火第八,citation_to_node_unique,"{""book"": ""傷寒論_千金翼方版""}",0.723,pending,
REL_01148,SHL_SONGBEN_0114,clause,SHSRC0033,VR_QIANJINYI_0436,variant,SHSRC0034,variant,傷寒論_千金翼方版存在對應異文（相似度0.91）。,傷寒論_千金翼方版:忌火第八,citation_to_node_unique,"{""book"": ""傷寒論_千金翼方版""}",0.909,pending,
REL_01149,SHL_SONGBEN_0115,clause,SHSRC0033,VR_QIANJINYI_0437,variant,SHSRC0034,variant,傷寒論_千金翼方版存在對應異文（相似度0.83）。,傷寒論_千金翼方版:忌灸第十,citation_to_node_unique,"{""book"": ""傷寒論_千金翼方版""}",0.826,pending,
REL_01150,SHL_SONGBEN_0117,clause,SHSRC0033,VR_QIANJINYI_0438,variant,SHSRC0034,variant,傷寒論_千金翼方版存在對應異文（相似度0.86）。,傷寒論_千金翼方版:太陽病雜療法第七,citation_to_node_unique,"{""book"": ""傷寒論_千金翼方版""}",0.861,pending,
REL_01151,SHL_SONGBEN_0118,clause,SHSRC0033,VR_QIANJINYI_0439,variant,SHSRC0034,variant,傷寒論_千金翼方版存在對應異文（相似度0.82）。,傷寒論_千金翼方版:太陽病雜療法第七,citation_to_node_unique,"{""book"": ""傷寒論_千金翼方版""}",0.816,pending,
REL_01152,SHL_SONGBEN_0119,clause,SHSRC0033,VR_QIANJINYI_0440,variant,SHSRC0034,variant,傷寒論_千金翼方版存在對應異文（相似度0.62）。,傷寒論_千金翼方版:太陽病雜療法第七,citation_to_node_unique,"{""book"": ""傷寒論_千金翼方版""}",0.625,pending,
REL_01153,SHL_SONGBEN_0122,clause,SHSRC0033,VR_QIANJINYI_0441,variant,SHSRC0034,variant,傷寒論_千金翼方版存在對應異文（相似度0.70）。,傷寒論_千金翼方版:發汗吐下後病狀第五,citation_to_node_unique,"{""book"": ""傷寒論_千金翼方版""}",0.698,pending,
REL_01154,SHL_SONGBEN_0124,clause,SHSRC0033,VR_QIANJINYI_0442,variant,SHSRC0034,variant,傷寒論_千金翼方版存在對應異文（相似度0.80）。,傷寒論_千金翼方版:太陽病雜療法第七,citation_to_node_unique,"{""book"": ""傷寒論_千金翼方版""}",0.797,pending,
REL_01155,SHL_SONGBEN_0125,clause,SHSRC0033,VR_QIANJINYI_0443,variant,SHSRC0034,variant,傷寒論_千金翼方版存在對應異文（相似度0.90）。,傷寒論_千金翼方版:太陽病雜療法第七,citation_to_node_unique,"{""book"": ""傷寒論_千金翼方版""}",0.901,pending,
REL_01156,SHL_SONGBEN_0126,clause,SHSRC0033,VR_QIANJINYI_0444,variant,SHSRC0034,variant,傷寒論_千金翼方版存在對應異文（相似度0.89）。,傷寒論_千金翼方版:太陽病雜療法第七,citation_to_node_unique,"{""book"": ""傷寒論_千金翼方版""}",0.885,pending,
REL_01157,SHL_SONGBEN_0132,clause,SHSRC0033,VR_QIANJINYI_0445,variant,SHSRC0034,variant,傷寒論_千金翼方版存在對應異文（相似度0.67）。,傷寒論_千金翼方版:太陽病用陷胸湯法第六,citation_to_node_unique,"{""book"": ""傷寒論_千金翼方版""}",0.667,pending,
REL_01158,SHL_SONGBEN_0133,clause,SHSRC0033,VR_QIANJINYI_0446,variant,SHSRC0034,variant,傷寒論_千金翼方版存在對應異文（相似度0.82）。,傷寒論_千金翼方版:太陽病用陷胸湯法第六,citation_to_node_unique,"{""book"": ""傷寒論_千金翼方版""}",0.824,pending,
REL_01159,SHL_SONGBEN_0134,clause,SHSRC0033,VR_QIANJINYI_0447,variant,SHSRC0034,variant,傷寒論_千金翼方版存在對應異文（相似度0.82）。,傷寒論_千金翼方版:太陽病用陷胸湯法第六,citation_to_node_unique,"{""book"": ""傷寒論_千金翼方版""}",0.82,pending,
REL_01160,SHL_SONGBEN_0137,clause,SHSRC0033,VR_QIANJINYI_0448,variant,SHSRC0034,variant,傷寒論_千金翼方版存在對應異文（相似度0.79）。,傷寒論_千金翼方版:太陽病用陷胸湯法第六,citation_to_node_unique,"{""book"": ""傷寒論_千金翼方版""}",0.788,pending,
REL_01161,SHL_SONGBEN_0138,clause,SHSRC0033,VR_QIANJINYI_0449,variant,SHSRC0034,variant,傷寒論_千金翼方版存在對應異文（相似度0.67）。,傷寒論_千金翼方版:太陽病用陷胸湯法第六,citation_to_node_unique,"{""book"": ""傷寒論_千金翼方版""}",0.667,pending,
REL_01162,SHL_SONGBEN_0139,clause,SHSRC0033,VR_QIANJINYI_0450,variant,SHSRC0034,variant,傷寒論_千金翼方版存在對應異文（相似度0.63）。,傷寒論_千金翼方版:太陽病用陷胸湯法第六,citation_to_node_unique,"{""book"": ""傷寒論_千金翼方版""}",0.632,pending,
REL_01163,SHL_SONGBEN_0142,clause,SHSRC0033,VR_QIANJINYI_0451,variant,SHSRC0034,variant,傷寒論_千金翼方版存在對應異文（相似度0.70）。,傷寒論_千金翼方版:太陽病用陷胸湯法第六,citation_to_node_unique,"{""book"": ""傷寒論_千金翼方版""}",0.699,pending,
REL_01164,SHL_SONGBEN_0143,clause,SHSRC0033,VR_QIANJINYI_0452,variant,SHSRC0034,variant,傷寒論_千金翼方版存在對應異文（相似度0.84）。,傷寒論_千金翼方版:太陽病雜療法第七,citation_to_node_unique,"{""book"": ""傷寒論_千金翼方版""}",0.84,pending,
REL_01165,SHL_SONGBEN_0144,clause,SHSRC0033,VR_QIANJINYI_0453,variant,SHSRC0034,variant,傷寒論_千金翼方版存在對應異文（相似度0.95）。,傷寒論_千金翼方版:太陽病雜療法第七,citation_to_node_unique,"{""book"": ""傷寒論_千金翼方版""}",0.953,pending,
REL_01166,SHL_SONGBEN_0145,clause,SHSRC0033,VR_QIANJINYI_0454,variant,SHSRC0034,variant,傷寒論_千金翼方版存在對應異文（相似度0.91）。,傷寒論_千金翼方版:太陽病雜療法第七,citation_to_node_unique,"{""book"": ""傷寒論_千金翼方版""}",0.909,pending,
REL_01167,SHL_SONGBEN_0147,clause,SHSRC0033,VR_QIANJINYI_0455,variant,SHSRC0034,variant,傷寒論_千金翼方版存在對應異文（相似度0.67）。,傷寒論_千金翼方版:太陽病用柴胡湯法第四,citation_to_node_unique,"{""book"": ""傷寒論_千金翼方版""}",0.667,pending,
REL_01168,SHL_SONGBEN_0150,clause,SHSRC0033,VR_QIANJINYI_0456,variant,SHSRC0034,variant,傷寒論_千金翼方版存在對應異文（相似度0.64）。,傷寒論_千金翼方版:太陽病用陷胸湯法第六,citation_to_node_unique,"{""book"": ""傷寒論_千金翼方版""}",0.643,pending,
REL_01169,SHL_SONGBEN_0151,clause,SHSRC0033,VR_QIANJINYI_0457,variant,SHSRC0034,variant,傷寒論_千金翼方版存在對應異文（相似度0.76）。,傷寒論_千金翼方版:太陽病用陷胸湯法第六,citation_to_node_unique,"{""book"": ""傷寒論_千金翼方版""}",0.762,pending,
REL_01170,SHL_SONGBEN_0153,clause,SHSRC0033,VR_QIANJINYI_0458,variant,SHSRC0034,variant,傷寒論_千金翼方版存在對應異文（相似度0.69）。,傷寒論_千金翼方版:太陽病用陷胸湯法第六,citation_to_node_unique,"{""book"": ""傷寒論_千金翼方版""}",0.69,pending,
REL_01171,SHL_SONGBEN_0154,clause,SHSRC0033,VR_QIANJINYI_0459,variant,SHSRC0034,variant,傷寒論_千金翼方版存在對應異文（相似度0.64）。,傷寒論_千金翼方版:太陽病用陷胸湯法第六,citation_to_node_unique,"{""book"": ""傷寒論_千金翼方版""}",0.638,pending,
REL_01172,SHL_SONGBEN_0158,clause,SHSRC0033,VR_QIANJINYI_0460,variant,SHSRC0034,variant,傷寒論_千金翼方版存在對應異文（相似度0.66）。,傷寒論_千金翼方版:太陽病用陷胸湯法第六,citation_to_node_unique,"{""book"": ""傷寒論_千金翼方版""}",0.659,pending,
REL_01173,SHL_SONGBEN_0159,clause,SHSRC0033,VR_QIANJINYI_0461,variant,SHSRC0034,variant,傷寒論_千金翼方版存在對應異文（相似度0.74）。,傷寒論_千金翼方版:太陽病用陷胸湯法第六,citation_to_node_unique,"{""book"": ""傷寒論_千金翼方版""}",0.741,pending,
REL_01174,SHL_SONGBEN_0160,clause,SHSRC0033,VR_QIANJINYI_0462,variant,SHSRC0034,variant,傷寒論_千金翼方版存在對應異文（相似度0.79）。,傷寒論_千金翼方版:太陽病用陷胸湯法第六,citation_to_node_unique,"{""book"": ""傷寒論_千金翼方版""}",0.795,pending,
REL_01175,SHL_SONGBEN_0164,clause,SHSRC0033,VR_QIANJINYI_0463,variant,SHSRC0034,variant,傷寒論_千金翼方版存在對應異文（相似度0.71）。,傷寒論_千金翼方版:傷寒論(千金翼方版),citation_to_node_unique,"{""book"": ""傷寒論_千金翼方版""}",0.706,pending,
REL_01176,SHL_SONGBEN_0166,clause,SHSRC0033,VR_QIANJINYI_0464,variant,SHSRC0034,variant,傷寒論_千金翼方版存在對應異文（相似度0.68）。,傷寒論_千金翼方版:太陽病用陷胸湯法第六,citation_to_node_unique,"{""book"": ""傷寒論_千金翼方版""}",0.682,pending,
REL_01177,SHL_SONGBEN_0168,clause,SHSRC0033,VR_QIANJINYI_0465,variant,SHSRC0034,variant,傷寒論_千金翼方版存在對應異文（相似度0.65）。,傷寒論_千金翼方版:發汗吐下後病狀第五,citation_to_node_unique,"{""book"": ""傷寒論_千金翼方版""}",0.652,pending,
REL_01178,SHL_SONGBEN_0169,clause,SHSRC0033,VR_QIANJINYI_0466,variant,SHSRC0034,variant,傷寒論_千金翼方版存在對應異文（相似度0.63）。,傷寒論_千金翼方版:太陽病雜療法第七,citation_to_node_unique,"{""book"": ""傷寒論_千金翼方版""}",0.634,pending,
REL_01179,SHL_SONGBEN_0170,clause,SHSRC0033,VR_QIANJINYI_0467,variant,SHSRC0034,variant,傷寒論_千金翼方版存在對應異文（相似度0.88）。,傷寒論_千金翼方版:太陽病雜療法第七,citation_to_node_unique,"{""book"": ""傷寒論_千金翼方版""}",0.881,pending,
REL_01180,SHL_SONGBEN_0172,clause,SHSRC0033,VR_QIANJINYI_0468,variant,SHSRC0034,variant,傷寒論_千金翼方版存在對應異文（相似度0.94）。,傷寒論_千金翼方版:太陽病雜療法第七,citation_to_node_unique,"{""book"": ""傷寒論_千金翼方版""}",0.939,pending,
REL_01181,SHL_SONGBEN_0175,clause,SHSRC0033,VR_QIANJINYI_0469,variant,SHSRC0034,variant,傷寒論_千金翼方版存在對應異文（相似度0.81）。,傷寒論_千金翼方版:太陽病雜療法第七,citation_to_node_unique,"{""book"": ""傷寒論_千金翼方版""}",0.808,pending,
REL_01182,SHL_SONGBEN_0179,clause,SHSRC0033,VR_QIANJINYI_0470,variant,SHSRC0034,variant,傷寒論_千金翼方版存在對應異文（相似度0.73）。,傷寒論_千金翼方版:陽明病狀第八,citation_to_node_unique,"{""book"": ""傷寒論_千金翼方版""}",0.727,pending,
REL_01183,SHL_SONGBEN_0180,clause,SHSRC0033,VR_QIANJINYI_0471,variant,SHSRC0034,variant,傷寒論_千金翼方版存在對應異文（相似度0.67）。,傷寒論_千金翼方版:陽明病狀第八,citation_to_node_unique,"{""book"": ""傷寒論_千金翼方版""}",0.667,pending,
REL_01184,SHL_SONGBEN_0182,clause,SHSRC0033,VR_QIANJINYI_0472,variant,SHSRC0034,variant,傷寒論_千金翼方版存在對應異文（相似度0.77）。,傷寒論_千金翼方版:陽明病狀第八,citation_to_node_unique,"{""book"": ""傷寒論_千金翼方版""}",0.773,pending,
REL_01185,SHL_SONGBEN_0186,clause,SHSRC0033,VR_QIANJINYI_0473,variant,SHSRC0034,variant,傷寒論_千金翼方版存在對應異文（相似度1.00）。,傷寒論_千金翼方版:陽明病狀第八,citation_to_node_unique,"{""book"": ""傷寒論_千金翼方版""}",1.0,pending,
REL_01186,SHL_SONGBEN_0189,clause,SHSRC0033,VR_QIANJINYI_0474,variant,SHSRC0034,variant,傷寒論_千金翼方版存在對應異文（相似度0.87）。,傷寒論_千金翼方版:陽明病狀第八,citation_to_node_unique,"{""book"": ""傷寒論_千金翼方版""}",0.873,pending,
REL_01187,SHL_SONGBEN_0190,clause,SHSRC0033,VR_QIANJINYI_0475,variant,SHSRC0034,variant,傷寒論_千金翼方版存在對應異文（相似度0.67）。,傷寒論_千金翼方版:陽明病狀第八,citation_to_node_unique,"{""book"": ""傷寒論_千金翼方版""}",0.667,pending,
REL_01188,SHL_SONGBEN_0191,clause,SHSRC0033,VR_QIANJINYI_0476,variant,SHSRC0034,variant,傷寒論_千金翼方版存在對應異文（相似度0.62）。,傷寒論_千金翼方版:陽明病狀第八,citation_to_node_unique,"{""book"": ""傷寒論_千金翼方版""}",0.621,pending,
REL_01189,SHL_SONGBEN_0192,clause,SHSRC0033,VR_QIANJINYI_0477,variant,SHSRC0034,variant,傷寒論_千金翼方版存在對應異文（相似度0.71）。,傷寒論_千金翼方版:陽明病狀第八,citation_to_node_unique,"{""book"": ""傷寒論_千金翼方版""}",0.713,pending,
REL_01190,SHL_SONGBEN_0193,clause,SHSRC0033,VR_QIANJINYI_0478,variant,SHSRC0034,variant,傷寒論_千金翼方版存在對應異文（相似度0.74）。,傷寒論_千金翼方版:陽明病狀第八,citation_to_node_unique,"{""book"": ""傷寒論_千金翼方版""}",0.737,pending,
REL_01191,SHL_SONGBEN_0194,clause,SHSRC0033,VR_QIANJINYI_0479,variant,SHSRC0034,variant,傷寒論_千金翼方版存在對應異文（相似度0.84）。,傷寒論_千金翼方版:陽明病狀第八,citation_to_node_unique,"{""book"": ""傷寒論_千金翼方版""}",0.842,pending,
REL_01192,SHL_SONGBEN_0195,clause,SHSRC0033,VR_QIANJINYI_0480,variant,SHSRC0034,variant,傷寒論_千金翼方版存在對應異文（相似度0.74）。,傷寒論_千金翼方版:陽明病狀第八,citation_to_node_unique,"{""book"": ""傷寒論_千金翼方版""}",0.744,pending,
REL_01193,SHL_SONGBEN_0197,clause,SHSRC0033,VR_QIANJINYI_0481,variant,SHSRC0034,variant,傷寒論_千金翼方版存在對應異文（相似度0.63）。,傷寒論_千金翼方版:陽明病狀第八,citation_to_node_unique,"{""book"": ""傷寒論_千金翼方版""}",0.629,pending,
REL_01194,SHL_SONGBEN_0198,clause,SHSRC0033,VR_QIANJINYI_0482,variant,SHSRC0034,variant,傷寒論_千金翼方版存在對應異文（相似度0.82）。,傷寒論_千金翼方版:陽明病狀第八,citation_to_node_unique,"{""book"": ""傷寒論_千金翼方版""}",0.824,pending,
REL_01195,SHL_SONGBEN_0199,clause,SHSRC0033,VR_QIANJINYI_0483,variant,SHSRC0034,variant,傷寒論_千金翼方版存在對應異文（相似度0.84）。,傷寒論_千金翼方版:陽明病狀第八,citation_to_node_unique,"{""book"": ""傷寒論_千金翼方版""}",0.839,pending,
REL_01196,SHL_SONGBEN_0200,clause,SHSRC0033,VR_QIANJINYI_0484,variant,SHSRC0034,variant,傷寒論_千金翼方版存在對應異文（相似度0.91）。,傷寒論_千金翼方版:陽明病狀第八,citation_to_node_unique,"{""book"": ""傷寒論_千金翼方版""}",0.914,pending,
REL_01197,SHL_SONGBEN_0201,clause,SHSRC0033,VR_QIANJINYI_0485,variant,SHSRC0034,variant,傷寒論_千金翼方版存在對應異文（相似度0.83）。,傷寒論_千金翼方版:陽明病狀第八,citation_to_node_unique,"{""book"": ""傷寒論_千金翼方版""}",0.829,pending,
REL_01198,SHL_SONGBEN_0202,clause,SHSRC0033,VR_QIANJINYI_0486,variant,SHSRC0034,variant,傷寒論_千金翼方版存在對應異文（相似度0.76）。,傷寒論_千金翼方版:陽明病狀第八,citation_to_node_unique,"{""book"": ""傷寒論_千金翼方版""}",0.759,pending,
REL_01199,SHL_SONGBEN_0203,clause,SHSRC0033,VR_QIANJINYI_0487,variant,SHSRC0034,variant,傷寒論_千金翼方版存在對應異文（相似度0.65）。,傷寒論_千金翼方版:陽明病狀第八,citation_to_node_unique,"{""book"": ""傷寒論_千金翼方版""}",0.654,pending,
REL_01200,SHL_SONGBEN_0204,clause,SHSRC0033,VR_QIANJINYI_0488,variant,SHSRC0034,variant,傷寒論_千金翼方版存在對應異文（相似度0.92）。,傷寒論_千金翼方版:陽明病狀第八,citation_to_node_unique,"{""book"": ""傷寒論_千金翼方版""}",0.917,pending,
REL_01201,SHL_SONGBEN_0206,clause,SHSRC0033,VR_QIANJINYI_0489,variant,SHSRC0034,variant,傷寒論_千金翼方版存在對應異文（相似度0.93）。,傷寒論_千金翼方版:陽明病狀第八,citation_to_node_unique,"{""book"": ""傷寒論_千金翼方版""}",0.927,pending,
REL_01202,SHL_SONGBEN_0207,clause,SHSRC0033,VR_QIANJINYI_0490,variant,SHSRC0034,variant,傷寒論_千金翼方版存在對應異文（相似度0.62）。,傷寒論_千金翼方版:陽明病狀第八,citation_to_node_unique,"{""book"": ""傷寒論_千金翼方版""}",0.621,pending,
REL_01203,SHL_SONGBEN_0209,clause,SHSRC0033,VR_QIANJINYI_0491,variant,SHSRC0034,variant,傷寒論_千金翼方版存在對應異文（相似度0.63）。,傷寒論_千金翼方版:陽明病狀第八,citation_to_node_unique,"{""book"": ""傷寒論_千金翼方版""}",0.627,pending,
REL_01204,SHL_SONGBEN_0210,clause,SHSRC0033,VR_QIANJINYI_0492,variant,SHSRC0034,variant,傷寒論_千金翼方版存在對應異文（相似度0.94）。,傷寒論_千金翼方版:陽明病狀第八,citation_to_node_unique,"{""book"": ""傷寒論_千金翼方版""}",0.941,pending,
REL_01205,SHL_SONGBEN_0213,clause,SHSRC0033,VR_QIANJINYI_0493,variant,SHSRC0034,variant,傷寒論_千金翼方版存在對應異文（相似度0.65）。,傷寒論_千金翼方版:陽明病狀第八,citation_to_node_unique,"{""book"": ""傷寒論_千金翼方版""}",0.646,pending,
REL_01206,SHL_SONGBEN_0215,clause,SHSRC0033,VR_QIANJINYI_0494,variant,SHSRC0034,variant,傷寒論_千金翼方版存在對應異文（相似度0.70）。,傷寒論_千金翼方版:陽明病狀第八,citation_to_node_unique,"{""book"": ""傷寒論_千金翼方版""}",0.698,pending,
REL_01207,SHL_SONGBEN_0216,clause,SHSRC0033,VR_QIANJINYI_0495,variant,SHSRC0034,variant,傷寒論_千金翼方版存在對應異文（相似度0.83）。,傷寒論_千金翼方版:陽明病狀第八,citation_to_node_unique,"{""book"": ""傷寒論_千金翼方版""}",0.831,pending,
REL_01208,SHL_SONGBEN_0217,clause,SHSRC0033,VR_QIANJINYI_0496,variant,SHSRC0034,variant,傷寒論_千金翼方版存在對應異文（相似度0.67）。,傷寒論_千金翼方版:陽明病狀第八,citation_to_node_unique,"{""book"": ""傷寒論_千金翼方版""}",0.667,pending,
REL_01209,SHL_SONGBEN_0218,clause,SHSRC0033,VR_QIANJINYI_0497,variant,SHSRC0034,variant,傷寒論_千金翼方版存在對應異文（相似度0.84）。,傷寒論_千金翼方版:陽明病狀第八,citation_to_node_unique,"{""book"": ""傷寒論_千金翼方版""}",0.836,pending,
REL_01210,SHL_SONGBEN_0219,clause,SHSRC0033,VR_QIANJINYI_0498,variant,SHSRC0034,variant,傷寒論_千金翼方版存在對應異文（相似度0.74）。,傷寒論_千金翼方版:陽明病狀第八,citation_to_node_unique,"{""book"": ""傷寒論_千金翼方版""}",0.742,pending,
REL_01211,SHL_SONGBEN_0221,clause,SHSRC0033,VR_QIANJINYI_0499,variant,SHSRC0034,variant,傷寒論_千金翼方版存在對應異文（相似度0.66）。,傷寒論_千金翼方版:陽明病狀第八,citation_to_node_unique,"{""book"": ""傷寒論_千金翼方版""}",0.662,pending,
REL_01212,SHL_SONGBEN_0222,clause,SHSRC0033,VR_QIANJINYI_0500,variant,SHSRC0034,variant,傷寒論_千金翼方版存在對應異文（相似度0.72）。,傷寒論_千金翼方版:陽明病狀第八,citation_to_node_unique,"{""book"": ""傷寒論_千金翼方版""}",0.722,pending,
REL_01213,SHL_SONGBEN_0224,clause,SHSRC0033,VR_QIANJINYI_0501,variant,SHSRC0034,variant,傷寒論_千金翼方版存在對應異文（相似度1.00）。,傷寒論_千金翼方版:陽明病狀第八,citation_to_node_unique,"{""book"": ""傷寒論_千金翼方版""}",1.0,pending,
REL_01214,SHL_SONGBEN_0226,clause,SHSRC0033,VR_QIANJINYI_0502,variant,SHSRC0034,variant,傷寒論_千金翼方版存在對應異文（相似度0.64）。,傷寒論_千金翼方版:陽明病狀第八,citation_to_node_unique,"{""book"": ""傷寒論_千金翼方版""}",0.64,pending,
REL_01215,SHL_SONGBEN_0227,clause,SHSRC0033,VR_QIANJINYI_0503,variant,SHSRC0034,variant,傷寒論_千金翼方版存在對應異文（相似度0.83）。,傷寒論_千金翼方版:陽明病狀第八,citation_to_node_unique,"{""book"": ""傷寒論_千金翼方版""}",0.833,pending,
REL_01216,SHL_SONGBEN_0228,clause,SHSRC0033,VR_QIANJINYI_0504,variant,SHSRC0034,variant,傷寒論_千金翼方版存在對應異文（相似度0.71）。,傷寒論_千金翼方版:陽明病狀第八,citation_to_node_unique,"{""book"": ""傷寒論_千金翼方版""}",0.711,pending,
REL_01217,SHL_SONGBEN_0229,clause,SHSRC0033,VR_QIANJINYI_0505,variant,SHSRC0034,variant,傷寒論_千金翼方版存在對應異文（相似度0.72）。,傷寒論_千金翼方版:陽明病狀第八,citation_to_node_unique,"{""book"": ""傷寒論_千金翼方版""}",0.723,pending,
REL_01218,SHL_SONGBEN_0230,clause,SHSRC0033,VR_QIANJINYI_0506,variant,SHSRC0034,variant,傷寒論_千金翼方版存在對應異文（相似度0.75）。,傷寒論_千金翼方版:陽明病狀第八,citation_to_node_unique,"{""book"": ""傷寒論_千金翼方版""}",0.75,pending,
REL_01219,SHL_SONGBEN_0231,clause,SHSRC0033,VR_QIANJINYI_0507,variant,SHSRC0034,variant,傷寒論_千金翼方版存在對應異文（相似度0.75）。,傷寒論_千金翼方版:陽明病狀第八,citation_to_node_unique,"{""book"": ""傷寒論_千金翼方版""}",0.753,pending,
REL_01220,SHL_SONGBEN_0233,clause,SHSRC0033,VR_QIANJINYI_0508,variant,SHSRC0034,variant,傷寒論_千金翼方版存在對應異文（相似度0.68）。,傷寒論_千金翼方版:陽明病狀第八,citation_to_node_unique,"{""book"": ""傷寒論_千金翼方版""}",0.68,pending,
REL_01221,SHL_SONGBEN_0234,clause,SHSRC0033,VR_QIANJINYI_0509,variant,SHSRC0034,variant,傷寒論_千金翼方版存在對應異文（相似度0.67）。,傷寒論_千金翼方版:陽明病狀第八,citation_to_node_unique,"{""book"": ""傷寒論_千金翼方版""}",0.667,pending,
REL_01222,SHL_SONGBEN_0236,clause,SHSRC0033,VR_QIANJINYI_0510,variant,SHSRC0034,variant,傷寒論_千金翼方版存在對應異文（相似度0.75）。,傷寒論_千金翼方版:陽明病狀第八,citation_to_node_unique,"{""book"": ""傷寒論_千金翼方版""}",0.75,pending,
REL_01223,SHL_SONGBEN_0237,clause,SHSRC0033,VR_QIANJINYI_0511,variant,SHSRC0034,variant,傷寒論_千金翼方版存在對應異文（相似度0.62）。,傷寒論_千金翼方版:陽明病狀第八,citation_to_node_unique,"{""book"": ""傷寒論_千金翼方版""}",0.622,pending,
REL_01224,SHL_SONGBEN_0241,clause,SHSRC0033,VR_QIANJINYI_0512,variant,SHSRC0034,variant,傷寒論_千金翼方版存在對應異文（相似度0.91）。,傷寒論_千金翼方版:陽明病狀第八,citation_to_node_unique,"{""book"": ""傷寒論_千金翼方版""}",0.912,pending,
REL_01225,SHL_SONGBEN_0242,clause,SHSRC0033,VR_QIANJINYI_0513,variant,SHSRC0034,variant,傷寒論_千金翼方版存在對應異文（相似度0.68）。,傷寒論_千金翼方版:陽明病狀第八,citation_to_node_unique,"{""book"": ""傷寒論_千金翼方版""}",0.678,pending,
REL_01226,SHL_SONGBEN_0250,clause,SHSRC0033,VR_QIANJINYI_0514,variant,SHSRC0034,variant,傷寒論_千金翼方版存在對應異文（相似度0.67）。,傷寒論_千金翼方版:太陽病用承氣湯法第五,citation_to_node_unique,"{""book"": ""傷寒論_千金翼方版""}",0.667,pending,
REL_01227,SHL_SONGBEN_0252,clause,SHSRC0033,VR_QIANJINYI_0515,variant,SHSRC0034,variant,傷寒論_千金翼方版存在對應異文（相似度0.76）。,傷寒論_千金翼方版:宜下第六,citation_to_node_unique,"{""book"": ""傷寒論_千金翼方版""}",0.762,pending,
REL_01228,SHL_SONGBEN_0253,clause,SHSRC0033,VR_QIANJINYI_0516,variant,SHSRC0034,variant,傷寒論_千金翼方版存在對應異文（相似度0.90）。,傷寒論_千金翼方版:陽明病狀第八,citation_to_node_unique,"{""book"": ""傷寒論_千金翼方版""}",0.897,pending,
REL_01229,SHL_SONGBEN_0254,clause,SHSRC0033,VR_QIANJINYI_0517,variant,SHSRC0034,variant,傷寒論_千金翼方版存在對應異文（相似度0.90）。,傷寒論_千金翼方版:陽明病狀第八,citation_to_node_unique,"{""book"": ""傷寒論_千金翼方版""}",0.897,pending,
REL_01230,SHL_SONGBEN_0255,clause,SHSRC0033,VR_QIANJINYI_0518,variant,SHSRC0034,variant,傷寒論_千金翼方版存在對應異文（相似度0.90）。,傷寒論_千金翼方版:陽明病狀第八,citation_to_node_unique,"{""book"": ""傷寒論_千金翼方版""}",0.897,pending,
REL_01231,SHL_SONGBEN_0263,clause,SHSRC0033,VR_QIANJINYI_0519,variant,SHSRC0034,variant,傷寒論_千金翼方版存在對應異文（相似度1.00）。,傷寒論_千金翼方版:少陽病狀第九,citation_to_node_unique,"{""book"": ""傷寒論_千金翼方版""}",1.0,pending,
REL_01232,SHL_SONGBEN_0264,clause,SHSRC0033,VR_QIANJINYI_0520,variant,SHSRC0034,variant,傷寒論_千金翼方版存在對應異文（相似度0.94）。,傷寒論_千金翼方版:少陽病狀第九,citation_to_node_unique,"{""book"": ""傷寒論_千金翼方版""}",0.939,pending,
REL_01233,SHL_SONGBEN_0265,clause,SHSRC0033,VR_QIANJINYI_0521,variant,SHSRC0034,variant,傷寒論_千金翼方版存在對應異文（相似度0.70）。,傷寒論_千金翼方版:少陽病狀第九,citation_to_node_unique,"{""book"": ""傷寒論_千金翼方版""}",0.696,pending,
REL_01234,SHL_SONGBEN_0268,clause,SHSRC0033,VR_QIANJINYI_0522,variant,SHSRC0034,variant,傷寒論_千金翼方版存在對應異文（相似度0.71）。,傷寒論_千金翼方版:少陽病狀第九,citation_to_node_unique,"{""book"": ""傷寒論_千金翼方版""}",0.71,pending,
REL_01235,SHL_SONGBEN_0269,clause,SHSRC0033,VR_QIANJINYI_0523,variant,SHSRC0034,variant,傷寒論_千金翼方版存在對應異文（相似度0.92）。,傷寒論_千金翼方版:少陽病狀第九,citation_to_node_unique,"{""book"": ""傷寒論_千金翼方版""}",0.923,pending,
REL_01236,SHL_SONGBEN_0270,clause,SHSRC0033,VR_QIANJINYI_0524,variant,SHSRC0034,variant,傷寒論_千金翼方版存在對應異文（相似度0.92）。,傷寒論_千金翼方版:少陽病狀第九,citation_to_node_unique,"{""book"": ""傷寒論_千金翼方版""}",0.923,pending,
REL_01237,SHL_SONGBEN_0271,clause,SHSRC0033,VR_QIANJINYI_0525,variant,SHSRC0034,variant,傷寒論_千金翼方版存在對應異文（相似度0.80）。,傷寒論_千金翼方版:少陽病狀第九,citation_to_node_unique,"{""book"": ""傷寒論_千金翼方版""}",0.8,pending,
REL_01238,SHL_SONGBEN_0272,clause,SHSRC0033,VR_QIANJINYI_0526,variant,SHSRC0034,variant,傷寒論_千金翼方版存在對應異文（相似度0.74）。,傷寒論_千金翼方版:少陽病狀第九,citation_to_node_unique,"{""book"": ""傷寒論_千金翼方版""}",0.737,pending,
REL_01239,SHL_SONGBEN_0274,clause,SHSRC0033,VR_QIANJINYI_0527,variant,SHSRC0034,variant,傷寒論_千金翼方版存在對應異文（相似度0.71）。,傷寒論_千金翼方版:太陰病狀第一,citation_to_node_unique,"{""book"": ""傷寒論_千金翼方版""}",0.706,pending,
REL_01240,SHL_SONGBEN_0275,clause,SHSRC0033,VR_QIANJINYI_0528,variant,SHSRC0034,variant,傷寒論_千金翼方版存在對應異文（相似度0.74）。,傷寒論_千金翼方版:太陰病狀第一,citation_to_node_unique,"{""book"": ""傷寒論_千金翼方版""}",0.737,pending,
REL_01241,SHL_SONGBEN_0277,clause,SHSRC0033,VR_QIANJINYI_0529,variant,SHSRC0034,variant,傷寒論_千金翼方版存在對應異文（相似度0.86）。,傷寒論_千金翼方版:太陰病狀第一,citation_to_node_unique,"{""book"": ""傷寒論_千金翼方版""}",0.857,pending,
REL_01242,SHL_SONGBEN_0278,clause,SHSRC0033,VR_QIANJINYI_0530,variant,SHSRC0034,variant,傷寒論_千金翼方版存在對應異文（相似度0.66）。,傷寒論_千金翼方版:太陰病狀第一,citation_to_node_unique,"{""book"": ""傷寒論_千金翼方版""}",0.661,pending,
REL_01243,SHL_SONGBEN_0280,clause,SHSRC0033,VR_QIANJINYI_0531,variant,SHSRC0034,variant,傷寒論_千金翼方版存在對應異文（相似度0.77）。,傷寒論_千金翼方版:太陰病狀第一,citation_to_node_unique,"{""book"": ""傷寒論_千金翼方版""}",0.767,pending,
REL_01244,SHL_SONGBEN_0281,clause,SHSRC0033,VR_QIANJINYI_0532,variant,SHSRC0034,variant,傷寒論_千金翼方版存在對應異文（相似度0.95）。,傷寒論_千金翼方版:少陰病狀第二,citation_to_node_unique,"{""book"": ""傷寒論_千金翼方版""}",0.952,pending,
REL_01245,SHL_SONGBEN_0284,clause,SHSRC0033,VR_QIANJINYI_0533,variant,SHSRC0034,variant,傷寒論_千金翼方版存在對應異文（相似度0.75）。,傷寒論_千金翼方版:少陰病狀第二,citation_to_node_unique,"{""book"": ""傷寒論_千金翼方版""}",0.745,pending,
REL_01246,SHL_SONGBEN_0285,clause,SHSRC0033,VR_QIANJINYI_0534,variant,SHSRC0034,variant,傷寒論_千金翼方版存在對應異文（相似度0.64）。,傷寒論_千金翼方版:少陰病狀第二,citation_to_node_unique,"{""book"": ""傷寒論_千金翼方版""}",0.643,pending,
REL_01247,SHL_SONGBEN_0286,clause,SHSRC0033,VR_QIANJINYI_0535,variant,SHSRC0034,variant,傷寒論_千金翼方版存在對應異文（相似度0.69）。,傷寒論_千金翼方版:少陰病狀第二,citation_to_node_unique,"{""book"": ""傷寒論_千金翼方版""}",0.694,pending,
REL_01248,SHL_SONGBEN_0287,clause,SHSRC0033,VR_QIANJINYI_0536,variant,SHSRC0034,variant,傷寒論_千金翼方版存在對應異文（相似度0.72）。,傷寒論_千金翼方版:少陰病狀第二,citation_to_node_unique,"{""book"": ""傷寒論_千金翼方版""}",0.719,pending,
REL_01249,SHL_SONGBEN_0288,clause,SHSRC0033,VR_QIANJINYI_0537,variant,SHSRC0034,variant,傷寒論_千金翼方版存在對應異文（相似度0.78）。,傷寒論_千金翼方版:少陰病狀第二,citation_to_node_unique,"{""book"": ""傷寒論_千金翼方版""}",0.778,pending,
REL_01250,SHL_SONGBEN_0289,clause,SHSRC0033,VR_QIANJINYI_0538,variant,SHSRC0034,variant,傷寒論_千金翼方版存在對應異文（相似度0.69）。,傷寒論_千金翼方版:少陰病狀第二,citation_to_node_unique,"{""book"": ""傷寒論_千金翼方版""}",0.688,pending,
REL_01251,SHL_SONGBEN_0290,clause,SHSRC0033,VR_QIANJINYI_0539,variant,SHSRC0034,variant,傷寒論_千金翼方版存在對應異文（相似度0.75）。,傷寒論_千金翼方版:少陰病狀第二,citation_to_node_unique,"{""book"": ""傷寒論_千金翼方版""}",0.75,pending,
REL_01252,SHL_SONGBEN_0291,clause,SHSRC0033,VR_QIANJINYI_0540,variant,SHSRC0034,variant,傷寒論_千金翼方版存在對應異文（相似度0.74）。,傷寒論_千金翼方版:少陰病狀第二,citation_to_node_unique,"{""book"": ""傷寒論_千金翼方版""}",0.737,pending,
REL_01253,SHL_SONGBEN_0292,clause,SHSRC0033,VR_QIANJINYI_0541,variant,SHSRC0034,variant,傷寒論_千金翼方版存在對應異文（相似度0.64）。,傷寒論_千金翼方版:少陰病狀第二,citation_to_node_unique,"{""book"": ""傷寒論_千金翼方版""}",0.638,pending,
REL_01254,SHL_SONGBEN_0293,clause,SHSRC0033,VR_QIANJINYI_0542,variant,SHSRC0034,variant,傷寒論_千金翼方版存在對應異文（相似度0.80）。,傷寒論_千金翼方版:少陰病狀第二,citation_to_node_unique,"{""book"": ""傷寒論_千金翼方版""}",0.8,pending,
REL_01255,SHL_SONGBEN_0294,clause,SHSRC0033,VR_QIANJINYI_0543,variant,SHSRC0034,variant,傷寒論_千金翼方版存在對應異文（相似度0.77）。,傷寒論_千金翼方版:少陰病狀第二,citation_to_node_unique,"{""book"": ""傷寒論_千金翼方版""}",0.771,pending,
REL_01256,SHL_SONGBEN_0295,clause,SHSRC0033,VR_QIANJINYI_0544,variant,SHSRC0034,variant,傷寒論_千金翼方版存在對應異文（相似度0.71）。,傷寒論_千金翼方版:少陰病狀第二,citation_to_node_unique,"{""book"": ""傷寒論_千金翼方版""}",0.714,pending,
REL_01257,SHL_SONGBEN_0297,clause,SHSRC0033,VR_QIANJINYI_0545,variant,SHSRC0034,variant,傷寒論_千金翼方版存在對應異文（相似度0.89）。,傷寒論_千金翼方版:少陰病狀第二,citation_to_node_unique,"{""book"": ""傷寒論_千金翼方版""}",0.889,pending,
REL_01258,SHL_SONGBEN_0298,clause,SHSRC0033,VR_QIANJINYI_0546,variant,SHSRC0034,variant,傷寒論_千金翼方版存在對應異文（相似度0.74）。,傷寒論_千金翼方版:少陰病狀第二,citation_to_node_unique,"{""book"": ""傷寒論_千金翼方版""}",0.737,pending,
REL_01259,SHL_SONGBEN_0299,clause,SHSRC0033,VR_QIANJINYI_0547,variant,SHSRC0034,variant,傷寒論_千金翼方版存在對應異文（相似度0.84）。,傷寒論_千金翼方版:少陰病狀第二,citation_to_node_unique,"{""book"": ""傷寒論_千金翼方版""}",0.842,pending,
REL_01260,SHL_SONGBEN_0300,clause,SHSRC0033,VR_QIANJINYI_0548,variant,SHSRC0034,variant,傷寒論_千金翼方版存在對應異文（相似度1.00）。,傷寒論_千金翼方版:少陰病狀第二,citation_to_node_unique,"{""book"": ""傷寒論_千金翼方版""}",1.0,pending,
REL_01261,SHL_SONGBEN_0301,clause,SHSRC0033,VR_QIANJINYI_0549,variant,SHSRC0034,variant,傷寒論_千金翼方版存在對應異文（相似度0.66）。,傷寒論_千金翼方版:少陰病狀第二,citation_to_node_unique,"{""book"": ""傷寒論_千金翼方版""}",0.655,pending,
REL_01262,SHL_SONGBEN_0302,clause,SHSRC0033,VR_QIANJINYI_0550,variant,SHSRC0034,variant,傷寒論_千金翼方版存在對應異文（相似度0.83）。,傷寒論_千金翼方版:宜發汗第二,citation_to_node_unique,"{""book"": ""傷寒論_千金翼方版""}",0.829,pending,
REL_01263,SHL_SONGBEN_0304,clause,SHSRC0033,VR_QIANJINYI_0551,variant,SHSRC0034,variant,傷寒論_千金翼方版存在對應異文（相似度0.94）。,傷寒論_千金翼方版:少陰病狀第二,citation_to_node_unique,"{""book"": ""傷寒論_千金翼方版""}",0.936,pending,
REL_01264,SHL_SONGBEN_0306,clause,SHSRC0033,VR_QIANJINYI_0552,variant,SHSRC0034,variant,傷寒論_千金翼方版存在對應異文（相似度0.88）。,傷寒論_千金翼方版:少陰病狀第二,citation_to_node_unique,"{""book"": ""傷寒論_千金翼方版""}",0.88,pending,
REL_01265,SHL_SONGBEN_0308,clause,SHSRC0033,VR_QIANJINYI_0553,variant,SHSRC0034,variant,傷寒論_千金翼方版存在對應異文（相似度1.00）。,傷寒論_千金翼方版:少陰病狀第二,citation_to_node_unique,"{""book"": ""傷寒論_千金翼方版""}",1.0,pending,
REL_01266,SHL_SONGBEN_0309,clause,SHSRC0033,VR_QIANJINYI_0554,variant,SHSRC0034,variant,傷寒論_千金翼方版存在對應異文（相似度0.73）。,傷寒論_千金翼方版:少陰病狀第二,citation_to_node_unique,"{""book"": ""傷寒論_千金翼方版""}",0.732,pending,
REL_01267,SHL_SONGBEN_0310,clause,SHSRC0033,VR_QIANJINYI_0555,variant,SHSRC0034,variant,傷寒論_千金翼方版存在對應異文（相似度0.88）。,傷寒論_千金翼方版:少陰病狀第二,citation_to_node_unique,"{""book"": ""傷寒論_千金翼方版""}",0.882,pending,
REL_01268,SHL_SONGBEN_0313,clause,SHSRC0033,VR_QIANJINYI_0556,variant,SHSRC0034,variant,傷寒論_千金翼方版存在對應異文（相似度0.75）。,傷寒論_千金翼方版:少陰病狀第二,citation_to_node_unique,"{""book"": ""傷寒論_千金翼方版""}",0.75,pending,
REL_01269,SHL_SONGBEN_0315,clause,SHSRC0033,VR_QIANJINYI_0557,variant,SHSRC0034,variant,傷寒論_千金翼方版存在對應異文（相似度0.62）。,傷寒論_千金翼方版:少陰病狀第二,citation_to_node_unique,"{""book"": ""傷寒論_千金翼方版""}",0.623,pending,
REL_01270,SHL_SONGBEN_0316,clause,SHSRC0033,VR_QIANJINYI_0558,variant,SHSRC0034,variant,傷寒論_千金翼方版存在對應異文（相似度0.64）。,傷寒論_千金翼方版:少陰病狀第二,citation_to_node_unique,"{""book"": ""傷寒論_千金翼方版""}",0.644,pending,
REL_01271,SHL_SONGBEN_0317,clause,SHSRC0033,VR_QIANJINYI_0559,variant,SHSRC0034,variant,傷寒論_千金翼方版存在對應異文（相似度0.64）。,傷寒論_千金翼方版:少陰病狀第二,citation_to_node_unique,"{""book"": ""傷寒論_千金翼方版""}",0.64,pending,
REL_01272,SHL_SONGBEN_0318,clause,SHSRC0033,VR_QIANJINYI_0560,variant,SHSRC0034,variant,傷寒論_千金翼方版存在對應異文（相似度0.81）。,傷寒論_千金翼方版:少陰病狀第二,citation_to_node_unique,"{""book"": ""傷寒論_千金翼方版""}",0.807,pending,
REL_01273,SHL_SONGBEN_0319,clause,SHSRC0033,VR_QIANJINYI_0561,variant,SHSRC0034,variant,傷寒論_千金翼方版存在對應異文（相似度0.75）。,傷寒論_千金翼方版:少陰病狀第二,citation_to_node_unique,"{""book"": ""傷寒論_千金翼方版""}",0.75,pending,
REL_01274,SHL_SONGBEN_0320,clause,SHSRC0033,VR_QIANJINYI_0562,variant,SHSRC0034,variant,傷寒論_千金翼方版存在對應異文（相似度0.86）。,傷寒論_千金翼方版:宜下第六,citation_to_node_unique,"{""book"": ""傷寒論_千金翼方版""}",0.857,pending,
REL_01275,SHL_SONGBEN_0321,clause,SHSRC0033,VR_QIANJINYI_0563,variant,SHSRC0034,variant,傷寒論_千金翼方版存在對應異文（相似度0.68）。,傷寒論_千金翼方版:少陰病狀第二,citation_to_node_unique,"{""book"": ""傷寒論_千金翼方版""}",0.679,pending,
REL_01276,SHL_SONGBEN_0322,clause,SHSRC0033,VR_QIANJINYI_0564,variant,SHSRC0034,variant,傷寒論_千金翼方版存在對應異文（相似度0.73）。,傷寒論_千金翼方版:少陰病狀第二,citation_to_node_unique,"{""book"": ""傷寒論_千金翼方版""}",0.732,pending,
REL_01277,SHL_SONGBEN_0323,clause,SHSRC0033,VR_QIANJINYI_0565,variant,SHSRC0034,variant,傷寒論_千金翼方版存在對應異文（相似度0.72）。,傷寒論_千金翼方版:少陰病狀第二,citation_to_node_unique,"{""book"": ""傷寒論_千金翼方版""}",0.72,pending,
REL_01278,SHL_SONGBEN_0324,clause,SHSRC0033,VR_QIANJINYI_0566,variant,SHSRC0034,variant,傷寒論_千金翼方版存在對應異文（相似度0.83）。,傷寒論_千金翼方版:少陰病狀第二,citation_to_node_unique,"{""book"": ""傷寒論_千金翼方版""}",0.833,pending,
REL_01279,SHL_SONGBEN_0326,clause,SHSRC0033,VR_QIANJINYI_0567,variant,SHSRC0034,variant,傷寒論_千金翼方版存在對應異文（相似度0.67）。,傷寒論_千金翼方版:厥陰病狀第三,citation_to_node_unique,"{""book"": ""傷寒論_千金翼方版""}",0.667,pending,
REL_01280,SHL_SONGBEN_0327,clause,SHSRC0033,VR_QIANJINYI_0568,variant,SHSRC0034,variant,傷寒論_千金翼方版存在對應異文（相似度0.89）。,傷寒論_千金翼方版:厥陰病狀第三,citation_to_node_unique,"{""book"": ""傷寒論_千金翼方版""}",0.889,pending,
REL_01281,SHL_SONGBEN_0328,clause,SHSRC0033,VR_QIANJINYI_0569,variant,SHSRC0034,variant,傷寒論_千金翼方版存在對應異文（相似度0.74）。,傷寒論_千金翼方版:厥陰病狀第三,citation_to_node_unique,"{""book"": ""傷寒論_千金翼方版""}",0.737,pending,
REL_01282,SHL_SONGBEN_0330,clause,SHSRC0033,VR_QIANJINYI_0570,variant,SHSRC0034,variant,傷寒論_千金翼方版存在對應異文（相似度1.00）。,傷寒論_千金翼方版:厥陰病狀第三,citation_to_node_unique,"{""book"": ""傷寒論_千金翼方版""}",1.0,pending,
REL_01283,SHL_SONGBEN_0331,clause,SHSRC0033,VR_QIANJINYI_0571,variant,SHSRC0034,variant,傷寒論_千金翼方版存在對應異文（相似度0.90）。,傷寒論_千金翼方版:厥陰病狀第三,citation_to_node_unique,"{""book"": ""傷寒論_千金翼方版""}",0.903,pending,
REL_01284,SHL_SONGBEN_0332,clause,SHSRC0033,VR_QIANJINYI_0572,variant,SHSRC0034,variant,傷寒論_千金翼方版存在對應異文（相似度0.84）。,傷寒論_千金翼方版:厥陰病狀第三,citation_to_node_unique,"{""book"": ""傷寒論_千金翼方版""}",0.838,pending,
REL_01285,SHL_SONGBEN_0333,clause,SHSRC0033,VR_QIANJINYI_0573,variant,SHSRC0034,variant,傷寒論_千金翼方版存在對應異文（相似度0.87）。,傷寒論_千金翼方版:厥陰病狀第三,citation_to_node_unique,"{""book"": ""傷寒論_千金翼方版""}",0.872,pending,
REL_01286,SHL_SONGBEN_0334,clause,SHSRC0033,VR_QIANJINYI_0574,variant,SHSRC0034,variant,傷寒論_千金翼方版存在對應異文（相似度0.77）。,傷寒論_千金翼方版:厥陰病狀第三,citation_to_node_unique,"{""book"": ""傷寒論_千金翼方版""}",0.773,pending,
REL_01287,SHL_SONGBEN_0335,clause,SHSRC0033,VR_QIANJINYI_0575,variant,SHSRC0034,variant,傷寒論_千金翼方版存在對應異文（相似度0.76）。,傷寒論_千金翼方版:厥陰病狀第三,citation_to_node_unique,"{""book"": ""傷寒論_千金翼方版""}",0.756,pending,
REL_01288,SHL_SONGBEN_0336,clause,SHSRC0033,VR_QIANJINYI_0576,variant,SHSRC0034,variant,傷寒論_千金翼方版存在對應異文（相似度0.97）。,傷寒論_千金翼方版:厥陰病狀第三,citation_to_node_unique,"{""book"": ""傷寒論_千金翼方版""}",0.966,pending,
REL_01289,SHL_SONGBEN_0337,clause,SHSRC0033,VR_QIANJINYI_0577,variant,SHSRC0034,variant,傷寒論_千金翼方版存在對應異文（相似度0.89）。,傷寒論_千金翼方版:厥陰病狀第三,citation_to_node_unique,"{""book"": ""傷寒論_千金翼方版""}",0.895,pending,
REL_01290,SHL_SONGBEN_0338,clause,SHSRC0033,VR_QIANJINYI_0578,variant,SHSRC0034,variant,傷寒論_千金翼方版存在對應異文（相似度0.63）。,傷寒論_千金翼方版:厥陰病狀第三,citation_to_node_unique,"{""book"": ""傷寒論_千金翼方版""}",0.632,pending,
REL_01291,SHL_SONGBEN_0339,clause,SHSRC0033,VR_QIANJINYI_0579,variant,SHSRC0034,variant,傷寒論_千金翼方版存在對應異文（相似度0.80）。,傷寒論_千金翼方版:厥陰病狀第三,citation_to_node_unique,"{""book"": ""傷寒論_千金翼方版""}",0.796,pending,
REL_01292,SHL_SONGBEN_0340,clause,SHSRC0033,VR_QIANJINYI_0580,variant,SHSRC0034,variant,傷寒論_千金翼方版存在對應異文（相似度0.86）。,傷寒論_千金翼方版:厥陰病狀第三,citation_to_node_unique,"{""book"": ""傷寒論_千金翼方版""}",0.863,pending,
REL_01293,SHL_SONGBEN_0341,clause,SHSRC0033,VR_QIANJINYI_0581,variant,SHSRC0034,variant,傷寒論_千金翼方版存在對應異文（相似度0.77）。,傷寒論_千金翼方版:厥陰病狀第三,citation_to_node_unique,"{""book"": ""傷寒論_千金翼方版""}",0.767,pending,
REL_01294,SHL_SONGBEN_0342,clause,SHSRC0033,VR_QIANJINYI_0582,variant,SHSRC0034,variant,傷寒論_千金翼方版存在對應異文（相似度0.98）。,傷寒論_千金翼方版:厥陰病狀第三,citation_to_node_unique,"{""book"": ""傷寒論_千金翼方版""}",0.98,pending,
REL_01295,SHL_SONGBEN_0343,clause,SHSRC0033,VR_QIANJINYI_0583,variant,SHSRC0034,variant,傷寒論_千金翼方版存在對應異文（相似度0.78）。,傷寒論_千金翼方版:宜灸第十一,citation_to_node_unique,"{""book"": ""傷寒論_千金翼方版""}",0.78,pending,
REL_01296,SHL_SONGBEN_0344,clause,SHSRC0033,VR_QIANJINYI_0584,variant,SHSRC0034,variant,傷寒論_千金翼方版存在對應異文（相似度0.67）。,傷寒論_千金翼方版:厥陰病狀第三,citation_to_node_unique,"{""book"": ""傷寒論_千金翼方版""}",0.667,pending,
REL_01297,SHL_SONGBEN_0345,clause,SHSRC0033,VR_QIANJINYI_0585,variant,SHSRC0034,variant,傷寒論_千金翼方版存在對應異文（相似度0.87）。,傷寒論_千金翼方版:厥陰病狀第三,citation_to_node_unique,"{""book"": ""傷寒論_千金翼方版""}",0.87,pending,
REL_01298,SHL_SONGBEN_0346,clause,SHSRC0033,VR_QIANJINYI_0586,variant,SHSRC0034,variant,傷寒論_千金翼方版存在對應異文（相似度1.00）。,傷寒論_千金翼方版:厥陰病狀第三,citation_to_node_unique,"{""book"": ""傷寒論_千金翼方版""}",1.0,pending,
REL_01299,SHL_SONGBEN_0347,clause,SHSRC0033,VR_QIANJINYI_0587,variant,SHSRC0034,variant,傷寒論_千金翼方版存在對應異文（相似度0.71）。,傷寒論_千金翼方版:忌下第五,citation_to_node_unique,"{""book"": ""傷寒論_千金翼方版""}",0.711,pending,
REL_01300,SHL_SONGBEN_0349,clause,SHSRC0033,VR_QIANJINYI_0588,variant,SHSRC0034,variant,傷寒論_千金翼方版存在對應異文（相似度0.86）。,傷寒論_千金翼方版:厥陰病狀第三,citation_to_node_unique,"{""book"": ""傷寒論_千金翼方版""}",0.857,pending,
REL_01301,SHL_SONGBEN_0350,clause,SHSRC0033,VR_QIANJINYI_0589,variant,SHSRC0034,variant,傷寒論_千金翼方版存在對應異文（相似度0.63）。,傷寒論_千金翼方版:厥陰病狀第三,citation_to_node_unique,"{""book"": ""傷寒論_千金翼方版""}",0.632,pending,
REL_01302,SHL_SONGBEN_0353,clause,SHSRC0033,VR_QIANJINYI_0590,variant,SHSRC0034,variant,傷寒論_千金翼方版存在對應異文（相似度0.72）。,傷寒論_千金翼方版:厥陰病狀第三,citation_to_node_unique,"{""book"": ""傷寒論_千金翼方版""}",0.723,pending,
REL_01303,SHL_SONGBEN_0355,clause,SHSRC0033,VR_QIANJINYI_0591,variant,SHSRC0034,variant,傷寒論_千金翼方版存在對應異文（相似度0.73）。,傷寒論_千金翼方版:厥陰病狀第三,citation_to_node_unique,"{""book"": ""傷寒論_千金翼方版""}",0.732,pending,
REL_01304,SHL_SONGBEN_0358,clause,SHSRC0033,VR_QIANJINYI_0592,variant,SHSRC0034,variant,傷寒論_千金翼方版存在對應異文（相似度0.84）。,傷寒論_千金翼方版:厥陰病狀第三,citation_to_node_unique,"{""book"": ""傷寒論_千金翼方版""}",0.842,pending,
REL_01305,SHL_SONGBEN_0359,clause,SHSRC0033,VR_QIANJINYI_0593,variant,SHSRC0034,variant,傷寒論_千金翼方版存在對應異文（相似度0.69）。,傷寒論_千金翼方版:厥陰病狀第三,citation_to_node_unique,"{""book"": ""傷寒論_千金翼方版""}",0.687,pending,
REL_01306,SHL_SONGBEN_0360,clause,SHSRC0033,VR_QIANJINYI_0594,variant,SHSRC0034,variant,傷寒論_千金翼方版存在對應異文（相似度0.67）。,傷寒論_千金翼方版:厥陰病狀第三,citation_to_node_unique,"{""book"": ""傷寒論_千金翼方版""}",0.667,pending,
REL_01307,SHL_SONGBEN_0362,clause,SHSRC0033,VR_QIANJINYI_0595,variant,SHSRC0034,variant,傷寒論_千金翼方版存在對應異文（相似度0.75）。,傷寒論_千金翼方版:厥陰病狀第三,citation_to_node_unique,"{""book"": ""傷寒論_千金翼方版""}",0.755,pending,
REL_01308,SHL_SONGBEN_0363,clause,SHSRC0033,VR_QIANJINYI_0596,variant,SHSRC0034,variant,傷寒論_千金翼方版存在對應異文（相似度0.67）。,傷寒論_千金翼方版:厥陰病狀第三,citation_to_node_unique,"{""book"": ""傷寒論_千金翼方版""}",0.667,pending,
REL_01309,SHL_SONGBEN_0364,clause,SHSRC0033,VR_QIANJINYI_0597,variant,SHSRC0034,variant,傷寒論_千金翼方版存在對應異文（相似度0.88）。,傷寒論_千金翼方版:厥陰病狀第三,citation_to_node_unique,"{""book"": ""傷寒論_千金翼方版""}",0.88,pending,
REL_01310,SHL_SONGBEN_0365,clause,SHSRC0033,VR_QIANJINYI_0598,variant,SHSRC0034,variant,傷寒論_千金翼方版存在對應異文（相似度0.93）。,傷寒論_千金翼方版:厥陰病狀第三,citation_to_node_unique,"{""book"": ""傷寒論_千金翼方版""}",0.926,pending,
REL_01311,SHL_SONGBEN_0368,clause,SHSRC0033,VR_QIANJINYI_0599,variant,SHSRC0034,variant,傷寒論_千金翼方版存在對應異文（相似度0.82）。,傷寒論_千金翼方版:厥陰病狀第三,citation_to_node_unique,"{""book"": ""傷寒論_千金翼方版""}",0.821,pending,
REL_01312,SHL_SONGBEN_0369,clause,SHSRC0033,VR_QIANJINYI_0600,variant,SHSRC0034,variant,傷寒論_千金翼方版存在對應異文（相似度0.69）。,傷寒論_千金翼方版:厥陰病狀第三,citation_to_node_unique,"{""book"": ""傷寒論_千金翼方版""}",0.692,pending,
REL_01313,SHL_SONGBEN_0370,clause,SHSRC0033,VR_QIANJINYI_0601,variant,SHSRC0034,variant,傷寒論_千金翼方版存在對應異文（相似度0.71）。,傷寒論_千金翼方版:厥陰病狀第三,citation_to_node_unique,"{""book"": ""傷寒論_千金翼方版""}",0.714,pending,
REL_01314,SHL_SONGBEN_0371,clause,SHSRC0033,VR_QIANJINYI_0602,variant,SHSRC0034,variant,傷寒論_千金翼方版存在對應異文（相似度0.84）。,傷寒論_千金翼方版:厥陰病狀第三,citation_to_node_unique,"{""book"": ""傷寒論_千金翼方版""}",0.842,pending,
REL_01315,SHL_SONGBEN_0372,clause,SHSRC0033,VR_QIANJINYI_0603,variant,SHSRC0034,variant,傷寒論_千金翼方版存在對應異文（相似度0.70）。,傷寒論_千金翼方版:厥陰病狀第三,citation_to_node_unique,"{""book"": ""傷寒論_千金翼方版""}",0.7,pending,
REL_01316,SHL_SONGBEN_0376,clause,SHSRC0033,VR_QIANJINYI_0604,variant,SHSRC0034,variant,傷寒論_千金翼方版存在對應異文（相似度0.88）。,傷寒論_千金翼方版:厥陰病狀第三,citation_to_node_unique,"{""book"": ""傷寒論_千金翼方版""}",0.88,pending,
REL_01317,SHL_SONGBEN_0377,clause,SHSRC0033,VR_QIANJINYI_0605,variant,SHSRC0034,variant,傷寒論_千金翼方版存在對應異文（相似度0.86）。,傷寒論_千金翼方版:厥陰病狀第三,citation_to_node_unique,"{""book"": ""傷寒論_千金翼方版""}",0.864,pending,
REL_01318,SHL_SONGBEN_0378,clause,SHSRC0033,VR_QIANJINYI_0606,variant,SHSRC0034,variant,傷寒論_千金翼方版存在對應異文（相似度0.62）。,傷寒論_千金翼方版:厥陰病狀第三,citation_to_node_unique,"{""book"": ""傷寒論_千金翼方版""}",0.625,pending,
REL_01319,SHL_SONGBEN_0379,clause,SHSRC0033,VR_QIANJINYI_0607,variant,SHSRC0034,variant,傷寒論_千金翼方版存在對應異文（相似度0.70）。,傷寒論_千金翼方版:厥陰病狀第三,citation_to_node_unique,"{""book"": ""傷寒論_千金翼方版""}",0.696,pending,
REL_01320,SHL_SONGBEN_0380,clause,SHSRC0033,VR_QIANJINYI_0608,variant,SHSRC0034,variant,傷寒論_千金翼方版存在對應異文（相似度0.91）。,傷寒論_千金翼方版:厥陰病狀第三,citation_to_node_unique,"{""book"": ""傷寒論_千金翼方版""}",0.909,pending,
REL_01321,SHL_SONGBEN_0381,clause,SHSRC0033,VR_QIANJINYI_0609,variant,SHSRC0034,variant,傷寒論_千金翼方版存在對應異文（相似度0.72）。,傷寒論_千金翼方版:厥陰病狀第三,citation_to_node_unique,"{""book"": ""傷寒論_千金翼方版""}",0.722,pending,
REL_01322,SHL_SONGBEN_0382,clause,SHSRC0033,VR_QIANJINYI_0610,variant,SHSRC0034,variant,傷寒論_千金翼方版存在對應異文（相似度0.79）。,傷寒論_千金翼方版:霍亂病狀第六,citation_to_node_unique,"{""book"": ""傷寒論_千金翼方版""}",0.788,pending,
REL_01323,SHL_SONGBEN_0386,clause,SHSRC0033,VR_QIANJINYI_0611,variant,SHSRC0034,variant,傷寒論_千金翼方版存在對應異文（相似度0.79）。,傷寒論_千金翼方版:霍亂病狀第六,citation_to_node_unique,"{""book"": ""傷寒論_千金翼方版""}",0.793,pending,
REL_01324,SHL_SONGBEN_0387,clause,SHSRC0033,VR_QIANJINYI_0612,variant,SHSRC0034,variant,傷寒論_千金翼方版存在對應異文（相似度0.86）。,傷寒論_千金翼方版:霍亂病狀第六,citation_to_node_unique,"{""book"": ""傷寒論_千金翼方版""}",0.864,pending,
REL_01325,SHL_SONGBEN_0389,clause,SHSRC0033,VR_QIANJINYI_0613,variant,SHSRC0034,variant,傷寒論_千金翼方版存在對應異文（相似度0.69）。,傷寒論_千金翼方版:霍亂病狀第六,citation_to_node_unique,"{""book"": ""傷寒論_千金翼方版""}",0.694,pending,
REL_01326,SHL_SONGBEN_0391,clause,SHSRC0033,VR_QIANJINYI_0614,variant,SHSRC0034,variant,傷寒論_千金翼方版存在對應異文（相似度0.67）。,傷寒論_千金翼方版:霍亂病狀第六,citation_to_node_unique,"{""book"": ""傷寒論_千金翼方版""}",0.667,pending,
REL_01327,SHL_SONGBEN_0392,clause,SHSRC0033,VR_QIANJINYI_0615,variant,SHSRC0034,variant,傷寒論_千金翼方版存在對應異文（相似度0.69）。,傷寒論_千金翼方版:陰易病已後勞復第七,citation_to_node_unique,"{""book"": ""傷寒論_千金翼方版""}",0.693,pending,
REL_01328,SHL_SONGBEN_0394,clause,SHSRC0033,VR_QIANJINYI_0616,variant,SHSRC0034,variant,傷寒論_千金翼方版存在對應異文（相似度0.79）。,傷寒論_千金翼方版:陰易病已後勞復第七,citation_to_node_unique,"{""book"": ""傷寒論_千金翼方版""}",0.792,pending,
REL_01329,SHL_SONGBEN_0001,clause,SHSRC0033,CR_ZHUJIE_0001,commentary,SHSRC0055,commentary_support,成無己《註解傷寒論》對本條有注（對齊相似度1.00）。,註解傷寒論:p471,citation_to_node_unique,{},1.0,pending,
REL_01330,SHL_SONGBEN_0002,clause,SHSRC0033,CR_ZHUJIE_0002,commentary,SHSRC0055,commentary_support,成無己《註解傷寒論》對本條有注（對齊相似度1.00）。,註解傷寒論:p473,citation_to_node_unique,{},1.0,pending,
REL_01331,SHL_SONGBEN_0003,clause,SHSRC0033,CR_ZHUJIE_0003,commentary,SHSRC0055,commentary_support,成無己《註解傷寒論》對本條有注（對齊相似度0.92）。,註解傷寒論:p475,citation_to_node_unique,{},0.923,pending,
REL_01332,SHL_SONGBEN_0004,clause,SHSRC0033,CR_ZHUJIE_0004,commentary,SHSRC0055,commentary_support,成無己《註解傷寒論》對本條有注（對齊相似度0.92）。,註解傷寒論:p477,citation_to_node_unique,{},0.923,pending,
REL_01333,SHL_SONGBEN_0005,clause,SHSRC0033,CR_ZHUJIE_0005,commentary,SHSRC0055,commentary_support,成無己《註解傷寒論》對本條有注（對齊相似度1.00）。,註解傷寒論:p479,citation_to_node_unique,{},1.0,pending,
REL_01334,SHL_SONGBEN_0006,clause,SHSRC0033,CR_ZHUJIE_0006,commentary,SHSRC0055,commentary_support,成無己《註解傷寒論》對本條有注（對齊相似度0.87）。,註解傷寒論:p483,citation_to_node_unique,{},0.866,pending,
REL_01335,SHL_SONGBEN_0007,clause,SHSRC0033,CR_ZHUJIE_0007,commentary,SHSRC0055,commentary_support,成無己《註解傷寒論》對本條有注（對齊相似度0.90）。,註解傷寒論:p485,citation_to_node_unique,{},0.903,pending,
REL_01336,SHL_SONGBEN_0008,clause,SHSRC0033,CR_ZHUJIE_0008,commentary,SHSRC0055,commentary_support,成無己《註解傷寒論》對本條有注（對齊相似度0.94）。,註解傷寒論:p487,citation_to_node_unique,{},0.943,pending,
REL_01337,SHL_SONGBEN_0009,clause,SHSRC0033,CR_ZHUJIE_0009,commentary,SHSRC0055,commentary_support,成無己《註解傷寒論》對本條有注（對齊相似度1.00）。,註解傷寒論:p489,citation_to_node_unique,{},1.0,pending,
REL_01338,SHL_SONGBEN_0010,clause,SHSRC0033,CR_ZHUJIE_0010,commentary,SHSRC0055,commentary_support,成無己《註解傷寒論》對本條有注（對齊相似度1.00）。,註解傷寒論:p491,citation_to_node_unique,{},1.0,pending,
REL_01339,SHL_SONGBEN_0011,clause,SHSRC0033,CR_ZHUJIE_0011,commentary,SHSRC0055,commentary_support,成無己《註解傷寒論》對本條有注（對齊相似度0.89）。,註解傷寒論:p493,citation_to_node_unique,{},0.889,pending,
REL_01340,SHL_SONGBEN_0012,clause,SHSRC0033,CR_ZHUJIE_0012,commentary,SHSRC0055,commentary_support,成無己《註解傷寒論》對本條有注（對齊相似度1.00）。,註解傷寒論:p495,citation_to_node_unique,{},1.0,pending,
REL_01341,SHL_SONGBEN_0013,clause,SHSRC0033,CR_ZHUJIE_0013,commentary,SHSRC0055,commentary_support,成無己《註解傷寒論》對本條有注（對齊相似度0.90）。,註解傷寒論:p500,citation_to_node_unique,{},0.903,pending,
REL_01342,SHL_SONGBEN_0014,clause,SHSRC0033,CR_ZHUJIE_0014,commentary,SHSRC0055,commentary_support,成無己《註解傷寒論》對本條有注（對齊相似度0.90）。,註解傷寒論:p502,citation_to_node_unique,{},0.9,pending,
REL_01343,SHL_SONGBEN_0015,clause,SHSRC0033,CR_ZHUJIE_0015,commentary,SHSRC0055,commentary_support,成無己《註解傷寒論》對本條有注（對齊相似度0.94）。,註解傷寒論:p504,citation_to_node_unique,{},0.941,pending,
REL_01344,SHL_SONGBEN_0017,clause,SHSRC0033,CR_ZHUJIE_0016,commentary,SHSRC0055,commentary_support,成無己《註解傷寒論》對本條有注（對齊相似度0.90）。,註解傷寒論:p511,citation_to_node_unique,{},0.9,pending,
REL_01345,SHL_SONGBEN_0018,clause,SHSRC0033,CR_ZHUJIE_0017,commentary,SHSRC0055,commentary_support,成無己《註解傷寒論》對本條有注（對齊相似度1.00）。,註解傷寒論:p513,citation_to_node_unique,{},1.0,pending,
REL_01346,SHL_SONGBEN_0019,clause,SHSRC0033,CR_ZHUJIE_0018,commentary,SHSRC0055,commentary_support,成無己《註解傷寒論》對本條有注（對齊相似度1.00）。,註解傷寒論:p515,citation_to_node_unique,{},1.0,pending,
REL_01347,SHL_SONGBEN_0020,clause,SHSRC0033,CR_ZHUJIE_0019,commentary,SHSRC0055,commentary_support,成無己《註解傷寒論》對本條有注（對齊相似度1.00）。,註解傷寒論:p518,citation_to_node_unique,{},1.0,pending,
REL_01348,SHL_SONGBEN_0023,clause,SHSRC0033,CR_ZHUJIE_0020,commentary,SHSRC0055,commentary_support,成無己《註解傷寒論》對本條有注（對齊相似度1.00）。,註解傷寒論:p525,citation_to_node_unique,{},1.0,pending,
REL_01349,SHL_SONGBEN_0024,clause,SHSRC0033,CR_ZHUJIE_0021,commentary,SHSRC0055,commentary_support,成無己《註解傷寒論》對本條有注（對齊相似度1.00）。,註解傷寒論:p527,citation_to_node_unique,{},1.0,pending,
REL_01350,SHL_SONGBEN_0025,clause,SHSRC0033,CR_ZHUJIE_0022,commentary,SHSRC0055,commentary_support,成無己《註解傷寒論》對本條有注（對齊相似度0.90）。,註解傷寒論:p529,citation_to_node_unique,{},0.896,pending,
REL_01351,SHL_SONGBEN_0026,clause,SHSRC0033,CR_ZHUJIE_0023,commentary,SHSRC0055,commentary_support,成無己《註解傷寒論》對本條有注（對齊相似度1.00）。,註解傷寒論:p531,citation_to_node_unique,{},1.0,pending,
REL_01352,SHL_SONGBEN_0027,clause,SHSRC0033,CR_ZHUJIE_0024,commentary,SHSRC0055,commentary_support,成無己《註解傷寒論》對本條有注（對齊相似度0.92）。,註解傷寒論:p533,citation_to_node_unique,{},0.918,pending,
REL_01353,SHL_SONGBEN_0028,clause,SHSRC0033,CR_ZHUJIE_0025,commentary,SHSRC0055,commentary_support,成無己《註解傷寒論》對本條有注（對齊相似度0.97）。,註解傷寒論:p537,citation_to_node_unique,{},0.974,pending,
REL_01354,SHL_SONGBEN_0029,clause,SHSRC0033,CR_ZHUJIE_0026,commentary,SHSRC0055,commentary_support,成無己《註解傷寒論》對本條有注（對齊相似度0.94）。,註解傷寒論:p539,citation_to_node_unique,{},0.944,pending,
REL_01355,SHL_SONGBEN_0030,clause,SHSRC0033,CR_ZHUJIE_0027,commentary,SHSRC0055,commentary_support,成無己《註解傷寒論》對本條有注（對齊相似度0.76）。,註解傷寒論:p555,citation_to_node_unique,{},0.755,pending,
REL_01356,SHL_SONGBEN_0031,clause,SHSRC0033,CR_ZHUJIE_0028,commentary,SHSRC0055,commentary_support,成無己《註解傷寒論》對本條有注（對齊相似度0.87）。,註解傷寒論:p557,citation_to_node_unique,{},0.867,pending,
REL_01357,SHL_SONGBEN_0032,clause,SHSRC0033,CR_ZHUJIE_0029,commentary,SHSRC0055,commentary_support,成無己《註解傷寒論》對本條有注（對齊相似度1.00）。,註解傷寒論:p562,citation_to_node_unique,{},1.0,pending,
REL_01358,SHL_SONGBEN_0033,clause,SHSRC0033,CR_ZHUJIE_0030,commentary,SHSRC0055,commentary_support,成無己《註解傷寒論》對本條有注（對齊相似度1.00）。,註解傷寒論:p564,citation_to_node_unique,{},1.0,pending,
REL_01359,SHL_SONGBEN_0034,clause,SHSRC0033,CR_ZHUJIE_0031,commentary,SHSRC0055,commentary_support,成無己《註解傷寒論》對本條有注（對齊相似度0.94）。,註解傷寒論:p569,citation_to_node_unique,{},0.941,pending,
REL_01360,SHL_SONGBEN_0035,clause,SHSRC0033,CR_ZHUJIE_0032,commentary,SHSRC0055,commentary_support,成無己《註解傷寒論》對本條有注（對齊相似度1.00）。,註解傷寒論:p575,citation_to_node_unique,{},1.0,pending,
REL_01361,SHL_SONGBEN_0036,clause,SHSRC0033,CR_ZHUJIE_0033,commentary,SHSRC0055,commentary_support,成無己《註解傷寒論》對本條有注（對齊相似度0.95）。,註解傷寒論:p582,citation_to_node_unique,{},0.947,pending,
REL_01362,SHL_SONGBEN_0037,clause,SHSRC0033,CR_ZHUJIE_0034,commentary,SHSRC0055,commentary_support,成無己《註解傷寒論》對本條有注（對齊相似度0.89）。,註解傷寒論:p584,citation_to_node_unique,{},0.886,pending,
REL_01363,SHL_SONGBEN_0038,clause,SHSRC0033,CR_ZHUJIE_0035,commentary,SHSRC0055,commentary_support,成無己《註解傷寒論》對本條有注（對齊相似度0.95）。,註解傷寒論:p587,citation_to_node_unique,{},0.949,pending,
REL_01364,SHL_SONGBEN_0039,clause,SHSRC0033,CR_ZHUJIE_0036,commentary,SHSRC0055,commentary_support,成無己《註解傷寒論》對本條有注（對齊相似度1.00）。,註解傷寒論:p592,citation_to_node_unique,{},1.0,pending,
REL_01365,SHL_SONGBEN_0040,clause,SHSRC0033,CR_ZHUJIE_0037,commentary,SHSRC0055,commentary_support,成無己《註解傷寒論》對本條有注（對齊相似度0.95）。,註解傷寒論:p594,citation_to_node_unique,{},0.947,pending,
REL_01366,SHL_SONGBEN_0041,clause,SHSRC0033,CR_ZHUJIE_0038,commentary,SHSRC0055,commentary_support,成無己《註解傷寒論》對本條有注（對齊相似度0.94）。,註解傷寒論:p605,citation_to_node_unique,{},0.935,pending,
REL_01367,SHL_SONGBEN_0042,clause,SHSRC0033,CR_ZHUJIE_0039,commentary,SHSRC0055,commentary_support,成無己《註解傷寒論》對本條有注（對齊相似度1.00）。,註解傷寒論:p607,citation_to_node_unique,{},1.0,pending,
REL_01368,SHL_SONGBEN_0043,clause,SHSRC0033,CR_ZHUJIE_0040,commentary,SHSRC0055,commentary_support,成無己《註解傷寒論》對本條有注（對齊相似度0.91）。,註解傷寒論:p609,citation_to_node_unique,{},0.909,pending,
REL_01369,SHL_SONGBEN_0045,clause,SHSRC0033,CR_ZHUJIE_0041,commentary,SHSRC0055,commentary_support,成無己《註解傷寒論》對本條有注（對齊相似度0.94）。,註解傷寒論:p613,citation_to_node_unique,{},0.94,pending,
REL_01370,SHL_SONGBEN_0046,clause,SHSRC0033,CR_ZHUJIE_0042,commentary,SHSRC0055,commentary_support,成無己《註解傷寒論》對本條有注（對齊相似度1.00）。,註解傷寒論:p615,citation_to_node_unique,{},1.0,pending,
REL_01371,SHL_SONGBEN_0047,clause,SHSRC0033,CR_ZHUJIE_0043,commentary,SHSRC0055,commentary_support,成無己《註解傷寒論》對本條有注（對齊相似度1.00）。,註解傷寒論:p617,citation_to_node_unique,{},1.0,pending,
REL_01372,SHL_SONGBEN_0048,clause,SHSRC0033,CR_ZHUJIE_0044,commentary,SHSRC0055,commentary_support,成無己《註解傷寒論》對本條有注（對齊相似度0.97）。,註解傷寒論:p619,citation_to_node_unique,{},0.967,pending,
REL_01373,SHL_SONGBEN_0049,clause,SHSRC0033,CR_ZHUJIE_0045,commentary,SHSRC0055,commentary_support,成無己《註解傷寒論》對本條有注（對齊相似度0.92）。,註解傷寒論:p621,citation_to_node_unique,{},0.917,pending,
REL_01374,SHL_SONGBEN_0050,clause,SHSRC0033,CR_ZHUJIE_0046,commentary,SHSRC0055,commentary_support,成無己《註解傷寒論》對本條有注（對齊相似度0.96）。,註解傷寒論:p623,citation_to_node_unique,{},0.959,pending,
REL_01375,SHL_SONGBEN_0051,clause,SHSRC0033,CR_ZHUJIE_0047,commentary,SHSRC0055,commentary_support,成無己《註解傷寒論》對本條有注（對齊相似度1.00）。,註解傷寒論:p625,citation_to_node_unique,{},1.0,pending,
REL_01376,SHL_SONGBEN_0052,clause,SHSRC0033,CR_ZHUJIE_0048,commentary,SHSRC0055,commentary_support,成無己《註解傷寒論》對本條有注（對齊相似度1.00）。,註解傷寒論:p627,citation_to_node_unique,{},1.0,pending,
REL_01377,SHL_SONGBEN_0053,clause,SHSRC0033,CR_ZHUJIE_0049,commentary,SHSRC0055,commentary_support,成無己《註解傷寒論》對本條有注（對齊相似度0.95）。,註解傷寒論:p629,citation_to_node_unique,{},0.945,pending,
REL_01378,SHL_SONGBEN_0054,clause,SHSRC0033,CR_ZHUJIE_0050,commentary,SHSRC0055,commentary_support,成無己《註解傷寒論》對本條有注（對齊相似度0.88）。,註解傷寒論:p631,citation_to_node_unique,{},0.875,pending,
REL_01379,SHL_SONGBEN_0055,clause,SHSRC0033,CR_ZHUJIE_0051,commentary,SHSRC0055,commentary_support,成無己《註解傷寒論》對本條有注（對齊相似度1.00）。,註解傷寒論:p633,citation_to_node_unique,{},1.0,pending,
REL_01380,SHL_SONGBEN_0056,clause,SHSRC0033,CR_ZHUJIE_0052,commentary,SHSRC0055,commentary_support,成無己《註解傷寒論》對本條有注（對齊相似度0.95）。,註解傷寒論:p635,citation_to_node_unique,{},0.952,pending,
REL_01381,SHL_SONGBEN_0057,clause,SHSRC0033,CR_ZHUJIE_0053,commentary,SHSRC0055,commentary_support,成無己《註解傷寒論》對本條有注（對齊相似度0.88）。,註解傷寒論:p638,citation_to_node_unique,{},0.884,pending,
REL_01382,SHL_SONGBEN_0058,clause,SHSRC0033,CR_ZHUJIE_0054,commentary,SHSRC0055,commentary_support,成無己《註解傷寒論》對本條有注（對齊相似度0.95）。,註解傷寒論:p640,citation_to_node_unique,{},0.952,pending,
REL_01383,SHL_SONGBEN_0059,clause,SHSRC0033,CR_ZHUJIE_0055,commentary,SHSRC0055,commentary_support,成無己《註解傷寒論》對本條有注（對齊相似度1.00）。,註解傷寒論:p642,citation_to_node_unique,{},1.0,pending,
REL_01384,SHL_SONGBEN_0060,clause,SHSRC0033,CR_ZHUJIE_0056,commentary,SHSRC0055,commentary_support,成無己《註解傷寒論》對本條有注（對齊相似度1.00）。,註解傷寒論:p644,citation_to_node_unique,{},1.0,pending,
REL_01385,SHL_SONGBEN_0061,clause,SHSRC0033,CR_ZHUJIE_0057,commentary,SHSRC0055,commentary_support,成無己《註解傷寒論》對本條有注（對齊相似度1.00）。,註解傷寒論:p646,citation_to_node_unique,{},1.0,pending,
REL_01386,SHL_SONGBEN_0062,clause,SHSRC0033,CR_ZHUJIE_0058,commentary,SHSRC0055,commentary_support,成無己《註解傷寒論》對本條有注（對齊相似度1.00）。,註解傷寒論:p652,citation_to_node_unique,{},1.0,pending,
REL_01387,SHL_SONGBEN_0063,clause,SHSRC0033,CR_ZHUJIE_0059,commentary,SHSRC0055,commentary_support,成無己《註解傷寒論》對本條有注（對齊相似度0.92）。,註解傷寒論:p654,citation_to_node_unique,{},0.918,pending,
REL_01388,SHL_SONGBEN_0065,clause,SHSRC0033,CR_ZHUJIE_0060,commentary,SHSRC0055,commentary_support,成無己《註解傷寒論》對本條有注（對齊相似度1.00）。,註解傷寒論:p664,citation_to_node_unique,{},1.0,pending,
REL_01389,SHL_SONGBEN_0066,clause,SHSRC0033,CR_ZHUJIE_0061,commentary,SHSRC0055,commentary_support,成無己《註解傷寒論》對本條有注（對齊相似度0.84）。,註解傷寒論:p669,citation_to_node_unique,{},0.842,pending,
REL_01390,SHL_SONGBEN_0067,clause,SHSRC0033,CR_ZHUJIE_0062,commentary,SHSRC0055,commentary_support,成無己《註解傷寒論》對本條有注（對齊相似度1.00）。,註解傷寒論:p674,citation_to_node_unique,{},1.0,pending,
REL_01391,SHL_SONGBEN_0068,clause,SHSRC0033,CR_ZHUJIE_0063,commentary,SHSRC0055,commentary_support,成無己《註解傷寒論》對本條有注（對齊相似度1.00）。,註解傷寒論:p679,citation_to_node_unique,{},1.0,pending,
REL_01392,SHL_SONGBEN_0069,clause,SHSRC0033,CR_ZHUJIE_0064,commentary,SHSRC0055,commentary_support,成無己《註解傷寒論》對本條有注（對齊相似度1.00）。,註解傷寒論:p684,citation_to_node_unique,{},1.0,pending,
REL_01393,SHL_SONGBEN_0071,clause,SHSRC0033,CR_ZHUJIE_0065,commentary,SHSRC0055,commentary_support,成無己《註解傷寒論》對本條有注（對齊相似度0.93）。,註解傷寒論:p692,citation_to_node_unique,{},0.929,pending,
REL_01394,SHL_SONGBEN_0072,clause,SHSRC0033,CR_ZHUJIE_0066,commentary,SHSRC0055,commentary_support,成無己《註解傷寒論》對本條有注（對齊相似度1.00）。,註解傷寒論:p697,citation_to_node_unique,{},1.0,pending,
REL_01395,SHL_SONGBEN_0073,clause,SHSRC0033,CR_ZHUJIE_0067,commentary,SHSRC0055,commentary_support,成無己《註解傷寒論》對本條有注（對齊相似度1.00）。,註解傷寒論:p699,citation_to_node_unique,{},1.0,pending,
REL_01396,SHL_SONGBEN_0074,clause,SHSRC0033,CR_ZHUJIE_0068,commentary,SHSRC0055,commentary_support,成無己《註解傷寒論》對本條有注（對齊相似度0.94）。,註解傷寒論:p704,citation_to_node_unique,{},0.938,pending,
REL_01397,SHL_SONGBEN_0075,clause,SHSRC0033,CR_ZHUJIE_0069,commentary,SHSRC0055,commentary_support,成無己《註解傷寒論》對本條有注（對齊相似度0.73）。,註解傷寒論:p706,citation_to_node_unique,{},0.731,pending,
REL_01398,SHL_SONGBEN_0076,clause,SHSRC0033,CR_ZHUJIE_0070,commentary,SHSRC0055,commentary_support,成無己《註解傷寒論》對本條有注（對齊相似度0.61）。,註解傷寒論:p712,citation_to_node_unique,{},0.61,pending,
REL_01399,SHL_SONGBEN_0077,clause,SHSRC0033,CR_ZHUJIE_0071,commentary,SHSRC0055,commentary_support,成無己《註解傷寒論》對本條有注（對齊相似度1.00）。,註解傷寒論:p720,citation_to_node_unique,{},1.0,pending,
REL_01400,SHL_SONGBEN_0078,clause,SHSRC0033,CR_ZHUJIE_0072,commentary,SHSRC0055,commentary_support,成無己《註解傷寒論》對本條有注（對齊相似度1.00）。,註解傷寒論:p722,citation_to_node_unique,{},1.0,pending,
REL_01401,SHL_SONGBEN_0079,clause,SHSRC0033,CR_ZHUJIE_0073,commentary,SHSRC0055,commentary_support,成無己《註解傷寒論》對本條有注（對齊相似度1.00）。,註解傷寒論:p724,citation_to_node_unique,{},1.0,pending,
REL_01402,SHL_SONGBEN_0080,clause,SHSRC0033,CR_ZHUJIE_0074,commentary,SHSRC0055,commentary_support,成無己《註解傷寒論》對本條有注（對齊相似度1.00）。,註解傷寒論:p729,citation_to_node_unique,{},1.0,pending,
REL_01403,SHL_SONGBEN_0081,clause,SHSRC0033,CR_ZHUJIE_0075,commentary,SHSRC0055,commentary_support,成無己《註解傷寒論》對本條有注（對齊相似度0.87）。,註解傷寒論:p734,citation_to_node_unique,{},0.867,pending,
REL_01404,SHL_SONGBEN_0082,clause,SHSRC0033,CR_ZHUJIE_0076,commentary,SHSRC0055,commentary_support,成無己《註解傷寒論》對本條有注（對齊相似度0.95）。,註解傷寒論:p736,citation_to_node_unique,{},0.952,pending,
REL_01405,SHL_SONGBEN_0083,clause,SHSRC0033,CR_ZHUJIE_0077,commentary,SHSRC0055,commentary_support,成無己《註解傷寒論》對本條有注（對齊相似度0.75）。,註解傷寒論:p738,citation_to_node_unique,{},0.75,pending,
REL_01406,SHL_SONGBEN_0084,clause,SHSRC0033,CR_ZHUJIE_0078,commentary,SHSRC0055,commentary_support,成無己《註解傷寒論》對本條有注（對齊相似度1.00）。,註解傷寒論:p740,citation_to_node_unique,{},1.0,pending,
REL_01407,SHL_SONGBEN_0085,clause,SHSRC0033,CR_ZHUJIE_0079,commentary,SHSRC0055,commentary_support,成無己《註解傷寒論》對本條有注（對齊相似度0.75）。,註解傷寒論:p742,citation_to_node_unique,{},0.75,pending,
REL_01408,SHL_SONGBEN_0086,clause,SHSRC0033,CR_ZHUJIE_0080,commentary,SHSRC0055,commentary_support,成無己《註解傷寒論》對本條有注（對齊相似度0.93）。,註解傷寒論:p744,citation_to_node_unique,{},0.93,pending,
REL_01409,SHL_SONGBEN_0087,clause,SHSRC0033,CR_ZHUJIE_0081,commentary,SHSRC0055,commentary_support,成無己《註解傷寒論》對本條有注（對齊相似度0.83）。,註解傷寒論:p746,citation_to_node_unique,{},0.833,pending,
REL_01410,SHL_SONGBEN_0088,clause,SHSRC0033,CR_ZHUJIE_0082,commentary,SHSRC0055,commentary_support,成無己《註解傷寒論》對本條有注（對齊相似度0.97）。,註解傷寒論:p748,citation_to_node_unique,{},0.974,pending,
REL_01411,SHL_SONGBEN_0089,clause,SHSRC0033,CR_ZHUJIE_0083,commentary,SHSRC0055,commentary_support,成無己《註解傷寒論》對本條有注（對齊相似度0.75）。,註解傷寒論:p750,citation_to_node_unique,{},0.75,pending,
REL_01412,SHL_SONGBEN_0090,clause,SHSRC0033,CR_ZHUJIE_0084,commentary,SHSRC0055,commentary_support,成無己《註解傷寒論》對本條有注（對齊相似度1.00）。,註解傷寒論:p752,citation_to_node_unique,{},1.0,pending,
REL_01413,SHL_SONGBEN_0091,clause,SHSRC0033,CR_ZHUJIE_0085,commentary,SHSRC0055,commentary_support,成無己《註解傷寒論》對本條有注（對齊相似度0.92）。,註解傷寒論:p754,citation_to_node_unique,{},0.921,pending,
REL_01414,SHL_SONGBEN_0092,clause,SHSRC0033,CR_ZHUJIE_0086,commentary,SHSRC0055,commentary_support,成無己《註解傷寒論》對本條有注（對齊相似度0.82）。,註解傷寒論:p756,citation_to_node_unique,{},0.818,pending,
REL_01415,SHL_SONGBEN_0093,clause,SHSRC0033,CR_ZHUJIE_0087,commentary,SHSRC0055,commentary_support,成無己《註解傷寒論》對本條有注（對齊相似度0.70）。,註解傷寒論:p758,citation_to_node_unique,{},0.703,pending,
REL_01416,SHL_SONGBEN_0094,clause,SHSRC0033,CR_ZHUJIE_0088,commentary,SHSRC0055,commentary_support,成無己《註解傷寒論》對本條有注（對齊相似度0.92）。,註解傷寒論:p761,citation_to_node_unique,{},0.923,pending,
REL_01417,SHL_SONGBEN_0095,clause,SHSRC0033,CR_ZHUJIE_0089,commentary,SHSRC0055,commentary_support,成無己《註解傷寒論》對本條有注（對齊相似度1.00）。,註解傷寒論:p763,citation_to_node_unique,{},1.0,pending,
REL_01418,SHL_SONGBEN_0096,clause,SHSRC0033,CR_ZHUJIE_0090,commentary,SHSRC0055,commentary_support,成無己《註解傷寒論》對本條有注（對齊相似度0.81）。,註解傷寒論:p765,citation_to_node_unique,{},0.809,pending,
REL_01419,SHL_SONGBEN_0097,clause,SHSRC0033,CR_ZHUJIE_0091,commentary,SHSRC0055,commentary_support,成無己《註解傷寒論》對本條有注（對齊相似度0.78）。,註解傷寒論:p785,citation_to_node_unique,{},0.785,pending,
REL_01420,SHL_SONGBEN_0098,clause,SHSRC0033,CR_ZHUJIE_0092,commentary,SHSRC0055,commentary_support,成無己《註解傷寒論》對本條有注（對齊相似度0.90）。,註解傷寒論:p789,citation_to_node_unique,{},0.905,pending,
REL_01421,SHL_SONGBEN_0099,clause,SHSRC0033,CR_ZHUJIE_0093,commentary,SHSRC0055,commentary_support,成無己《註解傷寒論》對本條有注（對齊相似度0.92）。,註解傷寒論:p791,citation_to_node_unique,{},0.923,pending,
REL_01422,SHL_SONGBEN_0100,clause,SHSRC0033,CR_ZHUJIE_0094,commentary,SHSRC0055,commentary_support,成無己《註解傷寒論》對本條有注（對齊相似度0.81）。,註解傷寒論:p793,citation_to_node_unique,{},0.807,pending,
REL_01423,SHL_SONGBEN_0101,clause,SHSRC0033,CR_ZHUJIE_0095,commentary,SHSRC0055,commentary_support,成無己《註解傷寒論》對本條有注（對齊相似度0.75）。,註解傷寒論:p800,citation_to_node_unique,{},0.747,pending,
REL_01424,SHL_SONGBEN_0102,clause,SHSRC0033,CR_ZHUJIE_0096,commentary,SHSRC0055,commentary_support,成無己《註解傷寒論》對本條有注（對齊相似度1.00）。,註解傷寒論:p802,citation_to_node_unique,{},1.0,pending,
REL_01425,SHL_SONGBEN_0103,clause,SHSRC0033,CR_ZHUJIE_0097,commentary,SHSRC0055,commentary_support,成無己《註解傷寒論》對本條有注（對齊相似度0.90）。,註解傷寒論:p804,citation_to_node_unique,{},0.896,pending,
REL_01426,SHL_SONGBEN_0104,clause,SHSRC0033,CR_ZHUJIE_0098,commentary,SHSRC0055,commentary_support,成無己《註解傷寒論》對本條有注（對齊相似度0.78）。,註解傷寒論:p809,citation_to_node_unique,{},0.777,pending,
REL_01427,SHL_SONGBEN_0105,clause,SHSRC0033,CR_ZHUJIE_0099,commentary,SHSRC0055,commentary_support,成無己《註解傷寒論》對本條有注（對齊相似度0.94）。,註解傷寒論:p812,citation_to_node_unique,{},0.941,pending,
REL_01428,SHL_SONGBEN_0107,clause,SHSRC0033,CR_ZHUJIE_0100,commentary,SHSRC0055,commentary_support,成無己《註解傷寒論》對本條有注（對齊相似度1.00）。,註解傷寒論:p820,citation_to_node_unique,{},1.0,pending,
REL_01429,SHL_SONGBEN_0108,clause,SHSRC0033,CR_ZHUJIE_0101,commentary,SHSRC0055,commentary_support,成無己《註解傷寒論》對本條有注（對齊相似度1.00）。,註解傷寒論:p824,citation_to_node_unique,{},1.0,pending,
REL_01430,SHL_SONGBEN_0109,clause,SHSRC0033,CR_ZHUJIE_0102,commentary,SHSRC0055,commentary_support,成無己《註解傷寒論》對本條有注（對齊相似度1.00）。,註解傷寒論:p826,citation_to_node_unique,{},1.0,pending,
REL_01431,SHL_SONGBEN_0110,clause,SHSRC0033,CR_ZHUJIE_0103,commentary,SHSRC0055,commentary_support,成無己《註解傷寒論》對本條有注（對齊相似度0.90）。,註解傷寒論:p828,citation_to_node_unique,{},0.897,pending,
REL_01432,SHL_SONGBEN_0111,clause,SHSRC0033,CR_ZHUJIE_0104,commentary,SHSRC0055,commentary_support,成無己《註解傷寒論》對本條有注（對齊相似度0.98）。,註解傷寒論:p831,citation_to_node_unique,{},0.984,pending,
REL_01433,SHL_SONGBEN_0112,clause,SHSRC0033,CR_ZHUJIE_0105,commentary,SHSRC0055,commentary_support,成無己《註解傷寒論》對本條有注（對齊相似度0.92）。,註解傷寒論:p834,citation_to_node_unique,{},0.917,pending,
REL_01434,SHL_SONGBEN_0113,clause,SHSRC0033,CR_ZHUJIE_0106,commentary,SHSRC0055,commentary_support,成無己《註解傷寒論》對本條有注（對齊相似度0.97）。,註解傷寒論:p838,citation_to_node_unique,{},0.967,pending,
REL_01435,SHL_SONGBEN_0114,clause,SHSRC0033,CR_ZHUJIE_0107,commentary,SHSRC0055,commentary_support,成無己《註解傷寒論》對本條有注（對齊相似度0.92）。,註解傷寒論:p840,citation_to_node_unique,{},0.917,pending,
REL_01436,SHL_SONGBEN_0115,clause,SHSRC0033,CR_ZHUJIE_0108,commentary,SHSRC0055,commentary_support,成無己《註解傷寒論》對本條有注（對齊相似度0.84）。,註解傷寒論:p842,citation_to_node_unique,{},0.844,pending,
REL_01437,SHL_SONGBEN_0117,clause,SHSRC0033,CR_ZHUJIE_0109,commentary,SHSRC0055,commentary_support,成無己《註解傷寒論》對本條有注（對齊相似度0.99）。,註解傷寒論:p850,citation_to_node_unique,{},0.988,pending,
REL_01438,SHL_SONGBEN_0118,clause,SHSRC0033,CR_ZHUJIE_0110,commentary,SHSRC0055,commentary_support,成無己《註解傷寒論》對本條有注（對齊相似度1.00）。,註解傷寒論:p852,citation_to_node_unique,{},1.0,pending,
REL_01439,SHL_SONGBEN_0119,clause,SHSRC0033,CR_ZHUJIE_0111,commentary,SHSRC0055,commentary_support,成無己《註解傷寒論》對本條有注（對齊相似度1.00）。,註解傷寒論:p857,citation_to_node_unique,{},1.0,pending,
REL_01440,SHL_SONGBEN_0120,clause,SHSRC0033,CR_ZHUJIE_0112,commentary,SHSRC0055,commentary_support,成無己《註解傷寒論》對本條有注（對齊相似度0.76）。,註解傷寒論:p860,citation_to_node_unique,{},0.755,pending,
REL_01441,SHL_SONGBEN_0121,clause,SHSRC0033,CR_ZHUJIE_0113,commentary,SHSRC0055,commentary_support,成無己《註解傷寒論》對本條有注（對齊相似度1.00）。,註解傷寒論:p862,citation_to_node_unique,{},1.0,pending,
REL_01442,SHL_SONGBEN_0122,clause,SHSRC0033,CR_ZHUJIE_0114,commentary,SHSRC0055,commentary_support,成無己《註解傷寒論》對本條有注（對齊相似度0.95）。,註解傷寒論:p864,citation_to_node_unique,{},0.955,pending,
REL_01443,SHL_SONGBEN_0123,clause,SHSRC0033,CR_ZHUJIE_0115,commentary,SHSRC0055,commentary_support,成無己《註解傷寒論》對本條有注（對齊相似度0.90）。,註解傷寒論:p866,citation_to_node_unique,{},0.897,pending,
REL_01444,SHL_SONGBEN_0124,clause,SHSRC0033,CR_ZHUJIE_0116,commentary,SHSRC0055,commentary_support,成無己《註解傷寒論》對本條有注（對齊相似度0.93）。,註解傷寒論:p868,citation_to_node_unique,{},0.931,pending,
REL_01445,SHL_SONGBEN_0125,clause,SHSRC0033,CR_ZHUJIE_0117,commentary,SHSRC0055,commentary_support,成無己《註解傷寒論》對本條有注（對齊相似度0.94）。,註解傷寒論:p874,citation_to_node_unique,{},0.944,pending,
REL_01446,SHL_SONGBEN_0126,clause,SHSRC0033,CR_ZHUJIE_0118,commentary,SHSRC0055,commentary_support,成無己《註解傷寒論》對本條有注（對齊相似度0.93）。,註解傷寒論:p876,citation_to_node_unique,{},0.933,pending,
REL_01447,SHL_SONGBEN_0127,clause,SHSRC0033,CR_ZHUJIE_0119,commentary,SHSRC0055,commentary_support,成無己《註解傷寒論》對本條有注（對齊相似度0.91）。,註解傷寒論:p880,citation_to_node_unique,{},0.909,pending,
REL_01448,SHL_SONGBEN_0129,clause,SHSRC0033,CR_ZHUJIE_0120,commentary,SHSRC0055,commentary_support,成無己《註解傷寒論》對本條有注（對齊相似度0.68）。,註解傷寒論:p882,citation_to_node_unique,{},0.681,pending,
REL_01449,SHL_SONGBEN_0130,clause,SHSRC0033,CR_ZHUJIE_0121,commentary,SHSRC0055,commentary_support,成無己《註解傷寒論》對本條有注（對齊相似度0.86）。,註解傷寒論:p884,citation_to_node_unique,{},0.864,pending,
REL_01450,SHL_SONGBEN_0131,clause,SHSRC0033,CR_ZHUJIE_0122,commentary,SHSRC0055,commentary_support,成無己《註解傷寒論》對本條有注（對齊相似度0.75）。,註解傷寒論:p886,citation_to_node_unique,{},0.747,pending,
REL_01451,SHL_SONGBEN_0132,clause,SHSRC0033,CR_ZHUJIE_0123,commentary,SHSRC0055,commentary_support,成無己《註解傷寒論》對本條有注（對齊相似度1.00）。,註解傷寒論:p893,citation_to_node_unique,{},1.0,pending,
REL_01452,SHL_SONGBEN_0133,clause,SHSRC0033,CR_ZHUJIE_0124,commentary,SHSRC0055,commentary_support,成無己《註解傷寒論》對本條有注（對齊相似度1.00）。,註解傷寒論:p895,citation_to_node_unique,{},1.0,pending,
REL_01453,SHL_SONGBEN_0134,clause,SHSRC0033,CR_ZHUJIE_0125,commentary,SHSRC0055,commentary_support,成無己《註解傷寒論》對本條有注（對齊相似度0.94）。,註解傷寒論:p897,citation_to_node_unique,{},0.941,pending,
REL_01454,SHL_SONGBEN_0135,clause,SHSRC0033,CR_ZHUJIE_0126,commentary,SHSRC0055,commentary_support,成無己《註解傷寒論》對本條有注（對齊相似度0.92）。,註解傷寒論:p903,citation_to_node_unique,{},0.923,pending,
REL_01455,SHL_SONGBEN_0136,clause,SHSRC0033,CR_ZHUJIE_0127,commentary,SHSRC0055,commentary_support,成無己《註解傷寒論》對本條有注（對齊相似度0.86）。,註解傷寒論:p905,citation_to_node_unique,{},0.864,pending,
REL_01456,SHL_SONGBEN_0138,clause,SHSRC0033,CR_ZHUJIE_0128,commentary,SHSRC0055,commentary_support,成無己《註解傷寒論》對本條有注（對齊相似度1.00）。,註解傷寒論:p909,citation_to_node_unique,{},1.0,pending,
REL_01457,SHL_SONGBEN_0139,clause,SHSRC0033,CR_ZHUJIE_0129,commentary,SHSRC0055,commentary_support,成無己《註解傷寒論》對本條有注（對齊相似度1.00）。,註解傷寒論:p914,citation_to_node_unique,{},1.0,pending,
REL_01458,SHL_SONGBEN_0140,clause,SHSRC0033,CR_ZHUJIE_0130,commentary,SHSRC0055,commentary_support,成無己《註解傷寒論》對本條有注（對齊相似度0.95）。,註解傷寒論:p916,citation_to_node_unique,{},0.946,pending,
REL_01459,SHL_SONGBEN_0141,clause,SHSRC0033,CR_ZHUJIE_0131,commentary,SHSRC0055,commentary_support,成無己《註解傷寒論》對本條有注（對齊相似度0.75）。,註解傷寒論:p918,citation_to_node_unique,{},0.75,pending,
REL_01460,SHL_SONGBEN_0142,clause,SHSRC0033,CR_ZHUJIE_0132,commentary,SHSRC0055,commentary_support,成無己《註解傷寒論》對本條有注（對齊相似度0.90）。,註解傷寒論:p927,citation_to_node_unique,{},0.895,pending,
REL_01461,SHL_SONGBEN_0143,clause,SHSRC0033,CR_ZHUJIE_0133,commentary,SHSRC0055,commentary_support,成無己《註解傷寒論》對本條有注（對齊相似度0.92）。,註解傷寒論:p930,citation_to_node_unique,{},0.922,pending,
REL_01462,SHL_SONGBEN_0144,clause,SHSRC0033,CR_ZHUJIE_0134,commentary,SHSRC0055,commentary_support,成無己《註解傷寒論》對本條有注（對齊相似度1.00）。,註解傷寒論:p932,citation_to_node_unique,{},1.0,pending,
REL_01463,SHL_SONGBEN_0145,clause,SHSRC0033,CR_ZHUJIE_0135,commentary,SHSRC0055,commentary_support,成無己《註解傷寒論》對本條有注（對齊相似度0.96）。,註解傷寒論:p934,citation_to_node_unique,{},0.961,pending,
REL_01464,SHL_SONGBEN_0146,clause,SHSRC0033,CR_ZHUJIE_0136,commentary,SHSRC0055,commentary_support,成無己《註解傷寒論》對本條有注（對齊相似度0.89）。,註解傷寒論:p936,citation_to_node_unique,{},0.889,pending,
REL_01465,SHL_SONGBEN_0147,clause,SHSRC0033,CR_ZHUJIE_0137,commentary,SHSRC0055,commentary_support,成無己《註解傷寒論》對本條有注（對齊相似度0.96）。,註解傷寒論:p938,citation_to_node_unique,{},0.959,pending,
REL_01466,SHL_SONGBEN_0148,clause,SHSRC0033,CR_ZHUJIE_0138,commentary,SHSRC0055,commentary_support,成無己《註解傷寒論》對本條有注（對齊相似度0.93）。,註解傷寒論:p944,citation_to_node_unique,{},0.931,pending,
REL_01467,SHL_SONGBEN_0149,clause,SHSRC0033,CR_ZHUJIE_0139,commentary,SHSRC0055,commentary_support,成無己《註解傷寒論》對本條有注（對齊相似度0.98）。,註解傷寒論:p946,citation_to_node_unique,{},0.975,pending,
REL_01468,SHL_SONGBEN_0150,clause,SHSRC0033,CR_ZHUJIE_0140,commentary,SHSRC0055,commentary_support,成無己《註解傷寒論》對本條有注（對齊相似度0.85）。,註解傷寒論:p951,citation_to_node_unique,{},0.852,pending,
REL_01469,SHL_SONGBEN_0151,clause,SHSRC0033,CR_ZHUJIE_0141,commentary,SHSRC0055,commentary_support,成無己《註解傷寒論》對本條有注（對齊相似度0.91）。,註解傷寒論:p953,citation_to_node_unique,{},0.909,pending,
REL_01470,SHL_SONGBEN_0153,clause,SHSRC0033,CR_ZHUJIE_0142,commentary,SHSRC0055,commentary_support,成無己《註解傷寒論》對本條有注（對齊相似度0.90）。,註解傷寒論:p960,citation_to_node_unique,{},0.903,pending,
REL_01471,SHL_SONGBEN_0155,clause,SHSRC0033,CR_ZHUJIE_0143,commentary,SHSRC0055,commentary_support,成無己《註解傷寒論》對本條有注（對齊相似度1.00）。,註解傷寒論:p968,citation_to_node_unique,{},1.0,pending,
REL_01472,SHL_SONGBEN_0156,clause,SHSRC0033,CR_ZHUJIE_0144,commentary,SHSRC0055,commentary_support,成無己《註解傷寒論》對本條有注（對齊相似度1.00）。,註解傷寒論:p970,citation_to_node_unique,{},1.0,pending,
REL_01473,SHL_SONGBEN_0158,clause,SHSRC0033,CR_ZHUJIE_0145,commentary,SHSRC0055,commentary_support,成無己《註解傷寒論》對本條有注（對齊相似度0.94）。,註解傷寒論:p975,citation_to_node_unique,{},0.944,pending,
REL_01474,SHL_SONGBEN_0159,clause,SHSRC0033,CR_ZHUJIE_0146,commentary,SHSRC0055,commentary_support,成無己《註解傷寒論》對本條有注（對齊相似度0.95）。,註解傷寒論:p977,citation_to_node_unique,{},0.947,pending,
REL_01475,SHL_SONGBEN_0160,clause,SHSRC0033,CR_ZHUJIE_0147,commentary,SHSRC0055,commentary_support,成無己《註解傷寒論》對本條有注（對齊相似度0.92）。,註解傷寒論:p982,citation_to_node_unique,{},0.919,pending,
REL_01476,SHL_SONGBEN_0161,clause,SHSRC0033,CR_ZHUJIE_0148,commentary,SHSRC0055,commentary_support,成無己《註解傷寒論》對本條有注（對齊相似度0.86）。,註解傷寒論:p984,citation_to_node_unique,{},0.863,pending,
REL_01477,SHL_SONGBEN_0162,clause,SHSRC0033,CR_ZHUJIE_0149,commentary,SHSRC0055,commentary_support,成無己《註解傷寒論》對本條有注（對齊相似度0.93）。,註解傷寒論:p989,citation_to_node_unique,{},0.929,pending,
REL_01478,SHL_SONGBEN_0163,clause,SHSRC0033,CR_ZHUJIE_0150,commentary,SHSRC0055,commentary_support,成無己《註解傷寒論》對本條有注（對齊相似度0.89）。,註解傷寒論:p991,citation_to_node_unique,{},0.886,pending,
REL_01479,SHL_SONGBEN_0164,clause,SHSRC0033,CR_ZHUJIE_0151,commentary,SHSRC0055,commentary_support,成無己《註解傷寒論》對本條有注（對齊相似度1.00）。,註解傷寒論:p997,citation_to_node_unique,{},1.0,pending,
REL_01480,SHL_SONGBEN_0165,clause,SHSRC0033,CR_ZHUJIE_0152,commentary,SHSRC0055,commentary_support,成無己《註解傷寒論》對本條有注（對齊相似度0.83）。,註解傷寒論:p999,citation_to_node_unique,{},0.826,pending,
REL_01481,SHL_SONGBEN_0166,clause,SHSRC0033,CR_ZHUJIE_0153,commentary,SHSRC0055,commentary_support,成無己《註解傷寒論》對本條有注（對齊相似度0.88）。,註解傷寒論:p1001,citation_to_node_unique,{},0.875,pending,
REL_01482,SHL_SONGBEN_0167,clause,SHSRC0033,CR_ZHUJIE_0154,commentary,SHSRC0055,commentary_support,成無己《註解傷寒論》對本條有注（對齊相似度0.82）。,註解傷寒論:p1006,citation_to_node_unique,{},0.818,pending,
REL_01483,SHL_SONGBEN_0168,clause,SHSRC0033,CR_ZHUJIE_0155,commentary,SHSRC0055,commentary_support,成無己《註解傷寒論》對本條有注（對齊相似度0.84）。,註解傷寒論:p1008,citation_to_node_unique,{},0.835,pending,
REL_01484,SHL_SONGBEN_0169,clause,SHSRC0033,CR_ZHUJIE_0156,commentary,SHSRC0055,commentary_support,成無己《註解傷寒論》對本條有注（對齊相似度1.00）。,註解傷寒論:p1010,citation_to_node_unique,{},1.0,pending,
REL_01485,SHL_SONGBEN_0171,clause,SHSRC0033,CR_ZHUJIE_0157,commentary,SHSRC0055,commentary_support,成無己《註解傷寒論》對本條有注（對齊相似度0.85）。,註解傷寒論:p1015,citation_to_node_unique,{},0.846,pending,
REL_01486,SHL_SONGBEN_0172,clause,SHSRC0033,CR_ZHUJIE_0158,commentary,SHSRC0055,commentary_support,成無己《註解傷寒論》對本條有注（對齊相似度1.00）。,註解傷寒論:p1018,citation_to_node_unique,{},1.0,pending,
REL_01487,SHL_SONGBEN_0173,clause,SHSRC0033,CR_ZHUJIE_0159,commentary,SHSRC0055,commentary_support,成無己《註解傷寒論》對本條有注（對齊相似度1.00）。,註解傷寒論:p1023,citation_to_node_unique,{},1.0,pending,
REL_01488,SHL_SONGBEN_0174,clause,SHSRC0033,CR_ZHUJIE_0160,commentary,SHSRC0055,commentary_support,成無己《註解傷寒論》對本條有注（對齊相似度0.75）。,註解傷寒論:p1029,citation_to_node_unique,{},0.753,pending,
REL_01489,SHL_SONGBEN_0176,clause,SHSRC0033,CR_ZHUJIE_0161,commentary,SHSRC0055,commentary_support,成無己《註解傷寒論》對本條有注（對齊相似度0.79）。,註解傷寒論:p1043,citation_to_node_unique,{},0.788,pending,
REL_01490,SHL_SONGBEN_0177,clause,SHSRC0033,CR_ZHUJIE_0162,commentary,SHSRC0055,commentary_support,成無己《註解傷寒論》對本條有注（對齊相似度1.00）。,註解傷寒論:p1048,citation_to_node_unique,{},1.0,pending,
REL_01491,SHL_SONGBEN_0178,clause,SHSRC0033,CR_ZHUJIE_0163,commentary,SHSRC0055,commentary_support,成無己《註解傷寒論》對本條有注（對齊相似度0.96）。,註解傷寒論:p1054,citation_to_node_unique,{},0.962,pending,
REL_01492,SHL_SONGBEN_0180,clause,SHSRC0033,CR_ZHUJIE_0164,commentary,SHSRC0055,commentary_support,成無己《註解傷寒論》對本條有注（對齊相似度0.82）。,註解傷寒論:p1062,citation_to_node_unique,{},0.824,pending,
REL_01493,SHL_SONGBEN_0181,clause,SHSRC0033,CR_ZHUJIE_0165,commentary,SHSRC0055,commentary_support,成無己《註解傷寒論》對本條有注（對齊相似度0.92）。,註解傷寒論:p1064,citation_to_node_unique,{},0.923,pending,
REL_01494,SHL_SONGBEN_0182,clause,SHSRC0033,CR_ZHUJIE_0166,commentary,SHSRC0055,commentary_support,成無己《註解傷寒論》對本條有注（對齊相似度1.00）。,註解傷寒論:p1066,citation_to_node_unique,{},1.0,pending,
REL_01495,SHL_SONGBEN_0183,clause,SHSRC0033,CR_ZHUJIE_0167,commentary,SHSRC0055,commentary_support,成無己《註解傷寒論》對本條有注（對齊相似度1.00）。,註解傷寒論:p1068,citation_to_node_unique,{},1.0,pending,
REL_01496,SHL_SONGBEN_0184,clause,SHSRC0033,CR_ZHUJIE_0168,commentary,SHSRC0055,commentary_support,成無己《註解傷寒論》對本條有注（對齊相似度0.96）。,註解傷寒論:p1070,citation_to_node_unique,{},0.958,pending,
REL_01497,SHL_SONGBEN_0185,clause,SHSRC0033,CR_ZHUJIE_0169,commentary,SHSRC0055,commentary_support,成無己《註解傷寒論》對本條有注（對齊相似度0.67）。,註解傷寒論:p1072,citation_to_node_first_of_multiple,{},0.667,pending,
REL_01498,SHL_SONGBEN_0185,clause,SHSRC0033,CR_ZHUJIE_0169,commentary,SHSRC0055,commentary_support,成無己《註解傷寒論》對本條有注（對齊相似度0.66）。,註解傷寒論:p1074,citation_to_node_first_of_multiple,{},0.656,pending,
REL_01499,SHL_SONGBEN_0186,clause,SHSRC0033,CR_ZHUJIE_0171,commentary,SHSRC0055,commentary_support,成無己《註解傷寒論》對本條有注（對齊相似度1.00）。,註解傷寒論:p1076,citation_to_node_unique,{},1.0,pending,
REL_01500,SHL_SONGBEN_0187,clause,SHSRC0033,CR_ZHUJIE_0172,commentary,SHSRC0055,commentary_support,成無己《註解傷寒論》對本條有注（對齊相似度0.91）。,註解傷寒論:p1078,citation_to_node_unique,{},0.909,pending,
REL_01501,SHL_SONGBEN_0188,clause,SHSRC0033,CR_ZHUJIE_0173,commentary,SHSRC0055,commentary_support,成無己《註解傷寒論》對本條有注（對齊相似度0.74）。,註解傷寒論:p1080,citation_to_node_unique,{},0.741,pending,
REL_01502,SHL_SONGBEN_0189,clause,SHSRC0033,CR_ZHUJIE_0174,commentary,SHSRC0055,commentary_support,成無己《註解傷寒論》對本條有注（對齊相似度1.00）。,註解傷寒論:p1082,citation_to_node_unique,{},1.0,pending,
REL_01503,SHL_SONGBEN_0190,clause,SHSRC0033,CR_ZHUJIE_0175,commentary,SHSRC0055,commentary_support,成無己《註解傷寒論》對本條有注（對齊相似度1.00）。,註解傷寒論:p1084,citation_to_node_unique,{},1.0,pending,
REL_01504,SHL_SONGBEN_0191,clause,SHSRC0033,CR_ZHUJIE_0176,commentary,SHSRC0055,commentary_support,成無己《註解傷寒論》對本條有注（對齊相似度0.89）。,註解傷寒論:p1086,citation_to_node_unique,{},0.886,pending,
REL_01505,SHL_SONGBEN_0192,clause,SHSRC0033,CR_ZHUJIE_0177,commentary,SHSRC0055,commentary_support,成無己《註解傷寒論》對本條有注（對齊相似度0.88）。,註解傷寒論:p1088,citation_to_node_unique,{},0.878,pending,
REL_01506,SHL_SONGBEN_0193,clause,SHSRC0033,CR_ZHUJIE_0178,commentary,SHSRC0055,commentary_support,成無己《註解傷寒論》對本條有注（對齊相似度1.00）。,註解傷寒論:p1090,citation_to_node_unique,{},1.0,pending,
REL_01507,SHL_SONGBEN_0194,clause,SHSRC0033,CR_ZHUJIE_0179,commentary,SHSRC0055,commentary_support,成無己《註解傷寒論》對本條有注（對齊相似度0.94）。,註解傷寒論:p1092,citation_to_node_unique,{},0.943,pending,
REL_01508,SHL_SONGBEN_0195,clause,SHSRC0033,CR_ZHUJIE_0180,commentary,SHSRC0055,commentary_support,成無己《註解傷寒論》對本條有注（對齊相似度0.95）。,註解傷寒論:p1094,citation_to_node_unique,{},0.946,pending,
REL_01509,SHL_SONGBEN_0196,clause,SHSRC0033,CR_ZHUJIE_0181,commentary,SHSRC0055,commentary_support,成無己《註解傷寒論》對本條有注（對齊相似度1.00）。,註解傷寒論:p1096,citation_to_node_unique,{},1.0,pending,
REL_01510,SHL_SONGBEN_0197,clause,SHSRC0033,CR_ZHUJIE_0182,commentary,SHSRC0055,commentary_support,成無己《註解傷寒論》對本條有注（對齊相似度0.88）。,註解傷寒論:p1098,citation_to_node_unique,{},0.882,pending,
REL_01511,SHL_SONGBEN_0198,clause,SHSRC0033,CR_ZHUJIE_0183,commentary,SHSRC0055,commentary_support,成無己《註解傷寒論》對本條有注（對齊相似度0.72）。,註解傷寒論:p1100,citation_to_node_unique,{},0.72,pending,
REL_01512,SHL_SONGBEN_0199,clause,SHSRC0033,CR_ZHUJIE_0184,commentary,SHSRC0055,commentary_support,成無己《註解傷寒論》對本條有注（對齊相似度0.91）。,註解傷寒論:p1102,citation_to_node_unique,{},0.909,pending,
REL_01513,SHL_SONGBEN_0200,clause,SHSRC0033,CR_ZHUJIE_0185,commentary,SHSRC0055,commentary_support,成無己《註解傷寒論》對本條有注（對齊相似度0.91）。,註解傷寒論:p1104,citation_to_node_unique,{},0.914,pending,
REL_01514,SHL_SONGBEN_0201,clause,SHSRC0033,CR_ZHUJIE_0186,commentary,SHSRC0055,commentary_support,成無己《註解傷寒論》對本條有注（對齊相似度1.00）。,註解傷寒論:p1106,citation_to_node_unique,{},1.0,pending,
REL_01515,SHL_SONGBEN_0202,clause,SHSRC0033,CR_ZHUJIE_0187,commentary,SHSRC0055,commentary_support,成無己《註解傷寒論》對本條有注（對齊相似度0.87）。,註解傷寒論:p1108,citation_to_node_unique,{},0.867,pending,
REL_01516,SHL_SONGBEN_0203,clause,SHSRC0033,CR_ZHUJIE_0188,commentary,SHSRC0055,commentary_support,成無己《註解傷寒論》對本條有注（對齊相似度0.89）。,註解傷寒論:p1110,citation_to_node_unique,{},0.886,pending,
REL_01517,SHL_SONGBEN_0204,clause,SHSRC0033,CR_ZHUJIE_0189,commentary,SHSRC0055,commentary_support,成無己《註解傷寒論》對本條有注（對齊相似度1.00）。,註解傷寒論:p1112,citation_to_node_first_of_multiple,{},1.0,pending,
REL_01518,SHL_SONGBEN_0205,clause,SHSRC0033,CR_ZHUJIE_0190,commentary,SHSRC0055,commentary_support,成無己《註解傷寒論》對本條有注（對齊相似度0.90）。,註解傷寒論:p1114,citation_to_node_unique,{},0.905,pending,
REL_01519,SHL_SONGBEN_0206,clause,SHSRC0033,CR_ZHUJIE_0191,commentary,SHSRC0055,commentary_support,成無己《註解傷寒論》對本條有注（對齊相似度0.78）。,註解傷寒論:p1116,citation_to_node_unique,{},0.78,pending,
REL_01520,SHL_SONGBEN_0208,clause,SHSRC0033,CR_ZHUJIE_0192,commentary,SHSRC0055,commentary_support,成無己《註解傷寒論》對本條有注（對齊相似度0.90）。,註解傷寒論:p1120,citation_to_node_unique,{},0.904,pending,
REL_01521,SHL_SONGBEN_0209,clause,SHSRC0033,CR_ZHUJIE_0193,commentary,SHSRC0055,commentary_support,成無己《註解傷寒論》對本條有注（對齊相似度0.89）。,註解傷寒論:p1128,citation_to_node_unique,{},0.888,pending,
REL_01522,SHL_SONGBEN_0210,clause,SHSRC0033,CR_ZHUJIE_0194,commentary,SHSRC0055,commentary_support,成無己《註解傷寒論》對本條有注（對齊相似度0.65）。,註解傷寒論:p1132,citation_to_node_unique,{},0.649,pending,
REL_01523,SHL_SONGBEN_0211,clause,SHSRC0033,CR_ZHUJIE_0195,commentary,SHSRC0055,commentary_support,成無己《註解傷寒論》對本條有注（對齊相似度1.00）。,註解傷寒論:p1134,citation_to_node_unique,{},1.0,pending,
REL_01524,SHL_SONGBEN_0212,clause,SHSRC0033,CR_ZHUJIE_0196,commentary,SHSRC0055,commentary_support,成無己《註解傷寒論》對本條有注（對齊相似度0.93）。,註解傷寒論:p1136,citation_to_node_unique,{},0.933,pending,
REL_01525,SHL_SONGBEN_0213,clause,SHSRC0033,CR_ZHUJIE_0197,commentary,SHSRC0055,commentary_support,成無己《註解傷寒論》對本條有注（對齊相似度0.88）。,註解傷寒論:p1138,citation_to_node_unique,{},0.88,pending,
REL_01526,SHL_SONGBEN_0214,clause,SHSRC0033,CR_ZHUJIE_0198,commentary,SHSRC0055,commentary_support,成無己《註解傷寒論》對本條有注（對齊相似度0.86）。,註解傷寒論:p1140,citation_to_node_unique,{},0.864,pending,
REL_01527,SHL_SONGBEN_0215,clause,SHSRC0033,CR_ZHUJIE_0199,commentary,SHSRC0055,commentary_support,成無己《註解傷寒論》對本條有注（對齊相似度0.94）。,註解傷寒論:p1142,citation_to_node_unique,{},0.941,pending,
REL_01528,SHL_SONGBEN_0216,clause,SHSRC0033,CR_ZHUJIE_0200,commentary,SHSRC0055,commentary_support,成無己《註解傷寒論》對本條有注（對齊相似度0.89）。,註解傷寒論:p1144,citation_to_node_unique,{},0.889,pending,
REL_01529,SHL_SONGBEN_0217,clause,SHSRC0033,CR_ZHUJIE_0201,commentary,SHSRC0055,commentary_support,成無己《註解傷寒論》對本條有注（對齊相似度0.89）。,註解傷寒論:p1146,citation_to_node_unique,{},0.889,pending,
REL_01530,SHL_SONGBEN_0218,clause,SHSRC0033,CR_ZHUJIE_0202,commentary,SHSRC0055,commentary_support,成無己《註解傷寒論》對本條有注（對齊相似度0.88）。,註解傷寒論:p1148,citation_to_node_unique,{},0.882,pending,
REL_01531,SHL_SONGBEN_0219,clause,SHSRC0033,CR_ZHUJIE_0203,commentary,SHSRC0055,commentary_support,成無己《註解傷寒論》對本條有注（對齊相似度0.71）。,註解傷寒論:p1151,citation_to_node_unique,{},0.712,pending,
REL_01532,SHL_SONGBEN_0220,clause,SHSRC0033,CR_ZHUJIE_0204,commentary,SHSRC0055,commentary_support,成無己《註解傷寒論》對本條有注（對齊相似度0.88）。,註解傷寒論:p1153,citation_to_node_unique,{},0.875,pending,
REL_01533,SHL_SONGBEN_0221,clause,SHSRC0033,CR_ZHUJIE_0205,commentary,SHSRC0055,commentary_support,成無己《註解傷寒論》對本條有注（對齊相似度0.93）。,註解傷寒論:p1155,citation_to_node_unique,{},0.926,pending,
REL_01534,SHL_SONGBEN_0222,clause,SHSRC0033,CR_ZHUJIE_0206,commentary,SHSRC0055,commentary_support,成無己《註解傷寒論》對本條有注（對齊相似度1.00）。,註解傷寒論:p1158,citation_to_node_unique,{},1.0,pending,
REL_01535,SHL_SONGBEN_0223,clause,SHSRC0033,CR_ZHUJIE_0207,commentary,SHSRC0055,commentary_support,成無己《註解傷寒論》對本條有注（對齊相似度1.00）。,註解傷寒論:p1160,citation_to_node_unique,{},1.0,pending,
REL_01536,SHL_SONGBEN_0224,clause,SHSRC0033,CR_ZHUJIE_0208,commentary,SHSRC0055,commentary_support,成無己《註解傷寒論》對本條有注（對齊相似度1.00）。,註解傷寒論:p1166,citation_to_node_unique,{},1.0,pending,
REL_01537,SHL_SONGBEN_0225,clause,SHSRC0033,CR_ZHUJIE_0209,commentary,SHSRC0055,commentary_support,成無己《註解傷寒論》對本條有注（對齊相似度0.88）。,註解傷寒論:p1169,citation_to_node_unique,{},0.882,pending,
REL_01538,SHL_SONGBEN_0226,clause,SHSRC0033,CR_ZHUJIE_0210,commentary,SHSRC0055,commentary_support,成無己《註解傷寒論》對本條有注（對齊相似度1.00）。,註解傷寒論:p1171,citation_to_node_unique,{},1.0,pending,
REL_01539,SHL_SONGBEN_0227,clause,SHSRC0033,CR_ZHUJIE_0211,commentary,SHSRC0055,commentary_support,成無己《註解傷寒論》對本條有注（對齊相似度1.00）。,註解傷寒論:p1173,citation_to_node_unique,{},1.0,pending,
REL_01540,SHL_SONGBEN_0228,clause,SHSRC0033,CR_ZHUJIE_0212,commentary,SHSRC0055,commentary_support,成無己《註解傷寒論》對本條有注（對齊相似度0.95）。,註解傷寒論:p1175,citation_to_node_unique,{},0.954,pending,
REL_01541,SHL_SONGBEN_0229,clause,SHSRC0033,CR_ZHUJIE_0213,commentary,SHSRC0055,commentary_support,成無己《註解傷寒論》對本條有注（對齊相似度0.81）。,註解傷寒論:p1177,citation_to_node_unique,{},0.809,pending,
REL_01542,SHL_SONGBEN_0230,clause,SHSRC0033,CR_ZHUJIE_0214,commentary,SHSRC0055,commentary_support,成無己《註解傷寒論》對本條有注（對齊相似度0.73）。,註解傷寒論:p1179,citation_to_node_unique,{},0.732,pending,
REL_01543,SHL_SONGBEN_0232,clause,SHSRC0033,CR_ZHUJIE_0215,commentary,SHSRC0055,commentary_support,成無己《註解傷寒論》對本條有注（對齊相似度0.90）。,註解傷寒論:p1182,citation_to_node_unique,{},0.9,pending,
REL_01544,SHL_SONGBEN_0233,clause,SHSRC0033,CR_ZHUJIE_0216,commentary,SHSRC0055,commentary_support,成無己《註解傷寒論》對本條有注（對齊相似度0.93）。,註解傷寒論:p1184,citation_to_node_unique,{},0.932,pending,
REL_01545,SHL_SONGBEN_0236,clause,SHSRC0033,CR_ZHUJIE_0217,commentary,SHSRC0055,commentary_support,成無己《註解傷寒論》對本條有注（對齊相似度0.91）。,註解傷寒論:p1193,citation_to_node_unique,{},0.905,pending,
REL_01546,SHL_SONGBEN_0237,clause,SHSRC0033,CR_ZHUJIE_0218,commentary,SHSRC0055,commentary_support,成無己《註解傷寒論》對本條有注（對齊相似度0.86）。,註解傷寒論:p1198,citation_to_node_unique,{},0.864,pending,
REL_01547,SHL_SONGBEN_0238,clause,SHSRC0033,CR_ZHUJIE_0219,commentary,SHSRC0055,commentary_support,成無己《註解傷寒論》對本條有注（對齊相似度0.90）。,註解傷寒論:p1200,citation_to_node_unique,{},0.904,pending,
REL_01548,SHL_SONGBEN_0239,clause,SHSRC0033,CR_ZHUJIE_0220,commentary,SHSRC0055,commentary_support,成無己《註解傷寒論》對本條有注（對齊相似度0.92）。,註解傷寒論:p1202,citation_to_node_unique,{},0.92,pending,
REL_01549,SHL_SONGBEN_0240,clause,SHSRC0033,CR_ZHUJIE_0221,commentary,SHSRC0055,commentary_support,成無己《註解傷寒論》對本條有注（對齊相似度0.95）。,註解傷寒論:p1204,citation_to_node_unique,{},0.955,pending,
REL_01550,SHL_SONGBEN_0241,clause,SHSRC0033,CR_ZHUJIE_0222,commentary,SHSRC0055,commentary_support,成無己《註解傷寒論》對本條有注（對齊相似度1.00）。,註解傷寒論:p1206,citation_to_node_unique,{},1.0,pending,
REL_01551,SHL_SONGBEN_0242,clause,SHSRC0033,CR_ZHUJIE_0223,commentary,SHSRC0055,commentary_support,成無己《註解傷寒論》對本條有注（對齊相似度0.93）。,註解傷寒論:p1208,citation_to_node_unique,{},0.933,pending,
REL_01552,SHL_SONGBEN_0243,clause,SHSRC0033,CR_ZHUJIE_0224,commentary,SHSRC0055,commentary_support,成無己《註解傷寒論》對本條有注（對齊相似度0.95）。,註解傷寒論:p1210,citation_to_node_unique,{},0.955,pending,
REL_01553,SHL_SONGBEN_0244,clause,SHSRC0033,CR_ZHUJIE_0225,commentary,SHSRC0055,commentary_support,成無己《註解傷寒論》對本條有注（對齊相似度0.95）。,註解傷寒論:p1215,citation_to_node_unique,{},0.951,pending,
REL_01554,SHL_SONGBEN_0245,clause,SHSRC0033,CR_ZHUJIE_0226,commentary,SHSRC0055,commentary_support,成無己《註解傷寒論》對本條有注（對齊相似度0.68）。,註解傷寒論:p1220,citation_to_node_unique,{},0.677,pending,
REL_01555,SHL_SONGBEN_0246,clause,SHSRC0033,CR_ZHUJIE_0227,commentary,SHSRC0055,commentary_support,成無己《註解傷寒論》對本條有注（對齊相似度1.00）。,註解傷寒論:p1222,citation_to_node_unique,{},1.0,pending,
REL_01556,SHL_SONGBEN_0247,clause,SHSRC0033,CR_ZHUJIE_0228,commentary,SHSRC0055,commentary_support,成無己《註解傷寒論》對本條有注（對齊相似度0.71）。,註解傷寒論:p1224,citation_to_node_unique,{},0.708,pending,
REL_01557,SHL_SONGBEN_0248,clause,SHSRC0033,CR_ZHUJIE_0229,commentary,SHSRC0055,commentary_support,成無己《註解傷寒論》對本條有注（對齊相似度1.00）。,註解傷寒論:p1229,citation_to_node_unique,{},1.0,pending,
REL_01558,SHL_SONGBEN_0249,clause,SHSRC0033,CR_ZHUJIE_0230,commentary,SHSRC0055,commentary_support,成無己《註解傷寒論》對本條有注（對齊相似度1.00）。,註解傷寒論:p1231,citation_to_node_unique,{},1.0,pending,
REL_01559,SHL_SONGBEN_0250,clause,SHSRC0033,CR_ZHUJIE_0231,commentary,SHSRC0055,commentary_support,成無己《註解傷寒論》對本條有注（對齊相似度0.87）。,註解傷寒論:p1233,citation_to_node_unique,{},0.873,pending,
REL_01560,SHL_SONGBEN_0251,clause,SHSRC0033,CR_ZHUJIE_0232,commentary,SHSRC0055,commentary_support,成無己《註解傷寒論》對本條有注（對齊相似度0.89）。,註解傷寒論:p1235,citation_to_node_unique,{},0.889,pending,
REL_01561,SHL_SONGBEN_0252,clause,SHSRC0033,CR_ZHUJIE_0233,commentary,SHSRC0055,commentary_support,成無己《註解傷寒論》對本條有注（對齊相似度0.94）。,註解傷寒論:p1237,citation_to_node_unique,{},0.943,pending,
REL_01562,SHL_SONGBEN_0253,clause,SHSRC0033,CR_ZHUJIE_0234,commentary,SHSRC0055,commentary_support,成無己《註解傷寒論》對本條有注（對齊相似度0.90）。,註解傷寒論:p1239,citation_to_node_unique,{},0.897,pending,
REL_01563,SHL_SONGBEN_0254,clause,SHSRC0033,CR_ZHUJIE_0235,commentary,SHSRC0055,commentary_support,成無己《註解傷寒論》對本條有注（對齊相似度1.00）。,註解傷寒論:p1241,citation_to_node_unique,{},1.0,pending,
REL_01564,SHL_SONGBEN_0255,clause,SHSRC0033,CR_ZHUJIE_0236,commentary,SHSRC0055,commentary_support,成無己《註解傷寒論》對本條有注（對齊相似度1.00）。,註解傷寒論:p1243,citation_to_node_unique,{},1.0,pending,
REL_01565,SHL_SONGBEN_0257,clause,SHSRC0033,CR_ZHUJIE_0237,commentary,SHSRC0055,commentary_support,成無己《註解傷寒論》對本條有注（對齊相似度0.92）。,註解傷寒論:p1248,citation_to_node_unique,{},0.917,pending,
REL_01566,SHL_SONGBEN_0258,clause,SHSRC0033,CR_ZHUJIE_0238,commentary,SHSRC0055,commentary_support,成無己《註解傷寒論》對本條有注（對齊相似度0.90）。,註解傷寒論:p1250,citation_to_node_unique,{},0.903,pending,
REL_01567,SHL_SONGBEN_0259,clause,SHSRC0033,CR_ZHUJIE_0239,commentary,SHSRC0055,commentary_support,成無己《註解傷寒論》對本條有注（對齊相似度0.94）。,註解傷寒論:p1252,citation_to_node_unique,{},0.938,pending,
REL_01568,SHL_SONGBEN_0260,clause,SHSRC0033,CR_ZHUJIE_0240,commentary,SHSRC0055,commentary_support,成無己《註解傷寒論》對本條有注（對齊相似度1.00）。,註解傷寒論:p1254,citation_to_node_unique,{},1.0,pending,
REL_01569,SHL_SONGBEN_0261,clause,SHSRC0033,CR_ZHUJIE_0241,commentary,SHSRC0055,commentary_support,成無己《註解傷寒論》對本條有注（對齊相似度0.88）。,註解傷寒論:p1256,citation_to_node_unique,{},0.88,pending,
REL_01570,SHL_SONGBEN_0262,clause,SHSRC0033,CR_ZHUJIE_0242,commentary,SHSRC0055,commentary_support,成無己《註解傷寒論》對本條有注（對齊相似度0.81）。,註解傷寒論:p1261,citation_to_node_unique,{},0.811,pending,
REL_01571,SHL_SONGBEN_0263,clause,SHSRC0033,CR_ZHUJIE_0243,commentary,SHSRC0055,commentary_support,成無己《註解傷寒論》對本條有注（對齊相似度0.86）。,註解傷寒論:p1266,citation_to_node_unique,{},0.857,pending,
REL_01572,SHL_SONGBEN_0264,clause,SHSRC0033,CR_ZHUJIE_0244,commentary,SHSRC0055,commentary_support,成無己《註解傷寒論》對本條有注（對齊相似度1.00）。,註解傷寒論:p1268,citation_to_node_unique,{},1.0,pending,
REL_01573,SHL_SONGBEN_0265,clause,SHSRC0033,CR_ZHUJIE_0245,commentary,SHSRC0055,commentary_support,成無己《註解傷寒論》對本條有注（對齊相似度0.97）。,註解傷寒論:p1270,citation_to_node_unique,{},0.971,pending,
REL_01574,SHL_SONGBEN_0266,clause,SHSRC0033,CR_ZHUJIE_0246,commentary,SHSRC0055,commentary_support,成無己《註解傷寒論》對本條有注（對齊相似度0.89）。,註解傷寒論:p1272,citation_to_node_unique,{},0.889,pending,
REL_01575,SHL_SONGBEN_0267,clause,SHSRC0033,CR_ZHUJIE_0247,commentary,SHSRC0055,commentary_support,成無己《註解傷寒論》對本條有注（對齊相似度1.00）。,註解傷寒論:p1274,citation_to_node_unique,{},1.0,pending,
REL_01576,SHL_SONGBEN_0268,clause,SHSRC0033,CR_ZHUJIE_0248,commentary,SHSRC0055,commentary_support,成無己《註解傷寒論》對本條有注（對齊相似度1.00）。,註解傷寒論:p1276,citation_to_node_unique,{},1.0,pending,
REL_01577,SHL_SONGBEN_0269,clause,SHSRC0033,CR_ZHUJIE_0249,commentary,SHSRC0055,commentary_support,成無己《註解傷寒論》對本條有注（對齊相似度1.00）。,註解傷寒論:p1278,citation_to_node_unique,{},1.0,pending,
REL_01578,SHL_SONGBEN_0270,clause,SHSRC0033,CR_ZHUJIE_0250,commentary,SHSRC0055,commentary_support,成無己《註解傷寒論》對本條有注（對齊相似度1.00）。,註解傷寒論:p1280,citation_to_node_unique,{},1.0,pending,
REL_01579,SHL_SONGBEN_0271,clause,SHSRC0033,CR_ZHUJIE_0251,commentary,SHSRC0055,commentary_support,成無己《註解傷寒論》對本條有注（對齊相似度1.00）。,註解傷寒論:p1282,citation_to_node_unique,{},1.0,pending,
REL_01580,SHL_SONGBEN_0272,clause,SHSRC0033,CR_ZHUJIE_0252,commentary,SHSRC0055,commentary_support,成無己《註解傷寒論》對本條有注（對齊相似度1.00）。,註解傷寒論:p1284,citation_to_node_unique,{},1.0,pending,
REL_01581,SHL_SONGBEN_0273,clause,SHSRC0033,CR_ZHUJIE_0253,commentary,SHSRC0055,commentary_support,成無己《註解傷寒論》對本條有注（對齊相似度0.96）。,註解傷寒論:p1286,citation_to_node_unique,{},0.963,pending,
REL_01582,SHL_SONGBEN_0274,clause,SHSRC0033,CR_ZHUJIE_0254,commentary,SHSRC0055,commentary_support,成無己《註解傷寒論》對本條有注（對齊相似度0.80）。,註解傷寒論:p1288,citation_to_node_unique,{},0.8,pending,
REL_01583,SHL_SONGBEN_0275,clause,SHSRC0033,CR_ZHUJIE_0255,commentary,SHSRC0055,commentary_support,成無己《註解傷寒論》對本條有注（對齊相似度1.00）。,註解傷寒論:p1290,citation_to_node_unique,{},1.0,pending,
REL_01584,SHL_SONGBEN_0276,clause,SHSRC0033,CR_ZHUJIE_0256,commentary,SHSRC0055,commentary_support,成無己《註解傷寒論》對本條有注（對齊相似度1.00）。,註解傷寒論:p1292,citation_to_node_unique,{},1.0,pending,
REL_01585,SHL_SONGBEN_0277,clause,SHSRC0033,CR_ZHUJIE_0257,commentary,SHSRC0055,commentary_support,成無己《註解傷寒論》對本條有注（對齊相似度1.00）。,註解傷寒論:p1294,citation_to_node_unique,{},1.0,pending,
REL_01586,SHL_SONGBEN_0278,clause,SHSRC0033,CR_ZHUJIE_0258,commentary,SHSRC0055,commentary_support,成無己《註解傷寒論》對本條有注（對齊相似度0.93）。,註解傷寒論:p1296,citation_to_node_unique,{},0.927,pending,
REL_01587,SHL_SONGBEN_0279,clause,SHSRC0033,CR_ZHUJIE_0259,commentary,SHSRC0055,commentary_support,成無己《註解傷寒論》對本條有注（對齊相似度0.81）。,註解傷寒論:p1298,citation_to_node_unique,{},0.814,pending,
REL_01588,SHL_SONGBEN_0280,clause,SHSRC0033,CR_ZHUJIE_0260,commentary,SHSRC0055,commentary_support,成無己《註解傷寒論》對本條有注（對齊相似度1.00）。,註解傷寒論:p1302,citation_to_node_unique,{},1.0,pending,
REL_01589,SHL_SONGBEN_0281,clause,SHSRC0033,CR_ZHUJIE_0261,commentary,SHSRC0055,commentary_support,成無己《註解傷寒論》對本條有注（對齊相似度1.00）。,註解傷寒論:p1304,citation_to_node_unique,{},1.0,pending,
REL_01590,SHL_SONGBEN_0282,clause,SHSRC0033,CR_ZHUJIE_0262,commentary,SHSRC0055,commentary_support,成無己《註解傷寒論》對本條有注（對齊相似度1.00）。,註解傷寒論:p1306,citation_to_node_unique,{},1.0,pending,
REL_01591,SHL_SONGBEN_0283,clause,SHSRC0033,CR_ZHUJIE_0263,commentary,SHSRC0055,commentary_support,成無己《註解傷寒論》對本條有注（對齊相似度0.92）。,註解傷寒論:p1308,citation_to_node_unique,{},0.92,pending,
REL_01592,SHL_SONGBEN_0284,clause,SHSRC0033,CR_ZHUJIE_0264,commentary,SHSRC0055,commentary_support,成無己《註解傷寒論》對本條有注（對齊相似度0.92）。,註解傷寒論:p1310,citation_to_node_unique,{},0.92,pending,
REL_01593,SHL_SONGBEN_0285,clause,SHSRC0033,CR_ZHUJIE_0265,commentary,SHSRC0055,commentary_support,成無己《註解傷寒論》對本條有注（對齊相似度0.86）。,註解傷寒論:p1312,citation_to_node_unique,{},0.857,pending,
REL_01594,SHL_SONGBEN_0286,clause,SHSRC0033,CR_ZHUJIE_0266,commentary,SHSRC0055,commentary_support,成無己《註解傷寒論》對本條有注（對齊相似度0.92）。,註解傷寒論:p1314,citation_to_node_unique,{},0.917,pending,
REL_01595,SHL_SONGBEN_0287,clause,SHSRC0033,CR_ZHUJIE_0267,commentary,SHSRC0055,commentary_support,成無己《註解傷寒論》對本條有注（對齊相似度1.00）。,註解傷寒論:p1316,citation_to_node_unique,{},1.0,pending,
REL_01596,SHL_SONGBEN_0288,clause,SHSRC0033,CR_ZHUJIE_0268,commentary,SHSRC0055,commentary_support,成無己《註解傷寒論》對本條有注（對齊相似度0.89）。,註解傷寒論:p1318,citation_to_node_unique,{},0.895,pending,
REL_01597,SHL_SONGBEN_0289,clause,SHSRC0033,CR_ZHUJIE_0269,commentary,SHSRC0055,commentary_support,成無己《註解傷寒論》對本條有注（對齊相似度0.88）。,註解傷寒論:p1320,citation_to_node_unique,{},0.875,pending,
REL_01598,SHL_SONGBEN_0290,clause,SHSRC0033,CR_ZHUJIE_0270,commentary,SHSRC0055,commentary_support,成無己《註解傷寒論》對本條有注（對齊相似度1.00）。,註解傷寒論:p1322,citation_to_node_unique,{},1.0,pending,
REL_01599,SHL_SONGBEN_0291,clause,SHSRC0033,CR_ZHUJIE_0271,commentary,SHSRC0055,commentary_support,成無己《註解傷寒論》對本條有注（對齊相似度1.00）。,註解傷寒論:p1324,citation_to_node_unique,{},1.0,pending,
REL_01600,SHL_SONGBEN_0292,clause,SHSRC0033,CR_ZHUJIE_0272,commentary,SHSRC0055,commentary_support,成無己《註解傷寒論》對本條有注（對齊相似度1.00）。,註解傷寒論:p1326,citation_to_node_unique,{},1.0,pending,
REL_01601,SHL_SONGBEN_0293,clause,SHSRC0033,CR_ZHUJIE_0273,commentary,SHSRC0055,commentary_support,成無己《註解傷寒論》對本條有注（對齊相似度1.00）。,註解傷寒論:p1328,citation_to_node_unique,{},1.0,pending,
REL_01602,SHL_SONGBEN_0294,clause,SHSRC0033,CR_ZHUJIE_0274,commentary,SHSRC0055,commentary_support,成無己《註解傷寒論》對本條有注（對齊相似度0.84）。,註解傷寒論:p1330,citation_to_node_unique,{},0.844,pending,
REL_01603,SHL_SONGBEN_0295,clause,SHSRC0033,CR_ZHUJIE_0275,commentary,SHSRC0055,commentary_support,成無己《註解傷寒論》對本條有注（對齊相似度0.87）。,註解傷寒論:p1333,citation_to_node_unique,{},0.867,pending,
REL_01604,SHL_SONGBEN_0296,clause,SHSRC0033,CR_ZHUJIE_0276,commentary,SHSRC0055,commentary_support,成無己《註解傷寒論》對本條有注（對齊相似度1.00）。,註解傷寒論:p1335,citation_to_node_unique,{},1.0,pending,
REL_01605,SHL_SONGBEN_0297,clause,SHSRC0033,CR_ZHUJIE_0277,commentary,SHSRC0055,commentary_support,成無己《註解傷寒論》對本條有注（對齊相似度1.00）。,註解傷寒論:p1337,citation_to_node_unique,{},1.0,pending,
REL_01606,SHL_SONGBEN_0298,clause,SHSRC0033,CR_ZHUJIE_0278,commentary,SHSRC0055,commentary_support,成無己《註解傷寒論》對本條有注（對齊相似度0.89）。,註解傷寒論:p1339,citation_to_node_unique,{},0.889,pending,
REL_01607,SHL_SONGBEN_0299,clause,SHSRC0033,CR_ZHUJIE_0279,commentary,SHSRC0055,commentary_support,成無己《註解傷寒論》對本條有注（對齊相似度1.00）。,註解傷寒論:p1341,citation_to_node_unique,{},1.0,pending,
REL_01608,SHL_SONGBEN_0300,clause,SHSRC0033,CR_ZHUJIE_0280,commentary,SHSRC0055,commentary_support,成無己《註解傷寒論》對本條有注（對齊相似度1.00）。,註解傷寒論:p1343,citation_to_node_unique,{},1.0,pending,
REL_01609,SHL_SONGBEN_0301,clause,SHSRC0033,CR_ZHUJIE_0281,commentary,SHSRC0055,commentary_support,成無己《註解傷寒論》對本條有注（對齊相似度0.85）。,註解傷寒論:p1345,citation_to_node_unique,{},0.85,pending,
REL_01610,SHL_SONGBEN_0302,clause,SHSRC0033,CR_ZHUJIE_0282,commentary,SHSRC0055,commentary_support,成無己《註解傷寒論》對本條有注（對齊相似度0.86）。,註解傷寒論:p1350,citation_to_node_unique,{},0.863,pending,
REL_01611,SHL_SONGBEN_0303,clause,SHSRC0033,CR_ZHUJIE_0283,commentary,SHSRC0055,commentary_support,成無己《註解傷寒論》對本條有注（對齊相似度1.00）。,註解傷寒論:p1355,citation_to_node_unique,{},1.0,pending,
REL_01612,SHL_SONGBEN_0304,clause,SHSRC0033,CR_ZHUJIE_0284,commentary,SHSRC0055,commentary_support,成無己《註解傷寒論》對本條有注（對齊相似度1.00）。,註解傷寒論:p1361,citation_to_node_unique,{},1.0,pending,
REL_01613,SHL_SONGBEN_0305,clause,SHSRC0033,CR_ZHUJIE_0285,commentary,SHSRC0055,commentary_support,成無己《註解傷寒論》對本條有注（對齊相似度1.00）。,註解傷寒論:p1369,citation_to_node_unique,{},1.0,pending,
REL_01614,SHL_SONGBEN_0306,clause,SHSRC0033,CR_ZHUJIE_0286,commentary,SHSRC0055,commentary_support,成無己《註解傷寒論》對本條有注（對齊相似度1.00）。,註解傷寒論:p1371,citation_to_node_unique,{},1.0,pending,
REL_01615,SHL_SONGBEN_0307,clause,SHSRC0033,CR_ZHUJIE_0287,commentary,SHSRC0055,commentary_support,成無己《註解傷寒論》對本條有注（對齊相似度1.00）。,註解傷寒論:p1376,citation_to_node_unique,{},1.0,pending,
REL_01616,SHL_SONGBEN_0308,clause,SHSRC0033,CR_ZHUJIE_0288,commentary,SHSRC0055,commentary_support,成無己《註解傷寒論》對本條有注（對齊相似度0.80）。,註解傷寒論:p1378,citation_to_node_unique,{},0.8,pending,
REL_01617,SHL_SONGBEN_0309,clause,SHSRC0033,CR_ZHUJIE_0289,commentary,SHSRC0055,commentary_support,成無己《註解傷寒論》對本條有注（對齊相似度0.89）。,註解傷寒論:p1380,citation_to_node_unique,{},0.895,pending,
REL_01618,SHL_SONGBEN_0310,clause,SHSRC0033,CR_ZHUJIE_0290,commentary,SHSRC0055,commentary_support,成無己《註解傷寒論》對本條有注（對齊相似度0.77）。,註解傷寒論:p1382,citation_to_node_unique,{},0.774,pending,
REL_01619,SHL_SONGBEN_0311,clause,SHSRC0033,CR_ZHUJIE_0291,commentary,SHSRC0055,commentary_support,成無己《註解傷寒論》對本條有注（對齊相似度0.90）。,註解傷寒論:p1388,citation_to_node_unique,{},0.9,pending,
REL_01620,SHL_SONGBEN_0312,clause,SHSRC0033,CR_ZHUJIE_0292,commentary,SHSRC0055,commentary_support,成無己《註解傷寒論》對本條有注（對齊相似度1.00）。,註解傷寒論:p1395,citation_to_node_unique,{},1.0,pending,
REL_01621,SHL_SONGBEN_0313,clause,SHSRC0033,CR_ZHUJIE_0293,commentary,SHSRC0055,commentary_support,成無己《註解傷寒論》對本條有注（對齊相似度1.00）。,註解傷寒論:p1400,citation_to_node_unique,{},1.0,pending,
REL_01622,SHL_SONGBEN_0314,clause,SHSRC0033,CR_ZHUJIE_0294,commentary,SHSRC0055,commentary_support,成無己《註解傷寒論》對本條有注（對齊相似度1.00）。,註解傷寒論:p1405,citation_to_node_unique,{},1.0,pending,
REL_01623,SHL_SONGBEN_0315,clause,SHSRC0033,CR_ZHUJIE_0295,commentary,SHSRC0055,commentary_support,成無己《註解傷寒論》對本條有注（對齊相似度1.00）。,註解傷寒論:p1410,citation_to_node_unique,{},1.0,pending,
REL_01624,SHL_SONGBEN_0316,clause,SHSRC0033,CR_ZHUJIE_0296,commentary,SHSRC0055,commentary_support,成無己《註解傷寒論》對本條有注（對齊相似度0.96）。,註解傷寒論:p1415,citation_to_node_unique,{},0.958,pending,
REL_01625,SHL_SONGBEN_0318,clause,SHSRC0033,CR_ZHUJIE_0297,commentary,SHSRC0055,commentary_support,成無己《註解傷寒論》對本條有注（對齊相似度0.93）。,註解傷寒論:p1445,citation_to_node_unique,{},0.931,pending,
REL_01626,SHL_SONGBEN_0319,clause,SHSRC0033,CR_ZHUJIE_0298,commentary,SHSRC0055,commentary_support,成無己《註解傷寒論》對本條有注（對齊相似度0.91）。,註解傷寒論:p1462,citation_to_node_unique,{},0.909,pending,
REL_01627,SHL_SONGBEN_0321,clause,SHSRC0033,CR_ZHUJIE_0299,commentary,SHSRC0055,commentary_support,成無己《註解傷寒論》對本條有注（對齊相似度0.92）。,註解傷寒論:p1465,citation_to_node_unique,{},0.92,pending,
REL_01628,SHL_SONGBEN_0322,clause,SHSRC0033,CR_ZHUJIE_0300,commentary,SHSRC0055,commentary_support,成無己《註解傷寒論》對本條有注（對齊相似度1.00）。,註解傷寒論:p1467,citation_to_node_unique,{},1.0,pending,
REL_01629,SHL_SONGBEN_0323,clause,SHSRC0033,CR_ZHUJIE_0301,commentary,SHSRC0055,commentary_support,成無己《註解傷寒論》對本條有注（對齊相似度1.00）。,註解傷寒論:p1469,citation_to_node_unique,{},1.0,pending,
REL_01630,SHL_SONGBEN_0324,clause,SHSRC0033,CR_ZHUJIE_0302,commentary,SHSRC0055,commentary_support,成無己《註解傷寒論》對本條有注（對齊相似度0.97）。,註解傷寒論:p1471,citation_to_node_unique,{},0.974,pending,
REL_01631,SHL_SONGBEN_0325,clause,SHSRC0033,CR_ZHUJIE_0303,commentary,SHSRC0055,commentary_support,成無己《註解傷寒論》對本條有注（對齊相似度0.92）。,註解傷寒論:p1473,citation_to_node_unique,{},0.917,pending,
REL_01632,SHL_SONGBEN_0326,clause,SHSRC0033,CR_ZHUJIE_0304,commentary,SHSRC0055,commentary_support,成無己《註解傷寒論》對本條有注（對齊相似度0.93）。,註解傷寒論:p1475,citation_to_node_unique,{},0.929,pending,
REL_01633,SHL_SONGBEN_0327,clause,SHSRC0033,CR_ZHUJIE_0305,commentary,SHSRC0055,commentary_support,成無己《註解傷寒論》對本條有注（對齊相似度1.00）。,註解傷寒論:p1478,citation_to_node_unique,{},1.0,pending,
REL_01634,SHL_SONGBEN_0328,clause,SHSRC0033,CR_ZHUJIE_0306,commentary,SHSRC0055,commentary_support,成無己《註解傷寒論》對本條有注（對齊相似度0.80）。,註解傷寒論:p1480,citation_to_node_unique,{},0.8,pending,
REL_01635,SHL_SONGBEN_0329,clause,SHSRC0033,CR_ZHUJIE_0307,commentary,SHSRC0055,commentary_support,成無己《註解傷寒論》對本條有注（對齊相似度1.00）。,註解傷寒論:p1482,citation_to_node_unique,{},1.0,pending,
REL_01636,SHL_SONGBEN_0330,clause,SHSRC0033,CR_ZHUJIE_0308,commentary,SHSRC0055,commentary_support,成無己《註解傷寒論》對本條有注（對齊相似度1.00）。,註解傷寒論:p1484,citation_to_node_unique,{},1.0,pending,
REL_01637,SHL_SONGBEN_0331,clause,SHSRC0033,CR_ZHUJIE_0309,commentary,SHSRC0055,commentary_support,成無己《註解傷寒論》對本條有注（對齊相似度1.00）。,註解傷寒論:p1487,citation_to_node_unique,{},1.0,pending,
REL_01638,SHL_SONGBEN_0332,clause,SHSRC0033,CR_ZHUJIE_0310,commentary,SHSRC0055,commentary_support,成無己《註解傷寒論》對本條有注（對齊相似度0.98）。,註解傷寒論:p1489,citation_to_node_unique,{},0.981,pending,
REL_01639,SHL_SONGBEN_0333,clause,SHSRC0033,CR_ZHUJIE_0311,commentary,SHSRC0055,commentary_support,成無己《註解傷寒論》對本條有注（對齊相似度1.00）。,註解傷寒論:p1491,citation_to_node_unique,{},1.0,pending,
REL_01640,SHL_SONGBEN_0335,clause,SHSRC0033,CR_ZHUJIE_0312,commentary,SHSRC0055,commentary_support,成無己《註解傷寒論》對本條有注（對齊相似度0.96）。,註解傷寒論:p1495,citation_to_node_unique,{},0.965,pending,
REL_01641,SHL_SONGBEN_0336,clause,SHSRC0033,CR_ZHUJIE_0313,commentary,SHSRC0055,commentary_support,成無己《註解傷寒論》對本條有注（對齊相似度1.00）。,註解傷寒論:p1497,citation_to_node_unique,{},1.0,pending,
REL_01642,SHL_SONGBEN_0337,clause,SHSRC0033,CR_ZHUJIE_0314,commentary,SHSRC0055,commentary_support,成無己《註解傷寒論》對本條有注（對齊相似度0.92）。,註解傷寒論:p1499,citation_to_node_unique,{},0.923,pending,
REL_01643,SHL_SONGBEN_0338,clause,SHSRC0033,CR_ZHUJIE_0315,commentary,SHSRC0055,commentary_support,成無己《註解傷寒論》對本條有注（對齊相似度0.61）。,註解傷寒論:p1502,citation_to_node_unique,{},0.612,pending,
REL_01644,SHL_SONGBEN_0339,clause,SHSRC0033,CR_ZHUJIE_0316,commentary,SHSRC0055,commentary_support,成無己《註解傷寒論》對本條有注（對齊相似度0.83）。,註解傷寒論:p1509,citation_to_node_unique,{},0.833,pending,
REL_01645,SHL_SONGBEN_0340,clause,SHSRC0033,CR_ZHUJIE_0317,commentary,SHSRC0055,commentary_support,成無己《註解傷寒論》對本條有注（對齊相似度1.00）。,註解傷寒論:p1511,citation_to_node_unique,{},1.0,pending,
REL_01646,SHL_SONGBEN_0341,clause,SHSRC0033,CR_ZHUJIE_0318,commentary,SHSRC0055,commentary_support,成無己《註解傷寒論》對本條有注（對齊相似度0.92）。,註解傷寒論:p1513,citation_to_node_unique,{},0.921,pending,
REL_01647,SHL_SONGBEN_0342,clause,SHSRC0033,CR_ZHUJIE_0319,commentary,SHSRC0055,commentary_support,成無己《註解傷寒論》對本條有注（對齊相似度1.00）。,註解傷寒論:p1516,citation_to_node_unique,{},1.0,pending,
REL_01648,SHL_SONGBEN_0343,clause,SHSRC0033,CR_ZHUJIE_0320,commentary,SHSRC0055,commentary_support,成無己《註解傷寒論》對本條有注（對齊相似度1.00）。,註解傷寒論:p1518,citation_to_node_unique,{},1.0,pending,
REL_01649,SHL_SONGBEN_0345,clause,SHSRC0033,CR_ZHUJIE_0321,commentary,SHSRC0055,commentary_support,成無己《註解傷寒論》對本條有注（對齊相似度1.00）。,註解傷寒論:p1522,citation_to_node_unique,{},1.0,pending,
REL_01650,SHL_SONGBEN_0346,clause,SHSRC0033,CR_ZHUJIE_0322,commentary,SHSRC0055,commentary_support,成無己《註解傷寒論》對本條有注（對齊相似度1.00）。,註解傷寒論:p1524,citation_to_node_unique,{},1.0,pending,
REL_01651,SHL_SONGBEN_0347,clause,SHSRC0033,CR_ZHUJIE_0323,commentary,SHSRC0055,commentary_support,成無己《註解傷寒論》對本條有注（對齊相似度0.94）。,註解傷寒論:p1526,citation_to_node_unique,{},0.936,pending,
REL_01652,SHL_SONGBEN_0348,clause,SHSRC0033,CR_ZHUJIE_0324,commentary,SHSRC0055,commentary_support,成無己《註解傷寒論》對本條有注（對齊相似度1.00）。,註解傷寒論:p1528,citation_to_node_unique,{},1.0,pending,
REL_01653,SHL_SONGBEN_0349,clause,SHSRC0033,CR_ZHUJIE_0325,commentary,SHSRC0055,commentary_support,成無己《註解傷寒論》對本條有注（對齊相似度0.86）。,註解傷寒論:p1530,citation_to_node_unique,{},0.857,pending,
REL_01654,SHL_SONGBEN_0350,clause,SHSRC0033,CR_ZHUJIE_0326,commentary,SHSRC0055,commentary_support,成無己《註解傷寒論》對本條有注（對齊相似度0.76）。,註解傷寒論:p1532,citation_to_node_unique,{},0.759,pending,
REL_01655,SHL_SONGBEN_0351,clause,SHSRC0033,CR_ZHUJIE_0327,commentary,SHSRC0055,commentary_support,成無己《註解傷寒論》對本條有注（對齊相似度1.00）。,註解傷寒論:p1534,citation_to_node_unique,{},1.0,pending,
REL_01656,SHL_SONGBEN_0352,clause,SHSRC0033,CR_ZHUJIE_0328,commentary,SHSRC0055,commentary_support,成無己《註解傷寒論》對本條有注（對齊相似度0.95）。,註解傷寒論:p1540,citation_to_node_unique,{},0.95,pending,
REL_01657,SHL_SONGBEN_0353,clause,SHSRC0033,CR_ZHUJIE_0329,commentary,SHSRC0055,commentary_support,成無己《註解傷寒論》對本條有注（對齊相似度1.00）。,註解傷寒論:p1542,citation_to_node_unique,{},1.0,pending,
REL_01658,SHL_SONGBEN_0354,clause,SHSRC0033,CR_ZHUJIE_0330,commentary,SHSRC0055,commentary_support,成無己《註解傷寒論》對本條有注（對齊相似度1.00）。,註解傷寒論:p1544,citation_to_node_unique,{},1.0,pending,
REL_01659,SHL_SONGBEN_0355,clause,SHSRC0033,CR_ZHUJIE_0331,commentary,SHSRC0055,commentary_support,成無己《註解傷寒論》對本條有注（對齊相似度0.88）。,註解傷寒論:p1546,citation_to_node_unique,{},0.882,pending,
REL_01660,SHL_SONGBEN_0356,clause,SHSRC0033,CR_ZHUJIE_0332,commentary,SHSRC0055,commentary_support,成無己《註解傷寒論》對本條有注（對齊相似度0.95）。,註解傷寒論:p1548,citation_to_node_unique,{},0.952,pending,
REL_01661,SHL_SONGBEN_0357,clause,SHSRC0033,CR_ZHUJIE_0333,commentary,SHSRC0055,commentary_support,成無己《註解傷寒論》對本條有注（對齊相似度0.84）。,註解傷寒論:p1550,citation_to_node_unique,{},0.835,pending,
REL_01662,SHL_SONGBEN_0359,clause,SHSRC0033,CR_ZHUJIE_0334,commentary,SHSRC0055,commentary_support,成無己《註解傷寒論》對本條有注（對齊相似度0.94）。,註解傷寒論:p1559,citation_to_node_unique,{},0.938,pending,
REL_01663,SHL_SONGBEN_0360,clause,SHSRC0033,CR_ZHUJIE_0335,commentary,SHSRC0055,commentary_support,成無己《註解傷寒論》對本條有注（對齊相似度1.00）。,註解傷寒論:p1564,citation_to_node_unique,{},1.0,pending,
REL_01664,SHL_SONGBEN_0361,clause,SHSRC0033,CR_ZHUJIE_0336,commentary,SHSRC0055,commentary_support,成無己《註解傷寒論》對本條有注（對齊相似度1.00）。,註解傷寒論:p1566,citation_to_node_unique,{},1.0,pending,
REL_01665,SHL_SONGBEN_0362,clause,SHSRC0033,CR_ZHUJIE_0337,commentary,SHSRC0055,commentary_support,成無己《註解傷寒論》對本條有注（對齊相似度0.82）。,註解傷寒論:p1568,citation_to_node_unique,{},0.824,pending,
REL_01666,SHL_SONGBEN_0363,clause,SHSRC0033,CR_ZHUJIE_0338,commentary,SHSRC0055,commentary_support,成無己《註解傷寒論》對本條有注（對齊相似度0.87）。,註解傷寒論:p1572,citation_to_node_unique,{},0.867,pending,
REL_01667,SHL_SONGBEN_0364,clause,SHSRC0033,CR_ZHUJIE_0339,commentary,SHSRC0055,commentary_support,成無己《註解傷寒論》對本條有注（對齊相似度1.00）。,註解傷寒論:p1575,citation_to_node_unique,{},1.0,pending,
REL_01668,SHL_SONGBEN_0365,clause,SHSRC0033,CR_ZHUJIE_0340,commentary,SHSRC0055,commentary_support,成無己《註解傷寒論》對本條有注（對齊相似度1.00）。,註解傷寒論:p1577,citation_to_node_unique,{},1.0,pending,
REL_01669,SHL_SONGBEN_0366,clause,SHSRC0033,CR_ZHUJIE_0341,commentary,SHSRC0055,commentary_support,成無己《註解傷寒論》對本條有注（對齊相似度0.95）。,註解傷寒論:p1579,citation_to_node_unique,{},0.952,pending,
REL_01670,SHL_SONGBEN_0368,clause,SHSRC0033,CR_ZHUJIE_0342,commentary,SHSRC0055,commentary_support,成無己《註解傷寒論》對本條有注（對齊相似度0.93）。,註解傷寒論:p1584,citation_to_node_unique,{},0.927,pending,
REL_01671,SHL_SONGBEN_0369,clause,SHSRC0033,CR_ZHUJIE_0343,commentary,SHSRC0055,commentary_support,成無己《註解傷寒論》對本條有注（對齊相似度0.83）。,註解傷寒論:p1586,citation_to_node_unique,{},0.833,pending,
REL_01672,SHL_SONGBEN_0370,clause,SHSRC0033,CR_ZHUJIE_0344,commentary,SHSRC0055,commentary_support,成無己《註解傷寒論》對本條有注（對齊相似度0.89）。,註解傷寒論:p1588,citation_to_node_unique,{},0.895,pending,
REL_01673,SHL_SONGBEN_0371,clause,SHSRC0033,CR_ZHUJIE_0345,commentary,SHSRC0055,commentary_support,成無己《註解傷寒論》對本條有注（對齊相似度1.00）。,註解傷寒論:p1590,citation_to_node_unique,{},1.0,pending,
REL_01674,SHL_SONGBEN_0372,clause,SHSRC0033,CR_ZHUJIE_0346,commentary,SHSRC0055,commentary_support,成無己《註解傷寒論》對本條有注（對齊相似度0.79）。,註解傷寒論:p1595,citation_to_node_unique,{},0.786,pending,
REL_01675,SHL_SONGBEN_0373,clause,SHSRC0033,CR_ZHUJIE_0347,commentary,SHSRC0055,commentary_support,成無己《註解傷寒論》對本條有注（對齊相似度1.00）。,註解傷寒論:p1597,citation_to_node_unique,{},1.0,pending,
REL_01676,SHL_SONGBEN_0374,clause,SHSRC0033,CR_ZHUJIE_0348,commentary,SHSRC0055,commentary_support,成無己《註解傷寒論》對本條有注（對齊相似度1.00）。,註解傷寒論:p1599,citation_to_node_unique,{},1.0,pending,
REL_01677,SHL_SONGBEN_0375,clause,SHSRC0033,CR_ZHUJIE_0349,commentary,SHSRC0055,commentary_support,成無己《註解傷寒論》對本條有注（對齊相似度1.00）。,註解傷寒論:p1601,citation_to_node_unique,{},1.0,pending,
REL_01678,SHL_SONGBEN_0376,clause,SHSRC0033,CR_ZHUJIE_0350,commentary,SHSRC0055,commentary_support,成無己《註解傷寒論》對本條有注（對齊相似度1.00）。,註解傷寒論:p1603,citation_to_node_unique,{},1.0,pending,
REL_01679,SHL_SONGBEN_0377,clause,SHSRC0033,CR_ZHUJIE_0351,commentary,SHSRC0055,commentary_support,成無己《註解傷寒論》對本條有注（對齊相似度1.00）。,註解傷寒論:p1605,citation_to_node_unique,{},1.0,pending,
REL_01680,SHL_SONGBEN_0378,clause,SHSRC0033,CR_ZHUJIE_0352,commentary,SHSRC0055,commentary_support,成無己《註解傷寒論》對本條有注（對齊相似度1.00）。,註解傷寒論:p1607,citation_to_node_unique,{},1.0,pending,
REL_01681,SHL_SONGBEN_0379,clause,SHSRC0033,CR_ZHUJIE_0353,commentary,SHSRC0055,commentary_support,成無己《註解傷寒論》對本條有注（對齊相似度1.00）。,註解傷寒論:p1609,citation_to_node_unique,{},1.0,pending,
REL_01682,SHL_SONGBEN_0380,clause,SHSRC0033,CR_ZHUJIE_0354,commentary,SHSRC0055,commentary_support,成無己《註解傷寒論》對本條有注（對齊相似度0.93）。,註解傷寒論:p1611,citation_to_node_unique,{},0.925,pending,
REL_01683,SHL_SONGBEN_0381,clause,SHSRC0033,CR_ZHUJIE_0355,commentary,SHSRC0055,commentary_support,成無己《註解傷寒論》對本條有注（對齊相似度0.89）。,註解傷寒論:p1613,citation_to_node_unique,{},0.889,pending,
REL_01684,SHL_SONGBEN_0382,clause,SHSRC0033,CR_ZHUJIE_0356,commentary,SHSRC0055,commentary_support,成無己《註解傷寒論》對本條有注（對齊相似度0.81）。,註解傷寒論:p1615,citation_to_node_unique,{},0.812,pending,
REL_01685,SHL_SONGBEN_0383,clause,SHSRC0033,CR_ZHUJIE_0357,commentary,SHSRC0055,commentary_support,成無己《註解傷寒論》對本條有注（對齊相似度0.81）。,註解傷寒論:p1617,citation_to_node_unique,{},0.807,pending,
REL_01686,SHL_SONGBEN_0385,clause,SHSRC0033,CR_ZHUJIE_0358,commentary,SHSRC0055,commentary_support,成無己《註解傷寒論》對本條有注（對齊相似度1.00）。,註解傷寒論:p1625,citation_to_node_unique,{},1.0,pending,
REL_01687,SHL_SONGBEN_0386,clause,SHSRC0033,CR_ZHUJIE_0359,commentary,SHSRC0055,commentary_support,成無己《註解傷寒論》對本條有注（對齊相似度1.00）。,註解傷寒論:p1627,citation_to_node_unique,{},1.0,pending,
REL_01688,SHL_SONGBEN_0387,clause,SHSRC0033,CR_ZHUJIE_0360,commentary,SHSRC0055,commentary_support,成無己《註解傷寒論》對本條有注（對齊相似度1.00）。,註解傷寒論:p1647,citation_to_node_unique,{},1.0,pending,
REL_01689,SHL_SONGBEN_0388,clause,SHSRC0033,CR_ZHUJIE_0361,commentary,SHSRC0055,commentary_support,成無己《註解傷寒論》對本條有注（對齊相似度1.00）。,註解傷寒論:p1649,citation_to_node_unique,{},1.0,pending,
REL_01690,SHL_SONGBEN_0389,clause,SHSRC0033,CR_ZHUJIE_0362,commentary,SHSRC0055,commentary_support,成無己《註解傷寒論》對本條有注（對齊相似度1.00）。,註解傷寒論:p1651,citation_to_node_unique,{},1.0,pending,
REL_01691,SHL_SONGBEN_0390,clause,SHSRC0033,CR_ZHUJIE_0363,commentary,SHSRC0055,commentary_support,成無己《註解傷寒論》對本條有注（對齊相似度1.00）。,註解傷寒論:p1653,citation_to_node_unique,{},1.0,pending,
REL_01692,SHL_SONGBEN_0391,clause,SHSRC0033,CR_ZHUJIE_0364,commentary,SHSRC0055,commentary_support,成無己《註解傷寒論》對本條有注（對齊相似度1.00）。,註解傷寒論:p1655,citation_to_node_unique,{},1.0,pending,
REL_01693,SHL_SONGBEN_0392,clause,SHSRC0033,CR_ZHUJIE_0365,commentary,SHSRC0055,commentary_support,成無己《註解傷寒論》對本條有注（對齊相似度0.92）。,註解傷寒論:p1657,citation_to_node_unique,{},0.925,pending,
REL_01694,SHL_SONGBEN_0394,clause,SHSRC0033,CR_ZHUJIE_0366,commentary,SHSRC0055,commentary_support,成無己《註解傷寒論》對本條有注（對齊相似度0.82）。,註解傷寒論:p1666,citation_to_node_unique,{},0.824,pending,
REL_01695,SHL_SONGBEN_0395,clause,SHSRC0033,CR_ZHUJIE_0367,commentary,SHSRC0055,commentary_support,成無己《註解傷寒論》對本條有注（對齊相似度0.78）。,註解傷寒論:p1668,citation_to_node_unique,{},0.778,pending,
REL_01696,SHL_SONGBEN_0396,clause,SHSRC0033,CR_ZHUJIE_0368,commentary,SHSRC0055,commentary_support,成無己《註解傷寒論》對本條有注（對齊相似度0.81）。,註解傷寒論:p1673,citation_to_node_unique,{},0.809,pending,
REL_01697,SHL_SONGBEN_0397,clause,SHSRC0033,CR_ZHUJIE_0369,commentary,SHSRC0055,commentary_support,成無己《註解傷寒論》對本條有注（對齊相似度0.92）。,註解傷寒論:p1675,citation_to_node_unique,{},0.919,pending,
REL_01698,SHL_SONGBEN_0398,clause,SHSRC0033,CR_ZHUJIE_0370,commentary,SHSRC0055,commentary_support,成無己《註解傷寒論》對本條有注（對齊相似度0.88）。,註解傷寒論:p1681,citation_to_node_unique,{},0.879,pending,
REL_01699,SHL_SONGBEN_0204,clause,SHSRC0033,CR_ZHUJIE_0189,commentary,SHSRC0055,commentary_support,成無己《註解傷寒論》對本條有注（對齊相似度0.91）。,註解傷寒論:p1773,citation_to_node_first_of_multiple,{},0.909,pending,
REL_01700,SHL_SONGBEN_0044,clause,SHSRC0033,CR_ZHUJIE_0372,commentary,SHSRC0055,commentary_support,成無己《註解傷寒論》對本條有注（對齊相似度0.69）。,註解傷寒論:p1775,citation_to_node_unique,{},0.686,pending,
REL_01701,SHL_SONGBEN_0001,clause,SHSRC0033,CR_TIAOBIAN_0001,commentary,SHSRC0036,commentary_support,方有執《傷寒論條辨》對本條有注（對齊相似度1.00）。,傷寒論條辨:p40,citation_to_node_unique,{},1.0,pending,
REL_01702,SHL_SONGBEN_0002,clause,SHSRC0033,CR_TIAOBIAN_0002,commentary,SHSRC0036,commentary_support,方有執《傷寒論條辨》對本條有注（對齊相似度1.00）。,傷寒論條辨:p43,citation_to_node_unique,{},1.0,pending,
REL_01703,SHL_SONGBEN_0012,clause,SHSRC0033,CR_TIAOBIAN_0003,commentary,SHSRC0036,commentary_support,方有執《傷寒論條辨》對本條有注（對齊相似度0.93）。,傷寒論條辨:p51,citation_to_node_unique,{},0.933,pending,
REL_01704,SHL_SONGBEN_0019,clause,SHSRC0033,CR_TIAOBIAN_0004,commentary,SHSRC0036,commentary_support,方有執《傷寒論條辨》對本條有注（對齊相似度1.00）。,傷寒論條辨:p75,citation_to_node_unique,{},1.0,pending,
REL_01705,SHL_SONGBEN_0017,clause,SHSRC0033,CR_TIAOBIAN_0005,commentary,SHSRC0036,commentary_support,方有執《傷寒論條辨》對本條有注（對齊相似度0.90）。,傷寒論條辨:p78,citation_to_node_unique,{},0.9,pending,
REL_01706,SHL_SONGBEN_0007,clause,SHSRC0033,CR_TIAOBIAN_0006,commentary,SHSRC0036,commentary_support,方有執《傷寒論條辨》對本條有注（對齊相似度0.90）。,傷寒論條辨:p85,citation_to_node_unique,{},0.903,pending,
REL_01707,SHL_SONGBEN_0008,clause,SHSRC0033,CR_TIAOBIAN_0007,commentary,SHSRC0036,commentary_support,方有執《傷寒論條辨》對本條有注（對齊相似度0.91）。,傷寒論條辨:p89,citation_to_node_unique,{},0.914,pending,
REL_01708,SHL_SONGBEN_0009,clause,SHSRC0033,CR_TIAOBIAN_0008,commentary,SHSRC0036,commentary_support,方有執《傷寒論條辨》對本條有注（對齊相似度1.00）。,傷寒論條辨:p92,citation_to_node_unique,{},1.0,pending,
REL_01709,SHL_SONGBEN_0117,clause,SHSRC0033,CR_TIAOBIAN_0009,commentary,SHSRC0036,commentary_support,方有執《傷寒論條辨》對本條有注（對齊相似度0.99）。,傷寒論條辨:p98,citation_to_node_unique,{},0.988,pending,
REL_01710,SHL_SONGBEN_0013,clause,SHSRC0033,CR_TIAOBIAN_0010,commentary,SHSRC0036,commentary_support,方有執《傷寒論條辨》對本條有注（對齊相似度0.90）。,傷寒論條辨:p103,citation_to_node_unique,{},0.903,pending,
REL_01711,SHL_SONGBEN_0095,clause,SHSRC0033,CR_TIAOBIAN_0011,commentary,SHSRC0036,commentary_support,方有執《傷寒論條辨》對本條有注（對齊相似度0.96）。,傷寒論條辨:p107,citation_to_node_unique,{},0.962,pending,
REL_01712,SHL_SONGBEN_0024,clause,SHSRC0033,CR_TIAOBIAN_0012,commentary,SHSRC0036,commentary_support,方有執《傷寒論條辨》對本條有注（對齊相似度1.00）。,傷寒論條辨:p110,citation_to_node_unique,{},1.0,pending,
REL_01713,SHL_SONGBEN_0042,clause,SHSRC0033,CR_TIAOBIAN_0013,commentary,SHSRC0036,commentary_support,方有執《傷寒論條辨》對本條有注（對齊相似度1.00）。,傷寒論條辨:p114,citation_to_node_unique,{},1.0,pending,
REL_01714,SHL_SONGBEN_0044,clause,SHSRC0033,CR_TIAOBIAN_0014,commentary,SHSRC0036,commentary_support,方有執《傷寒論條辨》對本條有注（對齊相似度0.89）。,傷寒論條辨:p116,citation_to_node_first_of_multiple,{},0.894,pending,
REL_01715,SHL_SONGBEN_0045,clause,SHSRC0033,CR_TIAOBIAN_0015,commentary,SHSRC0036,commentary_support,方有執《傷寒論條辨》對本條有注（對齊相似度0.94）。,傷寒論條辨:p121,citation_to_node_unique,{},0.94,pending,
REL_01716,SHL_SONGBEN_0010,clause,SHSRC0033,CR_TIAOBIAN_0016,commentary,SHSRC0036,commentary_support,方有執《傷寒論條辨》對本條有注（對齊相似度1.00）。,傷寒論條辨:p123,citation_to_node_unique,{},1.0,pending,
REL_01717,SHL_SONGBEN_0074,clause,SHSRC0033,CR_TIAOBIAN_0017,commentary,SHSRC0036,commentary_support,方有執《傷寒論條辨》對本條有注（對齊相似度0.94）。,傷寒論條辨:p125,citation_to_node_unique,{},0.938,pending,
REL_01718,SHL_SONGBEN_0106,clause,SHSRC0033,CR_TIAOBIAN_0018,commentary,SHSRC0036,commentary_support,方有執《傷寒論條辨》對本條有注（對齊相似度0.60）。,傷寒論條辨:p131,citation_to_node_unique,{},0.6,pending,
REL_01719,SHL_SONGBEN_0124,clause,SHSRC0033,CR_TIAOBIAN_0019,commentary,SHSRC0036,commentary_support,方有執《傷寒論條辨》對本條有注（對齊相似度0.93）。,傷寒論條辨:p137,citation_to_node_unique,{},0.931,pending,
REL_01720,SHL_SONGBEN_0125,clause,SHSRC0033,CR_TIAOBIAN_0020,commentary,SHSRC0036,commentary_support,方有執《傷寒論條辨》對本條有注（對齊相似度0.94）。,傷寒論條辨:p142,citation_to_node_unique,{},0.944,pending,
REL_01721,SHL_SONGBEN_0071,clause,SHSRC0033,CR_TIAOBIAN_0021,commentary,SHSRC0036,commentary_support,方有執《傷寒論條辨》對本條有注（對齊相似度0.89）。,傷寒論條辨:p144,citation_to_node_unique,{},0.889,pending,
REL_01722,SHL_SONGBEN_0082,clause,SHSRC0033,CR_TIAOBIAN_0022,commentary,SHSRC0036,commentary_support,方有執《傷寒論條辨》對本條有注（對齊相似度0.95）。,傷寒論條辨:p149,citation_to_node_unique,{},0.952,pending,
REL_01723,SHL_SONGBEN_0020,clause,SHSRC0033,CR_TIAOBIAN_0023,commentary,SHSRC0036,commentary_support,方有執《傷寒論條辨》對本條有注（對齊相似度1.00）。,傷寒論條辨:p157,citation_to_node_unique,{},1.0,pending,
REL_01724,SHL_SONGBEN_0175,clause,SHSRC0033,CR_TIAOBIAN_0024,commentary,SHSRC0036,commentary_support,方有執《傷寒論條辨》對本條有注（對齊相似度0.89）。,傷寒論條辨:p161,citation_to_node_unique,{},0.886,pending,
REL_01725,SHL_SONGBEN_0111,clause,SHSRC0033,CR_TIAOBIAN_0025,commentary,SHSRC0036,commentary_support,方有執《傷寒論條辨》對本條有注（對齊相似度0.76）。,傷寒論條辨:p169,citation_to_node_unique,{},0.759,pending,
REL_01726,SHL_SONGBEN_0114,clause,SHSRC0033,CR_TIAOBIAN_0026,commentary,SHSRC0036,commentary_support,方有執《傷寒論條辨》對本條有注（對齊相似度0.85）。,傷寒論條辨:p176,citation_to_node_unique,{},0.851,pending,
REL_01727,SHL_SONGBEN_0110,clause,SHSRC0033,CR_TIAOBIAN_0027,commentary,SHSRC0036,commentary_support,方有執《傷寒論條辨》對本條有注（對齊相似度0.74）。,傷寒論條辨:p180,citation_to_node_unique,{},0.741,pending,
REL_01728,SHL_SONGBEN_0120,clause,SHSRC0033,CR_TIAOBIAN_0028,commentary,SHSRC0036,commentary_support,方有執《傷寒論條辨》對本條有注（對齊相似度0.69）。,傷寒論條辨:p189,citation_to_node_unique,{},0.688,pending,
REL_01729,SHL_SONGBEN_0121,clause,SHSRC0033,CR_TIAOBIAN_0029,commentary,SHSRC0036,commentary_support,方有執《傷寒論條辨》對本條有注（對齊相似度1.00）。,傷寒論條辨:p192,citation_to_node_unique,{},1.0,pending,
REL_01730,SHL_SONGBEN_0127,clause,SHSRC0033,CR_TIAOBIAN_0030,commentary,SHSRC0036,commentary_support,方有執《傷寒論條辨》對本條有注（對齊相似度0.91）。,傷寒論條辨:p194,citation_to_node_unique,{},0.909,pending,
REL_01731,SHL_SONGBEN_0152,clause,SHSRC0033,CR_TIAOBIAN_0031,commentary,SHSRC0036,commentary_support,方有執《傷寒論條辨》對本條有注（對齊相似度0.85）。,傷寒論條辨:p196,citation_to_node_unique,{},0.852,pending,
REL_01732,SHL_SONGBEN_0163,clause,SHSRC0033,CR_TIAOBIAN_0032,commentary,SHSRC0036,commentary_support,方有執《傷寒論條辨》對本條有注（對齊相似度0.76）。,傷寒論條辨:p200,citation_to_node_unique,{},0.762,pending,
REL_01733,SHL_SONGBEN_0034,clause,SHSRC0033,CR_TIAOBIAN_0033,commentary,SHSRC0036,commentary_support,方有執《傷寒論條辨》對本條有注（對齊相似度0.94）。,傷寒論條辨:p206,citation_to_node_unique,{},0.941,pending,
REL_01734,SHL_SONGBEN_0015,clause,SHSRC0033,CR_TIAOBIAN_0034,commentary,SHSRC0036,commentary_support,方有執《傷寒論條辨》對本條有注（對齊相似度0.94）。,傷寒論條辨:p213,citation_to_node_unique,{},0.941,pending,
REL_01735,SHL_SONGBEN_0021,clause,SHSRC0033,CR_TIAOBIAN_0035,commentary,SHSRC0036,commentary_support,方有執《傷寒論條辨》對本條有注（對齊相似度0.75）。,傷寒論條辨:p216,citation_to_node_unique,{},0.75,pending,
REL_01736,SHL_SONGBEN_0018,clause,SHSRC0033,CR_TIAOBIAN_0036,commentary,SHSRC0036,commentary_support,方有執《傷寒論條辨》對本條有注（對齊相似度1.00）。,傷寒論條辨:p220,citation_to_node_unique,{},1.0,pending,
REL_01737,SHL_SONGBEN_0043,clause,SHSRC0033,CR_TIAOBIAN_0037,commentary,SHSRC0036,commentary_support,方有執《傷寒論條辨》對本條有注（對齊相似度0.91）。,傷寒論條辨:p222,citation_to_node_unique,{},0.909,pending,
REL_01738,SHL_SONGBEN_0153,clause,SHSRC0033,CR_TIAOBIAN_0038,commentary,SHSRC0036,commentary_support,方有執《傷寒論條辨》對本條有注（對齊相似度0.90）。,傷寒論條辨:p225,citation_to_node_unique,{},0.903,pending,
REL_01739,SHL_SONGBEN_0140,clause,SHSRC0033,CR_TIAOBIAN_0039,commentary,SHSRC0036,commentary_support,方有執《傷寒論條辨》對本條有注（對齊相似度0.95）。,傷寒論條辨:p230,citation_to_node_unique,{},0.946,pending,
REL_01740,SHL_SONGBEN_0134,clause,SHSRC0033,CR_TIAOBIAN_0040,commentary,SHSRC0036,commentary_support,方有執《傷寒論條辨》對本條有注（對齊相似度0.73）。,傷寒論條辨:p236,citation_to_node_unique,{},0.726,pending,
REL_01741,SHL_SONGBEN_0137,clause,SHSRC0033,CR_TIAOBIAN_0041,commentary,SHSRC0036,commentary_support,方有執《傷寒論條辨》對本條有注（對齊相似度0.96）。,傷寒論條辨:p245,citation_to_node_unique,{},0.957,pending,
REL_01742,SHL_SONGBEN_0131,clause,SHSRC0033,CR_TIAOBIAN_0042,commentary,SHSRC0036,commentary_support,方有執《傷寒論條辨》對本條有注（對齊相似度0.64）。,傷寒論條辨:p248,citation_to_node_unique,{},0.638,pending,
REL_01743,SHL_SONGBEN_0132,clause,SHSRC0033,CR_TIAOBIAN_0043,commentary,SHSRC0036,commentary_support,方有執《傷寒論條辨》對本條有注（對齊相似度1.00）。,傷寒論條辨:p260,citation_to_node_unique,{},1.0,pending,
REL_01744,SHL_SONGBEN_0133,clause,SHSRC0033,CR_TIAOBIAN_0044,commentary,SHSRC0036,commentary_support,方有執《傷寒論條辨》對本條有注（對齊相似度0.78）。,傷寒論條辨:p262,citation_to_node_unique,{},0.778,pending,
REL_01745,SHL_SONGBEN_0093,clause,SHSRC0033,CR_TIAOBIAN_0045,commentary,SHSRC0036,commentary_support,方有執《傷寒論條辨》對本條有注（對齊相似度0.70）。,傷寒論條辨:p264,citation_to_node_unique,{},0.703,pending,
REL_01746,SHL_SONGBEN_0059,clause,SHSRC0033,CR_TIAOBIAN_0046,commentary,SHSRC0036,commentary_support,方有執《傷寒論條辨》對本條有注（對齊相似度1.00）。,傷寒論條辨:p268,citation_to_node_unique,{},1.0,pending,
REL_01747,SHL_SONGBEN_0094,clause,SHSRC0033,CR_TIAOBIAN_0047,commentary,SHSRC0036,commentary_support,方有執《傷寒論條辨》對本條有注（對齊相似度0.94）。,傷寒論條辨:p271,citation_to_node_unique,{},0.935,pending,
REL_01748,SHL_SONGBEN_0016,clause,SHSRC0033,CR_TIAOBIAN_0048,commentary,SHSRC0036,commentary_support,方有執《傷寒論條辨》對本條有注（對齊相似度0.72）。,傷寒論條辨:p275,citation_to_node_unique,{},0.716,pending,
REL_01749,SHL_SONGBEN_0103,clause,SHSRC0033,CR_TIAOBIAN_0049,commentary,SHSRC0036,commentary_support,方有執《傷寒論條辨》對本條有注（對齊相似度0.90）。,傷寒論條辨:p277,citation_to_node_unique,{},0.896,pending,
REL_01750,SHL_SONGBEN_0123,clause,SHSRC0033,CR_TIAOBIAN_0050,commentary,SHSRC0036,commentary_support,方有執《傷寒論條辨》對本條有注（對齊相似度0.90）。,傷寒論條辨:p283,citation_to_node_unique,{},0.897,pending,
REL_01751,SHL_SONGBEN_0014,clause,SHSRC0033,CR_TIAOBIAN_0051,commentary,SHSRC0036,commentary_support,方有執《傷寒論條辨》對本條有注（對齊相似度0.90）。,傷寒論條辨:p285,citation_to_node_unique,{},0.9,pending,
REL_01752,SHL_SONGBEN_0033,clause,SHSRC0033,CR_TIAOBIAN_0052,commentary,SHSRC0036,commentary_support,方有執《傷寒論條辨》對本條有注（對齊相似度1.00）。,傷寒論條辨:p292,citation_to_node_unique,{},1.0,pending,
REL_01753,SHL_SONGBEN_0142,clause,SHSRC0033,CR_TIAOBIAN_0053,commentary,SHSRC0036,commentary_support,方有執《傷寒論條辨》對本條有注（對齊相似度0.90）。,傷寒論條辨:p298,citation_to_node_unique,{},0.895,pending,
REL_01754,SHL_SONGBEN_0171,clause,SHSRC0033,CR_TIAOBIAN_0054,commentary,SHSRC0036,commentary_support,方有執《傷寒論條辨》對本條有注（對齊相似度0.85）。,傷寒論條辨:p305,citation_to_node_unique,{},0.846,pending,
REL_01755,SHL_SONGBEN_0150,clause,SHSRC0033,CR_TIAOBIAN_0055,commentary,SHSRC0036,commentary_support,方有執《傷寒論條辨》對本條有注（對齊相似度0.85）。,傷寒論條辨:p308,citation_to_node_unique,{},0.852,pending,
REL_01756,SHL_SONGBEN_0096,clause,SHSRC0033,CR_TIAOBIAN_0056,commentary,SHSRC0036,commentary_support,方有執《傷寒論條辨》對本條有注（對齊相似度0.81）。,傷寒論條辨:p310,citation_to_node_unique,{},0.809,pending,
REL_01757,SHL_SONGBEN_0101,clause,SHSRC0033,CR_TIAOBIAN_0057,commentary,SHSRC0036,commentary_support,方有執《傷寒論條辨》對本條有注（對齊相似度0.75）。,傷寒論條辨:p321,citation_to_node_unique,{},0.747,pending,
REL_01758,SHL_SONGBEN_0143,clause,SHSRC0033,CR_TIAOBIAN_0058,commentary,SHSRC0036,commentary_support,方有執《傷寒論條辨》對本條有注（對齊相似度0.92）。,傷寒論條辨:p324,citation_to_node_unique,{},0.922,pending,
REL_01759,SHL_SONGBEN_0144,clause,SHSRC0033,CR_TIAOBIAN_0059,commentary,SHSRC0036,commentary_support,方有執《傷寒論條辨》對本條有注（對齊相似度1.00）。,傷寒論條辨:p326,citation_to_node_unique,{},1.0,pending,
REL_01760,SHL_SONGBEN_0003,clause,SHSRC0033,CR_TIAOBIAN_0060,commentary,SHSRC0036,commentary_support,方有執《傷寒論條辨》對本條有注（對齊相似度0.92）。,傷寒論條辨:p341,citation_to_node_unique,{},0.923,pending,
REL_01761,SHL_SONGBEN_0035,clause,SHSRC0033,CR_TIAOBIAN_0061,commentary,SHSRC0036,commentary_support,方有執《傷寒論條辨》對本條有注（對齊相似度1.00）。,傷寒論條辨:p343,citation_to_node_unique,{},1.0,pending,
REL_01762,SHL_SONGBEN_0004,clause,SHSRC0033,CR_TIAOBIAN_0062,commentary,SHSRC0036,commentary_support,方有執《傷寒論條辨》對本條有注（對齊相似度0.92）。,傷寒論條辨:p349,citation_to_node_unique,{},0.923,pending,
REL_01763,SHL_SONGBEN_0005,clause,SHSRC0033,CR_TIAOBIAN_0063,commentary,SHSRC0036,commentary_support,方有執《傷寒論條辨》對本條有注（對齊相似度1.00）。,傷寒論條辨:p351,citation_to_node_unique,{},1.0,pending,
REL_01764,SHL_SONGBEN_0051,clause,SHSRC0033,CR_TIAOBIAN_0064,commentary,SHSRC0036,commentary_support,方有執《傷寒論條辨》對本條有注（對齊相似度1.00）。,傷寒論條辨:p353,citation_to_node_unique,{},1.0,pending,
REL_01765,SHL_SONGBEN_0052,clause,SHSRC0033,CR_TIAOBIAN_0065,commentary,SHSRC0036,commentary_support,方有執《傷寒論條辨》對本條有注（對齊相似度1.00）。,傷寒論條辨:p356,citation_to_node_unique,{},1.0,pending,
REL_01766,SHL_SONGBEN_0049,clause,SHSRC0033,CR_TIAOBIAN_0066,commentary,SHSRC0036,commentary_support,方有執《傷寒論條辨》對本條有注（對齊相似度0.92）。,傷寒論條辨:p359,citation_to_node_unique,{},0.917,pending,
REL_01767,SHL_SONGBEN_0057,clause,SHSRC0033,CR_TIAOBIAN_0067,commentary,SHSRC0036,commentary_support,方有執《傷寒論條辨》對本條有注（對齊相似度0.88）。,傷寒論條辨:p362,citation_to_node_unique,{},0.884,pending,
REL_01768,SHL_SONGBEN_0072,clause,SHSRC0033,CR_TIAOBIAN_0068,commentary,SHSRC0036,commentary_support,方有執《傷寒論條辨》對本條有注（對齊相似度1.00）。,傷寒論條辨:p365,citation_to_node_unique,{},1.0,pending,
REL_01769,SHL_SONGBEN_0073,clause,SHSRC0033,CR_TIAOBIAN_0069,commentary,SHSRC0036,commentary_support,方有執《傷寒論條辨》對本條有注（對齊相似度1.00）。,傷寒論條辨:p368,citation_to_node_unique,{},1.0,pending,
REL_01770,SHL_SONGBEN_0068,clause,SHSRC0033,CR_TIAOBIAN_0070,commentary,SHSRC0036,commentary_support,方有執《傷寒論條辨》對本條有注（對齊相似度1.00）。,傷寒論條辨:p380,citation_to_node_unique,{},1.0,pending,
REL_01771,SHL_SONGBEN_0070,clause,SHSRC0033,CR_TIAOBIAN_0071,commentary,SHSRC0036,commentary_support,方有執《傷寒論條辨》對本條有注（對齊相似度1.00）。,傷寒論條辨:p386,citation_to_node_unique,{},1.0,pending,
REL_01772,SHL_SONGBEN_0062,clause,SHSRC0033,CR_TIAOBIAN_0072,commentary,SHSRC0036,commentary_support,方有執《傷寒論條辨》對本條有注（對齊相似度1.00）。,傷寒論條辨:p388,citation_to_node_unique,{},1.0,pending,
REL_01773,SHL_SONGBEN_0063,clause,SHSRC0033,CR_TIAOBIAN_0073,commentary,SHSRC0036,commentary_support,方有執《傷寒論條辨》對本條有注（對齊相似度0.97）。,傷寒論條辨:p394,citation_to_node_unique,{},0.966,pending,
REL_01774,SHL_SONGBEN_0064,clause,SHSRC0033,CR_TIAOBIAN_0074,commentary,SHSRC0036,commentary_support,方有執《傷寒論條辨》對本條有注（對齊相似度1.00）。,傷寒論條辨:p401,citation_to_node_unique,{},1.0,pending,
REL_01775,SHL_SONGBEN_0065,clause,SHSRC0033,CR_TIAOBIAN_0075,commentary,SHSRC0036,commentary_support,方有執《傷寒論條辨》對本條有注（對齊相似度1.00）。,傷寒論條辨:p405,citation_to_node_unique,{},1.0,pending,
REL_01776,SHL_SONGBEN_0066,clause,SHSRC0033,CR_TIAOBIAN_0076,commentary,SHSRC0036,commentary_support,方有執《傷寒論條辨》對本條有注（對齊相似度0.84）。,傷寒論條辨:p411,citation_to_node_unique,{},0.842,pending,
REL_01777,SHL_SONGBEN_0158,clause,SHSRC0033,CR_TIAOBIAN_0077,commentary,SHSRC0036,commentary_support,方有執《傷寒論條辨》對本條有注（對齊相似度0.89）。,傷寒論條辨:p415,citation_to_node_unique,{},0.885,pending,
REL_01778,SHL_SONGBEN_0159,clause,SHSRC0033,CR_TIAOBIAN_0078,commentary,SHSRC0036,commentary_support,方有執《傷寒論條辨》對本條有注（對齊相似度0.95）。,傷寒論條辨:p423,citation_to_node_unique,{},0.947,pending,
REL_01779,SHL_SONGBEN_0164,clause,SHSRC0033,CR_TIAOBIAN_0079,commentary,SHSRC0036,commentary_support,方有執《傷寒論條辨》對本條有注（對齊相似度1.00）。,傷寒論條辨:p428,citation_to_node_unique,{},1.0,pending,
REL_01780,SHL_SONGBEN_0091,clause,SHSRC0033,CR_TIAOBIAN_0080,commentary,SHSRC0036,commentary_support,方有執《傷寒論條辨》對本條有注（對齊相似度0.77）。,傷寒論條辨:p431,citation_to_node_unique,{},0.769,pending,
REL_01781,SHL_SONGBEN_0161,clause,SHSRC0033,CR_TIAOBIAN_0081,commentary,SHSRC0036,commentary_support,方有執《傷寒論條辨》對本條有注（對齊相似度0.86）。,傷寒論條辨:p434,citation_to_node_unique,{},0.863,pending,
REL_01782,SHL_SONGBEN_0107,clause,SHSRC0033,CR_TIAOBIAN_0082,commentary,SHSRC0036,commentary_support,方有執《傷寒論條辨》對本條有注（對齊相似度1.00）。,傷寒論條辨:p441,citation_to_node_unique,{},1.0,pending,
REL_01783,SHL_SONGBEN_0162,clause,SHSRC0033,CR_TIAOBIAN_0083,commentary,SHSRC0036,commentary_support,方有執《傷寒論條辨》對本條有注（對齊相似度0.97）。,傷寒論條辨:p450,citation_to_node_unique,{},0.966,pending,
REL_01784,SHL_SONGBEN_0079,clause,SHSRC0033,CR_TIAOBIAN_0084,commentary,SHSRC0036,commentary_support,方有執《傷寒論條辨》對本條有注（對齊相似度1.00）。,傷寒論條辨:p453,citation_to_node_unique,{},1.0,pending,
REL_01785,SHL_SONGBEN_0080,clause,SHSRC0033,CR_TIAOBIAN_0085,commentary,SHSRC0036,commentary_support,方有執《傷寒論條辨》對本條有注（對齊相似度1.00）。,傷寒論條辨:p457,citation_to_node_unique,{},1.0,pending,
REL_01786,SHL_SONGBEN_0078,clause,SHSRC0033,CR_TIAOBIAN_0086,commentary,SHSRC0036,commentary_support,方有執《傷寒論條辨》對本條有注（對齊相似度1.00）。,傷寒論條辨:p461,citation_to_node_unique,{},1.0,pending,
REL_01787,SHL_SONGBEN_0077,clause,SHSRC0033,CR_TIAOBIAN_0087,commentary,SHSRC0036,commentary_support,方有執《傷寒論條辨》對本條有注（對齊相似度1.00）。,傷寒論條辨:p466,citation_to_node_unique,{},1.0,pending,
REL_01788,SHL_SONGBEN_0081,clause,SHSRC0033,CR_TIAOBIAN_0088,commentary,SHSRC0036,commentary_support,方有執《傷寒論條辨》對本條有注（對齊相似度0.87）。,傷寒論條辨:p474,citation_to_node_unique,{},0.867,pending,
REL_01789,SHL_SONGBEN_0060,clause,SHSRC0033,CR_TIAOBIAN_0089,commentary,SHSRC0036,commentary_support,方有執《傷寒論條辨》對本條有注（對齊相似度1.00）。,傷寒論條辨:p477,citation_to_node_unique,{},1.0,pending,
REL_01790,SHL_SONGBEN_0061,clause,SHSRC0033,CR_TIAOBIAN_0090,commentary,SHSRC0036,commentary_support,方有執《傷寒論條辨》對本條有注（對齊相似度1.00）。,傷寒論條辨:p479,citation_to_node_unique,{},1.0,pending,
REL_01791,SHL_SONGBEN_0067,clause,SHSRC0033,CR_TIAOBIAN_0091,commentary,SHSRC0036,commentary_support,方有執《傷寒論條辨》對本條有注（對齊相似度0.95）。,傷寒論條辨:p484,citation_to_node_unique,{},0.953,pending,
REL_01792,SHL_SONGBEN_0160,clause,SHSRC0033,CR_TIAOBIAN_0092,commentary,SHSRC0036,commentary_support,方有執《傷寒論條辨》對本條有注（對齊相似度0.73）。,傷寒論條辨:p490,citation_to_node_unique,{},0.73,pending,
REL_01793,SHL_SONGBEN_0119,clause,SHSRC0033,CR_TIAOBIAN_0093,commentary,SHSRC0036,commentary_support,方有執《傷寒論條辨》對本條有注（對齊相似度1.00）。,傷寒論條辨:p494,citation_to_node_unique,{},1.0,pending,
REL_01794,SHL_SONGBEN_0102,clause,SHSRC0033,CR_TIAOBIAN_0094,commentary,SHSRC0036,commentary_support,方有執《傷寒論條辨》對本條有注（對齊相似度1.00）。,傷寒論條辨:p497,citation_to_node_unique,{},1.0,pending,
REL_01795,SHL_SONGBEN_0177,clause,SHSRC0033,CR_TIAOBIAN_0095,commentary,SHSRC0036,commentary_support,方有執《傷寒論條辨》對本條有注（對齊相似度1.00）。,傷寒論條辨:p501,citation_to_node_unique,{},1.0,pending,
REL_01796,SHL_SONGBEN_0178,clause,SHSRC0033,CR_TIAOBIAN_0096,commentary,SHSRC0036,commentary_support,方有執《傷寒論條辨》對本條有注（對齊相似度0.96）。,傷寒論條辨:p509,citation_to_node_unique,{},0.962,pending,
REL_01797,SHL_SONGBEN_0174,clause,SHSRC0033,CR_TIAOBIAN_0097,commentary,SHSRC0036,commentary_support,方有執《傷寒論條辨》對本條有注（對齊相似度0.67）。,傷寒論條辨:p511,citation_to_node_unique,{},0.674,pending,
REL_01798,SHL_SONGBEN_0031,clause,SHSRC0033,CR_TIAOBIAN_0098,commentary,SHSRC0036,commentary_support,方有執《傷寒論條辨》對本條有注（對齊相似度0.77）。,傷寒論條辨:p520,citation_to_node_unique,{},0.774,pending,
REL_01799,SHL_SONGBEN_0036,clause,SHSRC0033,CR_TIAOBIAN_0099,commentary,SHSRC0036,commentary_support,方有執《傷寒論條辨》對本條有注（對齊相似度0.86）。,傷寒論條辨:p529,citation_to_node_unique,{},0.865,pending,
REL_01800,SHL_SONGBEN_0032,clause,SHSRC0033,CR_TIAOBIAN_0100,commentary,SHSRC0036,commentary_support,方有執《傷寒論條辨》對本條有注（對齊相似度1.00）。,傷寒論條辨:p533,citation_to_node_unique,{},1.0,pending,
REL_01801,SHL_SONGBEN_0048,clause,SHSRC0033,CR_TIAOBIAN_0101,commentary,SHSRC0036,commentary_support,方有執《傷寒論條辨》對本條有注（對齊相似度0.66）。,傷寒論條辨:p537,citation_to_node_unique,{},0.656,pending,
REL_01802,SHL_SONGBEN_0135,clause,SHSRC0033,CR_TIAOBIAN_0102,commentary,SHSRC0036,commentary_support,方有執《傷寒論條辨》對本條有注（對齊相似度0.86）。,傷寒論條辨:p542,citation_to_node_unique,{},0.863,pending,
REL_01803,SHL_SONGBEN_0138,clause,SHSRC0033,CR_TIAOBIAN_0103,commentary,SHSRC0036,commentary_support,方有執《傷寒論條辨》對本條有注（對齊相似度1.00）。,傷寒論條辨:p544,citation_to_node_unique,{},1.0,pending,
REL_01804,SHL_SONGBEN_0136,clause,SHSRC0033,CR_TIAOBIAN_0104,commentary,SHSRC0036,commentary_support,方有執《傷寒論條辨》對本條有注（對齊相似度0.86）。,傷寒論條辨:p549,citation_to_node_unique,{},0.864,pending,
REL_01805,SHL_SONGBEN_0172,clause,SHSRC0033,CR_TIAOBIAN_0105,commentary,SHSRC0036,commentary_support,方有執《傷寒論條辨》對本條有注（對齊相似度1.00）。,傷寒論條辨:p551,citation_to_node_unique,{},1.0,pending,
REL_01806,SHL_SONGBEN_0146,clause,SHSRC0033,CR_TIAOBIAN_0106,commentary,SHSRC0036,commentary_support,方有執《傷寒論條辨》對本條有注（對齊相似度0.95）。,傷寒論條辨:p556,citation_to_node_unique,{},0.952,pending,
REL_01807,SHL_SONGBEN_0099,clause,SHSRC0033,CR_TIAOBIAN_0107,commentary,SHSRC0036,commentary_support,方有執《傷寒論條辨》對本條有注（對齊相似度0.92）。,傷寒論條辨:p561,citation_to_node_unique,{},0.923,pending,
REL_01808,SHL_SONGBEN_0100,clause,SHSRC0033,CR_TIAOBIAN_0108,commentary,SHSRC0036,commentary_support,方有執《傷寒論條辨》對本條有注（對齊相似度0.81）。,傷寒論條辨:p563,citation_to_node_unique,{},0.807,pending,
REL_01809,SHL_SONGBEN_0147,clause,SHSRC0033,CR_TIAOBIAN_0109,commentary,SHSRC0036,commentary_support,方有執《傷寒論條辨》對本條有注（對齊相似度0.96）。,傷寒論條辨:p565,citation_to_node_unique,{},0.959,pending,
REL_01810,SHL_SONGBEN_0037,clause,SHSRC0033,CR_TIAOBIAN_0110,commentary,SHSRC0036,commentary_support,方有執《傷寒論條辨》對本條有注（對齊相似度0.76）。,傷寒論條辨:p570,citation_to_node_unique,{},0.762,pending,
REL_01811,SHL_SONGBEN_0104,clause,SHSRC0033,CR_TIAOBIAN_0111,commentary,SHSRC0036,commentary_support,方有執《傷寒論條辨》對本條有注（對齊相似度0.81）。,傷寒論條辨:p572,citation_to_node_unique,{},0.806,pending,
REL_01812,SHL_SONGBEN_0149,clause,SHSRC0033,CR_TIAOBIAN_0112,commentary,SHSRC0036,commentary_support,方有執《傷寒論條辨》對本條有注（對齊相似度0.98）。,傷寒論條辨:p576,citation_to_node_unique,{},0.975,pending,
REL_01813,SHL_SONGBEN_0156,clause,SHSRC0033,CR_TIAOBIAN_0113,commentary,SHSRC0036,commentary_support,方有執《傷寒論條辨》對本條有注（對齊相似度1.00）。,傷寒論條辨:p582,citation_to_node_unique,{},1.0,pending,
REL_01814,SHL_SONGBEN_0145,clause,SHSRC0033,CR_TIAOBIAN_0114,commentary,SHSRC0036,commentary_support,方有執《傷寒論條辨》對本條有注（對齊相似度0.79）。,傷寒論條辨:p584,citation_to_node_unique,{},0.788,pending,
REL_01815,SHL_SONGBEN_0038,clause,SHSRC0033,CR_TIAOBIAN_0115,commentary,SHSRC0036,commentary_support,方有執《傷寒論條辨》對本條有注（對齊相似度0.87）。,傷寒論條辨:p596,citation_to_node_unique,{},0.865,pending,
REL_01816,SHL_SONGBEN_0039,clause,SHSRC0033,CR_TIAOBIAN_0116,commentary,SHSRC0036,commentary_support,方有執《傷寒論條辨》對本條有注（對齊相似度1.00）。,傷寒論條辨:p599,citation_to_node_unique,{},1.0,pending,
REL_01817,SHL_SONGBEN_0046,clause,SHSRC0033,CR_TIAOBIAN_0117,commentary,SHSRC0036,commentary_support,方有執《傷寒論條辨》對本條有注（對齊相似度0.65）。,傷寒論條辨:p613,citation_to_node_unique,{},0.651,pending,
REL_01818,SHL_SONGBEN_0047,clause,SHSRC0033,CR_TIAOBIAN_0118,commentary,SHSRC0036,commentary_support,方有執《傷寒論條辨》對本條有注（對齊相似度1.00）。,傷寒論條辨:p616,citation_to_node_unique,{},1.0,pending,
REL_01819,SHL_SONGBEN_0055,clause,SHSRC0033,CR_TIAOBIAN_0119,commentary,SHSRC0036,commentary_support,方有執《傷寒論條辨》對本條有注（對齊相似度1.00）。,傷寒論條辨:p618,citation_to_node_unique,{},1.0,pending,
REL_01820,SHL_SONGBEN_0050,clause,SHSRC0033,CR_TIAOBIAN_0120,commentary,SHSRC0036,commentary_support,方有執《傷寒論條辨》對本條有注（對齊相似度0.96）。,傷寒論條辨:p621,citation_to_node_unique,{},0.959,pending,
REL_01821,SHL_SONGBEN_0023,clause,SHSRC0033,CR_TIAOBIAN_0121,commentary,SHSRC0036,commentary_support,方有執《傷寒論條辨》對本條有注（對齊相似度1.00）。,傷寒論條辨:p624,citation_to_node_unique,{},1.0,pending,
REL_01822,SHL_SONGBEN_0027,clause,SHSRC0033,CR_TIAOBIAN_0122,commentary,SHSRC0036,commentary_support,方有執《傷寒論條辨》對本條有注（對齊相似度0.93）。,傷寒論條辨:p628,citation_to_node_unique,{},0.933,pending,
REL_01823,SHL_SONGBEN_0025,clause,SHSRC0033,CR_TIAOBIAN_0123,commentary,SHSRC0036,commentary_support,方有執《傷寒論條辨》對本條有注（對齊相似度0.90）。,傷寒論條辨:p635,citation_to_node_unique,{},0.896,pending,
REL_01824,SHL_SONGBEN_0026,clause,SHSRC0033,CR_TIAOBIAN_0124,commentary,SHSRC0036,commentary_support,方有執《傷寒論條辨》對本條有注（對齊相似度1.00）。,傷寒論條辨:p642,citation_to_node_unique,{},1.0,pending,
REL_01825,SHL_SONGBEN_0028,clause,SHSRC0033,CR_TIAOBIAN_0125,commentary,SHSRC0036,commentary_support,方有執《傷寒論條辨》對本條有注（對齊相似度0.97）。,傷寒論條辨:p644,citation_to_node_unique,{},0.974,pending,
REL_01826,SHL_SONGBEN_0056,clause,SHSRC0033,CR_TIAOBIAN_0126,commentary,SHSRC0036,commentary_support,方有執《傷寒論條辨》對本條有注（對齊相似度0.95）。,傷寒論條辨:p648,citation_to_node_unique,{},0.952,pending,
REL_01827,SHL_SONGBEN_0176,clause,SHSRC0033,CR_TIAOBIAN_0127,commentary,SHSRC0036,commentary_support,方有執《傷寒論條辨》對本條有注（對齊相似度0.79）。,傷寒論條辨:p651,citation_to_node_unique,{},0.788,pending,
REL_01828,SHL_SONGBEN_0170,clause,SHSRC0033,CR_TIAOBIAN_0128,commentary,SHSRC0036,commentary_support,方有執《傷寒論條辨》對本條有注（對齊相似度0.95）。,傷寒論條辨:p657,citation_to_node_unique,{},0.954,pending,
REL_01829,SHL_SONGBEN_0169,clause,SHSRC0033,CR_TIAOBIAN_0129,commentary,SHSRC0036,commentary_support,方有執《傷寒論條辨》對本條有注（對齊相似度1.00）。,傷寒論條辨:p661,citation_to_node_unique,{},1.0,pending,
REL_01830,SHL_SONGBEN_0112,clause,SHSRC0033,CR_TIAOBIAN_0130,commentary,SHSRC0036,commentary_support,方有執《傷寒論條辨》對本條有注（對齊相似度0.83）。,傷寒論條辨:p663,citation_to_node_unique,{},0.833,pending,
REL_01831,SHL_SONGBEN_0029,clause,SHSRC0033,CR_TIAOBIAN_0131,commentary,SHSRC0036,commentary_support,方有執《傷寒論條辨》對本條有注（對齊相似度0.78）。,傷寒論條辨:p676,citation_to_node_unique,{},0.776,pending,
REL_01832,SHL_SONGBEN_0108,clause,SHSRC0033,CR_TIAOBIAN_0132,commentary,SHSRC0036,commentary_support,方有執《傷寒論條辨》對本條有注（對齊相似度1.00）。,傷寒論條辨:p696,citation_to_node_unique,{},1.0,pending,
REL_01833,SHL_SONGBEN_0109,clause,SHSRC0033,CR_TIAOBIAN_0133,commentary,SHSRC0036,commentary_support,方有執《傷寒論條辨》對本條有注（對齊相似度1.00）。,傷寒論條辨:p698,citation_to_node_unique,{},1.0,pending,
REL_01834,SHL_SONGBEN_0151,clause,SHSRC0033,CR_TIAOBIAN_0134,commentary,SHSRC0036,commentary_support,方有執《傷寒論條辨》對本條有注（對齊相似度0.91）。,傷寒論條辨:p702,citation_to_node_unique,{},0.909,pending,
REL_01835,SHL_SONGBEN_0154,clause,SHSRC0033,CR_TIAOBIAN_0135,commentary,SHSRC0036,commentary_support,方有執《傷寒論條辨》對本條有注（對齊相似度1.00）。,傷寒論條辨:p704,citation_to_node_unique,{},1.0,pending,
REL_01836,SHL_SONGBEN_0155,clause,SHSRC0033,CR_TIAOBIAN_0136,commentary,SHSRC0036,commentary_support,方有執《傷寒論條辨》對本條有注（對齊相似度1.00）。,傷寒論條辨:p709,citation_to_node_unique,{},1.0,pending,
REL_01837,SHL_SONGBEN_0167,clause,SHSRC0033,CR_TIAOBIAN_0137,commentary,SHSRC0036,commentary_support,方有執《傷寒論條辨》對本條有注（對齊相似度0.82）。,傷寒論條辨:p713,citation_to_node_unique,{},0.818,pending,
REL_01838,SHL_SONGBEN_0130,clause,SHSRC0033,CR_TIAOBIAN_0138,commentary,SHSRC0036,commentary_support,方有執《傷寒論條辨》對本條有注（對齊相似度0.86）。,傷寒論條辨:p715,citation_to_node_unique,{},0.864,pending,
REL_01839,SHL_SONGBEN_0129,clause,SHSRC0033,CR_TIAOBIAN_0139,commentary,SHSRC0036,commentary_support,方有執《傷寒論條辨》對本條有注（對齊相似度0.68）。,傷寒論條辨:p718,citation_to_node_unique,{},0.681,pending,
REL_01840,SHL_SONGBEN_0040,clause,SHSRC0033,CR_TIAOBIAN_0140,commentary,SHSRC0036,commentary_support,方有執《傷寒論條辨》對本條有注（對齊相似度0.95）。,傷寒論條辨:p720,citation_to_node_unique,{},0.947,pending,
REL_01841,SHL_SONGBEN_0041,clause,SHSRC0033,CR_TIAOBIAN_0141,commentary,SHSRC0036,commentary_support,方有執《傷寒論條辨》對本條有注（對齊相似度0.94）。,傷寒論條辨:p735,citation_to_node_unique,{},0.935,pending,
REL_01842,SHL_SONGBEN_0165,clause,SHSRC0033,CR_TIAOBIAN_0142,commentary,SHSRC0036,commentary_support,方有執《傷寒論條辨》對本條有注（對齊相似度0.83）。,傷寒論條辨:p741,citation_to_node_unique,{},0.826,pending,
REL_01843,SHL_SONGBEN_0069,clause,SHSRC0033,CR_TIAOBIAN_0143,commentary,SHSRC0036,commentary_support,方有執《傷寒論條辨》對本條有注（對齊相似度0.89）。,傷寒論條辨:p743,citation_to_node_unique,{},0.889,pending,
REL_01844,SHL_SONGBEN_0168,clause,SHSRC0033,CR_TIAOBIAN_0144,commentary,SHSRC0036,commentary_support,方有執《傷寒論條辨》對本條有注（對齊相似度0.84）。,傷寒論條辨:p748,citation_to_node_unique,{},0.835,pending,
REL_01845,SHL_SONGBEN_0148,clause,SHSRC0033,CR_TIAOBIAN_0145,commentary,SHSRC0036,commentary_support,方有執《傷寒論條辨》對本條有注（對齊相似度0.65）。,傷寒論條辨:p751,citation_to_node_unique,{},0.654,pending,
REL_01846,SHL_SONGBEN_0173,clause,SHSRC0033,CR_TIAOBIAN_0146,commentary,SHSRC0036,commentary_support,方有執《傷寒論條辨》對本條有注（對齊相似度1.00）。,傷寒論條辨:p756,citation_to_node_unique,{},1.0,pending,
REL_01847,SHL_SONGBEN_0126,clause,SHSRC0033,CR_TIAOBIAN_0147,commentary,SHSRC0036,commentary_support,方有執《傷寒論條辨》對本條有注（對齊相似度0.93）。,傷寒論條辨:p760,citation_to_node_unique,{},0.933,pending,
REL_01848,SHL_SONGBEN_0098,clause,SHSRC0033,CR_TIAOBIAN_0148,commentary,SHSRC0036,commentary_support,方有執《傷寒論條辨》對本條有注（對齊相似度0.90）。,傷寒論條辨:p764,citation_to_node_unique,{},0.905,pending,
REL_01849,SHL_SONGBEN_0105,clause,SHSRC0033,CR_TIAOBIAN_0149,commentary,SHSRC0036,commentary_support,方有執《傷寒論條辨》對本條有注（對齊相似度0.94）。,傷寒論條辨:p767,citation_to_node_unique,{},0.941,pending,
REL_01850,SHL_SONGBEN_0180,clause,SHSRC0033,CR_TIAOBIAN_0150,commentary,SHSRC0036,commentary_support,方有執《傷寒論條辨》對本條有注（對齊相似度0.82）。,傷寒論條辨:p773,citation_to_node_unique,{},0.824,pending,
REL_01851,SHL_SONGBEN_0179,clause,SHSRC0033,CR_TIAOBIAN_0151,commentary,SHSRC0036,commentary_support,方有執《傷寒論條辨》對本條有注（對齊相似度0.69）。,傷寒論條辨:p776,citation_to_node_first_of_multiple,{},0.687,pending,
REL_01852,SHL_SONGBEN_0179,clause,SHSRC0033,CR_TIAOBIAN_0151,commentary,SHSRC0036,commentary_support,方有執《傷寒論條辨》對本條有注（對齊相似度0.62）。,傷寒論條辨:p781,citation_to_node_first_of_multiple,{},0.625,pending,
REL_01853,SHL_SONGBEN_0182,clause,SHSRC0033,CR_TIAOBIAN_0153,commentary,SHSRC0036,commentary_support,方有執《傷寒論條辨》對本條有注（對齊相似度1.00）。,傷寒論條辨:p783,citation_to_node_unique,{},1.0,pending,
REL_01854,SHL_SONGBEN_0183,clause,SHSRC0033,CR_TIAOBIAN_0154,commentary,SHSRC0036,commentary_support,方有執《傷寒論條辨》對本條有注（對齊相似度1.00）。,傷寒論條辨:p789,citation_to_node_unique,{},1.0,pending,
REL_01855,SHL_SONGBEN_0184,clause,SHSRC0033,CR_TIAOBIAN_0155,commentary,SHSRC0036,commentary_support,方有執《傷寒論條辨》對本條有注（對齊相似度0.96）。,傷寒論條辨:p791,citation_to_node_unique,{},0.958,pending,
REL_01856,SHL_SONGBEN_0185,clause,SHSRC0033,CR_TIAOBIAN_0156,commentary,SHSRC0036,commentary_support,方有執《傷寒論條辨》對本條有注（對齊相似度0.66）。,傷寒論條辨:p794,citation_to_node_first_of_multiple,{},0.656,pending,
REL_01857,SHL_SONGBEN_0188,clause,SHSRC0033,CR_TIAOBIAN_0157,commentary,SHSRC0036,commentary_support,方有執《傷寒論條辨》對本條有注（對齊相似度0.74）。,傷寒論條辨:p796,citation_to_node_unique,{},0.741,pending,
REL_01858,SHL_SONGBEN_0185,clause,SHSRC0033,CR_TIAOBIAN_0156,commentary,SHSRC0036,commentary_support,方有執《傷寒論條辨》對本條有注（對齊相似度0.67）。,傷寒論條辨:p798,citation_to_node_first_of_multiple,{},0.667,pending,
REL_01859,SHL_SONGBEN_0186,clause,SHSRC0033,CR_TIAOBIAN_0159,commentary,SHSRC0036,commentary_support,方有執《傷寒論條辨》對本條有注（對齊相似度1.00）。,傷寒論條辨:p800,citation_to_node_unique,{},1.0,pending,
REL_01860,SHL_SONGBEN_0193,clause,SHSRC0033,CR_TIAOBIAN_0160,commentary,SHSRC0036,commentary_support,方有執《傷寒論條辨》對本條有注（對齊相似度1.00）。,傷寒論條辨:p802,citation_to_node_unique,{},1.0,pending,
REL_01861,SHL_SONGBEN_0235,clause,SHSRC0033,CR_TIAOBIAN_0161,commentary,SHSRC0036,commentary_support,方有執《傷寒論條辨》對本條有注（對齊相似度1.00）。,傷寒論條辨:p807,citation_to_node_unique,{},1.0,pending,
REL_01862,SHL_SONGBEN_0190,clause,SHSRC0033,CR_TIAOBIAN_0162,commentary,SHSRC0036,commentary_support,方有執《傷寒論條辨》對本條有注（對齊相似度0.87）。,傷寒論條辨:p809,citation_to_node_unique,{},0.87,pending,
REL_01863,SHL_SONGBEN_0245,clause,SHSRC0033,CR_TIAOBIAN_0163,commentary,SHSRC0036,commentary_support,方有執《傷寒論條辨》對本條有注（對齊相似度0.68）。,傷寒論條辨:p815,citation_to_node_unique,{},0.677,pending,
REL_01864,SHL_SONGBEN_0248,clause,SHSRC0033,CR_TIAOBIAN_0164,commentary,SHSRC0036,commentary_support,方有執《傷寒論條辨》對本條有注（對齊相似度1.00）。,傷寒論條辨:p817,citation_to_node_unique,{},1.0,pending,
REL_01865,SHL_SONGBEN_0203,clause,SHSRC0033,CR_TIAOBIAN_0165,commentary,SHSRC0036,commentary_support,方有執《傷寒論條辨》對本條有注（對齊相似度0.91）。,傷寒論條辨:p820,citation_to_node_unique,{},0.911,pending,
REL_01866,SHL_SONGBEN_0233,clause,SHSRC0033,CR_TIAOBIAN_0166,commentary,SHSRC0036,commentary_support,方有執《傷寒論條辨》對本條有注（對齊相似度0.93）。,傷寒論條辨:p824,citation_to_node_unique,{},0.932,pending,
REL_01867,SHL_SONGBEN_0208,clause,SHSRC0033,CR_TIAOBIAN_0167,commentary,SHSRC0036,commentary_support,方有執《傷寒論條辨》對本條有注（對齊相似度0.72）。,傷寒論條辨:p830,citation_to_node_unique,{},0.715,pending,
REL_01868,SHL_SONGBEN_0209,clause,SHSRC0033,CR_TIAOBIAN_0168,commentary,SHSRC0036,commentary_support,方有執《傷寒論條辨》對本條有注（對齊相似度0.88）。,傷寒論條辨:p841,citation_to_node_unique,{},0.878,pending,
REL_01869,SHL_SONGBEN_0238,clause,SHSRC0033,CR_TIAOBIAN_0169,commentary,SHSRC0036,commentary_support,方有執《傷寒論條辨》對本條有注（對齊相似度0.90）。,傷寒論條辨:p843,citation_to_node_unique,{},0.904,pending,
REL_01870,SHL_SONGBEN_0214,clause,SHSRC0033,CR_TIAOBIAN_0170,commentary,SHSRC0036,commentary_support,方有執《傷寒論條辨》對本條有注（對齊相似度0.86）。,傷寒論條辨:p846,citation_to_node_unique,{},0.864,pending,
REL_01871,SHL_SONGBEN_0210,clause,SHSRC0033,CR_TIAOBIAN_0171,commentary,SHSRC0036,commentary_support,方有執《傷寒論條辨》對本條有注（對齊相似度0.65）。,傷寒論條辨:p851,citation_to_node_unique,{},0.649,pending,
REL_01872,SHL_SONGBEN_0211,clause,SHSRC0033,CR_TIAOBIAN_0172,commentary,SHSRC0036,commentary_support,方有執《傷寒論條辨》對本條有注（對齊相似度1.00）。,傷寒論條辨:p854,citation_to_node_unique,{},1.0,pending,
REL_01873,SHL_SONGBEN_0253,clause,SHSRC0033,CR_TIAOBIAN_0173,commentary,SHSRC0036,commentary_support,方有執《傷寒論條辨》對本條有注（對齊相似度1.00）。,傷寒論條辨:p856,citation_to_node_unique,{},1.0,pending,
REL_01874,SHL_SONGBEN_0254,clause,SHSRC0033,CR_TIAOBIAN_0174,commentary,SHSRC0036,commentary_support,方有執《傷寒論條辨》對本條有注（對齊相似度1.00）。,傷寒論條辨:p858,citation_to_node_unique,{},1.0,pending,
REL_01875,SHL_SONGBEN_0255,clause,SHSRC0033,CR_TIAOBIAN_0175,commentary,SHSRC0036,commentary_support,方有執《傷寒論條辨》對本條有注（對齊相似度1.00）。,傷寒論條辨:p860,citation_to_node_unique,{},1.0,pending,
REL_01876,SHL_SONGBEN_0249,clause,SHSRC0033,CR_TIAOBIAN_0176,commentary,SHSRC0036,commentary_support,方有執《傷寒論條辨》對本條有注（對齊相似度1.00）。,傷寒論條辨:p862,citation_to_node_unique,{},1.0,pending,
REL_01877,SHL_SONGBEN_0250,clause,SHSRC0033,CR_TIAOBIAN_0177,commentary,SHSRC0036,commentary_support,方有執《傷寒論條辨》對本條有注（對齊相似度0.87）。,傷寒論條辨:p864,citation_to_node_unique,{},0.873,pending,
REL_01878,SHL_SONGBEN_0213,clause,SHSRC0033,CR_TIAOBIAN_0178,commentary,SHSRC0036,commentary_support,方有執《傷寒論條辨》對本條有注（對齊相似度0.76）。,傷寒論條辨:p866,citation_to_node_unique,{},0.758,pending,
REL_01879,SHL_SONGBEN_0212,clause,SHSRC0033,CR_TIAOBIAN_0179,commentary,SHSRC0036,commentary_support,方有執《傷寒論條辨》對本條有注（對齊相似度0.81）。,傷寒論條辨:p869,citation_to_node_unique,{},0.808,pending,
REL_01880,SHL_SONGBEN_0217,clause,SHSRC0033,CR_TIAOBIAN_0180,commentary,SHSRC0036,commentary_support,方有執《傷寒論條辨》對本條有注（對齊相似度0.70）。,傷寒論條辨:p872,citation_to_node_unique,{},0.704,pending,
REL_01881,SHL_SONGBEN_0251,clause,SHSRC0033,CR_TIAOBIAN_0181,commentary,SHSRC0036,commentary_support,方有執《傷寒論條辨》對本條有注（對齊相似度0.88）。,傷寒論條辨:p876,citation_to_node_unique,{},0.882,pending,
REL_01882,SHL_SONGBEN_0205,clause,SHSRC0033,CR_TIAOBIAN_0182,commentary,SHSRC0036,commentary_support,方有執《傷寒論條辨》對本條有注（對齊相似度0.90）。,傷寒論條辨:p879,citation_to_node_unique,{},0.905,pending,
REL_01883,SHL_SONGBEN_0207,clause,SHSRC0033,CR_TIAOBIAN_0183,commentary,SHSRC0036,commentary_support,方有執《傷寒論條辨》對本條有注（對齊相似度1.00）。,傷寒論條辨:p882,citation_to_node_unique,{},1.0,pending,
REL_01884,SHL_SONGBEN_0252,clause,SHSRC0033,CR_TIAOBIAN_0184,commentary,SHSRC0036,commentary_support,方有執《傷寒論條辨》對本條有注（對齊相似度0.81）。,傷寒論條辨:p884,citation_to_node_unique,{},0.806,pending,
REL_01885,SHL_SONGBEN_0204,clause,SHSRC0033,CR_TIAOBIAN_0185,commentary,SHSRC0036,commentary_support,方有執《傷寒論條辨》對本條有注（對齊相似度1.00）。,傷寒論條辨:p887,citation_to_node_first_of_multiple,{},1.0,pending,
REL_01886,SHL_SONGBEN_0243,clause,SHSRC0033,CR_TIAOBIAN_0186,commentary,SHSRC0036,commentary_support,方有執《傷寒論條辨》對本條有注（對齊相似度0.95）。,傷寒論條辨:p889,citation_to_node_unique,{},0.955,pending,
REL_01887,SHL_SONGBEN_0215,clause,SHSRC0033,CR_TIAOBIAN_0187,commentary,SHSRC0036,commentary_support,方有執《傷寒論條辨》對本條有注（對齊相似度0.82）。,傷寒論條辨:p893,citation_to_node_unique,{},0.82,pending,
REL_01888,SHL_SONGBEN_0187,clause,SHSRC0033,CR_TIAOBIAN_0188,commentary,SHSRC0036,commentary_support,方有執《傷寒論條辨》對本條有注（對齊相似度0.91）。,傷寒論條辨:p896,citation_to_node_unique,{},0.909,pending,
REL_01889,SHL_SONGBEN_0189,clause,SHSRC0033,CR_TIAOBIAN_0189,commentary,SHSRC0036,commentary_support,方有執《傷寒論條辨》對本條有注（對齊相似度1.00）。,傷寒論條辨:p898,citation_to_node_unique,{},1.0,pending,
REL_01890,SHL_SONGBEN_0222,clause,SHSRC0033,CR_TIAOBIAN_0190,commentary,SHSRC0036,commentary_support,方有執《傷寒論條辨》對本條有注（對齊相似度1.00）。,傷寒論條辨:p905,citation_to_node_unique,{},1.0,pending,
REL_01891,SHL_SONGBEN_0223,clause,SHSRC0033,CR_TIAOBIAN_0191,commentary,SHSRC0036,commentary_support,方有執《傷寒論條辨》對本條有注（對齊相似度1.00）。,傷寒論條辨:p907,citation_to_node_unique,{},1.0,pending,
REL_01892,SHL_SONGBEN_0224,clause,SHSRC0033,CR_TIAOBIAN_0192,commentary,SHSRC0036,commentary_support,方有執《傷寒論條辨》對本條有注（對齊相似度1.00）。,傷寒論條辨:p911,citation_to_node_unique,{},1.0,pending,
REL_01893,SHL_SONGBEN_0201,clause,SHSRC0033,CR_TIAOBIAN_0193,commentary,SHSRC0036,commentary_support,方有執《傷寒論條辨》對本條有注（對齊相似度1.00）。,傷寒論條辨:p913,citation_to_node_unique,{},1.0,pending,
REL_01894,SHL_SONGBEN_0244,clause,SHSRC0033,CR_TIAOBIAN_0194,commentary,SHSRC0036,commentary_support,方有執《傷寒論條辨》對本條有注（對齊相似度0.77）。,傷寒論條辨:p915,citation_to_node_unique,{},0.771,pending,
REL_01895,SHL_SONGBEN_0195,clause,SHSRC0033,CR_TIAOBIAN_0195,commentary,SHSRC0036,commentary_support,方有執《傷寒論條辨》對本條有注（對齊相似度1.00）。,傷寒論條辨:p923,citation_to_node_unique,{},1.0,pending,
REL_01896,SHL_SONGBEN_0191,clause,SHSRC0033,CR_TIAOBIAN_0196,commentary,SHSRC0036,commentary_support,方有執《傷寒論條辨》對本條有注（對齊相似度0.89）。,傷寒論條辨:p925,citation_to_node_unique,{},0.886,pending,
REL_01897,SHL_SONGBEN_0192,clause,SHSRC0033,CR_TIAOBIAN_0197,commentary,SHSRC0036,commentary_support,方有執《傷寒論條辨》對本條有注（對齊相似度0.69）。,傷寒論條辨:p927,citation_to_node_unique,{},0.692,pending,
REL_01898,SHL_SONGBEN_0194,clause,SHSRC0033,CR_TIAOBIAN_0198,commentary,SHSRC0036,commentary_support,方有執《傷寒論條辨》對本條有注（對齊相似度0.94）。,傷寒論條辨:p930,citation_to_node_unique,{},0.943,pending,
REL_01899,SHL_SONGBEN_0218,clause,SHSRC0033,CR_TIAOBIAN_0199,commentary,SHSRC0036,commentary_support,方有執《傷寒論條辨》對本條有注（對齊相似度0.88）。,傷寒論條辨:p932,citation_to_node_unique,{},0.882,pending,
REL_01900,SHL_SONGBEN_0225,clause,SHSRC0033,CR_TIAOBIAN_0200,commentary,SHSRC0036,commentary_support,方有執《傷寒論條辨》對本條有注（對齊相似度0.64）。,傷寒論條辨:p934,citation_to_node_unique,{},0.638,pending,
REL_01901,SHL_SONGBEN_0198,clause,SHSRC0033,CR_TIAOBIAN_0201,commentary,SHSRC0036,commentary_support,方有執《傷寒論條辨》對本條有注（對齊相似度0.72）。,傷寒論條辨:p936,citation_to_node_unique,{},0.72,pending,
REL_01902,SHL_SONGBEN_0196,clause,SHSRC0033,CR_TIAOBIAN_0202,commentary,SHSRC0036,commentary_support,方有執《傷寒論條辨》對本條有注（對齊相似度1.00）。,傷寒論條辨:p938,citation_to_node_unique,{},1.0,pending,
REL_01903,SHL_SONGBEN_0197,clause,SHSRC0033,CR_TIAOBIAN_0203,commentary,SHSRC0036,commentary_support,方有執《傷寒論條辨》對本條有注（對齊相似度0.77）。,傷寒論條辨:p940,citation_to_node_unique,{},0.774,pending,
REL_01904,SHL_SONGBEN_0228,clause,SHSRC0033,CR_TIAOBIAN_0204,commentary,SHSRC0036,commentary_support,方有執《傷寒論條辨》對本條有注（對齊相似度0.85）。,傷寒論條辨:p943,citation_to_node_unique,{},0.847,pending,
REL_01905,SHL_SONGBEN_0202,clause,SHSRC0033,CR_TIAOBIAN_0205,commentary,SHSRC0036,commentary_support,方有執《傷寒論條辨》對本條有注（對齊相似度0.83）。,傷寒論條辨:p947,citation_to_node_unique,{},0.828,pending,
REL_01906,SHL_SONGBEN_0227,clause,SHSRC0033,CR_TIAOBIAN_0206,commentary,SHSRC0036,commentary_support,方有執《傷寒論條辨》對本條有注（對齊相似度1.00）。,傷寒論條辨:p949,citation_to_node_unique,{},1.0,pending,
REL_01907,SHL_SONGBEN_0246,clause,SHSRC0033,CR_TIAOBIAN_0207,commentary,SHSRC0036,commentary_support,方有執《傷寒論條辨》對本條有注（對齊相似度1.00）。,傷寒論條辨:p951,citation_to_node_unique,{},1.0,pending,
REL_01908,SHL_SONGBEN_0247,clause,SHSRC0033,CR_TIAOBIAN_0208,commentary,SHSRC0036,commentary_support,方有執《傷寒論條辨》對本條有注（對齊相似度0.68）。,傷寒論條辨:p953,citation_to_node_unique,{},0.677,pending,
REL_01909,SHL_SONGBEN_0236,clause,SHSRC0033,CR_TIAOBIAN_0209,commentary,SHSRC0036,commentary_support,方有執《傷寒論條辨》對本條有注（對齊相似度0.90）。,傷寒論條辨:p958,citation_to_node_unique,{},0.896,pending,
REL_01910,SHL_SONGBEN_0206,clause,SHSRC0033,CR_TIAOBIAN_0210,commentary,SHSRC0036,commentary_support,方有執《傷寒論條辨》對本條有注（對齊相似度0.78）。,傷寒論條辨:p963,citation_to_node_unique,{},0.78,pending,
REL_01911,SHL_SONGBEN_0199,clause,SHSRC0033,CR_TIAOBIAN_0211,commentary,SHSRC0036,commentary_support,方有執《傷寒論條辨》對本條有注（對齊相似度0.91）。,傷寒論條辨:p965,citation_to_node_unique,{},0.909,pending,
REL_01912,SHL_SONGBEN_0200,clause,SHSRC0033,CR_TIAOBIAN_0212,commentary,SHSRC0036,commentary_support,方有執《傷寒論條辨》對本條有注（對齊相似度0.91）。,傷寒論條辨:p967,citation_to_node_unique,{},0.914,pending,
REL_01913,SHL_SONGBEN_0216,clause,SHSRC0033,CR_TIAOBIAN_0213,commentary,SHSRC0036,commentary_support,方有執《傷寒論條辨》對本條有注（對齊相似度0.92）。,傷寒論條辨:p969,citation_to_node_unique,{},0.915,pending,
REL_01914,SHL_SONGBEN_0237,clause,SHSRC0033,CR_TIAOBIAN_0214,commentary,SHSRC0036,commentary_support,方有執《傷寒論條辨》對本條有注（對齊相似度0.65）。,傷寒論條辨:p974,citation_to_node_unique,{},0.647,pending,
REL_01915,SHL_SONGBEN_0258,clause,SHSRC0033,CR_TIAOBIAN_0215,commentary,SHSRC0036,commentary_support,方有執《傷寒論條辨》對本條有注（對齊相似度0.90）。,傷寒論條辨:p981,citation_to_node_unique,{},0.903,pending,
REL_01916,SHL_SONGBEN_0229,clause,SHSRC0033,CR_TIAOBIAN_0216,commentary,SHSRC0036,commentary_support,方有執《傷寒論條辨》對本條有注（對齊相似度0.81）。,傷寒論條辨:p983,citation_to_node_unique,{},0.809,pending,
REL_01917,SHL_SONGBEN_0230,clause,SHSRC0033,CR_TIAOBIAN_0217,commentary,SHSRC0036,commentary_support,方有執《傷寒論條辨》對本條有注（對齊相似度0.73）。,傷寒論條辨:p986,citation_to_node_unique,{},0.732,pending,
REL_01918,SHL_SONGBEN_0220,clause,SHSRC0033,CR_TIAOBIAN_0218,commentary,SHSRC0036,commentary_support,方有執《傷寒論條辨》對本條有注（對齊相似度0.88）。,傷寒論條辨:p988,citation_to_node_unique,{},0.875,pending,
REL_01919,SHL_SONGBEN_0259,clause,SHSRC0033,CR_TIAOBIAN_0219,commentary,SHSRC0036,commentary_support,方有執《傷寒論條辨》對本條有注（對齊相似度0.94）。,傷寒論條辨:p1001,citation_to_node_unique,{},0.938,pending,
REL_01920,SHL_SONGBEN_0260,clause,SHSRC0033,CR_TIAOBIAN_0220,commentary,SHSRC0036,commentary_support,方有執《傷寒論條辨》對本條有注（對齊相似度1.00）。,傷寒論條辨:p1008,citation_to_node_unique,{},1.0,pending,
REL_01921,SHL_SONGBEN_0261,clause,SHSRC0033,CR_TIAOBIAN_0221,commentary,SHSRC0036,commentary_support,方有執《傷寒論條辨》對本條有注（對齊相似度0.88）。,傷寒論條辨:p1010,citation_to_node_unique,{},0.88,pending,
REL_01922,SHL_SONGBEN_0263,clause,SHSRC0033,CR_TIAOBIAN_0222,commentary,SHSRC0036,commentary_support,方有執《傷寒論條辨》對本條有注（對齊相似度0.86）。,傷寒論條辨:p1015,citation_to_node_unique,{},0.857,pending,
REL_01923,SHL_SONGBEN_0264,clause,SHSRC0033,CR_TIAOBIAN_0223,commentary,SHSRC0036,commentary_support,方有執《傷寒論條辨》對本條有注（對齊相似度1.00）。,傷寒論條辨:p1017,citation_to_node_unique,{},1.0,pending,
REL_01924,SHL_SONGBEN_0265,clause,SHSRC0033,CR_TIAOBIAN_0224,commentary,SHSRC0036,commentary_support,方有執《傷寒論條辨》對本條有注（對齊相似度0.90）。,傷寒論條辨:p1020,citation_to_node_unique,{},0.903,pending,
REL_01925,SHL_SONGBEN_0266,clause,SHSRC0033,CR_TIAOBIAN_0225,commentary,SHSRC0036,commentary_support,方有執《傷寒論條辨》對本條有注（對齊相似度0.89）。,傷寒論條辨:p1023,citation_to_node_unique,{},0.889,pending,
REL_01926,SHL_SONGBEN_0267,clause,SHSRC0033,CR_TIAOBIAN_0226,commentary,SHSRC0036,commentary_support,方有執《傷寒論條辨》對本條有注（對齊相似度0.94）。,傷寒論條辨:p1026,citation_to_node_unique,{},0.941,pending,
REL_01927,SHL_SONGBEN_0268,clause,SHSRC0033,CR_TIAOBIAN_0227,commentary,SHSRC0036,commentary_support,方有執《傷寒論條辨》對本條有注（對齊相似度1.00）。,傷寒論條辨:p1028,citation_to_node_unique,{},1.0,pending,
REL_01928,SHL_SONGBEN_0270,clause,SHSRC0033,CR_TIAOBIAN_0228,commentary,SHSRC0036,commentary_support,方有執《傷寒論條辨》對本條有注（對齊相似度0.94）。,傷寒論條辨:p1030,citation_to_node_unique,{},0.941,pending,
REL_01929,SHL_SONGBEN_0271,clause,SHSRC0033,CR_TIAOBIAN_0229,commentary,SHSRC0036,commentary_support,方有執《傷寒論條辨》對本條有注（對齊相似度1.00）。,傷寒論條辨:p1032,citation_to_node_unique,{},1.0,pending,
REL_01930,SHL_SONGBEN_0272,clause,SHSRC0033,CR_TIAOBIAN_0230,commentary,SHSRC0036,commentary_support,方有執《傷寒論條辨》對本條有注（對齊相似度1.00）。,傷寒論條辨:p1034,citation_to_node_unique,{},1.0,pending,
REL_01931,SHL_SONGBEN_0269,clause,SHSRC0033,CR_TIAOBIAN_0231,commentary,SHSRC0036,commentary_support,方有執《傷寒論條辨》對本條有注（對齊相似度0.70）。,傷寒論條辨:p1036,citation_to_node_unique,{},0.7,pending,
REL_01932,SHL_SONGBEN_0273,clause,SHSRC0033,CR_TIAOBIAN_0232,commentary,SHSRC0036,commentary_support,方有執《傷寒論條辨》對本條有注（對齊相似度0.96）。,傷寒論條辨:p1039,citation_to_node_unique,{},0.963,pending,
REL_01933,SHL_SONGBEN_0274,clause,SHSRC0033,CR_TIAOBIAN_0233,commentary,SHSRC0036,commentary_support,方有執《傷寒論條辨》對本條有注（對齊相似度0.80）。,傷寒論條辨:p1043,citation_to_node_unique,{},0.8,pending,
REL_01934,SHL_SONGBEN_0276,clause,SHSRC0033,CR_TIAOBIAN_0234,commentary,SHSRC0036,commentary_support,方有執《傷寒論條辨》對本條有注（對齊相似度1.00）。,傷寒論條辨:p1047,citation_to_node_unique,{},1.0,pending,
REL_01935,SHL_SONGBEN_0277,clause,SHSRC0033,CR_TIAOBIAN_0235,commentary,SHSRC0036,commentary_support,方有執《傷寒論條辨》對本條有注（對齊相似度1.00）。,傷寒論條辨:p1049,citation_to_node_unique,{},1.0,pending,
REL_01936,SHL_SONGBEN_0279,clause,SHSRC0033,CR_TIAOBIAN_0236,commentary,SHSRC0036,commentary_support,方有執《傷寒論條辨》對本條有注（對齊相似度0.88）。,傷寒論條辨:p1054,citation_to_node_unique,{},0.881,pending,
REL_01937,SHL_SONGBEN_0280,clause,SHSRC0033,CR_TIAOBIAN_0237,commentary,SHSRC0036,commentary_support,方有執《傷寒論條辨》對本條有注（對齊相似度0.90）。,傷寒論條辨:p1062,citation_to_node_unique,{},0.903,pending,
REL_01938,SHL_SONGBEN_0275,clause,SHSRC0033,CR_TIAOBIAN_0238,commentary,SHSRC0036,commentary_support,方有執《傷寒論條辨》對本條有注（對齊相似度1.00）。,傷寒論條辨:p1064,citation_to_node_unique,{},1.0,pending,
REL_01939,SHL_SONGBEN_0281,clause,SHSRC0033,CR_TIAOBIAN_0239,commentary,SHSRC0036,commentary_support,方有執《傷寒論條辨》對本條有注（對齊相似度1.00）。,傷寒論條辨:p1068,citation_to_node_unique,{},1.0,pending,
REL_01940,SHL_SONGBEN_0301,clause,SHSRC0033,CR_TIAOBIAN_0240,commentary,SHSRC0036,commentary_support,方有執《傷寒論條辨》對本條有注（對齊相似度0.85）。,傷寒論條辨:p1070,citation_to_node_unique,{},0.85,pending,
REL_01941,SHL_SONGBEN_0304,clause,SHSRC0033,CR_TIAOBIAN_0241,commentary,SHSRC0036,commentary_support,方有執《傷寒論條辨》對本條有注（對齊相似度1.00）。,傷寒論條辨:p1074,citation_to_node_unique,{},1.0,pending,
REL_01942,SHL_SONGBEN_0282,clause,SHSRC0033,CR_TIAOBIAN_0242,commentary,SHSRC0036,commentary_support,方有執《傷寒論條辨》對本條有注（對齊相似度0.67）。,傷寒論條辨:p1080,citation_to_node_unique,{},0.667,pending,
REL_01943,SHL_SONGBEN_0283,clause,SHSRC0033,CR_TIAOBIAN_0243,commentary,SHSRC0036,commentary_support,方有執《傷寒論條辨》對本條有注（對齊相似度0.92）。,傷寒論條辨:p1082,citation_to_node_unique,{},0.92,pending,
REL_01944,SHL_SONGBEN_0285,clause,SHSRC0033,CR_TIAOBIAN_0244,commentary,SHSRC0036,commentary_support,方有執《傷寒論條辨》對本條有注（對齊相似度0.86）。,傷寒論條辨:p1084,citation_to_node_unique,{},0.857,pending,
REL_01945,SHL_SONGBEN_0286,clause,SHSRC0033,CR_TIAOBIAN_0245,commentary,SHSRC0036,commentary_support,方有執《傷寒論條辨》對本條有注（對齊相似度0.92）。,傷寒論條辨:p1086,citation_to_node_unique,{},0.917,pending,
REL_01946,SHL_SONGBEN_0284,clause,SHSRC0033,CR_TIAOBIAN_0246,commentary,SHSRC0036,commentary_support,方有執《傷寒論條辨》對本條有注（對齊相似度0.92）。,傷寒論條辨:p1088,citation_to_node_unique,{},0.92,pending,
REL_01947,SHL_SONGBEN_0288,clause,SHSRC0033,CR_TIAOBIAN_0247,commentary,SHSRC0036,commentary_support,方有執《傷寒論條辨》對本條有注（對齊相似度0.92）。,傷寒論條辨:p1091,citation_to_node_unique,{},0.919,pending,
REL_01948,SHL_SONGBEN_0289,clause,SHSRC0033,CR_TIAOBIAN_0248,commentary,SHSRC0036,commentary_support,方有執《傷寒論條辨》對本條有注（對齊相似度0.90）。,傷寒論條辨:p1093,citation_to_node_unique,{},0.903,pending,
REL_01949,SHL_SONGBEN_0287,clause,SHSRC0033,CR_TIAOBIAN_0249,commentary,SHSRC0036,commentary_support,方有執《傷寒論條辨》對本條有注（對齊相似度0.90）。,傷寒論條辨:p1095,citation_to_node_unique,{},0.897,pending,
REL_01950,SHL_SONGBEN_0290,clause,SHSRC0033,CR_TIAOBIAN_0250,commentary,SHSRC0036,commentary_support,方有執《傷寒論條辨》對本條有注（對齊相似度0.87）。,傷寒論條辨:p1099,citation_to_node_unique,{},0.87,pending,
REL_01951,SHL_SONGBEN_0291,clause,SHSRC0033,CR_TIAOBIAN_0251,commentary,SHSRC0036,commentary_support,方有執《傷寒論條辨》對本條有注（對齊相似度1.00）。,傷寒論條辨:p1101,citation_to_node_unique,{},1.0,pending,
REL_01952,SHL_SONGBEN_0293,clause,SHSRC0033,CR_TIAOBIAN_0252,commentary,SHSRC0036,commentary_support,方有執《傷寒論條辨》對本條有注（對齊相似度1.00）。,傷寒論條辨:p1103,citation_to_node_unique,{},1.0,pending,
REL_01953,SHL_SONGBEN_0292,clause,SHSRC0033,CR_TIAOBIAN_0253,commentary,SHSRC0036,commentary_support,方有執《傷寒論條辨》對本條有注（對齊相似度1.00）。,傷寒論條辨:p1108,citation_to_node_unique,{},1.0,pending,
REL_01954,SHL_SONGBEN_0295,clause,SHSRC0033,CR_TIAOBIAN_0254,commentary,SHSRC0036,commentary_support,方有執《傷寒論條辨》對本條有注（對齊相似度0.90）。,傷寒論條辨:p1110,citation_to_node_unique,{},0.897,pending,
REL_01955,SHL_SONGBEN_0296,clause,SHSRC0033,CR_TIAOBIAN_0255,commentary,SHSRC0036,commentary_support,方有執《傷寒論條辨》對本條有注（對齊相似度0.80）。,傷寒論條辨:p1112,citation_to_node_unique,{},0.8,pending,
REL_01956,SHL_SONGBEN_0297,clause,SHSRC0033,CR_TIAOBIAN_0256,commentary,SHSRC0036,commentary_support,方有執《傷寒論條辨》對本條有注（對齊相似度1.00）。,傷寒論條辨:p1114,citation_to_node_unique,{},1.0,pending,
REL_01957,SHL_SONGBEN_0298,clause,SHSRC0033,CR_TIAOBIAN_0257,commentary,SHSRC0036,commentary_support,方有執《傷寒論條辨》對本條有注（對齊相似度0.91）。,傷寒論條辨:p1117,citation_to_node_unique,{},0.914,pending,
REL_01958,SHL_SONGBEN_0299,clause,SHSRC0033,CR_TIAOBIAN_0258,commentary,SHSRC0036,commentary_support,方有執《傷寒論條辨》對本條有注（對齊相似度1.00）。,傷寒論條辨:p1120,citation_to_node_unique,{},1.0,pending,
REL_01959,SHL_SONGBEN_0300,clause,SHSRC0033,CR_TIAOBIAN_0259,commentary,SHSRC0036,commentary_support,方有執《傷寒論條辨》對本條有注（對齊相似度0.90）。,傷寒論條辨:p1122,citation_to_node_unique,{},0.903,pending,
REL_01960,SHL_SONGBEN_0302,clause,SHSRC0033,CR_TIAOBIAN_0260,commentary,SHSRC0036,commentary_support,方有執《傷寒論條辨》對本條有注（對齊相似度0.94）。,傷寒論條辨:p1125,citation_to_node_unique,{},0.939,pending,
REL_01961,SHL_SONGBEN_0303,clause,SHSRC0033,CR_TIAOBIAN_0261,commentary,SHSRC0036,commentary_support,方有執《傷寒論條辨》對本條有注（對齊相似度1.00）。,傷寒論條辨:p1130,citation_to_node_unique,{},1.0,pending,
REL_01962,SHL_SONGBEN_0305,clause,SHSRC0033,CR_TIAOBIAN_0262,commentary,SHSRC0036,commentary_support,方有執《傷寒論條辨》對本條有注（對齊相似度1.00）。,傷寒論條辨:p1135,citation_to_node_unique,{},1.0,pending,
REL_01963,SHL_SONGBEN_0307,clause,SHSRC0033,CR_TIAOBIAN_0263,commentary,SHSRC0036,commentary_support,方有執《傷寒論條辨》對本條有注（對齊相似度1.00）。,傷寒論條辨:p1137,citation_to_node_unique,{},1.0,pending,
REL_01964,SHL_SONGBEN_0306,clause,SHSRC0033,CR_TIAOBIAN_0264,commentary,SHSRC0036,commentary_support,方有執《傷寒論條辨》對本條有注（對齊相似度0.85）。,傷寒論條辨:p1142,citation_to_node_unique,{},0.846,pending,
REL_01965,SHL_SONGBEN_0308,clause,SHSRC0033,CR_TIAOBIAN_0265,commentary,SHSRC0036,commentary_support,方有執《傷寒論條辨》對本條有注（對齊相似度0.80）。,傷寒論條辨:p1144,citation_to_node_unique,{},0.8,pending,
REL_01966,SHL_SONGBEN_0309,clause,SHSRC0033,CR_TIAOBIAN_0266,commentary,SHSRC0036,commentary_support,方有執《傷寒論條辨》對本條有注（對齊相似度0.89）。,傷寒論條辨:p1146,citation_to_node_unique,{},0.895,pending,
REL_01967,SHL_SONGBEN_0310,clause,SHSRC0033,CR_TIAOBIAN_0267,commentary,SHSRC0036,commentary_support,方有執《傷寒論條辨》對本條有注（對齊相似度0.90）。,傷寒論條辨:p1148,citation_to_node_unique,{},0.903,pending,
REL_01968,SHL_SONGBEN_0311,clause,SHSRC0033,CR_TIAOBIAN_0268,commentary,SHSRC0036,commentary_support,方有執《傷寒論條辨》對本條有注（對齊相似度0.90）。,傷寒論條辨:p1154,citation_to_node_unique,{},0.9,pending,
REL_01969,SHL_SONGBEN_0313,clause,SHSRC0033,CR_TIAOBIAN_0269,commentary,SHSRC0036,commentary_support,方有執《傷寒論條辨》對本條有注（對齊相似度1.00）。,傷寒論條辨:p1160,citation_to_node_unique,{},1.0,pending,
REL_01970,SHL_SONGBEN_0312,clause,SHSRC0033,CR_TIAOBIAN_0270,commentary,SHSRC0036,commentary_support,方有執《傷寒論條辨》對本條有注（對齊相似度1.00）。,傷寒論條辨:p1166,citation_to_node_unique,{},1.0,pending,
REL_01971,SHL_SONGBEN_0314,clause,SHSRC0033,CR_TIAOBIAN_0271,commentary,SHSRC0036,commentary_support,方有執《傷寒論條辨》對本條有注（對齊相似度1.00）。,傷寒論條辨:p1172,citation_to_node_unique,{},1.0,pending,
REL_01972,SHL_SONGBEN_0315,clause,SHSRC0033,CR_TIAOBIAN_0272,commentary,SHSRC0036,commentary_support,方有執《傷寒論條辨》對本條有注（對齊相似度1.00）。,傷寒論條辨:p1176,citation_to_node_unique,{},1.0,pending,
REL_01973,SHL_SONGBEN_0318,clause,SHSRC0033,CR_TIAOBIAN_0273,commentary,SHSRC0036,commentary_support,方有執《傷寒論條辨》對本條有注（對齊相似度0.93）。,傷寒論條辨:p1203,citation_to_node_unique,{},0.931,pending,
REL_01974,SHL_SONGBEN_0319,clause,SHSRC0033,CR_TIAOBIAN_0274,commentary,SHSRC0036,commentary_support,方有執《傷寒論條辨》對本條有注（對齊相似度0.91）。,傷寒論條辨:p1213,citation_to_node_unique,{},0.909,pending,
REL_01975,SHL_SONGBEN_0320,clause,SHSRC0033,CR_TIAOBIAN_0275,commentary,SHSRC0036,commentary_support,方有執《傷寒論條辨》對本條有注（對齊相似度1.00）。,傷寒論條辨:p1215,citation_to_node_unique,{},1.0,pending,
REL_01976,SHL_SONGBEN_0321,clause,SHSRC0033,CR_TIAOBIAN_0276,commentary,SHSRC0036,commentary_support,方有執《傷寒論條辨》對本條有注（對齊相似度0.90）。,傷寒論條辨:p1218,citation_to_node_unique,{},0.898,pending,
REL_01977,SHL_SONGBEN_0322,clause,SHSRC0033,CR_TIAOBIAN_0277,commentary,SHSRC0036,commentary_support,方有執《傷寒論條辨》對本條有注（對齊相似度1.00）。,傷寒論條辨:p1220,citation_to_node_unique,{},1.0,pending,
REL_01978,SHL_SONGBEN_0323,clause,SHSRC0033,CR_TIAOBIAN_0278,commentary,SHSRC0036,commentary_support,方有執《傷寒論條辨》對本條有注（對齊相似度1.00）。,傷寒論條辨:p1222,citation_to_node_unique,{},1.0,pending,
REL_01979,SHL_SONGBEN_0324,clause,SHSRC0033,CR_TIAOBIAN_0279,commentary,SHSRC0036,commentary_support,方有執《傷寒論條辨》對本條有注（對齊相似度0.63）。,傷寒論條辨:p1225,citation_to_node_unique,{},0.628,pending,
REL_01980,SHL_SONGBEN_0325,clause,SHSRC0033,CR_TIAOBIAN_0280,commentary,SHSRC0036,commentary_support,方有執《傷寒論條辨》對本條有注（對齊相似度0.92）。,傷寒論條辨:p1228,citation_to_node_unique,{},0.917,pending,
REL_01981,SHL_SONGBEN_0326,clause,SHSRC0033,CR_TIAOBIAN_0281,commentary,SHSRC0036,commentary_support,方有執《傷寒論條辨》對本條有注（對齊相似度0.93）。,傷寒論條辨:p1232,citation_to_node_unique,{},0.929,pending,
REL_01982,SHL_SONGBEN_0327,clause,SHSRC0033,CR_TIAOBIAN_0282,commentary,SHSRC0036,commentary_support,方有執《傷寒論條辨》對本條有注（對齊相似度0.88）。,傷寒論條辨:p1235,citation_to_node_unique,{},0.88,pending,
REL_01983,SHL_SONGBEN_0328,clause,SHSRC0033,CR_TIAOBIAN_0283,commentary,SHSRC0036,commentary_support,方有執《傷寒論條辨》對本條有注（對齊相似度1.00）。,傷寒論條辨:p1237,citation_to_node_unique,{},1.0,pending,
REL_01984,SHL_SONGBEN_0329,clause,SHSRC0033,CR_TIAOBIAN_0284,commentary,SHSRC0036,commentary_support,方有執《傷寒論條辨》對本條有注（對齊相似度1.00）。,傷寒論條辨:p1241,citation_to_node_unique,{},1.0,pending,
REL_01985,SHL_SONGBEN_0330,clause,SHSRC0033,CR_TIAOBIAN_0285,commentary,SHSRC0036,commentary_support,方有執《傷寒論條辨》對本條有注（對齊相似度1.00）。,傷寒論條辨:p1243,citation_to_node_unique,{},1.0,pending,
REL_01986,SHL_SONGBEN_0333,clause,SHSRC0033,CR_TIAOBIAN_0286,commentary,SHSRC0036,commentary_support,方有執《傷寒論條辨》對本條有注（對齊相似度1.00）。,傷寒論條辨:p1245,citation_to_node_unique,{},1.0,pending,
REL_01987,SHL_SONGBEN_0332,clause,SHSRC0033,CR_TIAOBIAN_0287,commentary,SHSRC0036,commentary_support,方有執《傷寒論條辨》對本條有注（對齊相似度0.67）。,傷寒論條辨:p1248,citation_to_node_unique,{},0.675,pending,
REL_01988,SHL_SONGBEN_0331,clause,SHSRC0033,CR_TIAOBIAN_0288,commentary,SHSRC0036,commentary_support,方有執《傷寒論條辨》對本條有注（對齊相似度1.00）。,傷寒論條辨:p1251,citation_to_node_unique,{},1.0,pending,
REL_01989,SHL_SONGBEN_0334,clause,SHSRC0033,CR_TIAOBIAN_0289,commentary,SHSRC0036,commentary_support,方有執《傷寒論條辨》對本條有注（對齊相似度1.00）。,傷寒論條辨:p1253,citation_to_node_unique,{},1.0,pending,
REL_01990,SHL_SONGBEN_0336,clause,SHSRC0033,CR_TIAOBIAN_0290,commentary,SHSRC0036,commentary_support,方有執《傷寒論條辨》對本條有注（對齊相似度1.00）。,傷寒論條辨:p1259,citation_to_node_unique,{},1.0,pending,
REL_01991,SHL_SONGBEN_0337,clause,SHSRC0033,CR_TIAOBIAN_0291,commentary,SHSRC0036,commentary_support,方有執《傷寒論條辨》對本條有注（對齊相似度0.92）。,傷寒論條辨:p1261,citation_to_node_unique,{},0.923,pending,
REL_01992,SHL_SONGBEN_0339,clause,SHSRC0033,CR_TIAOBIAN_0292,commentary,SHSRC0036,commentary_support,方有執《傷寒論條辨》對本條有注（對齊相似度0.83）。,傷寒論條辨:p1275,citation_to_node_unique,{},0.833,pending,
REL_01993,SHL_SONGBEN_0341,clause,SHSRC0033,CR_TIAOBIAN_0293,commentary,SHSRC0036,commentary_support,方有執《傷寒論條辨》對本條有注（對齊相似度0.92）。,傷寒論條辨:p1278,citation_to_node_unique,{},0.921,pending,
REL_01994,SHL_SONGBEN_0342,clause,SHSRC0033,CR_TIAOBIAN_0294,commentary,SHSRC0036,commentary_support,方有執《傷寒論條辨》對本條有注（對齊相似度1.00）。,傷寒論條辨:p1280,citation_to_node_unique,{},1.0,pending,
REL_01995,SHL_SONGBEN_0343,clause,SHSRC0033,CR_TIAOBIAN_0295,commentary,SHSRC0036,commentary_support,方有執《傷寒論條辨》對本條有注（對齊相似度1.00）。,傷寒論條辨:p1282,citation_to_node_unique,{},1.0,pending,
REL_01996,SHL_SONGBEN_0344,clause,SHSRC0033,CR_TIAOBIAN_0296,commentary,SHSRC0036,commentary_support,方有執《傷寒論條辨》對本條有注（對齊相似度1.00）。,傷寒論條辨:p1284,citation_to_node_unique,{},1.0,pending,
REL_01997,SHL_SONGBEN_0345,clause,SHSRC0033,CR_TIAOBIAN_0297,commentary,SHSRC0036,commentary_support,方有執《傷寒論條辨》對本條有注（對齊相似度1.00）。,傷寒論條辨:p1286,citation_to_node_unique,{},1.0,pending,
REL_01998,SHL_SONGBEN_0348,clause,SHSRC0033,CR_TIAOBIAN_0298,commentary,SHSRC0036,commentary_support,方有執《傷寒論條辨》對本條有注（對齊相似度1.00）。,傷寒論條辨:p1288,citation_to_node_unique,{},1.0,pending,
REL_01999,SHL_SONGBEN_0346,clause,SHSRC0033,CR_TIAOBIAN_0299,commentary,SHSRC0036,commentary_support,方有執《傷寒論條辨》對本條有注（對齊相似度1.00）。,傷寒論條辨:p1290,citation_to_node_unique,{},1.0,pending,
REL_02000,SHL_SONGBEN_0340,clause,SHSRC0033,CR_TIAOBIAN_0300,commentary,SHSRC0036,commentary_support,方有執《傷寒論條辨》對本條有注（對齊相似度1.00）。,傷寒論條辨:p1292,citation_to_node_unique,{},1.0,pending,
REL_02001,SHL_SONGBEN_0347,clause,SHSRC0033,CR_TIAOBIAN_0301,commentary,SHSRC0036,commentary_support,方有執《傷寒論條辨》對本條有注（對齊相似度0.94）。,傷寒論條辨:p1295,citation_to_node_unique,{},0.936,pending,
REL_02002,SHL_SONGBEN_0349,clause,SHSRC0033,CR_TIAOBIAN_0302,commentary,SHSRC0036,commentary_support,方有執《傷寒論條辨》對本條有注（對齊相似度0.86）。,傷寒論條辨:p1297,citation_to_node_unique,{},0.857,pending,
REL_02003,SHL_SONGBEN_0350,clause,SHSRC0033,CR_TIAOBIAN_0303,commentary,SHSRC0036,commentary_support,方有執《傷寒論條辨》對本條有注（對齊相似度0.76）。,傷寒論條辨:p1299,citation_to_node_unique,{},0.759,pending,
REL_02004,SHL_SONGBEN_0351,clause,SHSRC0033,CR_TIAOBIAN_0304,commentary,SHSRC0036,commentary_support,方有執《傷寒論條辨》對本條有注（對齊相似度1.00）。,傷寒論條辨:p1302,citation_to_node_unique,{},1.0,pending,
REL_02005,SHL_SONGBEN_0353,clause,SHSRC0033,CR_TIAOBIAN_0305,commentary,SHSRC0036,commentary_support,方有執《傷寒論條辨》對本條有注（對齊相似度1.00）。,傷寒論條辨:p1311,citation_to_node_unique,{},1.0,pending,
REL_02006,SHL_SONGBEN_0354,clause,SHSRC0033,CR_TIAOBIAN_0306,commentary,SHSRC0036,commentary_support,方有執《傷寒論條辨》對本條有注（對齊相似度1.00）。,傷寒論條辨:p1314,citation_to_node_unique,{},1.0,pending,
REL_02007,SHL_SONGBEN_0356,clause,SHSRC0033,CR_TIAOBIAN_0307,commentary,SHSRC0036,commentary_support,方有執《傷寒論條辨》對本條有注（對齊相似度0.88）。,傷寒論條辨:p1316,citation_to_node_unique,{},0.881,pending,
REL_02008,SHL_SONGBEN_0357,clause,SHSRC0033,CR_TIAOBIAN_0308,commentary,SHSRC0036,commentary_support,方有執《傷寒論條辨》對本條有注（對齊相似度0.93）。,傷寒論條辨:p1318,citation_to_node_unique,{},0.93,pending,
REL_02009,SHL_SONGBEN_0358,clause,SHSRC0033,CR_TIAOBIAN_0309,commentary,SHSRC0036,commentary_support,方有執《傷寒論條辨》對本條有注（對齊相似度1.00）。,傷寒論條辨:p1328,citation_to_node_unique,{},1.0,pending,
REL_02010,SHL_SONGBEN_0364,clause,SHSRC0033,CR_TIAOBIAN_0310,commentary,SHSRC0036,commentary_support,方有執《傷寒論條辨》對本條有注（對齊相似度1.00）。,傷寒論條辨:p1330,citation_to_node_unique,{},1.0,pending,
REL_02011,SHL_SONGBEN_0370,clause,SHSRC0033,CR_TIAOBIAN_0311,commentary,SHSRC0036,commentary_support,方有執《傷寒論條辨》對本條有注（對齊相似度0.89）。,傷寒論條辨:p1333,citation_to_node_unique,{},0.895,pending,
REL_02012,SHL_SONGBEN_0372,clause,SHSRC0033,CR_TIAOBIAN_0312,commentary,SHSRC0036,commentary_support,方有執《傷寒論條辨》對本條有注（對齊相似度0.79）。,傷寒論條辨:p1335,citation_to_node_unique,{},0.786,pending,
REL_02013,SHL_SONGBEN_0374,clause,SHSRC0033,CR_TIAOBIAN_0313,commentary,SHSRC0036,commentary_support,方有執《傷寒論條辨》對本條有注（對齊相似度1.00）。,傷寒論條辨:p1338,citation_to_node_unique,{},1.0,pending,
REL_02014,SHL_SONGBEN_0375,clause,SHSRC0033,CR_TIAOBIAN_0314,commentary,SHSRC0036,commentary_support,方有執《傷寒論條辨》對本條有注（對齊相似度1.00）。,傷寒論條辨:p1340,citation_to_node_unique,{},1.0,pending,
REL_02015,SHL_SONGBEN_0369,clause,SHSRC0033,CR_TIAOBIAN_0315,commentary,SHSRC0036,commentary_support,方有執《傷寒論條辨》對本條有注（對齊相似度0.83）。,傷寒論條辨:p1342,citation_to_node_unique,{},0.833,pending,
REL_02016,SHL_SONGBEN_0360,clause,SHSRC0033,CR_TIAOBIAN_0316,commentary,SHSRC0036,commentary_support,方有執《傷寒論條辨》對本條有注（對齊相似度0.83）。,傷寒論條辨:p1344,citation_to_node_unique,{},0.833,pending,
REL_02017,SHL_SONGBEN_0367,clause,SHSRC0033,CR_TIAOBIAN_0317,commentary,SHSRC0036,commentary_support,方有執《傷寒論條辨》對本條有注（對齊相似度0.81）。,傷寒論條辨:p1346,citation_to_node_unique,{},0.81,pending,
REL_02018,SHL_SONGBEN_0361,clause,SHSRC0033,CR_TIAOBIAN_0318,commentary,SHSRC0036,commentary_support,方有執《傷寒論條辨》對本條有注（對齊相似度0.88）。,傷寒論條辨:p1348,citation_to_node_unique,{},0.882,pending,
REL_02019,SHL_SONGBEN_0366,clause,SHSRC0033,CR_TIAOBIAN_0319,commentary,SHSRC0036,commentary_support,方有執《傷寒論條辨》對本條有注（對齊相似度0.95）。,傷寒論條辨:p1350,citation_to_node_unique,{},0.952,pending,
REL_02020,SHL_SONGBEN_0362,clause,SHSRC0033,CR_TIAOBIAN_0320,commentary,SHSRC0036,commentary_support,方有執《傷寒論條辨》對本條有注（對齊相似度0.82）。,傷寒論條辨:p1352,citation_to_node_unique,{},0.824,pending,
REL_02021,SHL_SONGBEN_0368,clause,SHSRC0033,CR_TIAOBIAN_0321,commentary,SHSRC0036,commentary_support,方有執《傷寒論條辨》對本條有注（對齊相似度0.93）。,傷寒論條辨:p1354,citation_to_node_unique,{},0.927,pending,
REL_02022,SHL_SONGBEN_0363,clause,SHSRC0033,CR_TIAOBIAN_0322,commentary,SHSRC0036,commentary_support,方有執《傷寒論條辨》對本條有注（對齊相似度0.87）。,傷寒論條辨:p1356,citation_to_node_unique,{},0.867,pending,
REL_02023,SHL_SONGBEN_0365,clause,SHSRC0033,CR_TIAOBIAN_0323,commentary,SHSRC0036,commentary_support,方有執《傷寒論條辨》對本條有注（對齊相似度0.96）。,傷寒論條辨:p1358,citation_to_node_unique,{},0.962,pending,
REL_02024,SHL_SONGBEN_0371,clause,SHSRC0033,CR_TIAOBIAN_0324,commentary,SHSRC0036,commentary_support,方有執《傷寒論條辨》對本條有注（對齊相似度1.00）。,傷寒論條辨:p1360,citation_to_node_unique,{},1.0,pending,
REL_02025,SHL_SONGBEN_0373,clause,SHSRC0033,CR_TIAOBIAN_0325,commentary,SHSRC0036,commentary_support,方有執《傷寒論條辨》對本條有注（對齊相似度1.00）。,傷寒論條辨:p1365,citation_to_node_unique,{},1.0,pending,
REL_02026,SHL_SONGBEN_0378,clause,SHSRC0033,CR_TIAOBIAN_0326,commentary,SHSRC0036,commentary_support,方有執《傷寒論條辨》對本條有注（對齊相似度1.00）。,傷寒論條辨:p1367,citation_to_node_unique,{},1.0,pending,
REL_02027,SHL_SONGBEN_0379,clause,SHSRC0033,CR_TIAOBIAN_0327,commentary,SHSRC0036,commentary_support,方有執《傷寒論條辨》對本條有注（對齊相似度1.00）。,傷寒論條辨:p1369,citation_to_node_unique,{},1.0,pending,
REL_02028,SHL_SONGBEN_0377,clause,SHSRC0033,CR_TIAOBIAN_0328,commentary,SHSRC0036,commentary_support,方有執《傷寒論條辨》對本條有注（對齊相似度1.00）。,傷寒論條辨:p1371,citation_to_node_unique,{},1.0,pending,
REL_02029,SHL_SONGBEN_0376,clause,SHSRC0033,CR_TIAOBIAN_0329,commentary,SHSRC0036,commentary_support,方有執《傷寒論條辨》對本條有注（對齊相似度1.00）。,傷寒論條辨:p1374,citation_to_node_unique,{},1.0,pending,
REL_02030,SHL_SONGBEN_0359,clause,SHSRC0033,CR_TIAOBIAN_0330,commentary,SHSRC0036,commentary_support,方有執《傷寒論條辨》對本條有注（對齊相似度0.94）。,傷寒論條辨:p1376,citation_to_node_unique,{},0.938,pending,
REL_02031,SHL_SONGBEN_0380,clause,SHSRC0033,CR_TIAOBIAN_0331,commentary,SHSRC0036,commentary_support,方有執《傷寒論條辨》對本條有注（對齊相似度0.72）。,傷寒論條辨:p1380,citation_to_node_unique,{},0.716,pending,
REL_02032,SHL_SONGBEN_0381,clause,SHSRC0033,CR_TIAOBIAN_0332,commentary,SHSRC0036,commentary_support,方有執《傷寒論條辨》對本條有注（對齊相似度0.89）。,傷寒論條辨:p1383,citation_to_node_unique,{},0.889,pending,
REL_02033,SHL_SONGBEN_0006,clause,SHSRC0033,CR_TIAOBIAN_0333,commentary,SHSRC0036,commentary_support,方有執《傷寒論條辨》對本條有注（對齊相似度0.87）。,傷寒論條辨:p1390,citation_to_node_unique,{},0.866,pending,
REL_02034,SHL_SONGBEN_0113,clause,SHSRC0033,CR_TIAOBIAN_0334,commentary,SHSRC0036,commentary_support,方有執《傷寒論條辨》對本條有注（對齊相似度0.89）。,傷寒論條辨:p1394,citation_to_node_unique,{},0.893,pending,
REL_02035,SHL_SONGBEN_0115,clause,SHSRC0033,CR_TIAOBIAN_0335,commentary,SHSRC0036,commentary_support,方有執《傷寒論條辨》對本條有注（對齊相似度0.84）。,傷寒論條辨:p1397,citation_to_node_unique,{},0.844,pending,
REL_02036,SHL_SONGBEN_0166,clause,SHSRC0033,CR_TIAOBIAN_0336,commentary,SHSRC0036,commentary_support,方有執《傷寒論條辨》對本條有注（對齊相似度0.88）。,傷寒論條辨:p1399,citation_to_node_unique,{},0.875,pending,
REL_02037,SHL_SONGBEN_0089,clause,SHSRC0033,CR_TIAOBIAN_0337,commentary,SHSRC0036,commentary_support,方有執《傷寒論條辨》對本條有注（對齊相似度0.75）。,傷寒論條辨:p1408,citation_to_node_unique,{},0.75,pending,
REL_02038,SHL_SONGBEN_0355,clause,SHSRC0033,CR_TIAOBIAN_0338,commentary,SHSRC0036,commentary_support,方有執《傷寒論條辨》對本條有注（對齊相似度0.88）。,傷寒論條辨:p1410,citation_to_node_unique,{},0.882,pending,
REL_02039,SHL_SONGBEN_0011,clause,SHSRC0033,CR_TIAOBIAN_0339,commentary,SHSRC0036,commentary_support,方有執《傷寒論條辨》對本條有注（對齊相似度0.83）。,傷寒論條辨:p1415,citation_to_node_unique,{},0.83,pending,
REL_02040,SHL_SONGBEN_0092,clause,SHSRC0033,CR_TIAOBIAN_0340,commentary,SHSRC0036,commentary_support,方有執《傷寒論條辨》對本條有注（對齊相似度0.82）。,傷寒論條辨:p1421,citation_to_node_unique,{},0.818,pending,
REL_02041,SHL_SONGBEN_0141,clause,SHSRC0033,CR_TIAOBIAN_0341,commentary,SHSRC0036,commentary_support,方有執《傷寒論條辨》對本條有注（對齊相似度0.92）。,傷寒論條辨:p1423,citation_to_node_unique,{},0.921,pending,
REL_02042,SHL_SONGBEN_0054,clause,SHSRC0033,CR_TIAOBIAN_0342,commentary,SHSRC0036,commentary_support,方有執《傷寒論條辨》對本條有注（對齊相似度0.88）。,傷寒論條辨:p1430,citation_to_node_unique,{},0.875,pending,
REL_02043,SHL_SONGBEN_0053,clause,SHSRC0033,CR_TIAOBIAN_0343,commentary,SHSRC0036,commentary_support,方有執《傷寒論條辨》對本條有注（對齊相似度0.95）。,傷寒論條辨:p1433,citation_to_node_unique,{},0.945,pending,
REL_02044,SHL_SONGBEN_0122,clause,SHSRC0033,CR_TIAOBIAN_0344,commentary,SHSRC0036,commentary_support,方有執《傷寒論條辨》對本條有注（對齊相似度0.95）。,傷寒論條辨:p1436,citation_to_node_unique,{},0.955,pending,
REL_02045,SHL_SONGBEN_0240,clause,SHSRC0033,CR_TIAOBIAN_0345,commentary,SHSRC0036,commentary_support,方有執《傷寒論條辨》對本條有注（對齊相似度0.91）。,傷寒論條辨:p1440,citation_to_node_unique,{},0.909,pending,
REL_02046,SHL_SONGBEN_0075,clause,SHSRC0033,CR_TIAOBIAN_0346,commentary,SHSRC0036,commentary_support,方有執《傷寒論條辨》對本條有注（對齊相似度0.73）。,傷寒論條辨:p1443,citation_to_node_unique,{},0.731,pending,
REL_02047,SHL_SONGBEN_0239,clause,SHSRC0033,CR_TIAOBIAN_0347,commentary,SHSRC0036,commentary_support,方有執《傷寒論條辨》對本條有注（對齊相似度0.92）。,傷寒論條辨:p1445,citation_to_node_unique,{},0.92,pending,
REL_02048,SHL_SONGBEN_0242,clause,SHSRC0033,CR_TIAOBIAN_0348,commentary,SHSRC0036,commentary_support,方有執《傷寒論條辨》對本條有注（對齊相似度0.93）。,傷寒論條辨:p1448,citation_to_node_unique,{},0.933,pending,
REL_02049,SHL_SONGBEN_0241,clause,SHSRC0033,CR_TIAOBIAN_0349,commentary,SHSRC0036,commentary_support,方有執《傷寒論條辨》對本條有注（對齊相似度0.83）。,傷寒論條辨:p1450,citation_to_node_unique,{},0.833,pending,
REL_02050,SHL_SONGBEN_0090,clause,SHSRC0033,CR_TIAOBIAN_0350,commentary,SHSRC0036,commentary_support,方有執《傷寒論條辨》對本條有注（對齊相似度1.00）。,傷寒論條辨:p1452,citation_to_node_unique,{},1.0,pending,
REL_02051,SHL_SONGBEN_0058,clause,SHSRC0033,CR_TIAOBIAN_0351,commentary,SHSRC0036,commentary_support,方有執《傷寒論條辨》對本條有注（對齊相似度0.95）。,傷寒論條辨:p1455,citation_to_node_unique,{},0.952,pending,
REL_02052,SHL_SONGBEN_0382,clause,SHSRC0033,CR_TIAOBIAN_0352,commentary,SHSRC0036,commentary_support,方有執《傷寒論條辨》對本條有注（對齊相似度0.81）。,傷寒論條辨:p1457,citation_to_node_unique,{},0.812,pending,
REL_02053,SHL_SONGBEN_0383,clause,SHSRC0033,CR_TIAOBIAN_0353,commentary,SHSRC0036,commentary_support,方有執《傷寒論條辨》對本條有注（對齊相似度0.87）。,傷寒論條辨:p1459,citation_to_node_unique,{},0.867,pending,
REL_02054,SHL_SONGBEN_0384,clause,SHSRC0033,CR_TIAOBIAN_0354,commentary,SHSRC0036,commentary_support,方有執《傷寒論條辨》對本條有注（對齊相似度0.72）。,傷寒論條辨:p1462,citation_to_node_unique,{},0.719,pending,
REL_02055,SHL_SONGBEN_0386,clause,SHSRC0033,CR_TIAOBIAN_0355,commentary,SHSRC0036,commentary_support,方有執《傷寒論條辨》對本條有注（對齊相似度0.95）。,傷寒論條辨:p1466,citation_to_node_unique,{},0.945,pending,
REL_02056,SHL_SONGBEN_0387,clause,SHSRC0033,CR_TIAOBIAN_0356,commentary,SHSRC0036,commentary_support,方有執《傷寒論條辨》對本條有注（對齊相似度0.70）。,傷寒論條辨:p1476,citation_to_node_unique,{},0.698,pending,
REL_02057,SHL_SONGBEN_0388,clause,SHSRC0033,CR_TIAOBIAN_0357,commentary,SHSRC0036,commentary_support,方有執《傷寒論條辨》對本條有注（對齊相似度1.00）。,傷寒論條辨:p1478,citation_to_node_unique,{},1.0,pending,
REL_02058,SHL_SONGBEN_0389,clause,SHSRC0033,CR_TIAOBIAN_0358,commentary,SHSRC0036,commentary_support,方有執《傷寒論條辨》對本條有注（對齊相似度1.00）。,傷寒論條辨:p1480,citation_to_node_unique,{},1.0,pending,
REL_02059,SHL_SONGBEN_0390,clause,SHSRC0033,CR_TIAOBIAN_0359,commentary,SHSRC0036,commentary_support,方有執《傷寒論條辨》對本條有注（對齊相似度1.00）。,傷寒論條辨:p1482,citation_to_node_unique,{},1.0,pending,
REL_02060,SHL_SONGBEN_0385,clause,SHSRC0033,CR_TIAOBIAN_0360,commentary,SHSRC0036,commentary_support,方有執《傷寒論條辨》對本條有注（對齊相似度1.00）。,傷寒論條辨:p1485,citation_to_node_unique,{},1.0,pending,
REL_02061,SHL_SONGBEN_0391,clause,SHSRC0033,CR_TIAOBIAN_0361,commentary,SHSRC0036,commentary_support,方有執《傷寒論條辨》對本條有注（對齊相似度1.00）。,傷寒論條辨:p1488,citation_to_node_unique,{},1.0,pending,
REL_02062,SHL_SONGBEN_0392,clause,SHSRC0033,CR_TIAOBIAN_0362,commentary,SHSRC0036,commentary_support,方有執《傷寒論條辨》對本條有注（對齊相似度0.92）。,傷寒論條辨:p1490,citation_to_node_unique,{},0.925,pending,
REL_02063,SHL_SONGBEN_0394,clause,SHSRC0033,CR_TIAOBIAN_0363,commentary,SHSRC0036,commentary_support,方有執《傷寒論條辨》對本條有注（對齊相似度0.76）。,傷寒論條辨:p1499,citation_to_node_unique,{},0.76,pending,
REL_02064,SHL_SONGBEN_0395,clause,SHSRC0033,CR_TIAOBIAN_0364,commentary,SHSRC0036,commentary_support,方有執《傷寒論條辨》對本條有注（對齊相似度0.89）。,傷寒論條辨:p1501,citation_to_node_unique,{},0.889,pending,
REL_02065,SHL_SONGBEN_0396,clause,SHSRC0033,CR_TIAOBIAN_0365,commentary,SHSRC0036,commentary_support,方有執《傷寒論條辨》對本條有注（對齊相似度0.81）。,傷寒論條辨:p1506,citation_to_node_unique,{},0.809,pending,
REL_02066,SHL_SONGBEN_0397,clause,SHSRC0033,CR_TIAOBIAN_0366,commentary,SHSRC0036,commentary_support,方有執《傷寒論條辨》對本條有注（對齊相似度0.92）。,傷寒論條辨:p1508,citation_to_node_unique,{},0.919,pending,
REL_02067,SHL_SONGBEN_0398,clause,SHSRC0033,CR_TIAOBIAN_0367,commentary,SHSRC0036,commentary_support,方有執《傷寒論條辨》對本條有注（對齊相似度0.81）。,傷寒論條辨:p1514,citation_to_node_unique,{},0.806,pending,
REL_02068,SHL_SONGBEN_0088,clause,SHSRC0033,CR_TIAOBIAN_0368,commentary,SHSRC0036,commentary_support,方有執《傷寒論條辨》對本條有注（對齊相似度0.97）。,傷寒論條辨:p1915,citation_to_node_unique,{},0.974,pending,
REL_02069,SHL_SONGBEN_0087,clause,SHSRC0033,CR_TIAOBIAN_0369,commentary,SHSRC0036,commentary_support,方有執《傷寒論條辨》對本條有注（對齊相似度0.87）。,傷寒論條辨:p1917,citation_to_node_unique,{},0.87,pending,
REL_02070,SHL_SONGBEN_0086,clause,SHSRC0033,CR_TIAOBIAN_0370,commentary,SHSRC0036,commentary_support,方有執《傷寒論條辨》對本條有注（對齊相似度0.93）。,傷寒論條辨:p1919,citation_to_node_unique,{},0.93,pending,
REL_02071,SHL_SONGBEN_0084,clause,SHSRC0033,CR_TIAOBIAN_0371,commentary,SHSRC0036,commentary_support,方有執《傷寒論條辨》對本條有注（對齊相似度1.00）。,傷寒論條辨:p1921,citation_to_node_unique,{},1.0,pending,
REL_02072,SHL_SONGBEN_0085,clause,SHSRC0033,CR_TIAOBIAN_0372,commentary,SHSRC0036,commentary_support,方有執《傷寒論條辨》對本條有注（對齊相似度0.75）。,傷寒論條辨:p1923,citation_to_node_first_of_multiple,{},0.75,pending,
REL_02073,SHL_SONGBEN_0083,clause,SHSRC0033,CR_TIAOBIAN_0373,commentary,SHSRC0036,commentary_support,方有執《傷寒論條辨》對本條有注（對齊相似度0.75）。,傷寒論條辨:p1925,citation_to_node_unique,{},0.75,pending,
REL_02074,SHL_SONGBEN_0204,clause,SHSRC0033,CR_TIAOBIAN_0185,commentary,SHSRC0036,commentary_support,方有執《傷寒論條辨》對本條有注（對齊相似度0.91）。,傷寒論條辨:p1989,citation_to_node_first_of_multiple,{},0.909,pending,
REL_02075,SHL_SONGBEN_0044,clause,SHSRC0033,CR_TIAOBIAN_0014,commentary,SHSRC0036,commentary_support,方有執《傷寒論條辨》對本條有注（對齊相似度0.69）。,傷寒論條辨:p1991,citation_to_node_first_of_multiple,{},0.686,pending,
REL_02076,SHL_SONGBEN_0085,clause,SHSRC0033,CR_TIAOBIAN_0372,commentary,SHSRC0036,commentary_support,方有執《傷寒論條辨》對本條有注（對齊相似度1.00）。,傷寒論條辨:p2493,citation_to_node_first_of_multiple,{},1.0,pending,
REL_02077,SHL_SONGBEN_0007,clause,SHSRC0033,CR_LAISU_0001,commentary,SHSRC0005,commentary_support,柯琴《傷寒來蘇集》對本條有注（對齊相似度0.64）。,傷寒來蘇集:p0,citation_to_node_first_of_multiple,{},0.636,pending,
REL_02078,SHL_SONGBEN_0007,clause,SHSRC0033,CR_LAISU_0001,commentary,SHSRC0005,commentary_support,柯琴《傷寒來蘇集》對本條有注（對齊相似度0.64）。,傷寒來蘇集:p1,citation_to_node_first_of_multiple,{},0.64,pending,
REL_02079,SHL_SONGBEN_0004,clause,SHSRC0033,CR_LAISU_0003,commentary,SHSRC0005,commentary_support,柯琴《傷寒來蘇集》對本條有注（對齊相似度1.00）。,傷寒來蘇集:p8,citation_to_node_unique,{},1.0,pending,
REL_02080,SHL_SONGBEN_0005,clause,SHSRC0033,CR_LAISU_0004,commentary,SHSRC0005,commentary_support,柯琴《傷寒來蘇集》對本條有注（對齊相似度1.00）。,傷寒來蘇集:p9,citation_to_node_unique,{},1.0,pending,
REL_02081,SHL_SONGBEN_0270,clause,SHSRC0033,CR_LAISU_0005,commentary,SHSRC0005,commentary_support,柯琴《傷寒來蘇集》對本條有注（對齊相似度1.00）。,傷寒來蘇集:p10,citation_to_node_unique,{},1.0,pending,
REL_02082,SHL_SONGBEN_0269,clause,SHSRC0033,CR_LAISU_0006,commentary,SHSRC0005,commentary_support,柯琴《傷寒來蘇集》對本條有注（對齊相似度1.00）。,傷寒來蘇集:p11,citation_to_node_unique,{},1.0,pending,
REL_02083,SHL_SONGBEN_0008,clause,SHSRC0033,CR_LAISU_0007,commentary,SHSRC0005,commentary_support,柯琴《傷寒來蘇集》對本條有注（對齊相似度0.86）。,傷寒來蘇集:p12,citation_to_node_unique,{},0.857,pending,
REL_02084,SHL_SONGBEN_0010,clause,SHSRC0033,CR_LAISU_0008,commentary,SHSRC0005,commentary_support,柯琴《傷寒來蘇集》對本條有注（對齊相似度1.00）。,傷寒來蘇集:p13,citation_to_node_unique,{},1.0,pending,
REL_02085,SHL_SONGBEN_0001,clause,SHSRC0033,CR_LAISU_0009,commentary,SHSRC0005,commentary_support,柯琴《傷寒來蘇集》對本條有注（對齊相似度1.00）。,傷寒來蘇集:p14,citation_to_node_unique,{},1.0,pending,
REL_02086,SHL_SONGBEN_0002,clause,SHSRC0033,CR_LAISU_0010,commentary,SHSRC0005,commentary_support,柯琴《傷寒來蘇集》對本條有注（對齊相似度1.00）。,傷寒來蘇集:p15,citation_to_node_unique,{},1.0,pending,
REL_02087,SHL_SONGBEN_0003,clause,SHSRC0033,CR_LAISU_0011,commentary,SHSRC0005,commentary_support,柯琴《傷寒來蘇集》對本條有注（對齊相似度0.92）。,傷寒來蘇集:p16,citation_to_node_unique,{},0.923,pending,
REL_02088,SHL_SONGBEN_0009,clause,SHSRC0033,CR_LAISU_0012,commentary,SHSRC0005,commentary_support,柯琴《傷寒來蘇集》對本條有注（對齊相似度0.80）。,傷寒來蘇集:p20,citation_to_node_unique,{},0.8,pending,
REL_02089,SHL_SONGBEN_0094,clause,SHSRC0033,CR_LAISU_0013,commentary,SHSRC0005,commentary_support,柯琴《傷寒來蘇集》對本條有注（對齊相似度1.00）。,傷寒來蘇集:p22,citation_to_node_unique,{},1.0,pending,
REL_02090,SHL_SONGBEN_0093,clause,SHSRC0033,CR_LAISU_0014,commentary,SHSRC0005,commentary_support,柯琴《傷寒來蘇集》對本條有注（對齊相似度0.88）。,傷寒來蘇集:p23,citation_to_node_unique,{},0.876,pending,
REL_02091,SHL_SONGBEN_0013,clause,SHSRC0033,CR_LAISU_0015,commentary,SHSRC0005,commentary_support,柯琴《傷寒來蘇集》對本條有注（對齊相似度0.90）。,傷寒來蘇集:p27,citation_to_node_unique,{},0.903,pending,
REL_02092,SHL_SONGBEN_0042,clause,SHSRC0033,CR_LAISU_0016,commentary,SHSRC0005,commentary_support,柯琴《傷寒來蘇集》對本條有注（對齊相似度1.00）。,傷寒來蘇集:p28,citation_to_node_unique,{},1.0,pending,
REL_02093,SHL_SONGBEN_0012,clause,SHSRC0033,CR_LAISU_0017,commentary,SHSRC0005,commentary_support,柯琴《傷寒來蘇集》對本條有注（對齊相似度1.00）。,傷寒來蘇集:p29,citation_to_node_unique,{},1.0,pending,
REL_02094,SHL_SONGBEN_0024,clause,SHSRC0033,CR_LAISU_0018,commentary,SHSRC0005,commentary_support,柯琴《傷寒來蘇集》對本條有注（對齊相似度1.00）。,傷寒來蘇集:p30,citation_to_node_unique,{},1.0,pending,
REL_02095,SHL_SONGBEN_0095,clause,SHSRC0033,CR_LAISU_0019,commentary,SHSRC0005,commentary_support,柯琴《傷寒來蘇集》對本條有注（對齊相似度0.88）。,傷寒來蘇集:p31,citation_to_node_unique,{},0.885,pending,
REL_02096,SHL_SONGBEN_0113,clause,SHSRC0033,CR_LAISU_0020,commentary,SHSRC0005,commentary_support,柯琴《傷寒來蘇集》對本條有注（對齊相似度0.92）。,傷寒來蘇集:p32,citation_to_node_unique,{},0.918,pending,
REL_02097,SHL_SONGBEN_0057,clause,SHSRC0033,CR_LAISU_0021,commentary,SHSRC0005,commentary_support,柯琴《傷寒來蘇集》對本條有注（對齊相似度0.93）。,傷寒來蘇集:p33,citation_to_node_unique,{},0.927,pending,
REL_02098,SHL_SONGBEN_0054,clause,SHSRC0033,CR_LAISU_0022,commentary,SHSRC0005,commentary_support,柯琴《傷寒來蘇集》對本條有注（對齊相似度0.97）。,傷寒來蘇集:p34,citation_to_node_unique,{},0.969,pending,
REL_02099,SHL_SONGBEN_0053,clause,SHSRC0033,CR_LAISU_0023,commentary,SHSRC0005,commentary_support,柯琴《傷寒來蘇集》對本條有注（對齊相似度0.69）。,傷寒來蘇集:p35,citation_to_node_unique,{},0.689,pending,
REL_02100,SHL_SONGBEN_0044,clause,SHSRC0033,CR_LAISU_0024,commentary,SHSRC0005,commentary_support,柯琴《傷寒來蘇集》對本條有注（對齊相似度0.91）。,傷寒來蘇集:p36,citation_to_node_unique,{},0.909,pending,
REL_02101,SHL_SONGBEN_0045,clause,SHSRC0033,CR_LAISU_0025,commentary,SHSRC0005,commentary_support,柯琴《傷寒來蘇集》對本條有注（對齊相似度0.86）。,傷寒來蘇集:p37,citation_to_node_unique,{},0.857,pending,
REL_02102,SHL_SONGBEN_0015,clause,SHSRC0033,CR_LAISU_0026,commentary,SHSRC0005,commentary_support,柯琴《傷寒來蘇集》對本條有注（對齊相似度0.88）。,傷寒來蘇集:p38,citation_to_node_unique,{},0.88,pending,
REL_02103,SHL_SONGBEN_0091,clause,SHSRC0033,CR_LAISU_0027,commentary,SHSRC0005,commentary_support,柯琴《傷寒來蘇集》對本條有注（對齊相似度0.91）。,傷寒來蘇集:p39,citation_to_node_unique,{},0.909,pending,
REL_02104,SHL_SONGBEN_0372,clause,SHSRC0033,CR_LAISU_0028,commentary,SHSRC0005,commentary_support,柯琴《傷寒來蘇集》對本條有注（對齊相似度1.00）。,傷寒來蘇集:p40,citation_to_node_unique,{},1.0,pending,
REL_02105,SHL_SONGBEN_0387,clause,SHSRC0033,CR_LAISU_0029,commentary,SHSRC0005,commentary_support,柯琴《傷寒來蘇集》對本條有注（對齊相似度1.00）。,傷寒來蘇集:p41,citation_to_node_unique,{},1.0,pending,
REL_02106,SHL_SONGBEN_0164,clause,SHSRC0033,CR_LAISU_0030,commentary,SHSRC0005,commentary_support,柯琴《傷寒來蘇集》對本條有注（對齊相似度1.00）。,傷寒來蘇集:p42,citation_to_node_unique,{},1.0,pending,
REL_02107,SHL_SONGBEN_0056,clause,SHSRC0033,CR_LAISU_0031,commentary,SHSRC0005,commentary_support,柯琴《傷寒來蘇集》對本條有注（對齊相似度0.92）。,傷寒來蘇集:p43,citation_to_node_unique,{},0.916,pending,
REL_02108,SHL_SONGBEN_0023,clause,SHSRC0033,CR_LAISU_0032,commentary,SHSRC0005,commentary_support,柯琴《傷寒來蘇集》對本條有注（對齊相似度0.92）。,傷寒來蘇集:p44,citation_to_node_first_of_multiple,{},0.916,pending,
REL_02109,SHL_SONGBEN_0027,clause,SHSRC0033,CR_LAISU_0033,commentary,SHSRC0005,commentary_support,柯琴《傷寒來蘇集》對本條有注（對齊相似度1.00）。,傷寒來蘇集:p45,citation_to_node_first_of_multiple,{},1.0,pending,
REL_02110,SHL_SONGBEN_0146,clause,SHSRC0033,CR_LAISU_0034,commentary,SHSRC0005,commentary_support,柯琴《傷寒來蘇集》對本條有注（對齊相似度0.87）。,傷寒來蘇集:p46,citation_to_node_first_of_multiple,{},0.871,pending,
REL_02111,SHL_SONGBEN_0023,clause,SHSRC0033,CR_LAISU_0032,commentary,SHSRC0005,commentary_support,柯琴《傷寒來蘇集》對本條有注（對齊相似度0.92）。,傷寒來蘇集:p47,citation_to_node_first_of_multiple,{},0.916,pending,
REL_02112,SHL_SONGBEN_0027,clause,SHSRC0033,CR_LAISU_0033,commentary,SHSRC0005,commentary_support,柯琴《傷寒來蘇集》對本條有注（對齊相似度1.00）。,傷寒來蘇集:p48,citation_to_node_first_of_multiple,{},1.0,pending,
REL_02113,SHL_SONGBEN_0146,clause,SHSRC0033,CR_LAISU_0034,commentary,SHSRC0005,commentary_support,柯琴《傷寒來蘇集》對本條有注（對齊相似度0.87）。,傷寒來蘇集:p49,citation_to_node_first_of_multiple,{},0.871,pending,
REL_02114,SHL_SONGBEN_0017,clause,SHSRC0033,CR_LAISU_0038,commentary,SHSRC0005,commentary_support,柯琴《傷寒來蘇集》對本條有注（對齊相似度0.87）。,傷寒來蘇集:p56,citation_to_node_unique,{},0.872,pending,
REL_02115,SHL_SONGBEN_0019,clause,SHSRC0033,CR_LAISU_0039,commentary,SHSRC0005,commentary_support,柯琴《傷寒來蘇集》對本條有注（對齊相似度1.00）。,傷寒來蘇集:p57,citation_to_node_unique,{},1.0,pending,
REL_02116,SHL_SONGBEN_0016,clause,SHSRC0033,CR_LAISU_0040,commentary,SHSRC0005,commentary_support,柯琴《傷寒來蘇集》對本條有注（對齊相似度0.61）。,傷寒來蘇集:p58,citation_to_node_unique,{},0.606,pending,
REL_02117,SHL_SONGBEN_0025,clause,SHSRC0033,CR_LAISU_0041,commentary,SHSRC0005,commentary_support,柯琴《傷寒來蘇集》對本條有注（對齊相似度0.90）。,傷寒來蘇集:p59,citation_to_node_unique,{},0.896,pending,
REL_02118,SHL_SONGBEN_0020,clause,SHSRC0033,CR_LAISU_0042,commentary,SHSRC0005,commentary_support,柯琴《傷寒來蘇集》對本條有注（對齊相似度1.00）。,傷寒來蘇集:p60,citation_to_node_unique,{},1.0,pending,
REL_02119,SHL_SONGBEN_0062,clause,SHSRC0033,CR_LAISU_0043,commentary,SHSRC0005,commentary_support,柯琴《傷寒來蘇集》對本條有注（對齊相似度0.71）。,傷寒來蘇集:p61,citation_to_node_unique,{},0.706,pending,
REL_02120,SHL_SONGBEN_0068,clause,SHSRC0033,CR_LAISU_0044,commentary,SHSRC0005,commentary_support,柯琴《傷寒來蘇集》對本條有注（對齊相似度1.00）。,傷寒來蘇集:p62,citation_to_node_unique,{},1.0,pending,
REL_02121,SHL_SONGBEN_0064,clause,SHSRC0033,CR_LAISU_0045,commentary,SHSRC0005,commentary_support,柯琴《傷寒來蘇集》對本條有注（對齊相似度1.00）。,傷寒來蘇集:p63,citation_to_node_unique,{},1.0,pending,
REL_02122,SHL_SONGBEN_0065,clause,SHSRC0033,CR_LAISU_0046,commentary,SHSRC0005,commentary_support,柯琴《傷寒來蘇集》對本條有注（對齊相似度0.93）。,傷寒來蘇集:p64,citation_to_node_unique,{},0.933,pending,
REL_02123,SHL_SONGBEN_0028,clause,SHSRC0033,CR_LAISU_0047,commentary,SHSRC0005,commentary_support,柯琴《傷寒來蘇集》對本條有注（對齊相似度0.67）。,傷寒來蘇集:p65,citation_to_node_unique,{},0.667,pending,
REL_02124,SHL_SONGBEN_0139,clause,SHSRC0033,CR_LAISU_0048,commentary,SHSRC0005,commentary_support,柯琴《傷寒來蘇集》對本條有注（對齊相似度0.96）。,傷寒來蘇集:p66,citation_to_node_unique,{},0.958,pending,
REL_02125,SHL_SONGBEN_0163,clause,SHSRC0033,CR_LAISU_0049,commentary,SHSRC0005,commentary_support,柯琴《傷寒來蘇集》對本條有注（對齊相似度0.89）。,傷寒來蘇集:p67,citation_to_node_unique,{},0.886,pending,
REL_02126,SHL_SONGBEN_0034,clause,SHSRC0033,CR_LAISU_0050,commentary,SHSRC0005,commentary_support,柯琴《傷寒來蘇集》對本條有注（對齊相似度0.88）。,傷寒來蘇集:p68,citation_to_node_unique,{},0.882,pending,
REL_02127,SHL_SONGBEN_0021,clause,SHSRC0033,CR_LAISU_0051,commentary,SHSRC0005,commentary_support,柯琴《傷寒來蘇集》對本條有注（對齊相似度0.75）。,傷寒來蘇集:p69,citation_to_node_unique,{},0.75,pending,
REL_02128,SHL_SONGBEN_0043,clause,SHSRC0033,CR_LAISU_0052,commentary,SHSRC0005,commentary_support,柯琴《傷寒來蘇集》對本條有注（對齊相似度0.77）。,傷寒來蘇集:p70,citation_to_node_unique,{},0.769,pending,
REL_02129,SHL_SONGBEN_0279,clause,SHSRC0033,CR_LAISU_0053,commentary,SHSRC0005,commentary_support,柯琴《傷寒來蘇集》對本條有注（對齊相似度0.94）。,傷寒來蘇集:p71,citation_to_node_unique,{},0.939,pending,
REL_02130,SHL_SONGBEN_0067,clause,SHSRC0033,CR_LAISU_0054,commentary,SHSRC0005,commentary_support,柯琴《傷寒來蘇集》對本條有注（對齊相似度1.00）。,傷寒來蘇集:p72,citation_to_node_unique,{},1.0,pending,
REL_02131,SHL_SONGBEN_0117,clause,SHSRC0033,CR_LAISU_0055,commentary,SHSRC0005,commentary_support,柯琴《傷寒來蘇集》對本條有注（對齊相似度0.79）。,傷寒來蘇集:p73,citation_to_node_first_of_multiple,{},0.79,pending,
REL_02132,SHL_SONGBEN_0112,clause,SHSRC0033,CR_LAISU_0056,commentary,SHSRC0005,commentary_support,柯琴《傷寒來蘇集》對本條有注（對齊相似度0.83）。,傷寒來蘇集:p74,citation_to_node_first_of_multiple,{},0.833,pending,
REL_02133,SHL_SONGBEN_0118,clause,SHSRC0033,CR_LAISU_0057,commentary,SHSRC0005,commentary_support,柯琴《傷寒來蘇集》對本條有注（對齊相似度0.90）。,傷寒來蘇集:p75,citation_to_node_first_of_multiple,{},0.9,pending,
REL_02134,SHL_SONGBEN_0029,clause,SHSRC0033,CR_LAISU_0058,commentary,SHSRC0005,commentary_support,柯琴《傷寒來蘇集》對本條有注（對齊相似度0.75）。,傷寒來蘇集:p93,citation_to_node_unique,{},0.748,pending,
REL_02135,SHL_SONGBEN_0035,clause,SHSRC0033,CR_LAISU_0059,commentary,SHSRC0005,commentary_support,柯琴《傷寒來蘇集》對本條有注（對齊相似度1.00）。,傷寒來蘇集:p97,citation_to_node_unique,{},1.0,pending,
REL_02136,SHL_SONGBEN_0051,clause,SHSRC0033,CR_LAISU_0060,commentary,SHSRC0005,commentary_support,柯琴《傷寒來蘇集》對本條有注（對齊相似度0.80）。,傷寒來蘇集:p98,citation_to_node_unique,{},0.8,pending,
REL_02137,SHL_SONGBEN_0085,clause,SHSRC0033,CR_LAISU_0061,commentary,SHSRC0005,commentary_support,柯琴《傷寒來蘇集》對本條有注（對齊相似度0.64）。,傷寒來蘇集:p101,citation_to_node_unique,{},0.64,pending,
REL_02138,SHL_SONGBEN_0049,clause,SHSRC0033,CR_LAISU_0062,commentary,SHSRC0005,commentary_support,柯琴《傷寒來蘇集》對本條有注（對齊相似度0.94）。,傷寒來蘇集:p102,citation_to_node_unique,{},0.936,pending,
REL_02139,SHL_SONGBEN_0046,clause,SHSRC0033,CR_LAISU_0063,commentary,SHSRC0005,commentary_support,柯琴《傷寒來蘇集》對本條有注（對齊相似度0.93）。,傷寒來蘇集:p104,citation_to_node_unique,{},0.931,pending,
REL_02140,SHL_SONGBEN_0055,clause,SHSRC0033,CR_LAISU_0064,commentary,SHSRC0005,commentary_support,柯琴《傷寒來蘇集》對本條有注（對齊相似度0.88）。,傷寒來蘇集:p105,citation_to_node_unique,{},0.875,pending,
REL_02141,SHL_SONGBEN_0047,clause,SHSRC0033,CR_LAISU_0065,commentary,SHSRC0005,commentary_support,柯琴《傷寒來蘇集》對本條有注（對齊相似度1.00）。,傷寒來蘇集:p106,citation_to_node_unique,{},1.0,pending,
REL_02142,SHL_SONGBEN_0086,clause,SHSRC0033,CR_LAISU_0066,commentary,SHSRC0005,commentary_support,柯琴《傷寒來蘇集》對本條有注（對齊相似度0.84）。,傷寒來蘇集:p107,citation_to_node_unique,{},0.844,pending,
REL_02143,SHL_SONGBEN_0050,clause,SHSRC0033,CR_LAISU_0067,commentary,SHSRC0005,commentary_support,柯琴《傷寒來蘇集》對本條有注（對齊相似度0.85）。,傷寒來蘇集:p108,citation_to_node_unique,{},0.853,pending,
REL_02144,SHL_SONGBEN_0036,clause,SHSRC0033,CR_LAISU_0068,commentary,SHSRC0005,commentary_support,柯琴《傷寒來蘇集》對本條有注（對齊相似度0.86）。,傷寒來蘇集:p109,citation_to_node_unique,{},0.865,pending,
REL_02145,SHL_SONGBEN_0235,clause,SHSRC0033,CR_LAISU_0069,commentary,SHSRC0005,commentary_support,柯琴《傷寒來蘇集》對本條有注（對齊相似度1.00）。,傷寒來蘇集:p110,citation_to_node_unique,{},1.0,pending,
REL_02146,SHL_SONGBEN_0037,clause,SHSRC0033,CR_LAISU_0070,commentary,SHSRC0005,commentary_support,柯琴《傷寒來蘇集》對本條有注（對齊相似度0.94）。,傷寒來蘇集:p111,citation_to_node_unique,{},0.943,pending,
REL_02147,SHL_SONGBEN_0023,clause,SHSRC0033,CR_LAISU_0032,commentary,SHSRC0005,commentary_support,柯琴《傷寒來蘇集》對本條有注（對齊相似度0.94）。,傷寒來蘇集:p114,citation_to_node_first_of_multiple,{},0.939,pending,
REL_02148,SHL_SONGBEN_0027,clause,SHSRC0033,CR_LAISU_0033,commentary,SHSRC0005,commentary_support,柯琴《傷寒來蘇集》對本條有注（對齊相似度0.87）。,傷寒來蘇集:p116,citation_to_node_first_of_multiple,{},0.87,pending,
REL_02149,SHL_SONGBEN_0075,clause,SHSRC0033,CR_LAISU_0073,commentary,SHSRC0005,commentary_support,柯琴《傷寒來蘇集》對本條有注（對齊相似度0.75）。,傷寒來蘇集:p117,citation_to_node_unique,{},0.753,pending,
REL_02150,SHL_SONGBEN_0122,clause,SHSRC0033,CR_LAISU_0074,commentary,SHSRC0005,commentary_support,柯琴《傷寒來蘇集》對本條有注（對齊相似度1.00）。,傷寒來蘇集:p118,citation_to_node_unique,{},1.0,pending,
REL_02151,SHL_SONGBEN_0089,clause,SHSRC0033,CR_LAISU_0075,commentary,SHSRC0005,commentary_support,柯琴《傷寒來蘇集》對本條有注（對齊相似度1.00）。,傷寒來蘇集:p119,citation_to_node_unique,{},1.0,pending,
REL_02152,SHL_SONGBEN_0066,clause,SHSRC0033,CR_LAISU_0076,commentary,SHSRC0005,commentary_support,柯琴《傷寒來蘇集》對本條有注（對齊相似度0.84）。,傷寒來蘇集:p120,citation_to_node_unique,{},0.842,pending,
REL_02153,SHL_SONGBEN_0088,clause,SHSRC0033,CR_LAISU_0077,commentary,SHSRC0005,commentary_support,柯琴《傷寒來蘇集》對本條有注（對齊相似度1.00）。,傷寒來蘇集:p122,citation_to_node_unique,{},1.0,pending,
REL_02154,SHL_SONGBEN_0063,clause,SHSRC0033,CR_LAISU_0078,commentary,SHSRC0005,commentary_support,柯琴《傷寒來蘇集》對本條有注（對齊相似度0.65）。,傷寒來蘇集:p124,citation_to_node_unique,{},0.646,pending,
REL_02155,SHL_SONGBEN_0262,clause,SHSRC0033,CR_LAISU_0079,commentary,SHSRC0005,commentary_support,柯琴《傷寒來蘇集》對本條有注（對齊相似度0.81）。,傷寒來蘇集:p126,citation_to_node_unique,{},0.811,pending,
REL_02156,SHL_SONGBEN_0014,clause,SHSRC0033,CR_LAISU_0080,commentary,SHSRC0005,commentary_support,柯琴《傷寒來蘇集》對本條有注（對齊相似度0.81）。,傷寒來蘇集:p128,citation_to_node_unique,{},0.809,pending,
REL_02157,SHL_SONGBEN_0032,clause,SHSRC0033,CR_LAISU_0081,commentary,SHSRC0005,commentary_support,柯琴《傷寒來蘇集》對本條有注（對齊相似度0.90）。,傷寒來蘇集:p129,citation_to_node_unique,{},0.903,pending,
REL_02158,SHL_SONGBEN_0033,clause,SHSRC0033,CR_LAISU_0082,commentary,SHSRC0005,commentary_support,柯琴《傷寒來蘇集》對本條有注（對齊相似度0.95）。,傷寒來蘇集:p130,citation_to_node_unique,{},0.95,pending,
REL_02159,SHL_SONGBEN_0038,clause,SHSRC0033,CR_LAISU_0083,commentary,SHSRC0005,commentary_support,柯琴《傷寒來蘇集》對本條有注（對齊相似度0.68）。,傷寒來蘇集:p134,citation_to_node_first_of_multiple,{},0.684,pending,
REL_02160,SHL_SONGBEN_0039,clause,SHSRC0033,CR_LAISU_0084,commentary,SHSRC0005,commentary_support,柯琴《傷寒來蘇集》對本條有注（對齊相似度0.75）。,傷寒來蘇集:p135,citation_to_node_unique,{},0.75,pending,
REL_02161,SHL_SONGBEN_0038,clause,SHSRC0033,CR_LAISU_0083,commentary,SHSRC0005,commentary_support,柯琴《傷寒來蘇集》對本條有注（對齊相似度0.62）。,傷寒來蘇集:p136,citation_to_node_first_of_multiple,{},0.622,pending,
REL_02162,SHL_SONGBEN_0040,clause,SHSRC0033,CR_LAISU_0086,commentary,SHSRC0005,commentary_support,柯琴《傷寒來蘇集》對本條有注（對齊相似度1.00）。,傷寒來蘇集:p138,citation_to_node_unique,{},1.0,pending,
REL_02163,SHL_SONGBEN_0041,clause,SHSRC0033,CR_LAISU_0087,commentary,SHSRC0005,commentary_support,柯琴《傷寒來蘇集》對本條有注（對齊相似度0.94）。,傷寒來蘇集:p140,citation_to_node_unique,{},0.935,pending,
REL_02164,SHL_SONGBEN_0074,clause,SHSRC0033,CR_LAISU_0088,commentary,SHSRC0005,commentary_support,柯琴《傷寒來蘇集》對本條有注（對齊相似度0.85）。,傷寒來蘇集:p141,citation_to_node_unique,{},0.845,pending,
REL_02165,SHL_SONGBEN_0072,clause,SHSRC0033,CR_LAISU_0089,commentary,SHSRC0005,commentary_support,柯琴《傷寒來蘇集》對本條有注（對齊相似度1.00）。,傷寒來蘇集:p142,citation_to_node_unique,{},1.0,pending,
REL_02166,SHL_SONGBEN_0071,clause,SHSRC0033,CR_LAISU_0090,commentary,SHSRC0005,commentary_support,柯琴《傷寒來蘇集》對本條有注（對齊相似度0.94）。,傷寒來蘇集:p143,citation_to_node_unique,{},0.939,pending,
REL_02167,SHL_SONGBEN_0127,clause,SHSRC0033,CR_LAISU_0091,commentary,SHSRC0005,commentary_support,柯琴《傷寒來蘇集》對本條有注（對齊相似度0.86）。,傷寒來蘇集:p146,citation_to_node_unique,{},0.857,pending,
REL_02168,SHL_SONGBEN_0073,clause,SHSRC0033,CR_LAISU_0092,commentary,SHSRC0005,commentary_support,柯琴《傷寒來蘇集》對本條有注（對齊相似度0.88）。,傷寒來蘇集:p147,citation_to_node_unique,{},0.878,pending,
REL_02169,SHL_SONGBEN_0156,clause,SHSRC0033,CR_LAISU_0093,commentary,SHSRC0005,commentary_support,柯琴《傷寒來蘇集》對本條有注（對齊相似度1.00）。,傷寒來蘇集:p148,citation_to_node_unique,{},1.0,pending,
REL_02170,SHL_SONGBEN_0059,clause,SHSRC0033,CR_LAISU_0094,commentary,SHSRC0005,commentary_support,柯琴《傷寒來蘇集》對本條有注（對齊相似度0.74）。,傷寒來蘇集:p149,citation_to_node_unique,{},0.735,pending,
REL_02171,SHL_SONGBEN_0356,clause,SHSRC0033,CR_LAISU_0095,commentary,SHSRC0005,commentary_support,柯琴《傷寒來蘇集》對本條有注（對齊相似度0.89）。,傷寒來蘇集:p151,citation_to_node_unique,{},0.889,pending,
REL_02172,SHL_SONGBEN_0152,clause,SHSRC0033,CR_LAISU_0096,commentary,SHSRC0005,commentary_support,柯琴《傷寒來蘇集》對本條有注（對齊相似度0.93）。,傷寒來蘇集:p153,citation_to_node_unique,{},0.927,pending,
REL_02173,SHL_SONGBEN_0131,clause,SHSRC0033,CR_LAISU_0097,commentary,SHSRC0005,commentary_support,柯琴《傷寒來蘇集》對本條有注（對齊相似度0.73）。,傷寒來蘇集:p155,citation_to_node_unique,{},0.734,pending,
REL_02174,SHL_SONGBEN_0135,clause,SHSRC0033,CR_LAISU_0098,commentary,SHSRC0005,commentary_support,柯琴《傷寒來蘇集》對本條有注（對齊相似度0.86）。,傷寒來蘇集:p157,citation_to_node_unique,{},0.863,pending,
REL_02175,SHL_SONGBEN_0137,clause,SHSRC0033,CR_LAISU_0099,commentary,SHSRC0005,commentary_support,柯琴《傷寒來蘇集》對本條有注（對齊相似度0.85）。,傷寒來蘇集:p158,citation_to_node_unique,{},0.851,pending,
REL_02176,SHL_SONGBEN_0138,clause,SHSRC0033,CR_LAISU_0100,commentary,SHSRC0005,commentary_support,柯琴《傷寒來蘇集》對本條有注（對齊相似度1.00）。,傷寒來蘇集:p161,citation_to_node_unique,{},1.0,pending,
REL_02177,SHL_SONGBEN_0133,clause,SHSRC0033,CR_LAISU_0101,commentary,SHSRC0005,commentary_support,柯琴《傷寒來蘇集》對本條有注（對齊相似度0.71）。,傷寒來蘇集:p163,citation_to_node_unique,{},0.706,pending,
REL_02178,SHL_SONGBEN_0130,clause,SHSRC0033,CR_LAISU_0102,commentary,SHSRC0005,commentary_support,柯琴《傷寒來蘇集》對本條有注（對齊相似度0.91）。,傷寒來蘇集:p164,citation_to_node_unique,{},0.909,pending,
REL_02179,SHL_SONGBEN_0167,clause,SHSRC0033,CR_LAISU_0103,commentary,SHSRC0005,commentary_support,柯琴《傷寒來蘇集》對本條有注（對齊相似度0.71）。,傷寒來蘇集:p165,citation_to_node_unique,{},0.711,pending,
REL_02180,SHL_SONGBEN_0158,clause,SHSRC0033,CR_LAISU_0104,commentary,SHSRC0005,commentary_support,柯琴《傷寒來蘇集》對本條有注（對齊相似度0.95）。,傷寒來蘇集:p168,citation_to_node_unique,{},0.951,pending,
REL_02181,SHL_SONGBEN_0149,clause,SHSRC0033,CR_LAISU_0105,commentary,SHSRC0005,commentary_support,柯琴《傷寒來蘇集》對本條有注（對齊相似度0.63）。,傷寒來蘇集:p169,citation_to_node_first_of_multiple,{},0.633,pending,
REL_02182,SHL_SONGBEN_0160,clause,SHSRC0033,CR_LAISU_0106,commentary,SHSRC0005,commentary_support,柯琴《傷寒來蘇集》對本條有注（對齊相似度0.88）。,傷寒來蘇集:p171,citation_to_node_unique,{},0.88,pending,
REL_02183,SHL_SONGBEN_0153,clause,SHSRC0033,CR_LAISU_0107,commentary,SHSRC0005,commentary_support,柯琴《傷寒來蘇集》對本條有注（對齊相似度0.83）。,傷寒來蘇集:p172,citation_to_node_unique,{},0.832,pending,
REL_02184,SHL_SONGBEN_0359,clause,SHSRC0033,CR_LAISU_0108,commentary,SHSRC0005,commentary_support,柯琴《傷寒來蘇集》對本條有注（對齊相似度0.85）。,傷寒來蘇集:p173,citation_to_node_unique,{},0.852,pending,
REL_02185,SHL_SONGBEN_0159,clause,SHSRC0033,CR_LAISU_0109,commentary,SHSRC0005,commentary_support,柯琴《傷寒來蘇集》對本條有注（對齊相似度0.95）。,傷寒來蘇集:p177,citation_to_node_unique,{},0.947,pending,
REL_02186,SHL_SONGBEN_0161,clause,SHSRC0033,CR_LAISU_0110,commentary,SHSRC0005,commentary_support,柯琴《傷寒來蘇集》對本條有注（對齊相似度0.86）。,傷寒來蘇集:p179,citation_to_node_unique,{},0.863,pending,
REL_02187,SHL_SONGBEN_0124,clause,SHSRC0033,CR_LAISU_0111,commentary,SHSRC0005,commentary_support,柯琴《傷寒來蘇集》對本條有注（對齊相似度0.88）。,傷寒來蘇集:p181,citation_to_node_unique,{},0.883,pending,
REL_02188,SHL_SONGBEN_0125,clause,SHSRC0033,CR_LAISU_0112,commentary,SHSRC0005,commentary_support,柯琴《傷寒來蘇集》對本條有注（對齊相似度0.86）。,傷寒來蘇集:p182,citation_to_node_unique,{},0.861,pending,
REL_02189,SHL_SONGBEN_0126,clause,SHSRC0033,CR_LAISU_0113,commentary,SHSRC0005,commentary_support,柯琴《傷寒來蘇集》對本條有注（對齊相似度1.00）。,傷寒來蘇集:p183,citation_to_node_unique,{},1.0,pending,
REL_02190,SHL_SONGBEN_0106,clause,SHSRC0033,CR_LAISU_0114,commentary,SHSRC0005,commentary_support,柯琴《傷寒來蘇集》對本條有注（對齊相似度0.94）。,傷寒來蘇集:p186,citation_to_node_unique,{},0.938,pending,
REL_02191,SHL_SONGBEN_0257,clause,SHSRC0033,CR_LAISU_0115,commentary,SHSRC0005,commentary_support,柯琴《傷寒來蘇集》對本條有注（對齊相似度0.76）。,傷寒來蘇集:p188,citation_to_node_unique,{},0.757,pending,
REL_02192,SHL_SONGBEN_0111,clause,SHSRC0033,CR_LAISU_0116,commentary,SHSRC0005,commentary_support,柯琴《傷寒來蘇集》對本條有注（對齊相似度0.89）。,傷寒來蘇集:p189,citation_to_node_unique,{},0.889,pending,
REL_02193,SHL_SONGBEN_0110,clause,SHSRC0033,CR_LAISU_0117,commentary,SHSRC0005,commentary_support,柯琴《傷寒來蘇集》對本條有注（對齊相似度0.90）。,傷寒來蘇集:p190,citation_to_node_unique,{},0.902,pending,
REL_02194,SHL_SONGBEN_0114,clause,SHSRC0033,CR_LAISU_0118,commentary,SHSRC0005,commentary_support,柯琴《傷寒來蘇集》對本條有注（對齊相似度0.75）。,傷寒來蘇集:p191,citation_to_node_unique,{},0.75,pending,
REL_02195,SHL_SONGBEN_0112,clause,SHSRC0033,CR_LAISU_0056,commentary,SHSRC0005,commentary_support,柯琴《傷寒來蘇集》對本條有注（對齊相似度0.83）。,傷寒來蘇集:p192,citation_to_node_first_of_multiple,{},0.833,pending,
REL_02196,SHL_SONGBEN_0119,clause,SHSRC0033,CR_LAISU_0120,commentary,SHSRC0005,commentary_support,柯琴《傷寒來蘇集》對本條有注（對齊相似度0.80）。,傷寒來蘇集:p193,citation_to_node_unique,{},0.8,pending,
REL_02197,SHL_SONGBEN_0118,clause,SHSRC0033,CR_LAISU_0057,commentary,SHSRC0005,commentary_support,柯琴《傷寒來蘇集》對本條有注（對齊相似度0.90）。,傷寒來蘇集:p195,citation_to_node_first_of_multiple,{},0.9,pending,
REL_02198,SHL_SONGBEN_0117,clause,SHSRC0033,CR_LAISU_0055,commentary,SHSRC0005,commentary_support,柯琴《傷寒來蘇集》對本條有注（對齊相似度0.80）。,傷寒來蘇集:p197,citation_to_node_first_of_multiple,{},0.8,pending,
REL_02199,SHL_SONGBEN_0116,clause,SHSRC0033,CR_LAISU_0123,commentary,SHSRC0005,commentary_support,柯琴《傷寒來蘇集》對本條有注（對齊相似度0.74）。,傷寒來蘇集:p198,citation_to_node_unique,{},0.744,pending,
REL_02200,SHL_SONGBEN_0006,clause,SHSRC0033,CR_LAISU_0124,commentary,SHSRC0005,commentary_support,柯琴《傷寒來蘇集》對本條有注（對齊相似度0.70）。,傷寒來蘇集:p204,citation_to_node_unique,{},0.7,pending,
REL_02201,SHL_SONGBEN_0174,clause,SHSRC0033,CR_LAISU_0125,commentary,SHSRC0005,commentary_support,柯琴《傷寒來蘇集》對本條有注（對齊相似度0.90）。,傷寒來蘇集:p206,citation_to_node_unique,{},0.902,pending,
REL_02202,SHL_SONGBEN_0175,clause,SHSRC0033,CR_LAISU_0126,commentary,SHSRC0005,commentary_support,柯琴《傷寒來蘇集》對本條有注（對齊相似度0.89）。,傷寒來蘇集:p209,citation_to_node_unique,{},0.886,pending,
REL_02203,SHL_SONGBEN_0180,clause,SHSRC0033,CR_LAISU_0127,commentary,SHSRC0005,commentary_support,柯琴《傷寒來蘇集》對本條有注（對齊相似度0.82）。,傷寒來蘇集:p219,citation_to_node_unique,{},0.824,pending,
REL_02204,SHL_SONGBEN_0182,clause,SHSRC0033,CR_LAISU_0128,commentary,SHSRC0005,commentary_support,柯琴《傷寒來蘇集》對本條有注（對齊相似度1.00）。,傷寒來蘇集:p220,citation_to_node_unique,{},1.0,pending,
REL_02205,SHL_SONGBEN_0201,clause,SHSRC0033,CR_LAISU_0129,commentary,SHSRC0005,commentary_support,柯琴《傷寒來蘇集》對本條有注（對齊相似度1.00）。,傷寒來蘇集:p221,citation_to_node_first_of_multiple,{},1.0,pending,
REL_02206,SHL_SONGBEN_0186,clause,SHSRC0033,CR_LAISU_0130,commentary,SHSRC0005,commentary_support,柯琴《傷寒來蘇集》對本條有注（對齊相似度1.00）。,傷寒來蘇集:p222,citation_to_node_unique,{},1.0,pending,
REL_02207,SHL_SONGBEN_0205,clause,SHSRC0033,CR_LAISU_0131,commentary,SHSRC0005,commentary_support,柯琴《傷寒來蘇集》對本條有注（對齊相似度1.00）。,傷寒來蘇集:p224,citation_to_node_unique,{},1.0,pending,
REL_02208,SHL_SONGBEN_0204,clause,SHSRC0033,CR_LAISU_0132,commentary,SHSRC0005,commentary_support,柯琴《傷寒來蘇集》對本條有注（對齊相似度1.00）。,傷寒來蘇集:p225,citation_to_node_first_of_multiple,{},1.0,pending,
REL_02209,SHL_SONGBEN_0233,clause,SHSRC0033,CR_LAISU_0133,commentary,SHSRC0005,commentary_support,柯琴《傷寒來蘇集》對本條有注（對齊相似度0.91）。,傷寒來蘇集:p226,citation_to_node_unique,{},0.913,pending,
REL_02210,SHL_SONGBEN_0203,clause,SHSRC0033,CR_LAISU_0134,commentary,SHSRC0005,commentary_support,柯琴《傷寒來蘇集》對本條有注（對齊相似度1.00）。,傷寒來蘇集:p227,citation_to_node_unique,{},1.0,pending,
REL_02211,SHL_SONGBEN_0183,clause,SHSRC0033,CR_LAISU_0135,commentary,SHSRC0005,commentary_support,柯琴《傷寒來蘇集》對本條有注（對齊相似度1.00）。,傷寒來蘇集:p230,citation_to_node_unique,{},1.0,pending,
REL_02212,SHL_SONGBEN_0184,clause,SHSRC0033,CR_LAISU_0136,commentary,SHSRC0005,commentary_support,柯琴《傷寒來蘇集》對本條有注（對齊相似度0.96）。,傷寒來蘇集:p231,citation_to_node_unique,{},0.958,pending,
REL_02213,SHL_SONGBEN_0181,clause,SHSRC0033,CR_LAISU_0137,commentary,SHSRC0005,commentary_support,柯琴《傷寒來蘇集》對本條有注（對齊相似度0.77）。,傷寒來蘇集:p232,citation_to_node_unique,{},0.773,pending,
REL_02214,SHL_SONGBEN_0245,clause,SHSRC0033,CR_LAISU_0138,commentary,SHSRC0005,commentary_support,柯琴《傷寒來蘇集》對本條有注（對齊相似度0.92）。,傷寒來蘇集:p233,citation_to_node_unique,{},0.921,pending,
REL_02215,SHL_SONGBEN_0188,clause,SHSRC0033,CR_LAISU_0139,commentary,SHSRC0005,commentary_support,柯琴《傷寒來蘇集》對本條有注（對齊相似度0.86）。,傷寒來蘇集:p235,citation_to_node_unique,{},0.857,pending,
REL_02216,SHL_SONGBEN_0185,clause,SHSRC0033,CR_LAISU_0140,commentary,SHSRC0005,commentary_support,柯琴《傷寒來蘇集》對本條有注（對齊相似度0.73）。,傷寒來蘇集:p236,citation_to_node_unique,{},0.73,pending,
REL_02217,SHL_SONGBEN_0244,clause,SHSRC0033,CR_LAISU_0141,commentary,SHSRC0005,commentary_support,柯琴《傷寒來蘇集》對本條有注（對齊相似度0.91）。,傷寒來蘇集:p237,citation_to_node_unique,{},0.914,pending,
REL_02218,SHL_SONGBEN_0187,clause,SHSRC0033,CR_LAISU_0142,commentary,SHSRC0005,commentary_support,柯琴《傷寒來蘇集》對本條有注（對齊相似度0.92）。,傷寒來蘇集:p238,citation_to_node_unique,{},0.918,pending,
REL_02219,SHL_SONGBEN_0234,clause,SHSRC0033,CR_LAISU_0143,commentary,SHSRC0005,commentary_support,柯琴《傷寒來蘇集》對本條有注（對齊相似度0.76）。,傷寒來蘇集:p240,citation_to_node_unique,{},0.759,pending,
REL_02220,SHL_SONGBEN_0201,clause,SHSRC0033,CR_LAISU_0129,commentary,SHSRC0005,commentary_support,柯琴《傷寒來蘇集》對本條有注（對齊相似度1.00）。,傷寒來蘇集:p241,citation_to_node_first_of_multiple,{},1.0,pending,
REL_02221,SHL_SONGBEN_0196,clause,SHSRC0033,CR_LAISU_0145,commentary,SHSRC0005,commentary_support,柯琴《傷寒來蘇集》對本條有注（對齊相似度0.77）。,傷寒來蘇集:p243,citation_to_node_unique,{},0.773,pending,
REL_02222,SHL_SONGBEN_0197,clause,SHSRC0033,CR_LAISU_0146,commentary,SHSRC0005,commentary_support,柯琴《傷寒來蘇集》對本條有注（對齊相似度1.00）。,傷寒來蘇集:p244,citation_to_node_unique,{},1.0,pending,
REL_02223,SHL_SONGBEN_0198,clause,SHSRC0033,CR_LAISU_0147,commentary,SHSRC0005,commentary_support,柯琴《傷寒來蘇集》對本條有注（對齊相似度0.88）。,傷寒來蘇集:p245,citation_to_node_unique,{},0.88,pending,
REL_02224,SHL_SONGBEN_0202,clause,SHSRC0033,CR_LAISU_0148,commentary,SHSRC0005,commentary_support,柯琴《傷寒來蘇集》對本條有注（對齊相似度0.70）。,傷寒來蘇集:p246,citation_to_node_unique,{},0.698,pending,
REL_02225,SHL_SONGBEN_0218,clause,SHSRC0033,CR_LAISU_0149,commentary,SHSRC0005,commentary_support,柯琴《傷寒來蘇集》對本條有注（對齊相似度1.00）。,傷寒來蘇集:p247,citation_to_node_unique,{},1.0,pending,
REL_02226,SHL_SONGBEN_0211,clause,SHSRC0033,CR_LAISU_0150,commentary,SHSRC0005,commentary_support,柯琴《傷寒來蘇集》對本條有注（對齊相似度1.00）。,傷寒來蘇集:p248,citation_to_node_unique,{},1.0,pending,
REL_02227,SHL_SONGBEN_0216,clause,SHSRC0033,CR_LAISU_0151,commentary,SHSRC0005,commentary_support,柯琴《傷寒來蘇集》對本條有注（對齊相似度0.91）。,傷寒來蘇集:p251,citation_to_node_unique,{},0.906,pending,
REL_02228,SHL_SONGBEN_0143,clause,SHSRC0033,CR_LAISU_0152,commentary,SHSRC0005,commentary_support,柯琴《傷寒來蘇集》對本條有注（對齊相似度0.92）。,傷寒來蘇集:p252,citation_to_node_unique,{},0.922,pending,
REL_02229,SHL_SONGBEN_0145,clause,SHSRC0033,CR_LAISU_0153,commentary,SHSRC0005,commentary_support,柯琴《傷寒來蘇集》對本條有注（對齊相似度0.89）。,傷寒來蘇集:p253,citation_to_node_unique,{},0.895,pending,
REL_02230,SHL_SONGBEN_0189,clause,SHSRC0033,CR_LAISU_0154,commentary,SHSRC0005,commentary_support,柯琴《傷寒來蘇集》對本條有注（對齊相似度1.00）。,傷寒來蘇集:p254,citation_to_node_unique,{},1.0,pending,
REL_02231,SHL_SONGBEN_0231,clause,SHSRC0033,CR_LAISU_0155,commentary,SHSRC0005,commentary_support,柯琴《傷寒來蘇集》對本條有注（對齊相似度0.79）。,傷寒來蘇集:p255,citation_to_node_unique,{},0.792,pending,
REL_02232,SHL_SONGBEN_0190,clause,SHSRC0033,CR_LAISU_0156,commentary,SHSRC0005,commentary_support,柯琴《傷寒來蘇集》對本條有注（對齊相似度1.00）。,傷寒來蘇集:p256,citation_to_node_unique,{},1.0,pending,
REL_02233,SHL_SONGBEN_0191,clause,SHSRC0033,CR_LAISU_0157,commentary,SHSRC0005,commentary_support,柯琴《傷寒來蘇集》對本條有注（對齊相似度0.97）。,傷寒來蘇集:p257,citation_to_node_unique,{},0.966,pending,
REL_02234,SHL_SONGBEN_0194,clause,SHSRC0033,CR_LAISU_0158,commentary,SHSRC0005,commentary_support,柯琴《傷寒來蘇集》對本條有注（對齊相似度0.94）。,傷寒來蘇集:p258,citation_to_node_unique,{},0.943,pending,
REL_02235,SHL_SONGBEN_0226,clause,SHSRC0033,CR_LAISU_0159,commentary,SHSRC0005,commentary_support,柯琴《傷寒來蘇集》對本條有注（對齊相似度1.00）。,傷寒來蘇集:p259,citation_to_node_unique,{},1.0,pending,
REL_02236,SHL_SONGBEN_0195,clause,SHSRC0033,CR_LAISU_0160,commentary,SHSRC0005,commentary_support,柯琴《傷寒來蘇集》對本條有注（對齊相似度0.91）。,傷寒來蘇集:p260,citation_to_node_unique,{},0.907,pending,
REL_02237,SHL_SONGBEN_0333,clause,SHSRC0033,CR_LAISU_0161,commentary,SHSRC0005,commentary_support,柯琴《傷寒來蘇集》對本條有注（對齊相似度1.00）。,傷寒來蘇集:p261,citation_to_node_unique,{},1.0,pending,
REL_02238,SHL_SONGBEN_0192,clause,SHSRC0033,CR_LAISU_0162,commentary,SHSRC0005,commentary_support,柯琴《傷寒來蘇集》對本條有注（對齊相似度0.86）。,傷寒來蘇集:p262,citation_to_node_unique,{},0.86,pending,
REL_02239,SHL_SONGBEN_0380,clause,SHSRC0033,CR_LAISU_0163,commentary,SHSRC0005,commentary_support,柯琴《傷寒來蘇集》對本條有注（對齊相似度0.91）。,傷寒來蘇集:p264,citation_to_node_unique,{},0.911,pending,
REL_02240,SHL_SONGBEN_0193,clause,SHSRC0033,CR_LAISU_0164,commentary,SHSRC0005,commentary_support,柯琴《傷寒來蘇集》對本條有注（對齊相似度0.80）。,傷寒來蘇集:p265,citation_to_node_unique,{},0.8,pending,
REL_02241,SHL_SONGBEN_0221,clause,SHSRC0033,CR_LAISU_0165,commentary,SHSRC0005,commentary_support,柯琴《傷寒來蘇集》對本條有注（對齊相似度0.92）。,傷寒來蘇集:p266,citation_to_node_unique,{},0.92,pending,
REL_02242,SHL_SONGBEN_0222,clause,SHSRC0033,CR_LAISU_0166,commentary,SHSRC0005,commentary_support,柯琴《傷寒來蘇集》對本條有注（對齊相似度1.00）。,傷寒來蘇集:p267,citation_to_node_first_of_multiple,{},1.0,pending,
REL_02243,SHL_SONGBEN_0223,clause,SHSRC0033,CR_LAISU_0167,commentary,SHSRC0005,commentary_support,柯琴《傷寒來蘇集》對本條有注（對齊相似度1.00）。,傷寒來蘇集:p268,citation_to_node_first_of_multiple,{},1.0,pending,
REL_02244,SHL_SONGBEN_0076,clause,SHSRC0033,CR_LAISU_0168,commentary,SHSRC0005,commentary_support,柯琴《傷寒來蘇集》對本條有注（對齊相似度0.79）。,傷寒來蘇集:p269,citation_to_node_unique,{},0.792,pending,
REL_02245,SHL_SONGBEN_0077,clause,SHSRC0033,CR_LAISU_0169,commentary,SHSRC0005,commentary_support,柯琴《傷寒來蘇集》對本條有注（對齊相似度0.91）。,傷寒來蘇集:p270,citation_to_node_unique,{},0.914,pending,
REL_02246,SHL_SONGBEN_0375,clause,SHSRC0033,CR_LAISU_0170,commentary,SHSRC0005,commentary_support,柯琴《傷寒來蘇集》對本條有注（對齊相似度0.92）。,傷寒來蘇集:p271,citation_to_node_unique,{},0.919,pending,
REL_02247,SHL_SONGBEN_0228,clause,SHSRC0033,CR_LAISU_0171,commentary,SHSRC0005,commentary_support,柯琴《傷寒來蘇集》對本條有注（對齊相似度0.94）。,傷寒來蘇集:p272,citation_to_node_unique,{},0.939,pending,
REL_02248,SHL_SONGBEN_0078,clause,SHSRC0033,CR_LAISU_0172,commentary,SHSRC0005,commentary_support,柯琴《傷寒來蘇集》對本條有注（對齊相似度0.94）。,傷寒來蘇集:p273,citation_to_node_unique,{},0.943,pending,
REL_02249,SHL_SONGBEN_0080,clause,SHSRC0033,CR_LAISU_0173,commentary,SHSRC0005,commentary_support,柯琴《傷寒來蘇集》對本條有注（對齊相似度1.00）。,傷寒來蘇集:p277,citation_to_node_unique,{},1.0,pending,
REL_02250,SHL_SONGBEN_0079,clause,SHSRC0033,CR_LAISU_0174,commentary,SHSRC0005,commentary_support,柯琴《傷寒來蘇集》對本條有注（對齊相似度0.84）。,傷寒來蘇集:p278,citation_to_node_unique,{},0.842,pending,
REL_02251,SHL_SONGBEN_0261,clause,SHSRC0033,CR_LAISU_0175,commentary,SHSRC0005,commentary_support,柯琴《傷寒來蘇集》對本條有注（對齊相似度0.64）。,傷寒來蘇集:p281,citation_to_node_unique,{},0.64,pending,
REL_02252,SHL_SONGBEN_0200,clause,SHSRC0033,CR_LAISU_0176,commentary,SHSRC0005,commentary_support,柯琴《傷寒來蘇集》對本條有注（對齊相似度1.00）。,傷寒來蘇集:p283,citation_to_node_unique,{},1.0,pending,
REL_02253,SHL_SONGBEN_0206,clause,SHSRC0033,CR_LAISU_0177,commentary,SHSRC0005,commentary_support,柯琴《傷寒來蘇集》對本條有注（對齊相似度0.68）。,傷寒來蘇集:p284,citation_to_node_unique,{},0.683,pending,
REL_02254,SHL_SONGBEN_0081,clause,SHSRC0033,CR_LAISU_0178,commentary,SHSRC0005,commentary_support,柯琴《傷寒來蘇集》對本條有注（對齊相似度1.00）。,傷寒來蘇集:p285,citation_to_node_unique,{},1.0,pending,
REL_02255,SHL_SONGBEN_0166,clause,SHSRC0033,CR_LAISU_0179,commentary,SHSRC0005,commentary_support,柯琴《傷寒來蘇集》對本條有注（對齊相似度0.93）。,傷寒來蘇集:p286,citation_to_node_unique,{},0.925,pending,
REL_02256,SHL_SONGBEN_0355,clause,SHSRC0033,CR_LAISU_0180,commentary,SHSRC0005,commentary_support,柯琴《傷寒來蘇集》對本條有注（對齊相似度0.96）。,傷寒來蘇集:p287,citation_to_node_unique,{},0.955,pending,
REL_02257,SHL_SONGBEN_0324,clause,SHSRC0033,CR_LAISU_0181,commentary,SHSRC0005,commentary_support,柯琴《傷寒來蘇集》對本條有注（對齊相似度0.96）。,傷寒來蘇集:p288,citation_to_node_unique,{},0.965,pending,
REL_02258,SHL_SONGBEN_0120,clause,SHSRC0033,CR_LAISU_0182,commentary,SHSRC0005,commentary_support,柯琴《傷寒來蘇集》對本條有注（對齊相似度0.96）。,傷寒來蘇集:p290,citation_to_node_unique,{},0.959,pending,
REL_02259,SHL_SONGBEN_0121,clause,SHSRC0033,CR_LAISU_0183,commentary,SHSRC0005,commentary_support,柯琴《傷寒來蘇集》對本條有注（對齊相似度1.00）。,傷寒來蘇集:p291,citation_to_node_unique,{},1.0,pending,
REL_02260,SHL_SONGBEN_0170,clause,SHSRC0033,CR_LAISU_0184,commentary,SHSRC0005,commentary_support,柯琴《傷寒來蘇集》對本條有注（對齊相似度0.95）。,傷寒來蘇集:p292,citation_to_node_unique,{},0.954,pending,
REL_02261,SHL_SONGBEN_0026,clause,SHSRC0033,CR_LAISU_0185,commentary,SHSRC0005,commentary_support,柯琴《傷寒來蘇集》對本條有注（對齊相似度1.00）。,傷寒來蘇集:p293,citation_to_node_unique,{},1.0,pending,
REL_02262,SHL_SONGBEN_0169,clause,SHSRC0033,CR_LAISU_0186,commentary,SHSRC0005,commentary_support,柯琴《傷寒來蘇集》對本條有注（對齊相似度1.00）。,傷寒來蘇集:p294,citation_to_node_unique,{},1.0,pending,
REL_02263,SHL_SONGBEN_0168,clause,SHSRC0033,CR_LAISU_0187,commentary,SHSRC0005,commentary_support,柯琴《傷寒來蘇集》對本條有注（對齊相似度0.91）。,傷寒來蘇集:p295,citation_to_node_unique,{},0.911,pending,
REL_02264,SHL_SONGBEN_0222,clause,SHSRC0033,CR_LAISU_0166,commentary,SHSRC0005,commentary_support,柯琴《傷寒來蘇集》對本條有注（對齊相似度0.92）。,傷寒來蘇集:p296,citation_to_node_first_of_multiple,{},0.919,pending,
REL_02265,SHL_SONGBEN_0219,clause,SHSRC0033,CR_LAISU_0189,commentary,SHSRC0005,commentary_support,柯琴《傷寒來蘇集》對本條有注（對齊相似度0.84）。,傷寒來蘇集:p297,citation_to_node_unique,{},0.841,pending,
REL_02266,SHL_SONGBEN_0176,clause,SHSRC0033,CR_LAISU_0190,commentary,SHSRC0005,commentary_support,柯琴《傷寒來蘇集》對本條有注（對齊相似度0.79）。,傷寒來蘇集:p299,citation_to_node_unique,{},0.788,pending,
REL_02267,SHL_SONGBEN_0350,clause,SHSRC0033,CR_LAISU_0191,commentary,SHSRC0005,commentary_support,柯琴《傷寒來蘇集》對本條有注（對齊相似度0.90）。,傷寒來蘇集:p300,citation_to_node_first_of_multiple,{},0.897,pending,
REL_02268,SHL_SONGBEN_0236,clause,SHSRC0033,CR_LAISU_0192,commentary,SHSRC0005,commentary_support,柯琴《傷寒來蘇集》對本條有注（對齊相似度0.82）。,傷寒來蘇集:p303,citation_to_node_unique,{},0.825,pending,
REL_02269,SHL_SONGBEN_0260,clause,SHSRC0033,CR_LAISU_0193,commentary,SHSRC0005,commentary_support,柯琴《傷寒來蘇集》對本條有注（對齊相似度1.00）。,傷寒來蘇集:p304,citation_to_node_unique,{},1.0,pending,
REL_02270,SHL_SONGBEN_0259,clause,SHSRC0033,CR_LAISU_0194,commentary,SHSRC0005,commentary_support,柯琴《傷寒來蘇集》對本條有注（對齊相似度0.84）。,傷寒來蘇集:p306,citation_to_node_unique,{},0.839,pending,
REL_02271,SHL_SONGBEN_0240,clause,SHSRC0033,CR_LAISU_0195,commentary,SHSRC0005,commentary_support,柯琴《傷寒來蘇集》對本條有注（對齊相似度0.76）。,傷寒來蘇集:p308,citation_to_node_unique,{},0.757,pending,
REL_02272,SHL_SONGBEN_0248,clause,SHSRC0033,CR_LAISU_0196,commentary,SHSRC0005,commentary_support,柯琴《傷寒來蘇集》對本條有注（對齊相似度0.76）。,傷寒來蘇集:p309,citation_to_node_unique,{},0.759,pending,
REL_02273,SHL_SONGBEN_0070,clause,SHSRC0033,CR_LAISU_0197,commentary,SHSRC0005,commentary_support,柯琴《傷寒來蘇集》對本條有注（對齊相似度0.90）。,傷寒來蘇集:p310,citation_to_node_unique,{},0.902,pending,
REL_02274,SHL_SONGBEN_0249,clause,SHSRC0033,CR_LAISU_0198,commentary,SHSRC0005,commentary_support,柯琴《傷寒來蘇集》對本條有注（對齊相似度1.00）。,傷寒來蘇集:p312,citation_to_node_unique,{},1.0,pending,
REL_02275,SHL_SONGBEN_0207,clause,SHSRC0033,CR_LAISU_0199,commentary,SHSRC0005,commentary_support,柯琴《傷寒來蘇集》對本條有注（對齊相似度1.00）。,傷寒來蘇集:p313,citation_to_node_unique,{},1.0,pending,
REL_02276,SHL_SONGBEN_0123,clause,SHSRC0033,CR_LAISU_0200,commentary,SHSRC0005,commentary_support,柯琴《傷寒來蘇集》對本條有注（對齊相似度0.69）。,傷寒來蘇集:p314,citation_to_node_first_of_multiple,{},0.691,pending,
REL_02277,SHL_SONGBEN_0105,clause,SHSRC0033,CR_LAISU_0201,commentary,SHSRC0005,commentary_support,柯琴《傷寒來蘇集》對本條有注（對齊相似度0.90）。,傷寒來蘇集:p315,citation_to_node_unique,{},0.897,pending,
REL_02278,SHL_SONGBEN_0250,clause,SHSRC0033,CR_LAISU_0202,commentary,SHSRC0005,commentary_support,柯琴《傷寒來蘇集》對本條有注（對齊相似度0.89）。,傷寒來蘇集:p316,citation_to_node_unique,{},0.889,pending,
REL_02279,SHL_SONGBEN_0251,clause,SHSRC0033,CR_LAISU_0203,commentary,SHSRC0005,commentary_support,柯琴《傷寒來蘇集》對本條有注（對齊相似度0.91）。,傷寒來蘇集:p317,citation_to_node_unique,{},0.912,pending,
REL_02280,SHL_SONGBEN_0208,clause,SHSRC0033,CR_LAISU_0204,commentary,SHSRC0005,commentary_support,柯琴《傷寒來蘇集》對本條有注（對齊相似度0.92）。,傷寒來蘇集:p318,citation_to_node_unique,{},0.921,pending,
REL_02281,SHL_SONGBEN_0209,clause,SHSRC0033,CR_LAISU_0205,commentary,SHSRC0005,commentary_support,柯琴《傷寒來蘇集》對本條有注（對齊相似度0.91）。,傷寒來蘇集:p319,citation_to_node_unique,{},0.906,pending,
REL_02282,SHL_SONGBEN_0214,clause,SHSRC0033,CR_LAISU_0206,commentary,SHSRC0005,commentary_support,柯琴《傷寒來蘇集》對本條有注（對齊相似度0.95）。,傷寒來蘇集:p320,citation_to_node_unique,{},0.949,pending,
REL_02283,SHL_SONGBEN_0212,clause,SHSRC0033,CR_LAISU_0207,commentary,SHSRC0005,commentary_support,柯琴《傷寒來蘇集》對本條有注（對齊相似度0.94）。,傷寒來蘇集:p321,citation_to_node_unique,{},0.945,pending,
REL_02284,SHL_SONGBEN_0213,clause,SHSRC0033,CR_LAISU_0208,commentary,SHSRC0005,commentary_support,柯琴《傷寒來蘇集》對本條有注（對齊相似度0.96）。,傷寒來蘇集:p322,citation_to_node_unique,{},0.96,pending,
REL_02285,SHL_SONGBEN_0374,clause,SHSRC0033,CR_LAISU_0209,commentary,SHSRC0005,commentary_support,柯琴《傷寒來蘇集》對本條有注（對齊相似度1.00）。,傷寒來蘇集:p323,citation_to_node_unique,{},1.0,pending,
REL_02286,SHL_SONGBEN_0217,clause,SHSRC0033,CR_LAISU_0210,commentary,SHSRC0005,commentary_support,柯琴《傷寒來蘇集》對本條有注（對齊相似度0.85）。,傷寒來蘇集:p324,citation_to_node_unique,{},0.854,pending,
REL_02287,SHL_SONGBEN_0215,clause,SHSRC0033,CR_LAISU_0211,commentary,SHSRC0005,commentary_support,柯琴《傷寒來蘇集》對本條有注（對齊相似度0.88）。,傷寒來蘇集:p325,citation_to_node_unique,{},0.882,pending,
REL_02288,SHL_SONGBEN_0238,clause,SHSRC0033,CR_LAISU_0212,commentary,SHSRC0005,commentary_support,柯琴《傷寒來蘇集》對本條有注（對齊相似度0.86）。,傷寒來蘇集:p326,citation_to_node_unique,{},0.861,pending,
REL_02289,SHL_SONGBEN_0239,clause,SHSRC0033,CR_LAISU_0213,commentary,SHSRC0005,commentary_support,柯琴《傷寒來蘇集》對本條有注（對齊相似度0.92）。,傷寒來蘇集:p327,citation_to_node_unique,{},0.917,pending,
REL_02290,SHL_SONGBEN_0242,clause,SHSRC0033,CR_LAISU_0214,commentary,SHSRC0005,commentary_support,柯琴《傷寒來蘇集》對本條有注（對齊相似度1.00）。,傷寒來蘇集:p328,citation_to_node_unique,{},1.0,pending,
REL_02291,SHL_SONGBEN_0241,clause,SHSRC0033,CR_LAISU_0215,commentary,SHSRC0005,commentary_support,柯琴《傷寒來蘇集》對本條有注（對齊相似度0.96）。,傷寒來蘇集:p329,citation_to_node_unique,{},0.958,pending,
REL_02292,SHL_SONGBEN_0255,clause,SHSRC0033,CR_LAISU_0216,commentary,SHSRC0005,commentary_support,柯琴《傷寒來蘇集》對本條有注（對齊相似度1.00）。,傷寒來蘇集:p331,citation_to_node_unique,{},1.0,pending,
REL_02293,SHL_SONGBEN_0220,clause,SHSRC0033,CR_LAISU_0217,commentary,SHSRC0005,commentary_support,柯琴《傷寒來蘇集》對本條有注（對齊相似度0.85）。,傷寒來蘇集:p332,citation_to_node_unique,{},0.848,pending,
REL_02294,SHL_SONGBEN_0254,clause,SHSRC0033,CR_LAISU_0218,commentary,SHSRC0005,commentary_support,柯琴《傷寒來蘇集》對本條有注（對齊相似度1.00）。,傷寒來蘇集:p333,citation_to_node_unique,{},1.0,pending,
REL_02295,SHL_SONGBEN_0253,clause,SHSRC0033,CR_LAISU_0219,commentary,SHSRC0005,commentary_support,柯琴《傷寒來蘇集》對本條有注（對齊相似度1.00）。,傷寒來蘇集:p334,citation_to_node_unique,{},1.0,pending,
REL_02296,SHL_SONGBEN_0252,clause,SHSRC0033,CR_LAISU_0220,commentary,SHSRC0005,commentary_support,柯琴《傷寒來蘇集》對本條有注（對齊相似度1.00）。,傷寒來蘇集:p335,citation_to_node_unique,{},1.0,pending,
REL_02297,SHL_SONGBEN_0320,clause,SHSRC0033,CR_LAISU_0221,commentary,SHSRC0005,commentary_support,柯琴《傷寒來蘇集》對本條有注（對齊相似度0.74）。,傷寒來蘇集:p336,citation_to_node_unique,{},0.744,pending,
REL_02298,SHL_SONGBEN_0321,clause,SHSRC0033,CR_LAISU_0222,commentary,SHSRC0005,commentary_support,柯琴《傷寒來蘇集》對本條有注（對齊相似度0.86）。,傷寒來蘇集:p337,citation_to_node_unique,{},0.863,pending,
REL_02299,SHL_SONGBEN_0322,clause,SHSRC0033,CR_LAISU_0223,commentary,SHSRC0005,commentary_support,柯琴《傷寒來蘇集》對本條有注（對齊相似度1.00）。,傷寒來蘇集:p338,citation_to_node_unique,{},1.0,pending,
REL_02300,SHL_SONGBEN_0265,clause,SHSRC0033,CR_LAISU_0224,commentary,SHSRC0005,commentary_support,柯琴《傷寒來蘇集》對本條有注（對齊相似度0.94）。,傷寒來蘇集:p343,citation_to_node_unique,{},0.941,pending,
REL_02301,SHL_SONGBEN_0264,clause,SHSRC0033,CR_LAISU_0225,commentary,SHSRC0005,commentary_support,柯琴《傷寒來蘇集》對本條有注（對齊相似度1.00）。,傷寒來蘇集:p344,citation_to_node_unique,{},1.0,pending,
REL_02302,SHL_SONGBEN_0271,clause,SHSRC0033,CR_LAISU_0226,commentary,SHSRC0005,commentary_support,柯琴《傷寒來蘇集》對本條有注（對齊相似度1.00）。,傷寒來蘇集:p345,citation_to_node_unique,{},1.0,pending,
REL_02303,SHL_SONGBEN_0272,clause,SHSRC0033,CR_LAISU_0227,commentary,SHSRC0005,commentary_support,柯琴《傷寒來蘇集》對本條有注（對齊相似度1.00）。,傷寒來蘇集:p346,citation_to_node_unique,{},1.0,pending,
REL_02304,SHL_SONGBEN_0142,clause,SHSRC0033,CR_LAISU_0228,commentary,SHSRC0005,commentary_support,柯琴《傷寒來蘇集》對本條有注（對齊相似度0.87）。,傷寒來蘇集:p347,citation_to_node_unique,{},0.874,pending,
REL_02305,SHL_SONGBEN_0150,clause,SHSRC0033,CR_LAISU_0229,commentary,SHSRC0005,commentary_support,柯琴《傷寒來蘇集》對本條有注（對齊相似度0.68）。,傷寒來蘇集:p348,citation_to_node_unique,{},0.685,pending,
REL_02306,SHL_SONGBEN_0096,clause,SHSRC0033,CR_LAISU_0230,commentary,SHSRC0005,commentary_support,柯琴《傷寒來蘇集》對本條有注（對齊相似度0.86）。,傷寒來蘇集:p349,citation_to_node_unique,{},0.862,pending,
REL_02307,SHL_SONGBEN_0097,clause,SHSRC0033,CR_LAISU_0231,commentary,SHSRC0005,commentary_support,柯琴《傷寒來蘇集》對本條有注（對齊相似度0.71）。,傷寒來蘇集:p350,citation_to_node_unique,{},0.71,pending,
REL_02308,SHL_SONGBEN_0379,clause,SHSRC0033,CR_LAISU_0232,commentary,SHSRC0005,commentary_support,柯琴《傷寒來蘇集》對本條有注（對齊相似度1.00）。,傷寒來蘇集:p352,citation_to_node_unique,{},1.0,pending,
REL_02309,SHL_SONGBEN_0148,clause,SHSRC0033,CR_LAISU_0233,commentary,SHSRC0005,commentary_support,柯琴《傷寒來蘇集》對本條有注（對齊相似度0.92）。,傷寒來蘇集:p353,citation_to_node_unique,{},0.922,pending,
REL_02310,SHL_SONGBEN_0099,clause,SHSRC0033,CR_LAISU_0234,commentary,SHSRC0005,commentary_support,柯琴《傷寒來蘇集》對本條有注（對齊相似度0.85）。,傷寒來蘇集:p354,citation_to_node_unique,{},0.846,pending,
REL_02311,SHL_SONGBEN_0229,clause,SHSRC0033,CR_LAISU_0235,commentary,SHSRC0005,commentary_support,柯琴《傷寒來蘇集》對本條有注（對齊相似度0.71）。,傷寒來蘇集:p355,citation_to_node_unique,{},0.711,pending,
REL_02312,SHL_SONGBEN_0230,clause,SHSRC0033,CR_LAISU_0236,commentary,SHSRC0005,commentary_support,柯琴《傷寒來蘇集》對本條有注（對齊相似度0.89）。,傷寒來蘇集:p356,citation_to_node_unique,{},0.892,pending,
REL_02313,SHL_SONGBEN_0204,clause,SHSRC0033,CR_LAISU_0132,commentary,SHSRC0005,commentary_support,柯琴《傷寒來蘇集》對本條有注（對齊相似度1.00）。,傷寒來蘇集:p357,citation_to_node_first_of_multiple,{},1.0,pending,
REL_02314,SHL_SONGBEN_0144,clause,SHSRC0033,CR_LAISU_0238,commentary,SHSRC0005,commentary_support,柯琴《傷寒來蘇集》對本條有注（對齊相似度1.00）。,傷寒來蘇集:p359,citation_to_node_unique,{},1.0,pending,
REL_02315,SHL_SONGBEN_0146,clause,SHSRC0033,CR_LAISU_0034,commentary,SHSRC0005,commentary_support,柯琴《傷寒來蘇集》對本條有注（對齊相似度0.94）。,傷寒來蘇集:p360,citation_to_node_first_of_multiple,{},0.935,pending,
REL_02316,SHL_SONGBEN_0100,clause,SHSRC0033,CR_LAISU_0240,commentary,SHSRC0005,commentary_support,柯琴《傷寒來蘇集》對本條有注（對齊相似度0.89）。,傷寒來蘇集:p362,citation_to_node_first_of_multiple,{},0.893,pending,
REL_02317,SHL_SONGBEN_0266,clause,SHSRC0033,CR_LAISU_0241,commentary,SHSRC0005,commentary_support,柯琴《傷寒來蘇集》對本條有注（對齊相似度0.61）。,傷寒來蘇集:p363,citation_to_node_unique,{},0.611,pending,
REL_02318,SHL_SONGBEN_0101,clause,SHSRC0033,CR_LAISU_0242,commentary,SHSRC0005,commentary_support,柯琴《傷寒來蘇集》對本條有注（對齊相似度0.67）。,傷寒來蘇集:p364,citation_to_node_unique,{},0.667,pending,
REL_02319,SHL_SONGBEN_0149,clause,SHSRC0033,CR_LAISU_0105,commentary,SHSRC0005,commentary_support,柯琴《傷寒來蘇集》對本條有注（對齊相似度0.76）。,傷寒來蘇集:p365,citation_to_node_first_of_multiple,{},0.759,pending,
REL_02320,SHL_SONGBEN_0098,clause,SHSRC0033,CR_LAISU_0244,commentary,SHSRC0005,commentary_support,柯琴《傷寒來蘇集》對本條有注（對齊相似度0.86）。,傷寒來蘇集:p366,citation_to_node_unique,{},0.864,pending,
REL_02321,SHL_SONGBEN_0147,clause,SHSRC0033,CR_LAISU_0245,commentary,SHSRC0005,commentary_support,柯琴《傷寒來蘇集》對本條有注（對齊相似度0.88）。,傷寒來蘇集:p367,citation_to_node_unique,{},0.879,pending,
REL_02322,SHL_SONGBEN_0107,clause,SHSRC0033,CR_LAISU_0246,commentary,SHSRC0005,commentary_support,柯琴《傷寒來蘇集》對本條有注（對齊相似度1.00）。,傷寒來蘇集:p369,citation_to_node_unique,{},1.0,pending,
REL_02323,SHL_SONGBEN_0104,clause,SHSRC0033,CR_LAISU_0247,commentary,SHSRC0005,commentary_support,柯琴《傷寒來蘇集》對本條有注（對齊相似度0.84）。,傷寒來蘇集:p371,citation_to_node_unique,{},0.836,pending,
REL_02324,SHL_SONGBEN_0123,clause,SHSRC0033,CR_LAISU_0200,commentary,SHSRC0005,commentary_support,柯琴《傷寒來蘇集》對本條有注（對齊相似度0.92）。,傷寒來蘇集:p372,citation_to_node_first_of_multiple,{},0.919,pending,
REL_02325,SHL_SONGBEN_0103,clause,SHSRC0033,CR_LAISU_0249,commentary,SHSRC0005,commentary_support,柯琴《傷寒來蘇集》對本條有注（對齊相似度1.00）。,傷寒來蘇集:p373,citation_to_node_unique,{},1.0,pending,
REL_02326,SHL_SONGBEN_0136,clause,SHSRC0033,CR_LAISU_0250,commentary,SHSRC0005,commentary_support,柯琴《傷寒來蘇集》對本條有注（對齊相似度0.60）。,傷寒來蘇集:p374,citation_to_node_unique,{},0.603,pending,
REL_02327,SHL_SONGBEN_0165,clause,SHSRC0033,CR_LAISU_0251,commentary,SHSRC0005,commentary_support,柯琴《傷寒來蘇集》對本條有注（對齊相似度0.83）。,傷寒來蘇集:p375,citation_to_node_unique,{},0.826,pending,
REL_02328,SHL_SONGBEN_0102,clause,SHSRC0033,CR_LAISU_0252,commentary,SHSRC0005,commentary_support,柯琴《傷寒來蘇集》對本條有注（對齊相似度1.00）。,傷寒來蘇集:p377,citation_to_node_unique,{},1.0,pending,
REL_02329,SHL_SONGBEN_0100,clause,SHSRC0033,CR_LAISU_0240,commentary,SHSRC0005,commentary_support,柯琴《傷寒來蘇集》對本條有注（對齊相似度0.89）。,傷寒來蘇集:p378,citation_to_node_first_of_multiple,{},0.893,pending,
REL_02330,SHL_SONGBEN_0173,clause,SHSRC0033,CR_LAISU_0254,commentary,SHSRC0005,commentary_support,柯琴《傷寒來蘇集》對本條有注（對齊相似度1.00）。,傷寒來蘇集:p381,citation_to_node_unique,{},1.0,pending,
REL_02331,SHL_SONGBEN_0172,clause,SHSRC0033,CR_LAISU_0255,commentary,SHSRC0005,commentary_support,柯琴《傷寒來蘇集》對本條有注（對齊相似度1.00）。,傷寒來蘇集:p383,citation_to_node_unique,{},1.0,pending,
REL_02332,SHL_SONGBEN_0256,clause,SHSRC0033,CR_LAISU_0256,commentary,SHSRC0005,commentary_support,柯琴《傷寒來蘇集》對本條有注（對齊相似度0.64）。,傷寒來蘇集:p385,citation_to_node_unique,{},0.641,pending,
REL_02333,SHL_SONGBEN_0273,clause,SHSRC0033,CR_LAISU_0257,commentary,SHSRC0005,commentary_support,柯琴《傷寒來蘇集》對本條有注（對齊相似度1.00）。,傷寒來蘇集:p386,citation_to_node_unique,{},1.0,pending,
REL_02334,SHL_SONGBEN_0278,clause,SHSRC0033,CR_LAISU_0258,commentary,SHSRC0005,commentary_support,柯琴《傷寒來蘇集》對本條有注（對齊相似度1.00）。,傷寒來蘇集:p388,citation_to_node_unique,{},1.0,pending,
REL_02335,SHL_SONGBEN_0369,clause,SHSRC0033,CR_LAISU_0259,commentary,SHSRC0005,commentary_support,柯琴《傷寒來蘇集》對本條有注（對齊相似度1.00）。,傷寒來蘇集:p389,citation_to_node_unique,{},1.0,pending,
REL_02336,SHL_SONGBEN_0280,clause,SHSRC0033,CR_LAISU_0260,commentary,SHSRC0005,commentary_support,柯琴《傷寒來蘇集》對本條有注（對齊相似度0.92）。,傷寒來蘇集:p390,citation_to_node_unique,{},0.918,pending,
REL_02337,SHL_SONGBEN_0385,clause,SHSRC0033,CR_LAISU_0261,commentary,SHSRC0005,commentary_support,柯琴《傷寒來蘇集》對本條有注（對齊相似度0.89）。,傷寒來蘇集:p391,citation_to_node_unique,{},0.889,pending,
REL_02338,SHL_SONGBEN_0276,clause,SHSRC0033,CR_LAISU_0262,commentary,SHSRC0005,commentary_support,柯琴《傷寒來蘇集》對本條有注（對齊相似度1.00）。,傷寒來蘇集:p392,citation_to_node_unique,{},1.0,pending,
REL_02339,SHL_SONGBEN_0274,clause,SHSRC0033,CR_LAISU_0263,commentary,SHSRC0005,commentary_support,柯琴《傷寒來蘇集》對本條有注（對齊相似度0.91）。,傷寒來蘇集:p393,citation_to_node_unique,{},0.914,pending,
REL_02340,SHL_SONGBEN_0275,clause,SHSRC0033,CR_LAISU_0264,commentary,SHSRC0005,commentary_support,柯琴《傷寒來蘇集》對本條有注（對齊相似度1.00）。,傷寒來蘇集:p394,citation_to_node_unique,{},1.0,pending,
REL_02341,SHL_SONGBEN_0281,clause,SHSRC0033,CR_LAISU_0265,commentary,SHSRC0005,commentary_support,柯琴《傷寒來蘇集》對本條有注（對齊相似度1.00）。,傷寒來蘇集:p399,citation_to_node_unique,{},1.0,pending,
REL_02342,SHL_SONGBEN_0282,clause,SHSRC0033,CR_LAISU_0266,commentary,SHSRC0005,commentary_support,柯琴《傷寒來蘇集》對本條有注（對齊相似度0.95）。,傷寒來蘇集:p400,citation_to_node_unique,{},0.952,pending,
REL_02343,SHL_SONGBEN_0285,clause,SHSRC0033,CR_LAISU_0267,commentary,SHSRC0005,commentary_support,柯琴《傷寒來蘇集》對本條有注（對齊相似度0.79）。,傷寒來蘇集:p401,citation_to_node_unique,{},0.786,pending,
REL_02344,SHL_SONGBEN_0286,clause,SHSRC0033,CR_LAISU_0268,commentary,SHSRC0005,commentary_support,柯琴《傷寒來蘇集》對本條有注（對齊相似度0.92）。,傷寒來蘇集:p402,citation_to_node_unique,{},0.917,pending,
REL_02345,SHL_SONGBEN_0283,clause,SHSRC0033,CR_LAISU_0269,commentary,SHSRC0005,commentary_support,柯琴《傷寒來蘇集》對本條有注（對齊相似度0.94）。,傷寒來蘇集:p403,citation_to_node_unique,{},0.939,pending,
REL_02346,SHL_SONGBEN_0287,clause,SHSRC0033,CR_LAISU_0270,commentary,SHSRC0005,commentary_support,柯琴《傷寒來蘇集》對本條有注（對齊相似度1.00）。,傷寒來蘇集:p406,citation_to_node_unique,{},1.0,pending,
REL_02347,SHL_SONGBEN_0290,clause,SHSRC0033,CR_LAISU_0271,commentary,SHSRC0005,commentary_support,柯琴《傷寒來蘇集》對本條有注（對齊相似度1.00）。,傷寒來蘇集:p407,citation_to_node_unique,{},1.0,pending,
REL_02348,SHL_SONGBEN_0291,clause,SHSRC0033,CR_LAISU_0272,commentary,SHSRC0005,commentary_support,柯琴《傷寒來蘇集》對本條有注（對齊相似度1.00）。,傷寒來蘇集:p408,citation_to_node_unique,{},1.0,pending,
REL_02349,SHL_SONGBEN_0295,clause,SHSRC0033,CR_LAISU_0273,commentary,SHSRC0005,commentary_support,柯琴《傷寒來蘇集》對本條有注（對齊相似度0.68）。,傷寒來蘇集:p409,citation_to_node_unique,{},0.682,pending,
REL_02350,SHL_SONGBEN_0289,clause,SHSRC0033,CR_LAISU_0274,commentary,SHSRC0005,commentary_support,柯琴《傷寒來蘇集》對本條有注（對齊相似度0.68）。,傷寒來蘇集:p410,citation_to_node_unique,{},0.681,pending,
REL_02351,SHL_SONGBEN_0292,clause,SHSRC0033,CR_LAISU_0275,commentary,SHSRC0005,commentary_support,柯琴《傷寒來蘇集》對本條有注（對齊相似度0.87）。,傷寒來蘇集:p411,citation_to_node_unique,{},0.868,pending,
REL_02352,SHL_SONGBEN_0300,clause,SHSRC0033,CR_LAISU_0276,commentary,SHSRC0005,commentary_support,柯琴《傷寒來蘇集》對本條有注（對齊相似度0.72）。,傷寒來蘇集:p412,citation_to_node_unique,{},0.725,pending,
REL_02353,SHL_SONGBEN_0297,clause,SHSRC0033,CR_LAISU_0277,commentary,SHSRC0005,commentary_support,柯琴《傷寒來蘇集》對本條有注（對齊相似度0.96）。,傷寒來蘇集:p413,citation_to_node_unique,{},0.963,pending,
REL_02354,SHL_SONGBEN_0299,clause,SHSRC0033,CR_LAISU_0278,commentary,SHSRC0005,commentary_support,柯琴《傷寒來蘇集》對本條有注（對齊相似度1.00）。,傷寒來蘇集:p414,citation_to_node_unique,{},1.0,pending,
REL_02355,SHL_SONGBEN_0301,clause,SHSRC0033,CR_LAISU_0279,commentary,SHSRC0005,commentary_support,柯琴《傷寒來蘇集》對本條有注（對齊相似度0.73）。,傷寒來蘇集:p416,citation_to_node_unique,{},0.727,pending,
REL_02356,SHL_SONGBEN_0302,clause,SHSRC0033,CR_LAISU_0280,commentary,SHSRC0005,commentary_support,柯琴《傷寒來蘇集》對本條有注（對齊相似度0.88）。,傷寒來蘇集:p417,citation_to_node_unique,{},0.88,pending,
REL_02357,SHL_SONGBEN_0293,clause,SHSRC0033,CR_LAISU_0281,commentary,SHSRC0005,commentary_support,柯琴《傷寒來蘇集》對本條有注（對齊相似度1.00）。,傷寒來蘇集:p420,citation_to_node_unique,{},1.0,pending,
REL_02358,SHL_SONGBEN_0284,clause,SHSRC0033,CR_LAISU_0282,commentary,SHSRC0005,commentary_support,柯琴《傷寒來蘇集》對本條有注（對齊相似度1.00）。,傷寒來蘇集:p421,citation_to_node_unique,{},1.0,pending,
REL_02359,SHL_SONGBEN_0294,clause,SHSRC0033,CR_LAISU_0283,commentary,SHSRC0005,commentary_support,柯琴《傷寒來蘇集》對本條有注（對齊相似度0.96）。,傷寒來蘇集:p422,citation_to_node_unique,{},0.959,pending,
REL_02360,SHL_SONGBEN_0316,clause,SHSRC0033,CR_LAISU_0284,commentary,SHSRC0005,commentary_support,柯琴《傷寒來蘇集》對本條有注（對齊相似度0.98）。,傷寒來蘇集:p425,citation_to_node_unique,{},0.979,pending,
REL_02361,SHL_SONGBEN_0082,clause,SHSRC0033,CR_LAISU_0285,commentary,SHSRC0005,commentary_support,柯琴《傷寒來蘇集》對本條有注（對齊相似度1.00）。,傷寒來蘇集:p427,citation_to_node_unique,{},1.0,pending,
REL_02362,SHL_SONGBEN_0386,clause,SHSRC0033,CR_LAISU_0286,commentary,SHSRC0005,commentary_support,柯琴《傷寒來蘇集》對本條有注（對齊相似度0.60）。,傷寒來蘇集:p428,citation_to_node_unique,{},0.603,pending,
REL_02363,SHL_SONGBEN_0307,clause,SHSRC0033,CR_LAISU_0287,commentary,SHSRC0005,commentary_support,柯琴《傷寒來蘇集》對本條有注（對齊相似度1.00）。,傷寒來蘇集:p429,citation_to_node_unique,{},1.0,pending,
REL_02364,SHL_SONGBEN_0308,clause,SHSRC0033,CR_LAISU_0288,commentary,SHSRC0005,commentary_support,柯琴《傷寒來蘇集》對本條有注（對齊相似度0.71）。,傷寒來蘇集:p431,citation_to_node_unique,{},0.706,pending,
REL_02365,SHL_SONGBEN_0225,clause,SHSRC0033,CR_LAISU_0289,commentary,SHSRC0005,commentary_support,柯琴《傷寒來蘇集》對本條有注（對齊相似度1.00）。,傷寒來蘇集:p432,citation_to_node_unique,{},1.0,pending,
REL_02366,SHL_SONGBEN_0364,clause,SHSRC0033,CR_LAISU_0290,commentary,SHSRC0005,commentary_support,柯琴《傷寒來蘇集》對本條有注（對齊相似度0.83）。,傷寒來蘇集:p433,citation_to_node_unique,{},0.833,pending,
REL_02367,SHL_SONGBEN_0092,clause,SHSRC0033,CR_LAISU_0291,commentary,SHSRC0005,commentary_support,柯琴《傷寒來蘇集》對本條有注（對齊相似度0.91）。,傷寒來蘇集:p435,citation_to_node_unique,{},0.909,pending,
REL_02368,SHL_SONGBEN_0354,clause,SHSRC0033,CR_LAISU_0292,commentary,SHSRC0005,commentary_support,柯琴《傷寒來蘇集》對本條有注（對齊相似度1.00）。,傷寒來蘇集:p436,citation_to_node_unique,{},1.0,pending,
REL_02369,SHL_SONGBEN_0353,clause,SHSRC0033,CR_LAISU_0293,commentary,SHSRC0005,commentary_support,柯琴《傷寒來蘇集》對本條有注（對齊相似度1.00）。,傷寒來蘇集:p437,citation_to_node_unique,{},1.0,pending,
REL_02370,SHL_SONGBEN_0377,clause,SHSRC0033,CR_LAISU_0294,commentary,SHSRC0005,commentary_support,柯琴《傷寒來蘇集》對本條有注（對齊相似度1.00）。,傷寒來蘇集:p438,citation_to_node_unique,{},1.0,pending,
REL_02371,SHL_SONGBEN_0389,clause,SHSRC0033,CR_LAISU_0295,commentary,SHSRC0005,commentary_support,柯琴《傷寒來蘇集》對本條有注（對齊相似度1.00）。,傷寒來蘇集:p439,citation_to_node_unique,{},1.0,pending,
REL_02372,SHL_SONGBEN_0388,clause,SHSRC0033,CR_LAISU_0296,commentary,SHSRC0005,commentary_support,柯琴《傷寒來蘇集》對本條有注（對齊相似度1.00）。,傷寒來蘇集:p440,citation_to_node_unique,{},1.0,pending,
REL_02373,SHL_SONGBEN_0317,clause,SHSRC0033,CR_LAISU_0297,commentary,SHSRC0005,commentary_support,柯琴《傷寒來蘇集》對本條有注（對齊相似度1.00）。,傷寒來蘇集:p442,citation_to_node_unique,{},1.0,pending,
REL_02374,SHL_SONGBEN_0366,clause,SHSRC0033,CR_LAISU_0298,commentary,SHSRC0005,commentary_support,柯琴《傷寒來蘇集》對本條有注（對齊相似度0.85）。,傷寒來蘇集:p443,citation_to_node_unique,{},0.848,pending,
REL_02375,SHL_SONGBEN_0390,clause,SHSRC0033,CR_LAISU_0299,commentary,SHSRC0005,commentary_support,柯琴《傷寒來蘇集》對本條有注（對齊相似度1.00）。,傷寒來蘇集:p444,citation_to_node_unique,{},1.0,pending,
REL_02376,SHL_SONGBEN_0351,clause,SHSRC0033,CR_LAISU_0300,commentary,SHSRC0005,commentary_support,柯琴《傷寒來蘇集》對本條有注（對齊相似度0.87）。,傷寒來蘇集:p448,citation_to_node_unique,{},0.867,pending,
REL_02377,SHL_SONGBEN_0352,clause,SHSRC0033,CR_LAISU_0301,commentary,SHSRC0005,commentary_support,柯琴《傷寒來蘇集》對本條有注（對齊相似度0.97）。,傷寒來蘇集:p450,citation_to_node_unique,{},0.974,pending,
REL_02378,SHL_SONGBEN_0337,clause,SHSRC0033,CR_LAISU_0302,commentary,SHSRC0005,commentary_support,柯琴《傷寒來蘇集》對本條有注（對齊相似度0.92）。,傷寒來蘇集:p452,citation_to_node_unique,{},0.923,pending,
REL_02379,SHL_SONGBEN_0330,clause,SHSRC0033,CR_LAISU_0303,commentary,SHSRC0005,commentary_support,柯琴《傷寒來蘇集》對本條有注（對齊相似度1.00）。,傷寒來蘇集:p453,citation_to_node_unique,{},1.0,pending,
REL_02380,SHL_SONGBEN_0347,clause,SHSRC0033,CR_LAISU_0304,commentary,SHSRC0005,commentary_support,柯琴《傷寒來蘇集》對本條有注（對齊相似度0.94）。,傷寒來蘇集:p454,citation_to_node_unique,{},0.936,pending,
REL_02381,SHL_SONGBEN_0340,clause,SHSRC0033,CR_LAISU_0305,commentary,SHSRC0005,commentary_support,柯琴《傷寒來蘇集》對本條有注（對齊相似度1.00）。,傷寒來蘇集:p455,citation_to_node_unique,{},1.0,pending,
REL_02382,SHL_SONGBEN_0349,clause,SHSRC0033,CR_LAISU_0306,commentary,SHSRC0005,commentary_support,柯琴《傷寒來蘇集》對本條有注（對齊相似度0.80）。,傷寒來蘇集:p456,citation_to_node_unique,{},0.8,pending,
REL_02383,SHL_SONGBEN_0343,clause,SHSRC0033,CR_LAISU_0307,commentary,SHSRC0005,commentary_support,柯琴《傷寒來蘇集》對本條有注（對齊相似度1.00）。,傷寒來蘇集:p457,citation_to_node_unique,{},1.0,pending,
REL_02384,SHL_SONGBEN_0069,clause,SHSRC0033,CR_LAISU_0308,commentary,SHSRC0005,commentary_support,柯琴《傷寒來蘇集》對本條有注（對齊相似度1.00）。,傷寒來蘇集:p458,citation_to_node_unique,{},1.0,pending,
REL_02385,SHL_SONGBEN_0309,clause,SHSRC0033,CR_LAISU_0309,commentary,SHSRC0005,commentary_support,柯琴《傷寒來蘇集》對本條有注（對齊相似度0.85）。,傷寒來蘇集:p461,citation_to_node_unique,{},0.85,pending,
REL_02386,SHL_SONGBEN_0378,clause,SHSRC0033,CR_LAISU_0310,commentary,SHSRC0005,commentary_support,柯琴《傷寒來蘇集》對本條有注（對齊相似度0.67）。,傷寒來蘇集:p462,citation_to_node_unique,{},0.667,pending,
REL_02387,SHL_SONGBEN_0243,clause,SHSRC0033,CR_LAISU_0311,commentary,SHSRC0005,commentary_support,柯琴《傷寒來蘇集》對本條有注（對齊相似度0.95）。,傷寒來蘇集:p463,citation_to_node_unique,{},0.955,pending,
REL_02388,SHL_SONGBEN_0315,clause,SHSRC0033,CR_LAISU_0312,commentary,SHSRC0005,commentary_support,柯琴《傷寒來蘇集》對本條有注（對齊相似度0.96）。,傷寒來蘇集:p469,citation_to_node_unique,{},0.964,pending,
REL_02389,SHL_SONGBEN_0368,clause,SHSRC0033,CR_LAISU_0313,commentary,SHSRC0005,commentary_support,柯琴《傷寒來蘇集》對本條有注（對齊相似度0.71）。,傷寒來蘇集:p472,citation_to_node_unique,{},0.712,pending,
REL_02390,SHL_SONGBEN_0303,clause,SHSRC0033,CR_LAISU_0314,commentary,SHSRC0005,commentary_support,柯琴《傷寒來蘇集》對本條有注（對齊相似度0.90）。,傷寒來蘇集:p473,citation_to_node_unique,{},0.905,pending,
REL_02391,SHL_SONGBEN_0319,clause,SHSRC0033,CR_LAISU_0315,commentary,SHSRC0005,commentary_support,柯琴《傷寒來蘇集》對本條有注（對齊相似度1.00）。,傷寒來蘇集:p475,citation_to_node_unique,{},1.0,pending,
REL_02392,SHL_SONGBEN_0223,clause,SHSRC0033,CR_LAISU_0167,commentary,SHSRC0005,commentary_support,柯琴《傷寒來蘇集》對本條有注（對齊相似度0.92）。,傷寒來蘇集:p477,citation_to_node_first_of_multiple,{},0.923,pending,
REL_02393,SHL_SONGBEN_0224,clause,SHSRC0033,CR_LAISU_0317,commentary,SHSRC0005,commentary_support,柯琴《傷寒來蘇集》對本條有注（對齊相似度0.91）。,傷寒來蘇集:p478,citation_to_node_unique,{},0.906,pending,
REL_02394,SHL_SONGBEN_0311,clause,SHSRC0033,CR_LAISU_0318,commentary,SHSRC0005,commentary_support,柯琴《傷寒來蘇集》對本條有注（對齊相似度0.91）。,傷寒來蘇集:p481,citation_to_node_unique,{},0.909,pending,
REL_02395,SHL_SONGBEN_0313,clause,SHSRC0033,CR_LAISU_0319,commentary,SHSRC0005,commentary_support,柯琴《傷寒來蘇集》對本條有注（對齊相似度0.65）。,傷寒來蘇集:p483,citation_to_node_unique,{},0.649,pending,
REL_02396,SHL_SONGBEN_0318,clause,SHSRC0033,CR_LAISU_0320,commentary,SHSRC0005,commentary_support,柯琴《傷寒來蘇集》對本條有注（對齊相似度0.79）。,傷寒來蘇集:p486,citation_to_node_unique,{},0.786,pending,
REL_02397,SHL_SONGBEN_0326,clause,SHSRC0033,CR_LAISU_0321,commentary,SHSRC0005,commentary_support,柯琴《傷寒來蘇集》對本條有注（對齊相似度0.86）。,傷寒來蘇集:p488,citation_to_node_unique,{},0.857,pending,
REL_02398,SHL_SONGBEN_0108,clause,SHSRC0033,CR_LAISU_0322,commentary,SHSRC0005,commentary_support,柯琴《傷寒來蘇集》對本條有注（對齊相似度0.91）。,傷寒來蘇集:p489,citation_to_node_unique,{},0.909,pending,
REL_02399,SHL_SONGBEN_0109,clause,SHSRC0033,CR_LAISU_0323,commentary,SHSRC0005,commentary_support,柯琴《傷寒來蘇集》對本條有注（對齊相似度0.89）。,傷寒來蘇集:p490,citation_to_node_unique,{},0.892,pending,
REL_02400,SHL_SONGBEN_0329,clause,SHSRC0033,CR_LAISU_0324,commentary,SHSRC0005,commentary_support,柯琴《傷寒來蘇集》對本條有注（對齊相似度1.00）。,傷寒來蘇集:p491,citation_to_node_unique,{},1.0,pending,
REL_02401,SHL_SONGBEN_0327,clause,SHSRC0033,CR_LAISU_0325,commentary,SHSRC0005,commentary_support,柯琴《傷寒來蘇集》對本條有注（對齊相似度1.00）。,傷寒來蘇集:p492,citation_to_node_unique,{},1.0,pending,
REL_02402,SHL_SONGBEN_0328,clause,SHSRC0033,CR_LAISU_0326,commentary,SHSRC0005,commentary_support,柯琴《傷寒來蘇集》對本條有注（對齊相似度1.00）。,傷寒來蘇集:p493,citation_to_node_unique,{},1.0,pending,
REL_02403,SHL_SONGBEN_0338,clause,SHSRC0033,CR_LAISU_0327,commentary,SHSRC0005,commentary_support,柯琴《傷寒來蘇集》對本條有注（對齊相似度0.89）。,傷寒來蘇集:p495,citation_to_node_unique,{},0.887,pending,
REL_02404,SHL_SONGBEN_0371,clause,SHSRC0033,CR_LAISU_0328,commentary,SHSRC0005,commentary_support,柯琴《傷寒來蘇集》對本條有注（對齊相似度1.00）。,傷寒來蘇集:p498,citation_to_node_unique,{},1.0,pending,
REL_02405,SHL_SONGBEN_0373,clause,SHSRC0033,CR_LAISU_0329,commentary,SHSRC0005,commentary_support,柯琴《傷寒來蘇集》對本條有注（對齊相似度1.00）。,傷寒來蘇集:p499,citation_to_node_unique,{},1.0,pending,
REL_02406,SHL_SONGBEN_0365,clause,SHSRC0033,CR_LAISU_0330,commentary,SHSRC0005,commentary_support,柯琴《傷寒來蘇集》對本條有注（對齊相似度1.00）。,傷寒來蘇集:p500,citation_to_node_unique,{},1.0,pending,
REL_02407,SHL_SONGBEN_0360,clause,SHSRC0033,CR_LAISU_0331,commentary,SHSRC0005,commentary_support,柯琴《傷寒來蘇集》對本條有注（對齊相似度0.70）。,傷寒來蘇集:p501,citation_to_node_unique,{},0.696,pending,
REL_02408,SHL_SONGBEN_0361,clause,SHSRC0033,CR_LAISU_0332,commentary,SHSRC0005,commentary_support,柯琴《傷寒來蘇集》對本條有注（對齊相似度0.80）。,傷寒來蘇集:p502,citation_to_node_unique,{},0.8,pending,
REL_02409,SHL_SONGBEN_0367,clause,SHSRC0033,CR_LAISU_0333,commentary,SHSRC0005,commentary_support,柯琴《傷寒來蘇集》對本條有注（對齊相似度0.81）。,傷寒來蘇集:p503,citation_to_node_unique,{},0.81,pending,
REL_02410,SHL_SONGBEN_0363,clause,SHSRC0033,CR_LAISU_0334,commentary,SHSRC0005,commentary_support,柯琴《傷寒來蘇集》對本條有注（對齊相似度0.87）。,傷寒來蘇集:p504,citation_to_node_unique,{},0.867,pending,
REL_02411,SHL_SONGBEN_0346,clause,SHSRC0033,CR_LAISU_0335,commentary,SHSRC0005,commentary_support,柯琴《傷寒來蘇集》對本條有注（對齊相似度0.92）。,傷寒來蘇集:p505,citation_to_node_unique,{},0.92,pending,
REL_02412,SHL_SONGBEN_0335,clause,SHSRC0033,CR_LAISU_0336,commentary,SHSRC0005,commentary_support,柯琴《傷寒來蘇集》對本條有注（對齊相似度0.96）。,傷寒來蘇集:p508,citation_to_node_unique,{},0.965,pending,
REL_02413,SHL_SONGBEN_0350,clause,SHSRC0033,CR_LAISU_0191,commentary,SHSRC0005,commentary_support,柯琴《傷寒來蘇集》對本條有注（對齊相似度0.81）。,傷寒來蘇集:p509,citation_to_node_first_of_multiple,{},0.815,pending,
REL_02414,SHL_SONGBEN_0336,clause,SHSRC0033,CR_LAISU_0338,commentary,SHSRC0005,commentary_support,柯琴《傷寒來蘇集》對本條有注（對齊相似度0.95）。,傷寒來蘇集:p510,citation_to_node_unique,{},0.947,pending,
REL_02415,SHL_SONGBEN_0339,clause,SHSRC0033,CR_LAISU_0339,commentary,SHSRC0005,commentary_support,柯琴《傷寒來蘇集》對本條有注（對齊相似度0.78）。,傷寒來蘇集:p511,citation_to_node_unique,{},0.784,pending,
REL_02416,SHL_SONGBEN_0341,clause,SHSRC0033,CR_LAISU_0340,commentary,SHSRC0005,commentary_support,柯琴《傷寒來蘇集》對本條有注（對齊相似度0.92）。,傷寒來蘇集:p512,citation_to_node_unique,{},0.921,pending,
REL_02417,SHL_SONGBEN_0342,clause,SHSRC0033,CR_LAISU_0341,commentary,SHSRC0005,commentary_support,柯琴《傷寒來蘇集》對本條有注（對齊相似度1.00）。,傷寒來蘇集:p513,citation_to_node_unique,{},1.0,pending,
REL_02418,SHL_SONGBEN_0332,clause,SHSRC0033,CR_LAISU_0342,commentary,SHSRC0005,commentary_support,柯琴《傷寒來蘇集》對本條有注（對齊相似度0.94）。,傷寒來蘇集:p514,citation_to_node_unique,{},0.945,pending,
REL_02419,SHL_SONGBEN_0348,clause,SHSRC0033,CR_LAISU_0343,commentary,SHSRC0005,commentary_support,柯琴《傷寒來蘇集》對本條有注（對齊相似度0.86）。,傷寒來蘇集:p515,citation_to_node_unique,{},0.857,pending,
REL_02420,SHL_SONGBEN_0331,clause,SHSRC0033,CR_LAISU_0344,commentary,SHSRC0005,commentary_support,柯琴《傷寒來蘇集》對本條有注（對齊相似度1.00）。,傷寒來蘇集:p516,citation_to_node_unique,{},1.0,pending,
REL_02421,SHL_SONGBEN_0334,clause,SHSRC0033,CR_LAISU_0345,commentary,SHSRC0005,commentary_support,柯琴《傷寒來蘇集》對本條有注（對齊相似度0.89）。,傷寒來蘇集:p517,citation_to_node_unique,{},0.886,pending,
REL_02422,SHL_SONGBEN_0344,clause,SHSRC0033,CR_LAISU_0346,commentary,SHSRC0005,commentary_support,柯琴《傷寒來蘇集》對本條有注（對齊相似度0.79）。,傷寒來蘇集:p518,citation_to_node_unique,{},0.788,pending,
REL_02423,SHL_SONGBEN_0177,clause,SHSRC0033,CR_LAISU_0347,commentary,SHSRC0005,commentary_support,柯琴《傷寒來蘇集》對本條有注（對齊相似度0.89）。,傷寒來蘇集:p519,citation_to_node_unique,{},0.889,pending,
REL_02424,SHL_SONGBEN_0178,clause,SHSRC0033,CR_LAISU_0348,commentary,SHSRC0005,commentary_support,柯琴《傷寒來蘇集》對本條有注（對齊相似度0.85）。,傷寒來蘇集:p522,citation_to_node_unique,{},0.848,pending,
REL_02425,SHL_SONGBEN_0392,clause,SHSRC0033,CR_LAISU_0349,commentary,SHSRC0005,commentary_support,柯琴《傷寒來蘇集》對本條有注（對齊相似度0.88）。,傷寒來蘇集:p527,citation_to_node_unique,{},0.875,pending,
REL_02426,SHL_SONGBEN_0011,clause,SHSRC0033,CR_LAISU_0350,commentary,SHSRC0005,commentary_support,柯琴《傷寒來蘇集》對本條有注（對齊相似度0.92）。,傷寒來蘇集:p529,citation_to_node_unique,{},0.923,pending,
REL_02427,SHL_SONGBEN_0001,clause,SHSRC0033,CR_GUANZHU_0001,commentary,SHSRC0045,commentary_support,尤怡《傷寒貫珠集》對本條有注（對齊相似度1.00）。,傷寒貫珠集:p7,citation_to_node_unique,{},1.0,pending,
REL_02428,SHL_SONGBEN_0326,clause,SHSRC0033,CR_GUANZHU_0002,commentary,SHSRC0045,commentary_support,尤怡《傷寒貫珠集》對本條有注（對齊相似度0.63）。,傷寒貫珠集:p9,citation_to_node_first_of_multiple,{},0.632,pending,
REL_02429,SHL_SONGBEN_0002,clause,SHSRC0033,CR_GUANZHU_0003,commentary,SHSRC0045,commentary_support,尤怡《傷寒貫珠集》對本條有注（對齊相似度1.00）。,傷寒貫珠集:p12,citation_to_node_unique,{},1.0,pending,
REL_02430,SHL_SONGBEN_0003,clause,SHSRC0033,CR_GUANZHU_0004,commentary,SHSRC0045,commentary_support,尤怡《傷寒貫珠集》對本條有注（對齊相似度0.92）。,傷寒貫珠集:p17,citation_to_node_unique,{},0.923,pending,
REL_02431,SHL_SONGBEN_0012,clause,SHSRC0033,CR_GUANZHU_0005,commentary,SHSRC0045,commentary_support,尤怡《傷寒貫珠集》對本條有注（對齊相似度1.00）。,傷寒貫珠集:p23,citation_to_node_unique,{},1.0,pending,
REL_02432,SHL_SONGBEN_0013,clause,SHSRC0033,CR_GUANZHU_0006,commentary,SHSRC0045,commentary_support,尤怡《傷寒貫珠集》對本條有注（對齊相似度0.90）。,傷寒貫珠集:p31,citation_to_node_unique,{},0.903,pending,
REL_02433,SHL_SONGBEN_0042,clause,SHSRC0033,CR_GUANZHU_0007,commentary,SHSRC0045,commentary_support,尤怡《傷寒貫珠集》對本條有注（對齊相似度1.00）。,傷寒貫珠集:p34,citation_to_node_unique,{},1.0,pending,
REL_02434,SHL_SONGBEN_0044,clause,SHSRC0033,CR_GUANZHU_0008,commentary,SHSRC0045,commentary_support,尤怡《傷寒貫珠集》對本條有注（對齊相似度0.89）。,傷寒貫珠集:p36,citation_to_node_unique,{},0.894,pending,
REL_02435,SHL_SONGBEN_0053,clause,SHSRC0033,CR_GUANZHU_0009,commentary,SHSRC0045,commentary_support,尤怡《傷寒貫珠集》對本條有注（對齊相似度0.73）。,傷寒貫珠集:p39,citation_to_node_unique,{},0.725,pending,
REL_02436,SHL_SONGBEN_0054,clause,SHSRC0033,CR_GUANZHU_0010,commentary,SHSRC0045,commentary_support,尤怡《傷寒貫珠集》對本條有注（對齊相似度0.88）。,傷寒貫珠集:p42,citation_to_node_unique,{},0.875,pending,
REL_02437,SHL_SONGBEN_0095,clause,SHSRC0033,CR_GUANZHU_0011,commentary,SHSRC0045,commentary_support,尤怡《傷寒貫珠集》對本條有注（對齊相似度0.92）。,傷寒貫珠集:p47,citation_to_node_unique,{},0.92,pending,
REL_02438,SHL_SONGBEN_0017,clause,SHSRC0033,CR_GUANZHU_0012,commentary,SHSRC0045,commentary_support,尤怡《傷寒貫珠集》對本條有注（對齊相似度0.90）。,傷寒貫珠集:p55,citation_to_node_unique,{},0.9,pending,
REL_02439,SHL_SONGBEN_0019,clause,SHSRC0033,CR_GUANZHU_0013,commentary,SHSRC0045,commentary_support,尤怡《傷寒貫珠集》對本條有注（對齊相似度1.00）。,傷寒貫珠集:p57,citation_to_node_unique,{},1.0,pending,
REL_02440,SHL_SONGBEN_0035,clause,SHSRC0033,CR_GUANZHU_0014,commentary,SHSRC0045,commentary_support,尤怡《傷寒貫珠集》對本條有注（對齊相似度1.00）。,傷寒貫珠集:p61,citation_to_node_first_of_multiple,{},1.0,pending,
REL_02441,SHL_SONGBEN_0035,clause,SHSRC0033,CR_GUANZHU_0014,commentary,SHSRC0045,commentary_support,尤怡《傷寒貫珠集》對本條有注（對齊相似度0.64）。,傷寒貫珠集:p63,citation_to_node_first_of_multiple,{},0.644,pending,
REL_02442,SHL_SONGBEN_0052,clause,SHSRC0033,CR_GUANZHU_0016,commentary,SHSRC0045,commentary_support,尤怡《傷寒貫珠集》對本條有注（對齊相似度1.00）。,傷寒貫珠集:p69,citation_to_node_unique,{},1.0,pending,
REL_02443,SHL_SONGBEN_0046,clause,SHSRC0033,CR_GUANZHU_0017,commentary,SHSRC0045,commentary_support,尤怡《傷寒貫珠集》對本條有注（對齊相似度1.00）。,傷寒貫珠集:p72,citation_to_node_unique,{},1.0,pending,
REL_02444,SHL_SONGBEN_0047,clause,SHSRC0033,CR_GUANZHU_0018,commentary,SHSRC0045,commentary_support,尤怡《傷寒貫珠集》對本條有注（對齊相似度1.00）。,傷寒貫珠集:p76,citation_to_node_unique,{},1.0,pending,
REL_02445,SHL_SONGBEN_0037,clause,SHSRC0033,CR_GUANZHU_0019,commentary,SHSRC0045,commentary_support,尤怡《傷寒貫珠集》對本條有注（對齊相似度0.90）。,傷寒貫珠集:p80,citation_to_node_unique,{},0.896,pending,
REL_02446,SHL_SONGBEN_0036,clause,SHSRC0033,CR_GUANZHU_0020,commentary,SHSRC0045,commentary_support,尤怡《傷寒貫珠集》對本條有注（對齊相似度0.95）。,傷寒貫珠集:p83,citation_to_node_unique,{},0.947,pending,
REL_02447,SHL_SONGBEN_0033,clause,SHSRC0033,CR_GUANZHU_0021,commentary,SHSRC0045,commentary_support,尤怡《傷寒貫珠集》對本條有注（對齊相似度0.85）。,傷寒貫珠集:p86,citation_to_node_unique,{},0.851,pending,
REL_02448,SHL_SONGBEN_0172,clause,SHSRC0033,CR_GUANZHU_0022,commentary,SHSRC0045,commentary_support,尤怡《傷寒貫珠集》對本條有注（對齊相似度1.00）。,傷寒貫珠集:p94,citation_to_node_unique,{},1.0,pending,
REL_02449,SHL_SONGBEN_0219,clause,SHSRC0033,CR_GUANZHU_0023,commentary,SHSRC0045,commentary_support,尤怡《傷寒貫珠集》對本條有注（對齊相似度0.78）。,傷寒貫珠集:p102,citation_to_node_unique,{},0.779,pending,
REL_02450,SHL_SONGBEN_0268,clause,SHSRC0033,CR_GUANZHU_0024,commentary,SHSRC0045,commentary_support,尤怡《傷寒貫珠集》對本條有注（對齊相似度0.83）。,傷寒貫珠集:p104,citation_to_node_unique,{},0.829,pending,
REL_02451,SHL_SONGBEN_0007,clause,SHSRC0033,CR_GUANZHU_0025,commentary,SHSRC0045,commentary_support,尤怡《傷寒貫珠集》對本條有注（對齊相似度0.72）。,傷寒貫珠集:p109,citation_to_node_unique,{},0.717,pending,
REL_02452,SHL_SONGBEN_0009,clause,SHSRC0033,CR_GUANZHU_0026,commentary,SHSRC0045,commentary_support,尤怡《傷寒貫珠集》對本條有注（對齊相似度0.90）。,傷寒貫珠集:p117,citation_to_node_unique,{},0.9,pending,
REL_02453,SHL_SONGBEN_0010,clause,SHSRC0033,CR_GUANZHU_0027,commentary,SHSRC0045,commentary_support,尤怡《傷寒貫珠集》對本條有注（對齊相似度1.00）。,傷寒貫珠集:p119,citation_to_node_unique,{},1.0,pending,
REL_02454,SHL_SONGBEN_0005,clause,SHSRC0033,CR_GUANZHU_0028,commentary,SHSRC0045,commentary_support,尤怡《傷寒貫珠集》對本條有注（對齊相似度1.00）。,傷寒貫珠集:p122,citation_to_node_unique,{},1.0,pending,
REL_02455,SHL_SONGBEN_0083,clause,SHSRC0033,CR_GUANZHU_0029,commentary,SHSRC0045,commentary_support,尤怡《傷寒貫珠集》對本條有注（對齊相似度0.75）。,傷寒貫珠集:p126,citation_to_node_unique,{},0.75,pending,
REL_02456,SHL_SONGBEN_0085,clause,SHSRC0033,CR_GUANZHU_0030,commentary,SHSRC0045,commentary_support,尤怡《傷寒貫珠集》對本條有注（對齊相似度1.00）。,傷寒貫珠集:p130,citation_to_node_unique,{},1.0,pending,
REL_02457,SHL_SONGBEN_0086,clause,SHSRC0033,CR_GUANZHU_0031,commentary,SHSRC0045,commentary_support,尤怡《傷寒貫珠集》對本條有注（對齊相似度0.77）。,傷寒貫珠集:p132,citation_to_node_unique,{},0.773,pending,
REL_02458,SHL_SONGBEN_0087,clause,SHSRC0033,CR_GUANZHU_0032,commentary,SHSRC0045,commentary_support,尤怡《傷寒貫珠集》對本條有注（對齊相似度0.83）。,傷寒貫珠集:p134,citation_to_node_unique,{},0.833,pending,
REL_02459,SHL_SONGBEN_0088,clause,SHSRC0033,CR_GUANZHU_0033,commentary,SHSRC0045,commentary_support,尤怡《傷寒貫珠集》對本條有注（對齊相似度1.00）。,傷寒貫珠集:p137,citation_to_node_unique,{},1.0,pending,
REL_02460,SHL_SONGBEN_0050,clause,SHSRC0033,CR_GUANZHU_0034,commentary,SHSRC0045,commentary_support,尤怡《傷寒貫珠集》對本條有注（對齊相似度0.88）。,傷寒貫珠集:p143,citation_to_node_unique,{},0.882,pending,
REL_02461,SHL_SONGBEN_0027,clause,SHSRC0033,CR_GUANZHU_0035,commentary,SHSRC0045,commentary_support,尤怡《傷寒貫珠集》對本條有注（對齊相似度1.00）。,傷寒貫珠集:p146,citation_to_node_unique,{},1.0,pending,
REL_02462,SHL_SONGBEN_0038,clause,SHSRC0033,CR_GUANZHU_0036,commentary,SHSRC0045,commentary_support,尤怡《傷寒貫珠集》對本條有注（對齊相似度0.95）。,傷寒貫珠集:p165,citation_to_node_unique,{},0.949,pending,
REL_02463,SHL_SONGBEN_0039,clause,SHSRC0033,CR_GUANZHU_0037,commentary,SHSRC0045,commentary_support,尤怡《傷寒貫珠集》對本條有注（對齊相似度1.00）。,傷寒貫珠集:p172,citation_to_node_unique,{},1.0,pending,
REL_02464,SHL_SONGBEN_0040,clause,SHSRC0033,CR_GUANZHU_0038,commentary,SHSRC0045,commentary_support,尤怡《傷寒貫珠集》對本條有注（對齊相似度0.86）。,傷寒貫珠集:p175,citation_to_node_unique,{},0.857,pending,
REL_02465,SHL_SONGBEN_0041,clause,SHSRC0033,CR_GUANZHU_0039,commentary,SHSRC0045,commentary_support,尤怡《傷寒貫珠集》對本條有注（對齊相似度0.94）。,傷寒貫珠集:p193,citation_to_node_unique,{},0.935,pending,
REL_02466,SHL_SONGBEN_0152,clause,SHSRC0033,CR_GUANZHU_0040,commentary,SHSRC0045,commentary_support,尤怡《傷寒貫珠集》對本條有注（對齊相似度0.85）。,傷寒貫珠集:p199,citation_to_node_unique,{},0.852,pending,
REL_02467,SHL_SONGBEN_0074,clause,SHSRC0033,CR_GUANZHU_0041,commentary,SHSRC0045,commentary_support,尤怡《傷寒貫珠集》對本條有注（對齊相似度0.94）。,傷寒貫珠集:p206,citation_to_node_unique,{},0.938,pending,
REL_02468,SHL_SONGBEN_0092,clause,SHSRC0033,CR_GUANZHU_0042,commentary,SHSRC0045,commentary_support,尤怡《傷寒貫珠集》對本條有注（對齊相似度0.82）。,傷寒貫珠集:p213,citation_to_node_unique,{},0.818,pending,
REL_02469,SHL_SONGBEN_0094,clause,SHSRC0033,CR_GUANZHU_0043,commentary,SHSRC0045,commentary_support,尤怡《傷寒貫珠集》對本條有注（對齊相似度0.92）。,傷寒貫珠集:p218,citation_to_node_unique,{},0.923,pending,
REL_02470,SHL_SONGBEN_0102,clause,SHSRC0033,CR_GUANZHU_0044,commentary,SHSRC0045,commentary_support,尤怡《傷寒貫珠集》對本條有注（對齊相似度1.00）。,傷寒貫珠集:p226,citation_to_node_unique,{},1.0,pending,
REL_02471,SHL_SONGBEN_0177,clause,SHSRC0033,CR_GUANZHU_0045,commentary,SHSRC0045,commentary_support,尤怡《傷寒貫珠集》對本條有注（對齊相似度1.00）。,傷寒貫珠集:p230,citation_to_node_unique,{},1.0,pending,
REL_02472,SHL_SONGBEN_0178,clause,SHSRC0033,CR_GUANZHU_0046,commentary,SHSRC0045,commentary_support,尤怡《傷寒貫珠集》對本條有注（對齊相似度0.65）。,傷寒貫珠集:p238,citation_to_node_unique,{},0.649,pending,
REL_02473,SHL_SONGBEN_0024,clause,SHSRC0033,CR_GUANZHU_0047,commentary,SHSRC0045,commentary_support,尤怡《傷寒貫珠集》對本條有注（對齊相似度1.00）。,傷寒貫珠集:p243,citation_to_node_unique,{},1.0,pending,
REL_02474,SHL_SONGBEN_0025,clause,SHSRC0033,CR_GUANZHU_0048,commentary,SHSRC0045,commentary_support,尤怡《傷寒貫珠集》對本條有注（對齊相似度0.90）。,傷寒貫珠集:p245,citation_to_node_unique,{},0.896,pending,
REL_02475,SHL_SONGBEN_0026,clause,SHSRC0033,CR_GUANZHU_0049,commentary,SHSRC0045,commentary_support,尤怡《傷寒貫珠集》對本條有注（對齊相似度1.00）。,傷寒貫珠集:p250,citation_to_node_unique,{},1.0,pending,
REL_02476,SHL_SONGBEN_0028,clause,SHSRC0033,CR_GUANZHU_0050,commentary,SHSRC0045,commentary_support,尤怡《傷寒貫珠集》對本條有注（對齊相似度0.99）。,傷寒貫珠集:p256,citation_to_node_unique,{},0.987,pending,
REL_02477,SHL_SONGBEN_0029,clause,SHSRC0033,CR_GUANZHU_0051,commentary,SHSRC0045,commentary_support,尤怡《傷寒貫珠集》對本條有注（對齊相似度0.96）。,傷寒貫珠集:p260,citation_to_node_unique,{},0.964,pending,
REL_02478,SHL_SONGBEN_0030,clause,SHSRC0033,CR_GUANZHU_0052,commentary,SHSRC0045,commentary_support,尤怡《傷寒貫珠集》對本條有注（對齊相似度0.71）。,傷寒貫珠集:p271,citation_to_node_unique,{},0.707,pending,
REL_02479,SHL_SONGBEN_0020,clause,SHSRC0033,CR_GUANZHU_0053,commentary,SHSRC0045,commentary_support,尤怡《傷寒貫珠集》對本條有注（對齊相似度1.00）。,傷寒貫珠集:p274,citation_to_node_unique,{},1.0,pending,
REL_02480,SHL_SONGBEN_0062,clause,SHSRC0033,CR_GUANZHU_0054,commentary,SHSRC0045,commentary_support,尤怡《傷寒貫珠集》對本條有注（對齊相似度1.00）。,傷寒貫珠集:p279,citation_to_node_unique,{},1.0,pending,
REL_02481,SHL_SONGBEN_0064,clause,SHSRC0033,CR_GUANZHU_0055,commentary,SHSRC0045,commentary_support,尤怡《傷寒貫珠集》對本條有注（對齊相似度1.00）。,傷寒貫珠集:p283,citation_to_node_unique,{},1.0,pending,
REL_02482,SHL_SONGBEN_0065,clause,SHSRC0033,CR_GUANZHU_0056,commentary,SHSRC0045,commentary_support,尤怡《傷寒貫珠集》對本條有注（對齊相似度1.00）。,傷寒貫珠集:p296,citation_to_node_unique,{},1.0,pending,
REL_02483,SHL_SONGBEN_0122,clause,SHSRC0033,CR_GUANZHU_0057,commentary,SHSRC0045,commentary_support,尤怡《傷寒貫珠集》對本條有注（對齊相似度0.95）。,傷寒貫珠集:p303,citation_to_node_unique,{},0.955,pending,
REL_02484,SHL_SONGBEN_0066,clause,SHSRC0033,CR_GUANZHU_0058,commentary,SHSRC0045,commentary_support,尤怡《傷寒貫珠集》對本條有注（對齊相似度0.84）。,傷寒貫珠集:p305,citation_to_node_unique,{},0.842,pending,
REL_02485,SHL_SONGBEN_0057,clause,SHSRC0033,CR_GUANZHU_0059,commentary,SHSRC0045,commentary_support,尤怡《傷寒貫珠集》對本條有注（對齊相似度0.88）。,傷寒貫珠集:p310,citation_to_node_unique,{},0.884,pending,
REL_02486,SHL_SONGBEN_0068,clause,SHSRC0033,CR_GUANZHU_0060,commentary,SHSRC0045,commentary_support,尤怡《傷寒貫珠集》對本條有注（對齊相似度0.85）。,傷寒貫珠集:p313,citation_to_node_unique,{},0.85,pending,
REL_02487,SHL_SONGBEN_0070,clause,SHSRC0033,CR_GUANZHU_0061,commentary,SHSRC0045,commentary_support,尤怡《傷寒貫珠集》對本條有注（對齊相似度1.00）。,傷寒貫珠集:p318,citation_to_node_unique,{},1.0,pending,
REL_02488,SHL_SONGBEN_0063,clause,SHSRC0033,CR_GUANZHU_0062,commentary,SHSRC0045,commentary_support,尤怡《傷寒貫珠集》對本條有注（對齊相似度1.00）。,傷寒貫珠集:p320,citation_to_node_first_of_multiple,{},1.0,pending,
REL_02489,SHL_SONGBEN_0127,clause,SHSRC0033,CR_GUANZHU_0063,commentary,SHSRC0045,commentary_support,尤怡《傷寒貫珠集》對本條有注（對齊相似度0.91）。,傷寒貫珠集:p330,citation_to_node_unique,{},0.909,pending,
REL_02490,SHL_SONGBEN_0161,clause,SHSRC0033,CR_GUANZHU_0064,commentary,SHSRC0045,commentary_support,尤怡《傷寒貫珠集》對本條有注（對齊相似度0.86）。,傷寒貫珠集:p336,citation_to_node_unique,{},0.863,pending,
REL_02491,SHL_SONGBEN_0067,clause,SHSRC0033,CR_GUANZHU_0065,commentary,SHSRC0045,commentary_support,尤怡《傷寒貫珠集》對本條有注（對齊相似度0.85）。,傷寒貫珠集:p342,citation_to_node_unique,{},0.853,pending,
REL_02492,SHL_SONGBEN_0058,clause,SHSRC0033,CR_GUANZHU_0066,commentary,SHSRC0045,commentary_support,尤怡《傷寒貫珠集》對本條有注（對齊相似度0.95）。,傷寒貫珠集:p348,citation_to_node_unique,{},0.952,pending,
REL_02493,SHL_SONGBEN_0071,clause,SHSRC0033,CR_GUANZHU_0067,commentary,SHSRC0045,commentary_support,尤怡《傷寒貫珠集》對本條有注（對齊相似度0.74）。,傷寒貫珠集:p352,citation_to_node_unique,{},0.741,pending,
REL_02494,SHL_SONGBEN_0073,clause,SHSRC0033,CR_GUANZHU_0068,commentary,SHSRC0045,commentary_support,尤怡《傷寒貫珠集》對本條有注（對齊相似度1.00）。,傷寒貫珠集:p359,citation_to_node_unique,{},1.0,pending,
REL_02495,SHL_SONGBEN_0124,clause,SHSRC0033,CR_GUANZHU_0069,commentary,SHSRC0045,commentary_support,尤怡《傷寒貫珠集》對本條有注（對齊相似度0.93）。,傷寒貫珠集:p376,citation_to_node_unique,{},0.931,pending,
REL_02496,SHL_SONGBEN_0125,clause,SHSRC0033,CR_GUANZHU_0070,commentary,SHSRC0045,commentary_support,尤怡《傷寒貫珠集》對本條有注（對齊相似度0.87）。,傷寒貫珠集:p382,citation_to_node_unique,{},0.866,pending,
REL_02497,SHL_SONGBEN_0126,clause,SHSRC0033,CR_GUANZHU_0071,commentary,SHSRC0045,commentary_support,尤怡《傷寒貫珠集》對本條有注（對齊相似度0.93）。,傷寒貫珠集:p385,citation_to_node_unique,{},0.933,pending,
REL_02498,SHL_SONGBEN_0129,clause,SHSRC0033,CR_GUANZHU_0072,commentary,SHSRC0045,commentary_support,尤怡《傷寒貫珠集》對本條有注（對齊相似度0.65）。,傷寒貫珠集:p391,citation_to_node_unique,{},0.652,pending,
REL_02499,SHL_SONGBEN_0130,clause,SHSRC0033,CR_GUANZHU_0073,commentary,SHSRC0045,commentary_support,尤怡《傷寒貫珠集》對本條有注（對齊相似度0.86）。,傷寒貫珠集:p394,citation_to_node_unique,{},0.864,pending,
REL_02500,SHL_SONGBEN_0167,clause,SHSRC0033,CR_GUANZHU_0074,commentary,SHSRC0045,commentary_support,尤怡《傷寒貫珠集》對本條有注（對齊相似度0.82）。,傷寒貫珠集:p396,citation_to_node_unique,{},0.818,pending,
REL_02501,SHL_SONGBEN_0131,clause,SHSRC0033,CR_GUANZHU_0075,commentary,SHSRC0045,commentary_support,尤怡《傷寒貫珠集》對本條有注（對齊相似度0.75）。,傷寒貫珠集:p399,citation_to_node_unique,{},0.747,pending,
REL_02502,SHL_SONGBEN_0134,clause,SHSRC0033,CR_GUANZHU_0076,commentary,SHSRC0045,commentary_support,尤怡《傷寒貫珠集》對本條有注（對齊相似度0.90）。,傷寒貫珠集:p405,citation_to_node_unique,{},0.897,pending,
REL_02503,SHL_SONGBEN_0135,clause,SHSRC0033,CR_GUANZHU_0077,commentary,SHSRC0045,commentary_support,尤怡《傷寒貫珠集》對本條有注（對齊相似度0.92）。,傷寒貫珠集:p414,citation_to_node_unique,{},0.923,pending,
REL_02504,SHL_SONGBEN_0136,clause,SHSRC0033,CR_GUANZHU_0078,commentary,SHSRC0045,commentary_support,尤怡《傷寒貫珠集》對本條有注（對齊相似度0.86）。,傷寒貫珠集:p416,citation_to_node_unique,{},0.864,pending,
REL_02505,SHL_SONGBEN_0137,clause,SHSRC0033,CR_GUANZHU_0079,commentary,SHSRC0045,commentary_support,尤怡《傷寒貫珠集》對本條有注（對齊相似度0.82）。,傷寒貫珠集:p419,citation_to_node_unique,{},0.825,pending,
REL_02506,SHL_SONGBEN_0138,clause,SHSRC0033,CR_GUANZHU_0080,commentary,SHSRC0045,commentary_support,尤怡《傷寒貫珠集》對本條有注（對齊相似度1.00）。,傷寒貫珠集:p427,citation_to_node_unique,{},1.0,pending,
REL_02507,SHL_SONGBEN_0141,clause,SHSRC0033,CR_GUANZHU_0081,commentary,SHSRC0045,commentary_support,尤怡《傷寒貫珠集》對本條有注（對齊相似度0.95）。,傷寒貫珠集:p432,citation_to_node_unique,{},0.95,pending,
REL_02508,SHL_SONGBEN_0150,clause,SHSRC0033,CR_GUANZHU_0082,commentary,SHSRC0045,commentary_support,尤怡《傷寒貫珠集》對本條有注（對齊相似度0.85）。,傷寒貫珠集:p439,citation_to_node_unique,{},0.852,pending,
REL_02509,SHL_SONGBEN_0132,clause,SHSRC0033,CR_GUANZHU_0083,commentary,SHSRC0045,commentary_support,尤怡《傷寒貫珠集》對本條有注（對齊相似度1.00）。,傷寒貫珠集:p441,citation_to_node_unique,{},1.0,pending,
REL_02510,SHL_SONGBEN_0133,clause,SHSRC0033,CR_GUANZHU_0084,commentary,SHSRC0045,commentary_support,尤怡《傷寒貫珠集》對本條有注（對齊相似度0.82）。,傷寒貫珠集:p444,citation_to_node_unique,{},0.818,pending,
REL_02511,SHL_SONGBEN_0151,clause,SHSRC0033,CR_GUANZHU_0085,commentary,SHSRC0045,commentary_support,尤怡《傷寒貫珠集》對本條有注（對齊相似度0.91）。,傷寒貫珠集:p447,citation_to_node_unique,{},0.909,pending,
REL_02512,SHL_SONGBEN_0154,clause,SHSRC0033,CR_GUANZHU_0086,commentary,SHSRC0045,commentary_support,尤怡《傷寒貫珠集》對本條有注（對齊相似度1.00）。,傷寒貫珠集:p451,citation_to_node_unique,{},1.0,pending,
REL_02513,SHL_SONGBEN_0155,clause,SHSRC0033,CR_GUANZHU_0087,commentary,SHSRC0045,commentary_support,尤怡《傷寒貫珠集》對本條有注（對齊相似度1.00）。,傷寒貫珠集:p457,citation_to_node_unique,{},1.0,pending,
REL_02514,SHL_SONGBEN_0149,clause,SHSRC0033,CR_GUANZHU_0088,commentary,SHSRC0045,commentary_support,尤怡《傷寒貫珠集》對本條有注（對齊相似度0.70）。,傷寒貫珠集:p464,citation_to_node_unique,{},0.703,pending,
REL_02515,SHL_SONGBEN_0158,clause,SHSRC0033,CR_GUANZHU_0089,commentary,SHSRC0045,commentary_support,尤怡《傷寒貫珠集》對本條有注（對齊相似度0.89）。,傷寒貫珠集:p477,citation_to_node_unique,{},0.889,pending,
REL_02516,SHL_SONGBEN_0076,clause,SHSRC0033,CR_GUANZHU_0090,commentary,SHSRC0045,commentary_support,尤怡《傷寒貫珠集》對本條有注（對齊相似度0.80）。,傷寒貫珠集:p491,citation_to_node_unique,{},0.8,pending,
REL_02517,SHL_SONGBEN_0078,clause,SHSRC0033,CR_GUANZHU_0091,commentary,SHSRC0045,commentary_support,尤怡《傷寒貫珠集》對本條有注（對齊相似度1.00）。,傷寒貫珠集:p501,citation_to_node_unique,{},1.0,pending,
REL_02518,SHL_SONGBEN_0079,clause,SHSRC0033,CR_GUANZHU_0092,commentary,SHSRC0045,commentary_support,尤怡《傷寒貫珠集》對本條有注（對齊相似度1.00）。,傷寒貫珠集:p503,citation_to_node_unique,{},1.0,pending,
REL_02519,SHL_SONGBEN_0080,clause,SHSRC0033,CR_GUANZHU_0093,commentary,SHSRC0045,commentary_support,尤怡《傷寒貫珠集》對本條有注（對齊相似度1.00）。,傷寒貫珠集:p508,citation_to_node_unique,{},1.0,pending,
REL_02520,SHL_SONGBEN_0081,clause,SHSRC0033,CR_GUANZHU_0094,commentary,SHSRC0045,commentary_support,尤怡《傷寒貫珠集》對本條有注（對齊相似度0.87）。,傷寒貫珠集:p513,citation_to_node_unique,{},0.867,pending,
REL_02521,SHL_SONGBEN_0034,clause,SHSRC0033,CR_GUANZHU_0095,commentary,SHSRC0045,commentary_support,尤怡《傷寒貫珠集》對本條有注（對齊相似度0.94）。,傷寒貫珠集:p517,citation_to_node_unique,{},0.941,pending,
REL_02522,SHL_SONGBEN_0163,clause,SHSRC0033,CR_GUANZHU_0096,commentary,SHSRC0045,commentary_support,尤怡《傷寒貫珠集》對本條有注（對齊相似度0.89）。,傷寒貫珠集:p524,citation_to_node_unique,{},0.886,pending,
REL_02523,SHL_SONGBEN_0091,clause,SHSRC0033,CR_GUANZHU_0097,commentary,SHSRC0045,commentary_support,尤怡《傷寒貫珠集》對本條有注（對齊相似度0.92）。,傷寒貫珠集:p530,citation_to_node_unique,{},0.921,pending,
REL_02524,SHL_SONGBEN_0159,clause,SHSRC0033,CR_GUANZHU_0098,commentary,SHSRC0045,commentary_support,尤怡《傷寒貫珠集》對本條有注（對齊相似度0.68）。,傷寒貫珠集:p537,citation_to_node_unique,{},0.682,pending,
REL_02525,SHL_SONGBEN_0140,clause,SHSRC0033,CR_GUANZHU_0099,commentary,SHSRC0045,commentary_support,尤怡《傷寒貫珠集》對本條有注（對齊相似度0.95）。,傷寒貫珠集:p543,citation_to_node_unique,{},0.946,pending,
REL_02526,SHL_SONGBEN_0021,clause,SHSRC0033,CR_GUANZHU_0100,commentary,SHSRC0045,commentary_support,尤怡《傷寒貫珠集》對本條有注（對齊相似度0.75）。,傷寒貫珠集:p547,citation_to_node_unique,{},0.75,pending,
REL_02527,SHL_SONGBEN_0022,clause,SHSRC0033,CR_GUANZHU_0101,commentary,SHSRC0045,commentary_support,尤怡《傷寒貫珠集》對本條有注（對齊相似度0.70）。,傷寒貫珠集:p551,citation_to_node_unique,{},0.696,pending,
REL_02528,SHL_SONGBEN_0043,clause,SHSRC0033,CR_GUANZHU_0102,commentary,SHSRC0045,commentary_support,尤怡《傷寒貫珠集》對本條有注（對齊相似度0.78）。,傷寒貫珠集:p553,citation_to_node_unique,{},0.784,pending,
REL_02529,SHL_SONGBEN_0015,clause,SHSRC0033,CR_GUANZHU_0103,commentary,SHSRC0045,commentary_support,尤怡《傷寒貫珠集》對本條有注（對齊相似度0.94）。,傷寒貫珠集:p555,citation_to_node_unique,{},0.941,pending,
REL_02530,SHL_SONGBEN_0107,clause,SHSRC0033,CR_GUANZHU_0104,commentary,SHSRC0045,commentary_support,尤怡《傷寒貫珠集》對本條有注（對齊相似度1.00）。,傷寒貫珠集:p557,citation_to_node_unique,{},1.0,pending,
REL_02531,SHL_SONGBEN_0098,clause,SHSRC0033,CR_GUANZHU_0105,commentary,SHSRC0045,commentary_support,尤怡《傷寒貫珠集》對本條有注（對齊相似度0.90）。,傷寒貫珠集:p563,citation_to_node_unique,{},0.905,pending,
REL_02532,SHL_SONGBEN_0156,clause,SHSRC0033,CR_GUANZHU_0106,commentary,SHSRC0045,commentary_support,尤怡《傷寒貫珠集》對本條有注（對齊相似度1.00）。,傷寒貫珠集:p567,citation_to_node_unique,{},1.0,pending,
REL_02533,SHL_SONGBEN_0063,clause,SHSRC0033,CR_GUANZHU_0062,commentary,SHSRC0045,commentary_support,尤怡《傷寒貫珠集》對本條有注（對齊相似度0.95）。,傷寒貫珠集:p570,citation_to_node_first_of_multiple,{},0.945,pending,
REL_02534,SHL_SONGBEN_0090,clause,SHSRC0033,CR_GUANZHU_0108,commentary,SHSRC0045,commentary_support,尤怡《傷寒貫珠集》對本條有注（對齊相似度0.96）。,傷寒貫珠集:p573,citation_to_node_unique,{},0.96,pending,
REL_02535,SHL_SONGBEN_0045,clause,SHSRC0033,CR_GUANZHU_0109,commentary,SHSRC0045,commentary_support,尤怡《傷寒貫珠集》對本條有注（對齊相似度0.94）。,傷寒貫珠集:p575,citation_to_node_unique,{},0.94,pending,
REL_02536,SHL_SONGBEN_0093,clause,SHSRC0033,CR_GUANZHU_0110,commentary,SHSRC0045,commentary_support,尤怡《傷寒貫珠集》對本條有注（對齊相似度0.77）。,傷寒貫珠集:p578,citation_to_node_unique,{},0.769,pending,
REL_02537,SHL_SONGBEN_0059,clause,SHSRC0033,CR_GUANZHU_0111,commentary,SHSRC0045,commentary_support,尤怡《傷寒貫珠集》對本條有注（對齊相似度1.00）。,傷寒貫珠集:p581,citation_to_node_unique,{},1.0,pending,
REL_02538,SHL_SONGBEN_0060,clause,SHSRC0033,CR_GUANZHU_0112,commentary,SHSRC0045,commentary_support,尤怡《傷寒貫珠集》對本條有注（對齊相似度1.00）。,傷寒貫珠集:p583,citation_to_node_unique,{},1.0,pending,
REL_02539,SHL_SONGBEN_0061,clause,SHSRC0033,CR_GUANZHU_0113,commentary,SHSRC0045,commentary_support,尤怡《傷寒貫珠集》對本條有注（對齊相似度0.95）。,傷寒貫珠集:p586,citation_to_node_unique,{},0.947,pending,
REL_02540,SHL_SONGBEN_0069,clause,SHSRC0033,CR_GUANZHU_0114,commentary,SHSRC0045,commentary_support,尤怡《傷寒貫珠集》對本條有注（對齊相似度1.00）。,傷寒貫珠集:p592,citation_to_node_unique,{},1.0,pending,
REL_02541,SHL_SONGBEN_0173,clause,SHSRC0033,CR_GUANZHU_0115,commentary,SHSRC0045,commentary_support,尤怡《傷寒貫珠集》對本條有注（對齊相似度1.00）。,傷寒貫珠集:p599,citation_to_node_unique,{},1.0,pending,
REL_02542,SHL_SONGBEN_0120,clause,SHSRC0033,CR_GUANZHU_0116,commentary,SHSRC0045,commentary_support,尤怡《傷寒貫珠集》對本條有注（對齊相似度0.94）。,傷寒貫珠集:p605,citation_to_node_unique,{},0.942,pending,
REL_02543,SHL_SONGBEN_0121,clause,SHSRC0033,CR_GUANZHU_0117,commentary,SHSRC0045,commentary_support,尤怡《傷寒貫珠集》對本條有注（對齊相似度1.00）。,傷寒貫珠集:p608,citation_to_node_unique,{},1.0,pending,
REL_02544,SHL_SONGBEN_0123,clause,SHSRC0033,CR_GUANZHU_0118,commentary,SHSRC0045,commentary_support,尤怡《傷寒貫珠集》對本條有注（對齊相似度0.87）。,傷寒貫珠集:p610,citation_to_node_unique,{},0.874,pending,
REL_02545,SHL_SONGBEN_0016,clause,SHSRC0033,CR_GUANZHU_0119,commentary,SHSRC0045,commentary_support,尤怡《傷寒貫珠集》對本條有注（對齊相似度0.61）。,傷寒貫珠集:p612,citation_to_node_unique,{},0.614,pending,
REL_02546,SHL_SONGBEN_0115,clause,SHSRC0033,CR_GUANZHU_0120,commentary,SHSRC0045,commentary_support,尤怡《傷寒貫珠集》對本條有注（對齊相似度0.84）。,傷寒貫珠集:p624,citation_to_node_unique,{},0.844,pending,
REL_02547,SHL_SONGBEN_0114,clause,SHSRC0033,CR_GUANZHU_0121,commentary,SHSRC0045,commentary_support,尤怡《傷寒貫珠集》對本條有注（對齊相似度0.83）。,傷寒貫珠集:p626,citation_to_node_unique,{},0.833,pending,
REL_02548,SHL_SONGBEN_0119,clause,SHSRC0033,CR_GUANZHU_0122,commentary,SHSRC0045,commentary_support,尤怡《傷寒貫珠集》對本條有注（對齊相似度1.00）。,傷寒貫珠集:p628,citation_to_node_unique,{},1.0,pending,
REL_02549,SHL_SONGBEN_0111,clause,SHSRC0033,CR_GUANZHU_0123,commentary,SHSRC0045,commentary_support,尤怡《傷寒貫珠集》對本條有注（對齊相似度0.98）。,傷寒貫珠集:p630,citation_to_node_unique,{},0.984,pending,
REL_02550,SHL_SONGBEN_0110,clause,SHSRC0033,CR_GUANZHU_0124,commentary,SHSRC0045,commentary_support,尤怡《傷寒貫珠集》對本條有注（對齊相似度0.73）。,傷寒貫珠集:p632,citation_to_node_unique,{},0.728,pending,
REL_02551,SHL_SONGBEN_0118,clause,SHSRC0033,CR_GUANZHU_0125,commentary,SHSRC0045,commentary_support,尤怡《傷寒貫珠集》對本條有注（對齊相似度1.00）。,傷寒貫珠集:p638,citation_to_node_unique,{},1.0,pending,
REL_02552,SHL_SONGBEN_0112,clause,SHSRC0033,CR_GUANZHU_0126,commentary,SHSRC0045,commentary_support,尤怡《傷寒貫珠集》對本條有注（對齊相似度0.86）。,傷寒貫珠集:p643,citation_to_node_unique,{},0.861,pending,
REL_02553,SHL_SONGBEN_0006,clause,SHSRC0033,CR_GUANZHU_0127,commentary,SHSRC0045,commentary_support,尤怡《傷寒貫珠集》對本條有注（對齊相似度0.62）。,傷寒貫珠集:p659,citation_to_node_unique,{},0.621,pending,
REL_02554,SHL_SONGBEN_0014,clause,SHSRC0033,CR_GUANZHU_0128,commentary,SHSRC0045,commentary_support,尤怡《傷寒貫珠集》對本條有注（對齊相似度0.80）。,傷寒貫珠集:p678,citation_to_node_unique,{},0.8,pending,
REL_02555,SHL_SONGBEN_0174,clause,SHSRC0033,CR_GUANZHU_0129,commentary,SHSRC0045,commentary_support,尤怡《傷寒貫珠集》對本條有注（對齊相似度0.90）。,傷寒貫珠集:p700,citation_to_node_unique,{},0.902,pending,
REL_02556,SHL_SONGBEN_0175,clause,SHSRC0033,CR_GUANZHU_0130,commentary,SHSRC0045,commentary_support,尤怡《傷寒貫珠集》對本條有注（對齊相似度0.93）。,傷寒貫珠集:p708,citation_to_node_unique,{},0.932,pending,
REL_02557,SHL_SONGBEN_0382,clause,SHSRC0033,CR_GUANZHU_0131,commentary,SHSRC0045,commentary_support,尤怡《傷寒貫珠集》對本條有注（對齊相似度0.81）。,傷寒貫珠集:p724,citation_to_node_unique,{},0.812,pending,
REL_02558,SHL_SONGBEN_0383,clause,SHSRC0033,CR_GUANZHU_0132,commentary,SHSRC0045,commentary_support,尤怡《傷寒貫珠集》對本條有注（對齊相似度0.99）。,傷寒貫珠集:p727,citation_to_node_unique,{},0.985,pending,
REL_02559,SHL_SONGBEN_0384,clause,SHSRC0033,CR_GUANZHU_0133,commentary,SHSRC0045,commentary_support,尤怡《傷寒貫珠集》對本條有注（對齊相似度0.69）。,傷寒貫珠集:p729,citation_to_node_unique,{},0.695,pending,
REL_02560,SHL_SONGBEN_0385,clause,SHSRC0033,CR_GUANZHU_0134,commentary,SHSRC0045,commentary_support,尤怡《傷寒貫珠集》對本條有注（對齊相似度0.92）。,傷寒貫珠集:p733,citation_to_node_unique,{},0.919,pending,
REL_02561,SHL_SONGBEN_0386,clause,SHSRC0033,CR_GUANZHU_0135,commentary,SHSRC0045,commentary_support,尤怡《傷寒貫珠集》對本條有注（對齊相似度1.00）。,傷寒貫珠集:p737,citation_to_node_unique,{},1.0,pending,
REL_02562,SHL_SONGBEN_0387,clause,SHSRC0033,CR_GUANZHU_0136,commentary,SHSRC0045,commentary_support,尤怡《傷寒貫珠集》對本條有注（對齊相似度1.00）。,傷寒貫珠集:p755,citation_to_node_unique,{},1.0,pending,
REL_02563,SHL_SONGBEN_0388,clause,SHSRC0033,CR_GUANZHU_0137,commentary,SHSRC0045,commentary_support,尤怡《傷寒貫珠集》對本條有注（對齊相似度0.90）。,傷寒貫珠集:p757,citation_to_node_unique,{},0.905,pending,
REL_02564,SHL_SONGBEN_0389,clause,SHSRC0033,CR_GUANZHU_0138,commentary,SHSRC0045,commentary_support,尤怡《傷寒貫珠集》對本條有注（對齊相似度1.00）。,傷寒貫珠集:p759,citation_to_node_unique,{},1.0,pending,
REL_02565,SHL_SONGBEN_0390,clause,SHSRC0033,CR_GUANZHU_0139,commentary,SHSRC0045,commentary_support,尤怡《傷寒貫珠集》對本條有注（對齊相似度0.93）。,傷寒貫珠集:p761,citation_to_node_unique,{},0.929,pending,
REL_02566,SHL_SONGBEN_0391,clause,SHSRC0033,CR_GUANZHU_0140,commentary,SHSRC0045,commentary_support,尤怡《傷寒貫珠集》對本條有注（對齊相似度1.00）。,傷寒貫珠集:p765,citation_to_node_unique,{},1.0,pending,
REL_02567,SHL_SONGBEN_0166,clause,SHSRC0033,CR_GUANZHU_0141,commentary,SHSRC0045,commentary_support,尤怡《傷寒貫珠集》對本條有注（對齊相似度0.77）。,傷寒貫珠集:p768,citation_to_node_unique,{},0.767,pending,
REL_02568,SHL_SONGBEN_0180,clause,SHSRC0033,CR_GUANZHU_0142,commentary,SHSRC0045,commentary_support,尤怡《傷寒貫珠集》對本條有注（對齊相似度0.82）。,傷寒貫珠集:p776,citation_to_node_unique,{},0.824,pending,
REL_02569,SHL_SONGBEN_0179,clause,SHSRC0033,CR_GUANZHU_0143,commentary,SHSRC0045,commentary_support,尤怡《傷寒貫珠集》對本條有注（對齊相似度0.74）。,傷寒貫珠集:p779,citation_to_node_unique,{},0.743,pending,
REL_02570,SHL_SONGBEN_0184,clause,SHSRC0033,CR_GUANZHU_0144,commentary,SHSRC0045,commentary_support,尤怡《傷寒貫珠集》對本條有注（對齊相似度0.88）。,傷寒貫珠集:p784,citation_to_node_unique,{},0.879,pending,
REL_02571,SHL_SONGBEN_0181,clause,SHSRC0033,CR_GUANZHU_0145,commentary,SHSRC0045,commentary_support,尤怡《傷寒貫珠集》對本條有注（對齊相似度0.74）。,傷寒貫珠集:p788,citation_to_node_unique,{},0.744,pending,
REL_02572,SHL_SONGBEN_0218,clause,SHSRC0033,CR_GUANZHU_0146,commentary,SHSRC0045,commentary_support,尤怡《傷寒貫珠集》對本條有注（對齊相似度0.88）。,傷寒貫珠集:p792,citation_to_node_unique,{},0.882,pending,
REL_02573,SHL_SONGBEN_0245,clause,SHSRC0033,CR_GUANZHU_0147,commentary,SHSRC0045,commentary_support,尤怡《傷寒貫珠集》對本條有注（對齊相似度0.83）。,傷寒貫珠集:p794,citation_to_node_unique,{},0.831,pending,
REL_02574,SHL_SONGBEN_0246,clause,SHSRC0033,CR_GUANZHU_0148,commentary,SHSRC0045,commentary_support,尤怡《傷寒貫珠集》對本條有注（對齊相似度1.00）。,傷寒貫珠集:p796,citation_to_node_unique,{},1.0,pending,
REL_02575,SHL_SONGBEN_0188,clause,SHSRC0033,CR_GUANZHU_0149,commentary,SHSRC0045,commentary_support,尤怡《傷寒貫珠集》對本條有注（對齊相似度0.74）。,傷寒貫珠集:p800,citation_to_node_unique,{},0.741,pending,
REL_02576,SHL_SONGBEN_0248,clause,SHSRC0033,CR_GUANZHU_0150,commentary,SHSRC0045,commentary_support,尤怡《傷寒貫珠集》對本條有注（對齊相似度1.00）。,傷寒貫珠集:p805,citation_to_node_unique,{},1.0,pending,
REL_02577,SHL_SONGBEN_0105,clause,SHSRC0033,CR_GUANZHU_0151,commentary,SHSRC0045,commentary_support,尤怡《傷寒貫珠集》對本條有注（對齊相似度0.72）。,傷寒貫珠集:p809,citation_to_node_unique,{},0.724,pending,
REL_02578,SHL_SONGBEN_0207,clause,SHSRC0033,CR_GUANZHU_0152,commentary,SHSRC0045,commentary_support,尤怡《傷寒貫珠集》對本條有注（對齊相似度1.00）。,傷寒貫珠集:p811,citation_to_node_unique,{},1.0,pending,
REL_02579,SHL_SONGBEN_0249,clause,SHSRC0033,CR_GUANZHU_0153,commentary,SHSRC0045,commentary_support,尤怡《傷寒貫珠集》對本條有注（對齊相似度1.00）。,傷寒貫珠集:p814,citation_to_node_unique,{},1.0,pending,
REL_02580,SHL_SONGBEN_0250,clause,SHSRC0033,CR_GUANZHU_0154,commentary,SHSRC0045,commentary_support,尤怡《傷寒貫珠集》對本條有注（對齊相似度0.87）。,傷寒貫珠集:p817,citation_to_node_unique,{},0.873,pending,
REL_02581,SHL_SONGBEN_0241,clause,SHSRC0033,CR_GUANZHU_0155,commentary,SHSRC0045,commentary_support,尤怡《傷寒貫珠集》對本條有注（對齊相似度1.00）。,傷寒貫珠集:p828,citation_to_node_unique,{},1.0,pending,
REL_02582,SHL_SONGBEN_0212,clause,SHSRC0033,CR_GUANZHU_0156,commentary,SHSRC0045,commentary_support,尤怡《傷寒貫珠集》對本條有注（對齊相似度0.93）。,傷寒貫珠集:p830,citation_to_node_unique,{},0.933,pending,
REL_02583,SHL_SONGBEN_0220,clause,SHSRC0033,CR_GUANZHU_0157,commentary,SHSRC0045,commentary_support,尤怡《傷寒貫珠集》對本條有注（對齊相似度0.88）。,傷寒貫珠集:p833,citation_to_node_unique,{},0.875,pending,
REL_02584,SHL_SONGBEN_0252,clause,SHSRC0033,CR_GUANZHU_0158,commentary,SHSRC0045,commentary_support,尤怡《傷寒貫珠集》對本條有注（對齊相似度0.94）。,傷寒貫珠集:p838,citation_to_node_unique,{},0.943,pending,
REL_02585,SHL_SONGBEN_0253,clause,SHSRC0033,CR_GUANZHU_0159,commentary,SHSRC0045,commentary_support,尤怡《傷寒貫珠集》對本條有注（對齊相似度1.00）。,傷寒貫珠集:p841,citation_to_node_unique,{},1.0,pending,
REL_02586,SHL_SONGBEN_0254,clause,SHSRC0033,CR_GUANZHU_0160,commentary,SHSRC0045,commentary_support,尤怡《傷寒貫珠集》對本條有注（對齊相似度1.00）。,傷寒貫珠集:p843,citation_to_node_unique,{},1.0,pending,
REL_02587,SHL_SONGBEN_0168,clause,SHSRC0033,CR_GUANZHU_0161,commentary,SHSRC0045,commentary_support,尤怡《傷寒貫珠集》對本條有注（對齊相似度0.77）。,傷寒貫珠集:p851,citation_to_node_unique,{},0.769,pending,
REL_02588,SHL_SONGBEN_0169,clause,SHSRC0033,CR_GUANZHU_0162,commentary,SHSRC0045,commentary_support,尤怡《傷寒貫珠集》對本條有注（對齊相似度1.00）。,傷寒貫珠集:p856,citation_to_node_unique,{},1.0,pending,
REL_02589,SHL_SONGBEN_0170,clause,SHSRC0033,CR_GUANZHU_0163,commentary,SHSRC0045,commentary_support,尤怡《傷寒貫珠集》對本條有注（對齊相似度0.95）。,傷寒貫珠集:p858,citation_to_node_unique,{},0.954,pending,
REL_02590,SHL_SONGBEN_0186,clause,SHSRC0033,CR_GUANZHU_0164,commentary,SHSRC0045,commentary_support,尤怡《傷寒貫珠集》對本條有注（對齊相似度1.00）。,傷寒貫珠集:p861,citation_to_node_unique,{},1.0,pending,
REL_02591,SHL_SONGBEN_0201,clause,SHSRC0033,CR_GUANZHU_0165,commentary,SHSRC0045,commentary_support,尤怡《傷寒貫珠集》對本條有注（對齊相似度1.00）。,傷寒貫珠集:p865,citation_to_node_unique,{},1.0,pending,
REL_02592,SHL_SONGBEN_0197,clause,SHSRC0033,CR_GUANZHU_0166,commentary,SHSRC0045,commentary_support,尤怡《傷寒貫珠集》對本條有注（對齊相似度0.82）。,傷寒貫珠集:p868,citation_to_node_unique,{},0.824,pending,
REL_02593,SHL_SONGBEN_0202,clause,SHSRC0033,CR_GUANZHU_0167,commentary,SHSRC0045,commentary_support,尤怡《傷寒貫珠集》對本條有注（對齊相似度0.87）。,傷寒貫珠集:p871,citation_to_node_unique,{},0.867,pending,
REL_02594,SHL_SONGBEN_0227,clause,SHSRC0033,CR_GUANZHU_0168,commentary,SHSRC0045,commentary_support,尤怡《傷寒貫珠集》對本條有注（對齊相似度1.00）。,傷寒貫珠集:p873,citation_to_node_unique,{},1.0,pending,
REL_02595,SHL_SONGBEN_0235,clause,SHSRC0033,CR_GUANZHU_0169,commentary,SHSRC0045,commentary_support,尤怡《傷寒貫珠集》對本條有注（對齊相似度1.00）。,傷寒貫珠集:p876,citation_to_node_unique,{},1.0,pending,
REL_02596,SHL_SONGBEN_0048,clause,SHSRC0033,CR_GUANZHU_0170,commentary,SHSRC0045,commentary_support,尤怡《傷寒貫珠集》對本條有注（對齊相似度0.86）。,傷寒貫珠集:p879,citation_to_node_unique,{},0.858,pending,
REL_02597,SHL_SONGBEN_0229,clause,SHSRC0033,CR_GUANZHU_0171,commentary,SHSRC0045,commentary_support,尤怡《傷寒貫珠集》對本條有注（對齊相似度0.81）。,傷寒貫珠集:p882,citation_to_node_unique,{},0.809,pending,
REL_02598,SHL_SONGBEN_0230,clause,SHSRC0033,CR_GUANZHU_0172,commentary,SHSRC0045,commentary_support,尤怡《傷寒貫珠集》對本條有注（對齊相似度0.73）。,傷寒貫珠集:p885,citation_to_node_unique,{},0.732,pending,
REL_02599,SHL_SONGBEN_0190,clause,SHSRC0033,CR_GUANZHU_0173,commentary,SHSRC0045,commentary_support,尤怡《傷寒貫珠集》對本條有注（對齊相似度1.00）。,傷寒貫珠集:p889,citation_to_node_unique,{},1.0,pending,
REL_02600,SHL_SONGBEN_0191,clause,SHSRC0033,CR_GUANZHU_0174,commentary,SHSRC0045,commentary_support,尤怡《傷寒貫珠集》對本條有注（對齊相似度0.89）。,傷寒貫珠集:p892,citation_to_node_unique,{},0.886,pending,
REL_02601,SHL_SONGBEN_0225,clause,SHSRC0033,CR_GUANZHU_0175,commentary,SHSRC0045,commentary_support,尤怡《傷寒貫珠集》對本條有注（對齊相似度0.65）。,傷寒貫珠集:p894,citation_to_node_unique,{},0.652,pending,
REL_02602,SHL_SONGBEN_0243,clause,SHSRC0033,CR_GUANZHU_0176,commentary,SHSRC0045,commentary_support,尤怡《傷寒貫珠集》對本條有注（對齊相似度0.95）。,傷寒貫珠集:p897,citation_to_node_unique,{},0.955,pending,
REL_02603,SHL_SONGBEN_0189,clause,SHSRC0033,CR_GUANZHU_0177,commentary,SHSRC0045,commentary_support,尤怡《傷寒貫珠集》對本條有注（對齊相似度1.00）。,傷寒貫珠集:p901,citation_to_node_unique,{},1.0,pending,
REL_02604,SHL_SONGBEN_0231,clause,SHSRC0033,CR_GUANZHU_0178,commentary,SHSRC0045,commentary_support,尤怡《傷寒貫珠集》對本條有注（對齊相似度0.78）。,傷寒貫珠集:p904,citation_to_node_unique,{},0.783,pending,
REL_02605,SHL_SONGBEN_0198,clause,SHSRC0033,CR_GUANZHU_0179,commentary,SHSRC0045,commentary_support,尤怡《傷寒貫珠集》對本條有注（對齊相似度0.72）。,傷寒貫珠集:p907,citation_to_node_unique,{},0.72,pending,
REL_02606,SHL_SONGBEN_0192,clause,SHSRC0033,CR_GUANZHU_0180,commentary,SHSRC0045,commentary_support,尤怡《傷寒貫珠集》對本條有注（對齊相似度0.84）。,傷寒貫珠集:p909,citation_to_node_unique,{},0.837,pending,
REL_02607,SHL_SONGBEN_0240,clause,SHSRC0033,CR_GUANZHU_0181,commentary,SHSRC0045,commentary_support,尤怡《傷寒貫珠集》對本條有注（對齊相似度0.95）。,傷寒貫珠集:p914,citation_to_node_unique,{},0.955,pending,
REL_02608,SHL_SONGBEN_0223,clause,SHSRC0033,CR_GUANZHU_0182,commentary,SHSRC0045,commentary_support,尤怡《傷寒貫珠集》對本條有注（對齊相似度0.67）。,傷寒貫珠集:p918,citation_to_node_unique,{},0.667,pending,
REL_02609,SHL_SONGBEN_0224,clause,SHSRC0033,CR_GUANZHU_0183,commentary,SHSRC0045,commentary_support,尤怡《傷寒貫珠集》對本條有注（對齊相似度0.95）。,傷寒貫珠集:p923,citation_to_node_unique,{},0.945,pending,
REL_02610,SHL_SONGBEN_0228,clause,SHSRC0033,CR_GUANZHU_0184,commentary,SHSRC0045,commentary_support,尤怡《傷寒貫珠集》對本條有注（對齊相似度0.95）。,傷寒貫珠集:p925,citation_to_node_unique,{},0.954,pending,
REL_02611,SHL_SONGBEN_0196,clause,SHSRC0033,CR_GUANZHU_0185,commentary,SHSRC0045,commentary_support,尤怡《傷寒貫珠集》對本條有注（對齊相似度1.00）。,傷寒貫珠集:p927,citation_to_node_unique,{},1.0,pending,
REL_02612,SHL_SONGBEN_0210,clause,SHSRC0033,CR_GUANZHU_0186,commentary,SHSRC0045,commentary_support,尤怡《傷寒貫珠集》對本條有注（對齊相似度0.65）。,傷寒貫珠集:p931,citation_to_node_unique,{},0.649,pending,
REL_02613,SHL_SONGBEN_0211,clause,SHSRC0033,CR_GUANZHU_0187,commentary,SHSRC0045,commentary_support,尤怡《傷寒貫珠集》對本條有注（對齊相似度1.00）。,傷寒貫珠集:p933,citation_to_node_unique,{},1.0,pending,
REL_02614,SHL_SONGBEN_0193,clause,SHSRC0033,CR_GUANZHU_0188,commentary,SHSRC0045,commentary_support,尤怡《傷寒貫珠集》對本條有注（對齊相似度1.00）。,傷寒貫珠集:p935,citation_to_node_unique,{},1.0,pending,
REL_02615,SHL_SONGBEN_0208,clause,SHSRC0033,CR_GUANZHU_0189,commentary,SHSRC0045,commentary_support,尤怡《傷寒貫珠集》對本條有注（對齊相似度0.90）。,傷寒貫珠集:p938,citation_to_node_unique,{},0.904,pending,
REL_02616,SHL_SONGBEN_0209,clause,SHSRC0033,CR_GUANZHU_0190,commentary,SHSRC0045,commentary_support,尤怡《傷寒貫珠集》對本條有注（對齊相似度0.89）。,傷寒貫珠集:p942,citation_to_node_unique,{},0.887,pending,
REL_02617,SHL_SONGBEN_0238,clause,SHSRC0033,CR_GUANZHU_0191,commentary,SHSRC0045,commentary_support,尤怡《傷寒貫珠集》對本條有注（對齊相似度0.90）。,傷寒貫珠集:p944,citation_to_node_unique,{},0.904,pending,
REL_02618,SHL_SONGBEN_0214,clause,SHSRC0033,CR_GUANZHU_0192,commentary,SHSRC0045,commentary_support,尤怡《傷寒貫珠集》對本條有注（對齊相似度0.86）。,傷寒貫珠集:p946,citation_to_node_unique,{},0.864,pending,
REL_02619,SHL_SONGBEN_0251,clause,SHSRC0033,CR_GUANZHU_0193,commentary,SHSRC0045,commentary_support,尤怡《傷寒貫珠集》對本條有注（對齊相似度0.89）。,傷寒貫珠集:p949,citation_to_node_unique,{},0.889,pending,
REL_02620,SHL_SONGBEN_0056,clause,SHSRC0033,CR_GUANZHU_0194,commentary,SHSRC0045,commentary_support,尤怡《傷寒貫珠集》對本條有注（對齊相似度0.95）。,傷寒貫珠集:p952,citation_to_node_unique,{},0.952,pending,
REL_02621,SHL_SONGBEN_0217,clause,SHSRC0033,CR_GUANZHU_0195,commentary,SHSRC0045,commentary_support,尤怡《傷寒貫珠集》對本條有注（對齊相似度0.89）。,傷寒貫珠集:p956,citation_to_node_unique,{},0.889,pending,
REL_02622,SHL_SONGBEN_0194,clause,SHSRC0033,CR_GUANZHU_0196,commentary,SHSRC0045,commentary_support,尤怡《傷寒貫珠集》對本條有注（對齊相似度0.94）。,傷寒貫珠集:p958,citation_to_node_unique,{},0.943,pending,
REL_02623,SHL_SONGBEN_0206,clause,SHSRC0033,CR_GUANZHU_0197,commentary,SHSRC0045,commentary_support,尤怡《傷寒貫珠集》對本條有注（對齊相似度0.73）。,傷寒貫珠集:p963,citation_to_node_unique,{},0.732,pending,
REL_02624,SHL_SONGBEN_0195,clause,SHSRC0033,CR_GUANZHU_0198,commentary,SHSRC0045,commentary_support,尤怡《傷寒貫珠集》對本條有注（對齊相似度0.90）。,傷寒貫珠集:p966,citation_to_node_unique,{},0.901,pending,
REL_02625,SHL_SONGBEN_0203,clause,SHSRC0033,CR_GUANZHU_0199,commentary,SHSRC0045,commentary_support,尤怡《傷寒貫珠集》對本條有注（對齊相似度0.89）。,傷寒貫珠集:p968,citation_to_node_unique,{},0.886,pending,
REL_02626,SHL_SONGBEN_0233,clause,SHSRC0033,CR_GUANZHU_0200,commentary,SHSRC0045,commentary_support,尤怡《傷寒貫珠集》對本條有注（對齊相似度0.96）。,傷寒貫珠集:p970,citation_to_node_unique,{},0.961,pending,
REL_02627,SHL_SONGBEN_0247,clause,SHSRC0033,CR_GUANZHU_0201,commentary,SHSRC0045,commentary_support,尤怡《傷寒貫珠集》對本條有注（對齊相似度0.65）。,傷寒貫珠集:p975,citation_to_node_unique,{},0.646,pending,
REL_02628,SHL_SONGBEN_0200,clause,SHSRC0033,CR_GUANZHU_0202,commentary,SHSRC0045,commentary_support,尤怡《傷寒貫珠集》對本條有注（對齊相似度0.91）。,傷寒貫珠集:p983,citation_to_node_unique,{},0.914,pending,
REL_02629,SHL_SONGBEN_0236,clause,SHSRC0033,CR_GUANZHU_0203,commentary,SHSRC0045,commentary_support,尤怡《傷寒貫珠集》對本條有注（對齊相似度0.90）。,傷寒貫珠集:p986,citation_to_node_unique,{},0.896,pending,
REL_02630,SHL_SONGBEN_0259,clause,SHSRC0033,CR_GUANZHU_0204,commentary,SHSRC0045,commentary_support,尤怡《傷寒貫珠集》對本條有注（對齊相似度0.94）。,傷寒貫珠集:p992,citation_to_node_unique,{},0.938,pending,
REL_02631,SHL_SONGBEN_0260,clause,SHSRC0033,CR_GUANZHU_0205,commentary,SHSRC0045,commentary_support,尤怡《傷寒貫珠集》對本條有注（對齊相似度1.00）。,傷寒貫珠集:p994,citation_to_node_unique,{},1.0,pending,
REL_02632,SHL_SONGBEN_0262,clause,SHSRC0033,CR_GUANZHU_0206,commentary,SHSRC0045,commentary_support,尤怡《傷寒貫珠集》對本條有注（對齊相似度0.81）。,傷寒貫珠集:p1001,citation_to_node_unique,{},0.811,pending,
REL_02633,SHL_SONGBEN_0237,clause,SHSRC0033,CR_GUANZHU_0207,commentary,SHSRC0045,commentary_support,尤怡《傷寒貫珠集》對本條有注（對齊相似度0.86）。,傷寒貫珠集:p1008,citation_to_node_unique,{},0.864,pending,
REL_02634,SHL_SONGBEN_0258,clause,SHSRC0033,CR_GUANZHU_0208,commentary,SHSRC0045,commentary_support,尤怡《傷寒貫珠集》對本條有注（對齊相似度0.61）。,傷寒貫珠集:p1012,citation_to_node_unique,{},0.609,pending,
REL_02635,SHL_SONGBEN_0263,clause,SHSRC0033,CR_GUANZHU_0209,commentary,SHSRC0045,commentary_support,尤怡《傷寒貫珠集》對本條有注（對齊相似度1.00）。,傷寒貫珠集:p1018,citation_to_node_unique,{},1.0,pending,
REL_02636,SHL_SONGBEN_0096,clause,SHSRC0033,CR_GUANZHU_0210,commentary,SHSRC0045,commentary_support,尤怡《傷寒貫珠集》對本條有注（對齊相似度0.81）。,傷寒貫珠集:p1021,citation_to_node_unique,{},0.809,pending,
REL_02637,SHL_SONGBEN_0097,clause,SHSRC0033,CR_GUANZHU_0211,commentary,SHSRC0045,commentary_support,尤怡《傷寒貫珠集》對本條有注（對齊相似度0.80）。,傷寒貫珠集:p1040,citation_to_node_unique,{},0.8,pending,
REL_02638,SHL_SONGBEN_0099,clause,SHSRC0033,CR_GUANZHU_0212,commentary,SHSRC0045,commentary_support,尤怡《傷寒貫珠集》對本條有注（對齊相似度0.92）。,傷寒貫珠集:p1045,citation_to_node_unique,{},0.923,pending,
REL_02639,SHL_SONGBEN_0101,clause,SHSRC0033,CR_GUANZHU_0213,commentary,SHSRC0045,commentary_support,尤怡《傷寒貫珠集》對本條有注（對齊相似度0.75）。,傷寒貫珠集:p1049,citation_to_node_unique,{},0.747,pending,
REL_02640,SHL_SONGBEN_0100,clause,SHSRC0033,CR_GUANZHU_0214,commentary,SHSRC0045,commentary_support,尤怡《傷寒貫珠集》對本條有注（對齊相似度0.81）。,傷寒貫珠集:p1051,citation_to_node_unique,{},0.807,pending,
REL_02641,SHL_SONGBEN_0266,clause,SHSRC0033,CR_GUANZHU_0215,commentary,SHSRC0045,commentary_support,尤怡《傷寒貫珠集》對本條有注（對齊相似度0.65）。,傷寒貫珠集:p1055,citation_to_node_unique,{},0.646,pending,
REL_02642,SHL_SONGBEN_0265,clause,SHSRC0033,CR_GUANZHU_0216,commentary,SHSRC0045,commentary_support,尤怡《傷寒貫珠集》對本條有注（對齊相似度0.97）。,傷寒貫珠集:p1059,citation_to_node_unique,{},0.971,pending,
REL_02643,SHL_SONGBEN_0264,clause,SHSRC0033,CR_GUANZHU_0217,commentary,SHSRC0045,commentary_support,尤怡《傷寒貫珠集》對本條有注（對齊相似度1.00）。,傷寒貫珠集:p1061,citation_to_node_unique,{},1.0,pending,
REL_02644,SHL_SONGBEN_0269,clause,SHSRC0033,CR_GUANZHU_0218,commentary,SHSRC0045,commentary_support,尤怡《傷寒貫珠集》對本條有注（對齊相似度1.00）。,傷寒貫珠集:p1064,citation_to_node_unique,{},1.0,pending,
REL_02645,SHL_SONGBEN_0270,clause,SHSRC0033,CR_GUANZHU_0219,commentary,SHSRC0045,commentary_support,尤怡《傷寒貫珠集》對本條有注（對齊相似度0.92）。,傷寒貫珠集:p1067,citation_to_node_unique,{},0.923,pending,
REL_02646,SHL_SONGBEN_0271,clause,SHSRC0033,CR_GUANZHU_0220,commentary,SHSRC0045,commentary_support,尤怡《傷寒貫珠集》對本條有注（對齊相似度1.00）。,傷寒貫珠集:p1070,citation_to_node_unique,{},1.0,pending,
REL_02647,SHL_SONGBEN_0146,clause,SHSRC0033,CR_GUANZHU_0221,commentary,SHSRC0045,commentary_support,尤怡《傷寒貫珠集》對本條有注（對齊相似度0.94）。,傷寒貫珠集:p1074,citation_to_node_unique,{},0.935,pending,
REL_02648,SHL_SONGBEN_0147,clause,SHSRC0033,CR_GUANZHU_0222,commentary,SHSRC0045,commentary_support,尤怡《傷寒貫珠集》對本條有注（對齊相似度0.74）。,傷寒貫珠集:p1080,citation_to_node_unique,{},0.741,pending,
REL_02649,SHL_SONGBEN_0104,clause,SHSRC0033,CR_GUANZHU_0223,commentary,SHSRC0045,commentary_support,尤怡《傷寒貫珠集》對本條有注（對齊相似度0.86）。,傷寒貫珠集:p1090,citation_to_node_unique,{},0.855,pending,
REL_02650,SHL_SONGBEN_0103,clause,SHSRC0033,CR_GUANZHU_0224,commentary,SHSRC0045,commentary_support,尤怡《傷寒貫珠集》對本條有注（對齊相似度0.90）。,傷寒貫珠集:p1096,citation_to_node_unique,{},0.896,pending,
REL_02651,SHL_SONGBEN_0109,clause,SHSRC0033,CR_GUANZHU_0225,commentary,SHSRC0045,commentary_support,尤怡《傷寒貫珠集》對本條有注（對齊相似度0.91）。,傷寒貫珠集:p1107,citation_to_node_unique,{},0.912,pending,
REL_02652,SHL_SONGBEN_0171,clause,SHSRC0033,CR_GUANZHU_0226,commentary,SHSRC0045,commentary_support,尤怡《傷寒貫珠集》對本條有注（對齊相似度0.85）。,傷寒貫珠集:p1113,citation_to_node_unique,{},0.846,pending,
REL_02653,SHL_SONGBEN_0273,clause,SHSRC0033,CR_GUANZHU_0227,commentary,SHSRC0045,commentary_support,尤怡《傷寒貫珠集》對本條有注（對齊相似度0.96）。,傷寒貫珠集:p1119,citation_to_node_unique,{},0.963,pending,
REL_02654,SHL_SONGBEN_0279,clause,SHSRC0033,CR_GUANZHU_0228,commentary,SHSRC0045,commentary_support,尤怡《傷寒貫珠集》對本條有注（對齊相似度0.81）。,傷寒貫珠集:p1123,citation_to_node_unique,{},0.814,pending,
REL_02655,SHL_SONGBEN_0280,clause,SHSRC0033,CR_GUANZHU_0229,commentary,SHSRC0045,commentary_support,尤怡《傷寒貫珠集》對本條有注（對齊相似度0.95）。,傷寒貫珠集:p1133,citation_to_node_unique,{},0.951,pending,
REL_02656,SHL_SONGBEN_0278,clause,SHSRC0033,CR_GUANZHU_0230,commentary,SHSRC0045,commentary_support,尤怡《傷寒貫珠集》對本條有注（對齊相似度0.77）。,傷寒貫珠集:p1135,citation_to_node_unique,{},0.775,pending,
REL_02657,SHL_SONGBEN_0277,clause,SHSRC0033,CR_GUANZHU_0231,commentary,SHSRC0045,commentary_support,尤怡《傷寒貫珠集》對本條有注（對齊相似度0.93）。,傷寒貫珠集:p1137,citation_to_node_unique,{},0.93,pending,
REL_02658,SHL_SONGBEN_0274,clause,SHSRC0033,CR_GUANZHU_0232,commentary,SHSRC0045,commentary_support,尤怡《傷寒貫珠集》對本條有注（對齊相似度0.80）。,傷寒貫珠集:p1140,citation_to_node_unique,{},0.8,pending,
REL_02659,SHL_SONGBEN_0276,clause,SHSRC0033,CR_GUANZHU_0233,commentary,SHSRC0045,commentary_support,尤怡《傷寒貫珠集》對本條有注（對齊相似度1.00）。,傷寒貫珠集:p1142,citation_to_node_unique,{},1.0,pending,
REL_02660,SHL_SONGBEN_0372,clause,SHSRC0033,CR_GUANZHU_0234,commentary,SHSRC0045,commentary_support,尤怡《傷寒貫珠集》對本條有注（對齊相似度0.86）。,傷寒貫珠集:p1145,citation_to_node_unique,{},0.862,pending,
REL_02661,SHL_SONGBEN_0275,clause,SHSRC0033,CR_GUANZHU_0235,commentary,SHSRC0045,commentary_support,尤怡《傷寒貫珠集》對本條有注（對齊相似度1.00）。,傷寒貫珠集:p1150,citation_to_node_unique,{},1.0,pending,
REL_02662,SHL_SONGBEN_0281,clause,SHSRC0033,CR_GUANZHU_0236,commentary,SHSRC0045,commentary_support,尤怡《傷寒貫珠集》對本條有注（對齊相似度1.00）。,傷寒貫珠集:p1154,citation_to_node_unique,{},1.0,pending,
REL_02663,SHL_SONGBEN_0282,clause,SHSRC0033,CR_GUANZHU_0237,commentary,SHSRC0045,commentary_support,尤怡《傷寒貫珠集》對本條有注（對齊相似度1.00）。,傷寒貫珠集:p1157,citation_to_node_unique,{},1.0,pending,
REL_02664,SHL_SONGBEN_0283,clause,SHSRC0033,CR_GUANZHU_0238,commentary,SHSRC0045,commentary_support,尤怡《傷寒貫珠集》對本條有注（對齊相似度0.92）。,傷寒貫珠集:p1160,citation_to_node_unique,{},0.92,pending,
REL_02665,SHL_SONGBEN_0293,clause,SHSRC0033,CR_GUANZHU_0239,commentary,SHSRC0045,commentary_support,尤怡《傷寒貫珠集》對本條有注（對齊相似度1.00）。,傷寒貫珠集:p1163,citation_to_node_unique,{},1.0,pending,
REL_02666,SHL_SONGBEN_0303,clause,SHSRC0033,CR_GUANZHU_0240,commentary,SHSRC0045,commentary_support,尤怡《傷寒貫珠集》對本條有注（對齊相似度1.00）。,傷寒貫珠集:p1167,citation_to_node_unique,{},1.0,pending,
REL_02667,SHL_SONGBEN_0318,clause,SHSRC0033,CR_GUANZHU_0241,commentary,SHSRC0045,commentary_support,尤怡《傷寒貫珠集》對本條有注（對齊相似度0.93）。,傷寒貫珠集:p1172,citation_to_node_unique,{},0.931,pending,
REL_02668,SHL_SONGBEN_0319,clause,SHSRC0033,CR_GUANZHU_0242,commentary,SHSRC0045,commentary_support,尤怡《傷寒貫珠集》對本條有注（對齊相似度0.91）。,傷寒貫珠集:p1185,citation_to_node_unique,{},0.909,pending,
REL_02669,SHL_SONGBEN_0312,clause,SHSRC0033,CR_GUANZHU_0243,commentary,SHSRC0045,commentary_support,尤怡《傷寒貫珠集》對本條有注（對齊相似度1.00）。,傷寒貫珠集:p1190,citation_to_node_unique,{},1.0,pending,
REL_02670,SHL_SONGBEN_0311,clause,SHSRC0033,CR_GUANZHU_0244,commentary,SHSRC0045,commentary_support,尤怡《傷寒貫珠集》對本條有注（對齊相似度0.90）。,傷寒貫珠集:p1195,citation_to_node_unique,{},0.9,pending,
REL_02671,SHL_SONGBEN_0313,clause,SHSRC0033,CR_GUANZHU_0245,commentary,SHSRC0045,commentary_support,尤怡《傷寒貫珠集》對本條有注（對齊相似度1.00）。,傷寒貫珠集:p1200,citation_to_node_unique,{},1.0,pending,
REL_02672,SHL_SONGBEN_0320,clause,SHSRC0033,CR_GUANZHU_0246,commentary,SHSRC0045,commentary_support,尤怡《傷寒貫珠集》對本條有注（對齊相似度1.00）。,傷寒貫珠集:p1206,citation_to_node_unique,{},1.0,pending,
REL_02673,SHL_SONGBEN_0321,clause,SHSRC0033,CR_GUANZHU_0247,commentary,SHSRC0045,commentary_support,尤怡《傷寒貫珠集》對本條有注（對齊相似度0.92）。,傷寒貫珠集:p1208,citation_to_node_unique,{},0.92,pending,
REL_02674,SHL_SONGBEN_0322,clause,SHSRC0033,CR_GUANZHU_0248,commentary,SHSRC0045,commentary_support,尤怡《傷寒貫珠集》對本條有注（對齊相似度1.00）。,傷寒貫珠集:p1210,citation_to_node_unique,{},1.0,pending,
REL_02675,SHL_SONGBEN_0301,clause,SHSRC0033,CR_GUANZHU_0249,commentary,SHSRC0045,commentary_support,尤怡《傷寒貫珠集》對本條有注（對齊相似度0.85）。,傷寒貫珠集:p1213,citation_to_node_unique,{},0.85,pending,
REL_02676,SHL_SONGBEN_0302,clause,SHSRC0033,CR_GUANZHU_0250,commentary,SHSRC0045,commentary_support,尤怡《傷寒貫珠集》對本條有注（對齊相似度0.94）。,傷寒貫珠集:p1219,citation_to_node_unique,{},0.939,pending,
REL_02677,SHL_SONGBEN_0304,clause,SHSRC0033,CR_GUANZHU_0251,commentary,SHSRC0045,commentary_support,尤怡《傷寒貫珠集》對本條有注（對齊相似度1.00）。,傷寒貫珠集:p1224,citation_to_node_unique,{},1.0,pending,
REL_02678,SHL_SONGBEN_0305,clause,SHSRC0033,CR_GUANZHU_0252,commentary,SHSRC0045,commentary_support,尤怡《傷寒貫珠集》對本條有注（對齊相似度1.00）。,傷寒貫珠集:p1231,citation_to_node_unique,{},1.0,pending,
REL_02679,SHL_SONGBEN_0316,clause,SHSRC0033,CR_GUANZHU_0253,commentary,SHSRC0045,commentary_support,尤怡《傷寒貫珠集》對本條有注（對齊相似度0.71）。,傷寒貫珠集:p1233,citation_to_node_unique,{},0.713,pending,
REL_02680,SHL_SONGBEN_0317,clause,SHSRC0033,CR_GUANZHU_0254,commentary,SHSRC0045,commentary_support,尤怡《傷寒貫珠集》對本條有注（對齊相似度0.87）。,傷寒貫珠集:p1243,citation_to_node_unique,{},0.866,pending,
REL_02681,SHL_SONGBEN_0324,clause,SHSRC0033,CR_GUANZHU_0255,commentary,SHSRC0045,commentary_support,尤怡《傷寒貫珠集》對本條有注（對齊相似度0.97）。,傷寒貫珠集:p1260,citation_to_node_unique,{},0.974,pending,
REL_02682,SHL_SONGBEN_0323,clause,SHSRC0033,CR_GUANZHU_0256,commentary,SHSRC0045,commentary_support,尤怡《傷寒貫珠集》對本條有注（對齊相似度1.00）。,傷寒貫珠集:p1265,citation_to_node_unique,{},1.0,pending,
REL_02683,SHL_SONGBEN_0325,clause,SHSRC0033,CR_GUANZHU_0257,commentary,SHSRC0045,commentary_support,尤怡《傷寒貫珠集》對本條有注（對齊相似度0.92）。,傷寒貫珠集:p1267,citation_to_node_unique,{},0.917,pending,
REL_02684,SHL_SONGBEN_0309,clause,SHSRC0033,CR_GUANZHU_0258,commentary,SHSRC0045,commentary_support,尤怡《傷寒貫珠集》對本條有注（對齊相似度0.89）。,傷寒貫珠集:p1270,citation_to_node_unique,{},0.895,pending,
REL_02685,SHL_SONGBEN_0315,clause,SHSRC0033,CR_GUANZHU_0259,commentary,SHSRC0045,commentary_support,尤怡《傷寒貫珠集》對本條有注（對齊相似度0.98）。,傷寒貫珠集:p1273,citation_to_node_unique,{},0.976,pending,
REL_02686,SHL_SONGBEN_0307,clause,SHSRC0033,CR_GUANZHU_0260,commentary,SHSRC0045,commentary_support,尤怡《傷寒貫珠集》對本條有注（對齊相似度0.92）。,傷寒貫珠集:p1280,citation_to_node_unique,{},0.918,pending,
REL_02687,SHL_SONGBEN_0290,clause,SHSRC0033,CR_GUANZHU_0261,commentary,SHSRC0045,commentary_support,尤怡《傷寒貫珠集》對本條有注（對齊相似度1.00）。,傷寒貫珠集:p1285,citation_to_node_unique,{},1.0,pending,
REL_02688,SHL_SONGBEN_0291,clause,SHSRC0033,CR_GUANZHU_0262,commentary,SHSRC0045,commentary_support,尤怡《傷寒貫珠集》對本條有注（對齊相似度1.00）。,傷寒貫珠集:p1287,citation_to_node_unique,{},1.0,pending,
REL_02689,SHL_SONGBEN_0287,clause,SHSRC0033,CR_GUANZHU_0263,commentary,SHSRC0045,commentary_support,尤怡《傷寒貫珠集》對本條有注（對齊相似度0.97）。,傷寒貫珠集:p1289,citation_to_node_unique,{},0.969,pending,
REL_02690,SHL_SONGBEN_0292,clause,SHSRC0033,CR_GUANZHU_0264,commentary,SHSRC0045,commentary_support,尤怡《傷寒貫珠集》對本條有注（對齊相似度1.00）。,傷寒貫珠集:p1294,citation_to_node_unique,{},1.0,pending,
REL_02691,SHL_SONGBEN_0298,clause,SHSRC0033,CR_GUANZHU_0265,commentary,SHSRC0045,commentary_support,尤怡《傷寒貫珠集》對本條有注（對齊相似度0.89）。,傷寒貫珠集:p1297,citation_to_node_unique,{},0.889,pending,
REL_02692,SHL_SONGBEN_0296,clause,SHSRC0033,CR_GUANZHU_0266,commentary,SHSRC0045,commentary_support,尤怡《傷寒貫珠集》對本條有注（對齊相似度0.70）。,傷寒貫珠集:p1301,citation_to_node_unique,{},0.7,pending,
REL_02693,SHL_SONGBEN_0297,clause,SHSRC0033,CR_GUANZHU_0267,commentary,SHSRC0045,commentary_support,尤怡《傷寒貫珠集》對本條有注（對齊相似度1.00）。,傷寒貫珠集:p1303,citation_to_node_unique,{},1.0,pending,
REL_02694,SHL_SONGBEN_0299,clause,SHSRC0033,CR_GUANZHU_0268,commentary,SHSRC0045,commentary_support,尤怡《傷寒貫珠集》對本條有注（對齊相似度1.00）。,傷寒貫珠集:p1305,citation_to_node_unique,{},1.0,pending,
REL_02695,SHL_SONGBEN_0300,clause,SHSRC0033,CR_GUANZHU_0269,commentary,SHSRC0045,commentary_support,尤怡《傷寒貫珠集》對本條有注（對齊相似度1.00）。,傷寒貫珠集:p1307,citation_to_node_unique,{},1.0,pending,
REL_02696,SHL_SONGBEN_0285,clause,SHSRC0033,CR_GUANZHU_0270,commentary,SHSRC0045,commentary_support,尤怡《傷寒貫珠集》對本條有注（對齊相似度0.86）。,傷寒貫珠集:p1310,citation_to_node_unique,{},0.857,pending,
REL_02697,SHL_SONGBEN_0286,clause,SHSRC0033,CR_GUANZHU_0271,commentary,SHSRC0045,commentary_support,尤怡《傷寒貫珠集》對本條有注（對齊相似度0.92）。,傷寒貫珠集:p1312,citation_to_node_unique,{},0.917,pending,
REL_02698,SHL_SONGBEN_0294,clause,SHSRC0033,CR_GUANZHU_0272,commentary,SHSRC0045,commentary_support,尤怡《傷寒貫珠集》對本條有注（對齊相似度0.96）。,傷寒貫珠集:p1315,citation_to_node_unique,{},0.959,pending,
REL_02699,SHL_SONGBEN_0284,clause,SHSRC0033,CR_GUANZHU_0273,commentary,SHSRC0045,commentary_support,尤怡《傷寒貫珠集》對本條有注（對齊相似度0.92）。,傷寒貫珠集:p1317,citation_to_node_unique,{},0.92,pending,
REL_02700,SHL_SONGBEN_0326,clause,SHSRC0033,CR_GUANZHU_0002,commentary,SHSRC0045,commentary_support,尤怡《傷寒貫珠集》對本條有注（對齊相似度0.86）。,傷寒貫珠集:p1323,citation_to_node_first_of_multiple,{},0.857,pending,
REL_02701,SHL_SONGBEN_0363,clause,SHSRC0033,CR_GUANZHU_0275,commentary,SHSRC0045,commentary_support,尤怡《傷寒貫珠集》對本條有注（對齊相似度0.73）。,傷寒貫珠集:p1327,citation_to_node_unique,{},0.733,pending,
REL_02702,SHL_SONGBEN_0366,clause,SHSRC0033,CR_GUANZHU_0276,commentary,SHSRC0045,commentary_support,尤怡《傷寒貫珠集》對本條有注（對齊相似度0.95）。,傷寒貫珠集:p1329,citation_to_node_unique,{},0.952,pending,
REL_02703,SHL_SONGBEN_0340,clause,SHSRC0033,CR_GUANZHU_0277,commentary,SHSRC0045,commentary_support,尤怡《傷寒貫珠集》對本條有注（對齊相似度0.84）。,傷寒貫珠集:p1333,citation_to_node_unique,{},0.84,pending,
REL_02704,SHL_SONGBEN_0335,clause,SHSRC0033,CR_GUANZHU_0278,commentary,SHSRC0045,commentary_support,尤怡《傷寒貫珠集》對本條有注（對齊相似度0.96）。,傷寒貫珠集:p1336,citation_to_node_unique,{},0.965,pending,
REL_02705,SHL_SONGBEN_0336,clause,SHSRC0033,CR_GUANZHU_0279,commentary,SHSRC0045,commentary_support,尤怡《傷寒貫珠集》對本條有注（對齊相似度1.00）。,傷寒貫珠集:p1341,citation_to_node_unique,{},1.0,pending,
REL_02706,SHL_SONGBEN_0342,clause,SHSRC0033,CR_GUANZHU_0280,commentary,SHSRC0045,commentary_support,尤怡《傷寒貫珠集》對本條有注（對齊相似度0.88）。,傷寒貫珠集:p1345,citation_to_node_unique,{},0.885,pending,
REL_02707,SHL_SONGBEN_0331,clause,SHSRC0033,CR_GUANZHU_0281,commentary,SHSRC0045,commentary_support,尤怡《傷寒貫珠集》對本條有注（對齊相似度1.00）。,傷寒貫珠集:p1348,citation_to_node_unique,{},1.0,pending,
REL_02708,SHL_SONGBEN_0332,clause,SHSRC0033,CR_GUANZHU_0282,commentary,SHSRC0045,commentary_support,尤怡《傷寒貫珠集》對本條有注（對齊相似度0.82）。,傷寒貫珠集:p1352,citation_to_node_unique,{},0.821,pending,
REL_02709,SHL_SONGBEN_0334,clause,SHSRC0033,CR_GUANZHU_0283,commentary,SHSRC0045,commentary_support,尤怡《傷寒貫珠集》對本條有注（對齊相似度0.84）。,傷寒貫珠集:p1357,citation_to_node_unique,{},0.836,pending,
REL_02710,SHL_SONGBEN_0339,clause,SHSRC0033,CR_GUANZHU_0284,commentary,SHSRC0045,commentary_support,尤怡《傷寒貫珠集》對本條有注（對齊相似度0.83）。,傷寒貫珠集:p1361,citation_to_node_unique,{},0.833,pending,
REL_02711,SHL_SONGBEN_0337,clause,SHSRC0033,CR_GUANZHU_0285,commentary,SHSRC0045,commentary_support,尤怡《傷寒貫珠集》對本條有注（對齊相似度0.92）。,傷寒貫珠集:p1363,citation_to_node_unique,{},0.923,pending,
REL_02712,SHL_SONGBEN_0327,clause,SHSRC0033,CR_GUANZHU_0286,commentary,SHSRC0045,commentary_support,尤怡《傷寒貫珠集》對本條有注（對齊相似度1.00）。,傷寒貫珠集:p1366,citation_to_node_unique,{},1.0,pending,
REL_02713,SHL_SONGBEN_0369,clause,SHSRC0033,CR_GUANZHU_0287,commentary,SHSRC0045,commentary_support,尤怡《傷寒貫珠集》對本條有注（對齊相似度0.83）。,傷寒貫珠集:p1368,citation_to_node_unique,{},0.833,pending,
REL_02714,SHL_SONGBEN_0365,clause,SHSRC0033,CR_GUANZHU_0288,commentary,SHSRC0045,commentary_support,尤怡《傷寒貫珠集》對本條有注（對齊相似度1.00）。,傷寒貫珠集:p1371,citation_to_node_unique,{},1.0,pending,
REL_02715,SHL_SONGBEN_0361,clause,SHSRC0033,CR_GUANZHU_0289,commentary,SHSRC0045,commentary_support,尤怡《傷寒貫珠集》對本條有注（對齊相似度0.71）。,傷寒貫珠集:p1373,citation_to_node_unique,{},0.714,pending,
REL_02716,SHL_SONGBEN_0367,clause,SHSRC0033,CR_GUANZHU_0290,commentary,SHSRC0045,commentary_support,尤怡《傷寒貫珠集》對本條有注（對齊相似度0.71）。,傷寒貫珠集:p1375,citation_to_node_unique,{},0.714,pending,
REL_02717,SHL_SONGBEN_0348,clause,SHSRC0033,CR_GUANZHU_0291,commentary,SHSRC0045,commentary_support,尤怡《傷寒貫珠集》對本條有注（對齊相似度1.00）。,傷寒貫珠集:p1377,citation_to_node_unique,{},1.0,pending,
REL_02718,SHL_SONGBEN_0344,clause,SHSRC0033,CR_GUANZHU_0292,commentary,SHSRC0045,commentary_support,尤怡《傷寒貫珠集》對本條有注（對齊相似度1.00）。,傷寒貫珠集:p1379,citation_to_node_unique,{},1.0,pending,
REL_02719,SHL_SONGBEN_0345,clause,SHSRC0033,CR_GUANZHU_0293,commentary,SHSRC0045,commentary_support,尤怡《傷寒貫珠集》對本條有注（對齊相似度1.00）。,傷寒貫珠集:p1381,citation_to_node_unique,{},1.0,pending,
REL_02720,SHL_SONGBEN_0346,clause,SHSRC0033,CR_GUANZHU_0294,commentary,SHSRC0045,commentary_support,尤怡《傷寒貫珠集》對本條有注（對齊相似度1.00）。,傷寒貫珠集:p1384,citation_to_node_unique,{},1.0,pending,
REL_02721,SHL_SONGBEN_0362,clause,SHSRC0033,CR_GUANZHU_0295,commentary,SHSRC0045,commentary_support,尤怡《傷寒貫珠集》對本條有注（對齊相似度0.82）。,傷寒貫珠集:p1387,citation_to_node_unique,{},0.824,pending,
REL_02722,SHL_SONGBEN_0368,clause,SHSRC0033,CR_GUANZHU_0296,commentary,SHSRC0045,commentary_support,尤怡《傷寒貫珠集》對本條有注（對齊相似度0.93）。,傷寒貫珠集:p1389,citation_to_node_unique,{},0.927,pending,
REL_02723,SHL_SONGBEN_0343,clause,SHSRC0033,CR_GUANZHU_0297,commentary,SHSRC0045,commentary_support,尤怡《傷寒貫珠集》對本條有注（對齊相似度1.00）。,傷寒貫珠集:p1391,citation_to_node_unique,{},1.0,pending,
REL_02724,SHL_SONGBEN_0333,clause,SHSRC0033,CR_GUANZHU_0298,commentary,SHSRC0045,commentary_support,尤怡《傷寒貫珠集》對本條有注（對齊相似度1.00）。,傷寒貫珠集:p1394,citation_to_node_unique,{},1.0,pending,
REL_02725,SHL_SONGBEN_0328,clause,SHSRC0033,CR_GUANZHU_0299,commentary,SHSRC0045,commentary_support,尤怡《傷寒貫珠集》對本條有注（對齊相似度0.80）。,傷寒貫珠集:p1396,citation_to_node_unique,{},0.8,pending,
REL_02726,SHL_SONGBEN_0329,clause,SHSRC0033,CR_GUANZHU_0300,commentary,SHSRC0045,commentary_support,尤怡《傷寒貫珠集》對本條有注（對齊相似度1.00）。,傷寒貫珠集:p1399,citation_to_node_unique,{},1.0,pending,
REL_02727,SHL_SONGBEN_0373,clause,SHSRC0033,CR_GUANZHU_0301,commentary,SHSRC0045,commentary_support,尤怡《傷寒貫珠集》對本條有注（對齊相似度1.00）。,傷寒貫珠集:p1401,citation_to_node_unique,{},1.0,pending,
REL_02728,SHL_SONGBEN_0371,clause,SHSRC0033,CR_GUANZHU_0302,commentary,SHSRC0045,commentary_support,尤怡《傷寒貫珠集》對本條有注（對齊相似度1.00）。,傷寒貫珠集:p1405,citation_to_node_unique,{},1.0,pending,
REL_02729,SHL_SONGBEN_0375,clause,SHSRC0033,CR_GUANZHU_0303,commentary,SHSRC0045,commentary_support,尤怡《傷寒貫珠集》對本條有注（對齊相似度1.00）。,傷寒貫珠集:p1407,citation_to_node_unique,{},1.0,pending,
REL_02730,SHL_SONGBEN_0357,clause,SHSRC0033,CR_GUANZHU_0304,commentary,SHSRC0045,commentary_support,尤怡《傷寒貫珠集》對本條有注（對齊相似度0.88）。,傷寒貫珠集:p1409,citation_to_node_unique,{},0.884,pending,
REL_02731,SHL_SONGBEN_0338,clause,SHSRC0033,CR_GUANZHU_0305,commentary,SHSRC0045,commentary_support,尤怡《傷寒貫珠集》對本條有注（對齊相似度0.76）。,傷寒貫珠集:p1416,citation_to_node_unique,{},0.764,pending,
REL_02732,SHL_SONGBEN_0352,clause,SHSRC0033,CR_GUANZHU_0306,commentary,SHSRC0045,commentary_support,尤怡《傷寒貫珠集》對本條有注（對齊相似度0.75）。,傷寒貫珠集:p1422,citation_to_node_first_of_multiple,{},0.745,pending,
REL_02733,SHL_SONGBEN_0352,clause,SHSRC0033,CR_GUANZHU_0306,commentary,SHSRC0045,commentary_support,尤怡《傷寒貫珠集》對本條有注（對齊相似度0.67）。,傷寒貫珠集:p1427,citation_to_node_first_of_multiple,{},0.667,pending,
REL_02734,SHL_SONGBEN_0353,clause,SHSRC0033,CR_GUANZHU_0308,commentary,SHSRC0045,commentary_support,尤怡《傷寒貫珠集》對本條有注（對齊相似度1.00）。,傷寒貫珠集:p1430,citation_to_node_unique,{},1.0,pending,
REL_02735,SHL_SONGBEN_0354,clause,SHSRC0033,CR_GUANZHU_0309,commentary,SHSRC0045,commentary_support,尤怡《傷寒貫珠集》對本條有注（對齊相似度0.86）。,傷寒貫珠集:p1433,citation_to_node_unique,{},0.857,pending,
REL_02736,SHL_SONGBEN_0349,clause,SHSRC0033,CR_GUANZHU_0310,commentary,SHSRC0045,commentary_support,尤怡《傷寒貫珠集》對本條有注（對齊相似度0.86）。,傷寒貫珠集:p1435,citation_to_node_unique,{},0.857,pending,
REL_02737,SHL_SONGBEN_0377,clause,SHSRC0033,CR_GUANZHU_0311,commentary,SHSRC0045,commentary_support,尤怡《傷寒貫珠集》對本條有注（對齊相似度1.00）。,傷寒貫珠集:p1437,citation_to_node_unique,{},1.0,pending,
REL_02738,SHL_SONGBEN_0370,clause,SHSRC0033,CR_GUANZHU_0312,commentary,SHSRC0045,commentary_support,尤怡《傷寒貫珠集》對本條有注（對齊相似度0.89）。,傷寒貫珠集:p1439,citation_to_node_unique,{},0.895,pending,
REL_02739,SHL_SONGBEN_0356,clause,SHSRC0033,CR_GUANZHU_0313,commentary,SHSRC0045,commentary_support,尤怡《傷寒貫珠集》對本條有注（對齊相似度0.95）。,傷寒貫珠集:p1441,citation_to_node_unique,{},0.952,pending,
REL_02740,SHL_SONGBEN_0359,clause,SHSRC0033,CR_GUANZHU_0314,commentary,SHSRC0045,commentary_support,尤怡《傷寒貫珠集》對本條有注（對齊相似度0.94）。,傷寒貫珠集:p1444,citation_to_node_unique,{},0.938,pending,
REL_02741,SHL_SONGBEN_0347,clause,SHSRC0033,CR_GUANZHU_0315,commentary,SHSRC0045,commentary_support,尤怡《傷寒貫珠集》對本條有注（對齊相似度0.94）。,傷寒貫珠集:p1450,citation_to_node_unique,{},0.936,pending,
REL_02742,SHL_SONGBEN_0330,clause,SHSRC0033,CR_GUANZHU_0316,commentary,SHSRC0045,commentary_support,尤怡《傷寒貫珠集》對本條有注（對齊相似度1.00）。,傷寒貫珠集:p1452,citation_to_node_unique,{},1.0,pending,
REL_02743,SHL_SONGBEN_0376,clause,SHSRC0033,CR_GUANZHU_0317,commentary,SHSRC0045,commentary_support,尤怡《傷寒貫珠集》對本條有注（對齊相似度1.00）。,傷寒貫珠集:p1456,citation_to_node_unique,{},1.0,pending,
REL_02744,SHL_SONGBEN_0380,clause,SHSRC0033,CR_GUANZHU_0318,commentary,SHSRC0045,commentary_support,尤怡《傷寒貫珠集》對本條有注（對齊相似度0.93）。,傷寒貫珠集:p1460,citation_to_node_unique,{},0.925,pending,
REL_02745,SHL_SONGBEN_0355,clause,SHSRC0033,CR_GUANZHU_0319,commentary,SHSRC0045,commentary_support,尤怡《傷寒貫珠集》對本條有注（對齊相似度0.90）。,傷寒貫珠集:p1462,citation_to_node_unique,{},0.896,pending,
REL_02746,SHL_SONGBEN_0381,clause,SHSRC0033,CR_GUANZHU_0320,commentary,SHSRC0045,commentary_support,尤怡《傷寒貫珠集》對本條有注（對齊相似度0.91）。,傷寒貫珠集:p1464,citation_to_node_unique,{},0.914,pending,
REL_02747,SHL_SONGBEN_0379,clause,SHSRC0033,CR_GUANZHU_0321,commentary,SHSRC0045,commentary_support,尤怡《傷寒貫珠集》對本條有注（對齊相似度1.00）。,傷寒貫珠集:p1466,citation_to_node_unique,{},1.0,pending,
REL_02748,SHL_SONGBEN_0364,clause,SHSRC0033,CR_GUANZHU_0322,commentary,SHSRC0045,commentary_support,尤怡《傷寒貫珠集》對本條有注（對齊相似度1.00）。,傷寒貫珠集:p1469,citation_to_node_unique,{},1.0,pending,
REL_02749,SHL_SONGBEN_0350,clause,SHSRC0033,CR_GUANZHU_0323,commentary,SHSRC0045,commentary_support,尤怡《傷寒貫珠集》對本條有注（對齊相似度0.76）。,傷寒貫珠集:p1474,citation_to_node_unique,{},0.759,pending,
REL_02750,SHL_SONGBEN_0392,clause,SHSRC0033,CR_GUANZHU_0324,commentary,SHSRC0045,commentary_support,尤怡《傷寒貫珠集》對本條有注（對齊相似度0.78）。,傷寒貫珠集:p1477,citation_to_node_unique,{},0.775,pending,
REL_02751,SHL_SONGBEN_0395,clause,SHSRC0033,CR_GUANZHU_0325,commentary,SHSRC0045,commentary_support,尤怡《傷寒貫珠集》對本條有注（對齊相似度0.89）。,傷寒貫珠集:p1487,citation_to_node_unique,{},0.889,pending,
REL_02752,SHL_SONGBEN_0396,clause,SHSRC0033,CR_GUANZHU_0326,commentary,SHSRC0045,commentary_support,尤怡《傷寒貫珠集》對本條有注（對齊相似度0.81）。,傷寒貫珠集:p1493,citation_to_node_unique,{},0.809,pending,
REL_02753,SHL_SONGBEN_0397,clause,SHSRC0033,CR_GUANZHU_0327,commentary,SHSRC0045,commentary_support,尤怡《傷寒貫珠集》對本條有注（對齊相似度0.92）。,傷寒貫珠集:p1496,citation_to_node_unique,{},0.919,pending,
REL_02754,SHL_SONGBEN_0398,clause,SHSRC0033,CR_GUANZHU_0328,commentary,SHSRC0045,commentary_support,尤怡《傷寒貫珠集》對本條有注（對齊相似度0.88）。,傷寒貫珠集:p1501,citation_to_node_unique,{},0.879,pending,
REL_02755,SHL_SONGBEN_0007,clause,SHSRC0033,CR_SUYUAN_0001,commentary,SHSRC0022,commentary_support,錢潢《傷寒溯源集》對本條有注（對齊相似度0.85）。,傷寒溯源集:p39,citation_to_node_unique,{},0.852,pending,
REL_02756,SHL_SONGBEN_0304,clause,SHSRC0033,CR_SUYUAN_0002,commentary,SHSRC0022,commentary_support,錢潢《傷寒溯源集》對本條有注（對齊相似度0.63）。,傷寒溯源集:p46,citation_to_node_first_of_multiple,{},0.632,pending,
REL_02757,SHL_SONGBEN_0287,clause,SHSRC0033,CR_SUYUAN_0003,commentary,SHSRC0022,commentary_support,錢潢《傷寒溯源集》對本條有注（對齊相似度0.68）。,傷寒溯源集:p48,citation_to_node_first_of_multiple,{},0.676,pending,
REL_02758,SHL_SONGBEN_0001,clause,SHSRC0033,CR_SUYUAN_0004,commentary,SHSRC0022,commentary_support,錢潢《傷寒溯源集》對本條有注（對齊相似度1.00）。,傷寒溯源集:p56,citation_to_node_unique,{},1.0,pending,
REL_02759,SHL_SONGBEN_0008,clause,SHSRC0033,CR_SUYUAN_0005,commentary,SHSRC0022,commentary_support,錢潢《傷寒溯源集》對本條有注（對齊相似度0.91）。,傷寒溯源集:p63,citation_to_node_unique,{},0.914,pending,
REL_02760,SHL_SONGBEN_0009,clause,SHSRC0033,CR_SUYUAN_0006,commentary,SHSRC0022,commentary_support,錢潢《傷寒溯源集》對本條有注（對齊相似度1.00）。,傷寒溯源集:p68,citation_to_node_unique,{},1.0,pending,
REL_02761,SHL_SONGBEN_0002,clause,SHSRC0033,CR_SUYUAN_0007,commentary,SHSRC0022,commentary_support,錢潢《傷寒溯源集》對本條有注（對齊相似度1.00）。,傷寒溯源集:p74,citation_to_node_unique,{},1.0,pending,
REL_02762,SHL_SONGBEN_0012,clause,SHSRC0033,CR_SUYUAN_0008,commentary,SHSRC0022,commentary_support,錢潢《傷寒溯源集》對本條有注（對齊相似度1.00）。,傷寒溯源集:p79,citation_to_node_unique,{},1.0,pending,
REL_02763,SHL_SONGBEN_0013,clause,SHSRC0033,CR_SUYUAN_0009,commentary,SHSRC0022,commentary_support,錢潢《傷寒溯源集》對本條有注（對齊相似度0.90）。,傷寒溯源集:p101,citation_to_node_unique,{},0.903,pending,
REL_02764,SHL_SONGBEN_0042,clause,SHSRC0033,CR_SUYUAN_0010,commentary,SHSRC0022,commentary_support,錢潢《傷寒溯源集》對本條有注（對齊相似度1.00）。,傷寒溯源集:p103,citation_to_node_unique,{},1.0,pending,
REL_02765,SHL_SONGBEN_0095,clause,SHSRC0033,CR_SUYUAN_0011,commentary,SHSRC0022,commentary_support,錢潢《傷寒溯源集》對本條有注（對齊相似度0.88）。,傷寒溯源集:p106,citation_to_node_unique,{},0.885,pending,
REL_02766,SHL_SONGBEN_0053,clause,SHSRC0033,CR_SUYUAN_0012,commentary,SHSRC0022,commentary_support,錢潢《傷寒溯源集》對本條有注（對齊相似度0.77）。,傷寒溯源集:p109,citation_to_node_unique,{},0.769,pending,
REL_02767,SHL_SONGBEN_0054,clause,SHSRC0033,CR_SUYUAN_0013,commentary,SHSRC0022,commentary_support,錢潢《傷寒溯源集》對本條有注（對齊相似度0.83）。,傷寒溯源集:p114,citation_to_node_unique,{},0.831,pending,
REL_02768,SHL_SONGBEN_0024,clause,SHSRC0033,CR_SUYUAN_0014,commentary,SHSRC0022,commentary_support,錢潢《傷寒溯源集》對本條有注（對齊相似度1.00）。,傷寒溯源集:p118,citation_to_node_unique,{},1.0,pending,
REL_02769,SHL_SONGBEN_0010,clause,SHSRC0033,CR_SUYUAN_0015,commentary,SHSRC0022,commentary_support,錢潢《傷寒溯源集》對本條有注（對齊相似度1.00）。,傷寒溯源集:p124,citation_to_node_unique,{},1.0,pending,
REL_02770,SHL_SONGBEN_0019,clause,SHSRC0033,CR_SUYUAN_0016,commentary,SHSRC0022,commentary_support,錢潢《傷寒溯源集》對本條有注（對齊相似度1.00）。,傷寒溯源集:p126,citation_to_node_unique,{},1.0,pending,
REL_02771,SHL_SONGBEN_0017,clause,SHSRC0033,CR_SUYUAN_0017,commentary,SHSRC0022,commentary_support,錢潢《傷寒溯源集》對本條有注（對齊相似度0.90）。,傷寒溯源集:p129,citation_to_node_unique,{},0.9,pending,
REL_02772,SHL_SONGBEN_0162,clause,SHSRC0033,CR_SUYUAN_0018,commentary,SHSRC0022,commentary_support,錢潢《傷寒溯源集》對本條有注（對齊相似度1.00）。,傷寒溯源集:p137,citation_to_node_unique,{},1.0,pending,
REL_02773,SHL_SONGBEN_0016,clause,SHSRC0033,CR_SUYUAN_0019,commentary,SHSRC0022,commentary_support,錢潢《傷寒溯源集》對本條有注（對齊相似度0.72）。,傷寒溯源集:p153,citation_to_node_unique,{},0.716,pending,
REL_02774,SHL_SONGBEN_0094,clause,SHSRC0033,CR_SUYUAN_0020,commentary,SHSRC0022,commentary_support,錢潢《傷寒溯源集》對本條有注（對齊相似度0.94）。,傷寒溯源集:p160,citation_to_node_unique,{},0.935,pending,
REL_02775,SHL_SONGBEN_0074,clause,SHSRC0033,CR_SUYUAN_0021,commentary,SHSRC0022,commentary_support,錢潢《傷寒溯源集》對本條有注（對齊相似度0.88）。,傷寒溯源集:p169,citation_to_node_unique,{},0.875,pending,
REL_02776,SHL_SONGBEN_0127,clause,SHSRC0033,CR_SUYUAN_0022,commentary,SHSRC0022,commentary_support,錢潢《傷寒溯源集》對本條有注（對齊相似度0.91）。,傷寒溯源集:p193,citation_to_node_unique,{},0.909,pending,
REL_02777,SHL_SONGBEN_0115,clause,SHSRC0033,CR_SUYUAN_0023,commentary,SHSRC0022,commentary_support,錢潢《傷寒溯源集》對本條有注（對齊相似度0.84）。,傷寒溯源集:p205,citation_to_node_unique,{},0.844,pending,
REL_02778,SHL_SONGBEN_0114,clause,SHSRC0033,CR_SUYUAN_0024,commentary,SHSRC0022,commentary_support,錢潢《傷寒溯源集》對本條有注（對齊相似度0.92）。,傷寒溯源集:p209,citation_to_node_unique,{},0.917,pending,
REL_02779,SHL_SONGBEN_0110,clause,SHSRC0033,CR_SUYUAN_0025,commentary,SHSRC0022,commentary_support,錢潢《傷寒溯源集》對本條有注（對齊相似度0.80）。,傷寒溯源集:p211,citation_to_node_unique,{},0.8,pending,
REL_02780,SHL_SONGBEN_0111,clause,SHSRC0033,CR_SUYUAN_0026,commentary,SHSRC0022,commentary_support,錢潢《傷寒溯源集》對本條有注（對齊相似度0.96）。,傷寒溯源集:p224,citation_to_node_unique,{},0.963,pending,
REL_02781,SHL_SONGBEN_0117,clause,SHSRC0033,CR_SUYUAN_0027,commentary,SHSRC0022,commentary_support,錢潢《傷寒溯源集》對本條有注（對齊相似度0.95）。,傷寒溯源集:p234,citation_to_node_unique,{},0.952,pending,
REL_02782,SHL_SONGBEN_0120,clause,SHSRC0033,CR_SUYUAN_0028,commentary,SHSRC0022,commentary_support,錢潢《傷寒溯源集》對本條有注（對齊相似度0.68）。,傷寒溯源集:p253,citation_to_node_unique,{},0.681,pending,
REL_02783,SHL_SONGBEN_0121,clause,SHSRC0033,CR_SUYUAN_0029,commentary,SHSRC0022,commentary_support,錢潢《傷寒溯源集》對本條有注（對齊相似度1.00）。,傷寒溯源集:p260,citation_to_node_unique,{},1.0,pending,
REL_02784,SHL_SONGBEN_0071,clause,SHSRC0033,CR_SUYUAN_0030,commentary,SHSRC0022,commentary_support,錢潢《傷寒溯源集》對本條有注（對齊相似度0.89）。,傷寒溯源集:p262,citation_to_node_unique,{},0.889,pending,
REL_02785,SHL_SONGBEN_0020,clause,SHSRC0033,CR_SUYUAN_0031,commentary,SHSRC0022,commentary_support,錢潢《傷寒溯源集》對本條有注（對齊相似度1.00）。,傷寒溯源集:p269,citation_to_node_unique,{},1.0,pending,
REL_02786,SHL_SONGBEN_0082,clause,SHSRC0033,CR_SUYUAN_0032,commentary,SHSRC0022,commentary_support,錢潢《傷寒溯源集》對本條有注（對齊相似度0.95）。,傷寒溯源集:p279,citation_to_node_unique,{},0.952,pending,
REL_02787,SHL_SONGBEN_0062,clause,SHSRC0033,CR_SUYUAN_0033,commentary,SHSRC0022,commentary_support,錢潢《傷寒溯源集》對本條有注（對齊相似度1.00）。,傷寒溯源集:p286,citation_to_node_unique,{},1.0,pending,
REL_02788,SHL_SONGBEN_0090,clause,SHSRC0033,CR_SUYUAN_0034,commentary,SHSRC0022,commentary_support,錢潢《傷寒溯源集》對本條有注（對齊相似度1.00）。,傷寒溯源集:p302,citation_to_node_unique,{},1.0,pending,
REL_02789,SHL_SONGBEN_0093,clause,SHSRC0033,CR_SUYUAN_0035,commentary,SHSRC0022,commentary_support,錢潢《傷寒溯源集》對本條有注（對齊相似度0.80）。,傷寒溯源集:p305,citation_to_node_unique,{},0.805,pending,
REL_02790,SHL_SONGBEN_0060,clause,SHSRC0033,CR_SUYUAN_0036,commentary,SHSRC0022,commentary_support,錢潢《傷寒溯源集》對本條有注（對齊相似度1.00）。,傷寒溯源集:p310,citation_to_node_unique,{},1.0,pending,
REL_02791,SHL_SONGBEN_0061,clause,SHSRC0033,CR_SUYUAN_0037,commentary,SHSRC0022,commentary_support,錢潢《傷寒溯源集》對本條有注（對齊相似度1.00）。,傷寒溯源集:p313,citation_to_node_unique,{},1.0,pending,
REL_02792,SHL_SONGBEN_0059,clause,SHSRC0033,CR_SUYUAN_0038,commentary,SHSRC0022,commentary_support,錢潢《傷寒溯源集》對本條有注（對齊相似度0.94）。,傷寒溯源集:p319,citation_to_node_unique,{},0.939,pending,
REL_02793,SHL_SONGBEN_0044,clause,SHSRC0033,CR_SUYUAN_0039,commentary,SHSRC0022,commentary_support,錢潢《傷寒溯源集》對本條有注（對齊相似度0.89）。,傷寒溯源集:p322,citation_to_node_unique,{},0.894,pending,
REL_02794,SHL_SONGBEN_0045,clause,SHSRC0033,CR_SUYUAN_0040,commentary,SHSRC0022,commentary_support,錢潢《傷寒溯源集》對本條有注（對齊相似度0.94）。,傷寒溯源集:p324,citation_to_node_unique,{},0.94,pending,
REL_02795,SHL_SONGBEN_0015,clause,SHSRC0033,CR_SUYUAN_0041,commentary,SHSRC0022,commentary_support,錢潢《傷寒溯源集》對本條有注（對齊相似度0.94）。,傷寒溯源集:p326,citation_to_node_unique,{},0.941,pending,
REL_02796,SHL_SONGBEN_0034,clause,SHSRC0033,CR_SUYUAN_0042,commentary,SHSRC0022,commentary_support,錢潢《傷寒溯源集》對本條有注（對齊相似度0.94）。,傷寒溯源集:p332,citation_to_node_unique,{},0.941,pending,
REL_02797,SHL_SONGBEN_0043,clause,SHSRC0033,CR_SUYUAN_0043,commentary,SHSRC0022,commentary_support,錢潢《傷寒溯源集》對本條有注（對齊相似度0.91）。,傷寒溯源集:p339,citation_to_node_unique,{},0.909,pending,
REL_02798,SHL_SONGBEN_0018,clause,SHSRC0033,CR_SUYUAN_0044,commentary,SHSRC0022,commentary_support,錢潢《傷寒溯源集》對本條有注（對齊相似度1.00）。,傷寒溯源集:p344,citation_to_node_unique,{},1.0,pending,
REL_02799,SHL_SONGBEN_0021,clause,SHSRC0033,CR_SUYUAN_0045,commentary,SHSRC0022,commentary_support,錢潢《傷寒溯源集》對本條有注（對齊相似度0.75）。,傷寒溯源集:p347,citation_to_node_unique,{},0.75,pending,
REL_02800,SHL_SONGBEN_0022,clause,SHSRC0033,CR_SUYUAN_0046,commentary,SHSRC0022,commentary_support,錢潢《傷寒溯源集》對本條有注（對齊相似度0.70）。,傷寒溯源集:p355,citation_to_node_unique,{},0.696,pending,
REL_02801,SHL_SONGBEN_0140,clause,SHSRC0033,CR_SUYUAN_0047,commentary,SHSRC0022,commentary_support,錢潢《傷寒溯源集》對本條有注（對齊相似度0.92）。,傷寒溯源集:p357,citation_to_node_unique,{},0.92,pending,
REL_02802,SHL_SONGBEN_0163,clause,SHSRC0033,CR_SUYUAN_0048,commentary,SHSRC0022,commentary_support,錢潢《傷寒溯源集》對本條有注（對齊相似度0.89）。,傷寒溯源集:p363,citation_to_node_first_of_multiple,{},0.886,pending,
REL_02803,SHL_SONGBEN_0139,clause,SHSRC0033,CR_SUYUAN_0049,commentary,SHSRC0022,commentary_support,錢潢《傷寒溯源集》對本條有注（對齊相似度0.88）。,傷寒溯源集:p373,citation_to_node_unique,{},0.884,pending,
REL_02804,SHL_SONGBEN_0106,clause,SHSRC0033,CR_SUYUAN_0050,commentary,SHSRC0022,commentary_support,錢潢《傷寒溯源集》對本條有注（對齊相似度0.79）。,傷寒溯源集:p378,citation_to_node_unique,{},0.79,pending,
REL_02805,SHL_SONGBEN_0124,clause,SHSRC0033,CR_SUYUAN_0051,commentary,SHSRC0022,commentary_support,錢潢《傷寒溯源集》對本條有注（對齊相似度0.93）。,傷寒溯源集:p402,citation_to_node_unique,{},0.931,pending,
REL_02806,SHL_SONGBEN_0125,clause,SHSRC0033,CR_SUYUAN_0052,commentary,SHSRC0022,commentary_support,錢潢《傷寒溯源集》對本條有注（對齊相似度0.94）。,傷寒溯源集:p417,citation_to_node_unique,{},0.944,pending,
REL_02807,SHL_SONGBEN_0003,clause,SHSRC0033,CR_SUYUAN_0053,commentary,SHSRC0022,commentary_support,錢潢《傷寒溯源集》對本條有注（對齊相似度0.92）。,傷寒溯源集:p419,citation_to_node_unique,{},0.923,pending,
REL_02808,SHL_SONGBEN_0035,clause,SHSRC0033,CR_SUYUAN_0054,commentary,SHSRC0022,commentary_support,錢潢《傷寒溯源集》對本條有注（對齊相似度1.00）。,傷寒溯源集:p438,citation_to_node_unique,{},1.0,pending,
REL_02809,SHL_SONGBEN_0052,clause,SHSRC0033,CR_SUYUAN_0055,commentary,SHSRC0022,commentary_support,錢潢《傷寒溯源集》對本條有注（對齊相似度1.00）。,傷寒溯源集:p450,citation_to_node_unique,{},1.0,pending,
REL_02810,SHL_SONGBEN_0051,clause,SHSRC0033,CR_SUYUAN_0056,commentary,SHSRC0022,commentary_support,錢潢《傷寒溯源集》對本條有注（對齊相似度0.60）。,傷寒溯源集:p456,citation_to_node_unique,{},0.6,pending,
REL_02811,SHL_SONGBEN_0004,clause,SHSRC0033,CR_SUYUAN_0057,commentary,SHSRC0022,commentary_support,錢潢《傷寒溯源集》對本條有注（對齊相似度0.92）。,傷寒溯源集:p460,citation_to_node_unique,{},0.923,pending,
REL_02812,SHL_SONGBEN_0005,clause,SHSRC0033,CR_SUYUAN_0058,commentary,SHSRC0022,commentary_support,錢潢《傷寒溯源集》對本條有注（對齊相似度1.00）。,傷寒溯源集:p463,citation_to_node_unique,{},1.0,pending,
REL_02813,SHL_SONGBEN_0047,clause,SHSRC0033,CR_SUYUAN_0059,commentary,SHSRC0022,commentary_support,錢潢《傷寒溯源集》對本條有注（對齊相似度1.00）。,傷寒溯源集:p465,citation_to_node_unique,{},1.0,pending,
REL_02814,SHL_SONGBEN_0055,clause,SHSRC0033,CR_SUYUAN_0060,commentary,SHSRC0022,commentary_support,錢潢《傷寒溯源集》對本條有注（對齊相似度1.00）。,傷寒溯源集:p467,citation_to_node_unique,{},1.0,pending,
REL_02815,SHL_SONGBEN_0046,clause,SHSRC0033,CR_SUYUAN_0061,commentary,SHSRC0022,commentary_support,錢潢《傷寒溯源集》對本條有注（對齊相似度1.00）。,傷寒溯源集:p469,citation_to_node_unique,{},1.0,pending,
REL_02816,SHL_SONGBEN_0177,clause,SHSRC0033,CR_SUYUAN_0062,commentary,SHSRC0022,commentary_support,錢潢《傷寒溯源集》對本條有注（對齊相似度0.89）。,傷寒溯源集:p474,citation_to_node_unique,{},0.889,pending,
REL_02817,SHL_SONGBEN_0178,clause,SHSRC0033,CR_SUYUAN_0063,commentary,SHSRC0022,commentary_support,錢潢《傷寒溯源集》對本條有注（對齊相似度0.96）。,傷寒溯源集:p483,citation_to_node_unique,{},0.962,pending,
REL_02818,SHL_SONGBEN_0050,clause,SHSRC0033,CR_SUYUAN_0064,commentary,SHSRC0022,commentary_support,錢潢《傷寒溯源集》對本條有注（對齊相似度0.90）。,傷寒溯源集:p490,citation_to_node_unique,{},0.904,pending,
REL_02819,SHL_SONGBEN_0049,clause,SHSRC0033,CR_SUYUAN_0065,commentary,SHSRC0022,commentary_support,錢潢《傷寒溯源集》對本條有注（對齊相似度0.82）。,傷寒溯源集:p494,citation_to_node_unique,{},0.824,pending,
REL_02820,SHL_SONGBEN_0083,clause,SHSRC0033,CR_SUYUAN_0066,commentary,SHSRC0022,commentary_support,錢潢《傷寒溯源集》對本條有注（對齊相似度0.75）。,傷寒溯源集:p505,citation_to_node_unique,{},0.75,pending,
REL_02821,SHL_SONGBEN_0084,clause,SHSRC0033,CR_SUYUAN_0067,commentary,SHSRC0022,commentary_support,錢潢《傷寒溯源集》對本條有注（對齊相似度0.78）。,傷寒溯源集:p507,citation_to_node_unique,{},0.778,pending,
REL_02822,SHL_SONGBEN_0086,clause,SHSRC0033,CR_SUYUAN_0068,commentary,SHSRC0022,commentary_support,錢潢《傷寒溯源集》對本條有注（對齊相似度0.93）。,傷寒溯源集:p512,citation_to_node_unique,{},0.93,pending,
REL_02823,SHL_SONGBEN_0087,clause,SHSRC0033,CR_SUYUAN_0069,commentary,SHSRC0022,commentary_support,錢潢《傷寒溯源集》對本條有注（對齊相似度0.87）。,傷寒溯源集:p519,citation_to_node_unique,{},0.87,pending,
REL_02824,SHL_SONGBEN_0085,clause,SHSRC0033,CR_SUYUAN_0070,commentary,SHSRC0022,commentary_support,錢潢《傷寒溯源集》對本條有注（對齊相似度0.85）。,傷寒溯源集:p523,citation_to_node_unique,{},0.846,pending,
REL_02825,SHL_SONGBEN_0088,clause,SHSRC0033,CR_SUYUAN_0071,commentary,SHSRC0022,commentary_support,錢潢《傷寒溯源集》對本條有注（對齊相似度1.00）。,傷寒溯源集:p526,citation_to_node_unique,{},1.0,pending,
REL_02826,SHL_SONGBEN_0072,clause,SHSRC0033,CR_SUYUAN_0072,commentary,SHSRC0022,commentary_support,錢潢《傷寒溯源集》對本條有注（對齊相似度1.00）。,傷寒溯源集:p534,citation_to_node_unique,{},1.0,pending,
REL_02827,SHL_SONGBEN_0073,clause,SHSRC0033,CR_SUYUAN_0073,commentary,SHSRC0022,commentary_support,錢潢《傷寒溯源集》對本條有注（對齊相似度1.00）。,傷寒溯源集:p542,citation_to_node_unique,{},1.0,pending,
REL_02828,SHL_SONGBEN_0065,clause,SHSRC0033,CR_SUYUAN_0074,commentary,SHSRC0022,commentary_support,錢潢《傷寒溯源集》對本條有注（對齊相似度1.00）。,傷寒溯源集:p559,citation_to_node_unique,{},1.0,pending,
REL_02829,SHL_SONGBEN_0066,clause,SHSRC0033,CR_SUYUAN_0075,commentary,SHSRC0022,commentary_support,錢潢《傷寒溯源集》對本條有注（對齊相似度0.84）。,傷寒溯源集:p566,citation_to_node_unique,{},0.842,pending,
REL_02830,SHL_SONGBEN_0064,clause,SHSRC0033,CR_SUYUAN_0076,commentary,SHSRC0022,commentary_support,錢潢《傷寒溯源集》對本條有注（對齊相似度1.00）。,傷寒溯源集:p572,citation_to_node_unique,{},1.0,pending,
REL_02831,SHL_SONGBEN_0075,clause,SHSRC0033,CR_SUYUAN_0077,commentary,SHSRC0022,commentary_support,錢潢《傷寒溯源集》對本條有注（對齊相似度0.65）。,傷寒溯源集:p580,citation_to_node_unique,{},0.652,pending,
REL_02832,SHL_SONGBEN_0068,clause,SHSRC0033,CR_SUYUAN_0078,commentary,SHSRC0022,commentary_support,錢潢《傷寒溯源集》對本條有注（對齊相似度1.00）。,傷寒溯源集:p588,citation_to_node_unique,{},1.0,pending,
REL_02833,SHL_SONGBEN_0070,clause,SHSRC0033,CR_SUYUAN_0079,commentary,SHSRC0022,commentary_support,錢潢《傷寒溯源集》對本條有注（對齊相似度0.94）。,傷寒溯源集:p595,citation_to_node_unique,{},0.941,pending,
REL_02834,SHL_SONGBEN_0069,clause,SHSRC0033,CR_SUYUAN_0080,commentary,SHSRC0022,commentary_support,錢潢《傷寒溯源集》對本條有注（對齊相似度1.00）。,傷寒溯源集:p600,citation_to_node_unique,{},1.0,pending,
REL_02835,SHL_SONGBEN_0091,clause,SHSRC0033,CR_SUYUAN_0081,commentary,SHSRC0022,commentary_support,錢潢《傷寒溯源集》對本條有注（對齊相似度0.92）。,傷寒溯源集:p607,citation_to_node_unique,{},0.921,pending,
REL_02836,SHL_SONGBEN_0078,clause,SHSRC0033,CR_SUYUAN_0082,commentary,SHSRC0022,commentary_support,錢潢《傷寒溯源集》對本條有注（對齊相似度1.00）。,傷寒溯源集:p621,citation_to_node_unique,{},1.0,pending,
REL_02837,SHL_SONGBEN_0077,clause,SHSRC0033,CR_SUYUAN_0083,commentary,SHSRC0022,commentary_support,錢潢《傷寒溯源集》對本條有注（對齊相似度1.00）。,傷寒溯源集:p631,citation_to_node_unique,{},1.0,pending,
REL_02838,SHL_SONGBEN_0079,clause,SHSRC0033,CR_SUYUAN_0084,commentary,SHSRC0022,commentary_support,錢潢《傷寒溯源集》對本條有注（對齊相似度1.00）。,傷寒溯源集:p633,citation_to_node_unique,{},1.0,pending,
REL_02839,SHL_SONGBEN_0080,clause,SHSRC0033,CR_SUYUAN_0085,commentary,SHSRC0022,commentary_support,錢潢《傷寒溯源集》對本條有注（對齊相似度1.00）。,傷寒溯源集:p639,citation_to_node_unique,{},1.0,pending,
REL_02840,SHL_SONGBEN_0076,clause,SHSRC0033,CR_SUYUAN_0086,commentary,SHSRC0022,commentary_support,錢潢《傷寒溯源集》對本條有注（對齊相似度0.80）。,傷寒溯源集:p646,citation_to_node_unique,{},0.8,pending,
REL_02841,SHL_SONGBEN_0081,clause,SHSRC0033,CR_SUYUAN_0087,commentary,SHSRC0022,commentary_support,錢潢《傷寒溯源集》對本條有注（對齊相似度0.87）。,傷寒溯源集:p654,citation_to_node_unique,{},0.867,pending,
REL_02842,SHL_SONGBEN_0067,clause,SHSRC0033,CR_SUYUAN_0088,commentary,SHSRC0022,commentary_support,錢潢《傷寒溯源集》對本條有注（對齊相似度1.00）。,傷寒溯源集:p656,citation_to_node_unique,{},1.0,pending,
REL_02843,SHL_SONGBEN_0126,clause,SHSRC0033,CR_SUYUAN_0089,commentary,SHSRC0022,commentary_support,錢潢《傷寒溯源集》對本條有注（對齊相似度0.93）。,傷寒溯源集:p665,citation_to_node_unique,{},0.933,pending,
REL_02844,SHL_SONGBEN_0131,clause,SHSRC0033,CR_SUYUAN_0090,commentary,SHSRC0022,commentary_support,錢潢《傷寒溯源集》對本條有注（對齊相似度0.75）。,傷寒溯源集:p673,citation_to_node_unique,{},0.747,pending,
REL_02845,SHL_SONGBEN_0134,clause,SHSRC0033,CR_SUYUAN_0091,commentary,SHSRC0022,commentary_support,錢潢《傷寒溯源集》對本條有注（對齊相似度0.94）。,傷寒溯源集:p714,citation_to_node_unique,{},0.936,pending,
REL_02846,SHL_SONGBEN_0137,clause,SHSRC0033,CR_SUYUAN_0092,commentary,SHSRC0022,commentary_support,錢潢《傷寒溯源集》對本條有注（對齊相似度0.96）。,傷寒溯源集:p751,citation_to_node_unique,{},0.957,pending,
REL_02847,SHL_SONGBEN_0135,clause,SHSRC0033,CR_SUYUAN_0093,commentary,SHSRC0022,commentary_support,錢潢《傷寒溯源集》對本條有注（對齊相似度0.86）。,傷寒溯源集:p763,citation_to_node_unique,{},0.863,pending,
REL_02848,SHL_SONGBEN_0136,clause,SHSRC0033,CR_SUYUAN_0094,commentary,SHSRC0022,commentary_support,錢潢《傷寒溯源集》對本條有注（對齊相似度0.86）。,傷寒溯源集:p767,citation_to_node_unique,{},0.864,pending,
REL_02849,SHL_SONGBEN_0138,clause,SHSRC0033,CR_SUYUAN_0095,commentary,SHSRC0022,commentary_support,錢潢《傷寒溯源集》對本條有注（對齊相似度1.00）。,傷寒溯源集:p773,citation_to_node_unique,{},1.0,pending,
REL_02850,SHL_SONGBEN_0141,clause,SHSRC0033,CR_SUYUAN_0096,commentary,SHSRC0022,commentary_support,錢潢《傷寒溯源集》對本條有注（對齊相似度0.92）。,傷寒溯源集:p782,citation_to_node_unique,{},0.921,pending,
REL_02851,SHL_SONGBEN_0132,clause,SHSRC0033,CR_SUYUAN_0097,commentary,SHSRC0022,commentary_support,錢潢《傷寒溯源集》對本條有注（對齊相似度1.00）。,傷寒溯源集:p794,citation_to_node_unique,{},1.0,pending,
REL_02852,SHL_SONGBEN_0133,clause,SHSRC0033,CR_SUYUAN_0098,commentary,SHSRC0022,commentary_support,錢潢《傷寒溯源集》對本條有注（對齊相似度1.00）。,傷寒溯源集:p798,citation_to_node_unique,{},1.0,pending,
REL_02853,SHL_SONGBEN_0151,clause,SHSRC0033,CR_SUYUAN_0099,commentary,SHSRC0022,commentary_support,錢潢《傷寒溯源集》對本條有注（對齊相似度0.82）。,傷寒溯源集:p805,citation_to_node_unique,{},0.818,pending,
REL_02854,SHL_SONGBEN_0154,clause,SHSRC0033,CR_SUYUAN_0100,commentary,SHSRC0022,commentary_support,錢潢《傷寒溯源集》對本條有注（對齊相似度1.00）。,傷寒溯源集:p810,citation_to_node_unique,{},1.0,pending,
REL_02855,SHL_SONGBEN_0155,clause,SHSRC0033,CR_SUYUAN_0101,commentary,SHSRC0022,commentary_support,錢潢《傷寒溯源集》對本條有注（對齊相似度1.00）。,傷寒溯源集:p830,citation_to_node_unique,{},1.0,pending,
REL_02856,SHL_SONGBEN_0164,clause,SHSRC0033,CR_SUYUAN_0102,commentary,SHSRC0022,commentary_support,錢潢《傷寒溯源集》對本條有注（對齊相似度1.00）。,傷寒溯源集:p835,citation_to_node_unique,{},1.0,pending,
REL_02857,SHL_SONGBEN_0149,clause,SHSRC0033,CR_SUYUAN_0103,commentary,SHSRC0022,commentary_support,錢潢《傷寒溯源集》對本條有注（對齊相似度0.98）。,傷寒溯源集:p860,citation_to_node_first_of_multiple,{},0.975,pending,
REL_02858,SHL_SONGBEN_0165,clause,SHSRC0033,CR_SUYUAN_0104,commentary,SHSRC0022,commentary_support,錢潢《傷寒溯源集》對本條有注（對齊相似度0.83）。,傷寒溯源集:p883,citation_to_node_unique,{},0.826,pending,
REL_02859,SHL_SONGBEN_0161,clause,SHSRC0033,CR_SUYUAN_0105,commentary,SHSRC0022,commentary_support,錢潢《傷寒溯源集》對本條有注（對齊相似度0.86）。,傷寒溯源集:p886,citation_to_node_unique,{},0.863,pending,
REL_02860,SHL_SONGBEN_0159,clause,SHSRC0033,CR_SUYUAN_0106,commentary,SHSRC0022,commentary_support,錢潢《傷寒溯源集》對本條有注（對齊相似度0.64）。,傷寒溯源集:p899,citation_to_node_unique,{},0.635,pending,
REL_02861,SHL_SONGBEN_0156,clause,SHSRC0033,CR_SUYUAN_0107,commentary,SHSRC0022,commentary_support,錢潢《傷寒溯源集》對本條有注（對齊相似度1.00）。,傷寒溯源集:p914,citation_to_node_unique,{},1.0,pending,
REL_02862,SHL_SONGBEN_0163,clause,SHSRC0033,CR_SUYUAN_0048,commentary,SHSRC0022,commentary_support,錢潢《傷寒溯源集》對本條有注（對齊相似度0.83）。,傷寒溯源集:p931,citation_to_node_first_of_multiple,{},0.829,pending,
REL_02863,SHL_SONGBEN_0153,clause,SHSRC0033,CR_SUYUAN_0109,commentary,SHSRC0022,commentary_support,錢潢《傷寒溯源集》對本條有注（對齊相似度0.67）。,傷寒溯源集:p933,citation_to_node_unique,{},0.674,pending,
REL_02864,SHL_SONGBEN_0142,clause,SHSRC0033,CR_SUYUAN_0110,commentary,SHSRC0022,commentary_support,錢潢《傷寒溯源集》對本條有注（對齊相似度0.76）。,傷寒溯源集:p939,citation_to_node_first_of_multiple,{},0.756,pending,
REL_02865,SHL_SONGBEN_0171,clause,SHSRC0033,CR_SUYUAN_0111,commentary,SHSRC0022,commentary_support,錢潢《傷寒溯源集》對本條有注（對齊相似度0.85）。,傷寒溯源集:p941,citation_to_node_first_of_multiple,{},0.846,pending,
REL_02866,SHL_SONGBEN_0244,clause,SHSRC0033,CR_SUYUAN_0112,commentary,SHSRC0022,commentary_support,錢潢《傷寒溯源集》對本條有注（對齊相似度0.93）。,傷寒溯源集:p944,citation_to_node_first_of_multiple,{},0.933,pending,
REL_02867,SHL_SONGBEN_0160,clause,SHSRC0033,CR_SUYUAN_0113,commentary,SHSRC0022,commentary_support,錢潢《傷寒溯源集》對本條有注（對齊相似度0.92）。,傷寒溯源集:p946,citation_to_node_unique,{},0.919,pending,
REL_02868,SHL_SONGBEN_0166,clause,SHSRC0033,CR_SUYUAN_0114,commentary,SHSRC0022,commentary_support,錢潢《傷寒溯源集》對本條有注（對齊相似度0.88）。,傷寒溯源集:p951,citation_to_node_first_of_multiple,{},0.875,pending,
REL_02869,SHL_SONGBEN_0129,clause,SHSRC0033,CR_SUYUAN_0115,commentary,SHSRC0022,commentary_support,錢潢《傷寒溯源集》對本條有注（對齊相似度0.81）。,傷寒溯源集:p968,citation_to_node_unique,{},0.812,pending,
REL_02870,SHL_SONGBEN_0130,clause,SHSRC0033,CR_SUYUAN_0116,commentary,SHSRC0022,commentary_support,錢潢《傷寒溯源集》對本條有注（對齊相似度0.86）。,傷寒溯源集:p976,citation_to_node_unique,{},0.864,pending,
REL_02871,SHL_SONGBEN_0167,clause,SHSRC0033,CR_SUYUAN_0117,commentary,SHSRC0022,commentary_support,錢潢《傷寒溯源集》對本條有注（對齊相似度0.82）。,傷寒溯源集:p980,citation_to_node_unique,{},0.818,pending,
REL_02872,SHL_SONGBEN_0038,clause,SHSRC0033,CR_SUYUAN_0118,commentary,SHSRC0022,commentary_support,錢潢《傷寒溯源集》對本條有注（對齊相似度0.85）。,傷寒溯源集:p983,citation_to_node_unique,{},0.851,pending,
REL_02873,SHL_SONGBEN_0039,clause,SHSRC0033,CR_SUYUAN_0119,commentary,SHSRC0022,commentary_support,錢潢《傷寒溯源集》對本條有注（對齊相似度0.92）。,傷寒溯源集:p1028,citation_to_node_unique,{},0.917,pending,
REL_02874,SHL_SONGBEN_0023,clause,SHSRC0033,CR_SUYUAN_0120,commentary,SHSRC0022,commentary_support,錢潢《傷寒溯源集》對本條有注（對齊相似度0.93）。,傷寒溯源集:p1035,citation_to_node_unique,{},0.935,pending,
REL_02875,SHL_SONGBEN_0027,clause,SHSRC0033,CR_SUYUAN_0121,commentary,SHSRC0022,commentary_support,錢潢《傷寒溯源集》對本條有注（對齊相似度0.93）。,傷寒溯源集:p1050,citation_to_node_unique,{},0.933,pending,
REL_02876,SHL_SONGBEN_0025,clause,SHSRC0033,CR_SUYUAN_0122,commentary,SHSRC0022,commentary_support,錢潢《傷寒溯源集》對本條有注（對齊相似度0.90）。,傷寒溯源集:p1060,citation_to_node_unique,{},0.896,pending,
REL_02877,SHL_SONGBEN_0028,clause,SHSRC0033,CR_SUYUAN_0123,commentary,SHSRC0022,commentary_support,錢潢《傷寒溯源集》對本條有注（對齊相似度0.83）。,傷寒溯源集:p1069,citation_to_node_unique,{},0.831,pending,
REL_02878,SHL_SONGBEN_0056,clause,SHSRC0033,CR_SUYUAN_0124,commentary,SHSRC0022,commentary_support,錢潢《傷寒溯源集》對本條有注（對齊相似度0.95）。,傷寒溯源集:p1083,citation_to_node_unique,{},0.952,pending,
REL_02879,SHL_SONGBEN_0057,clause,SHSRC0033,CR_SUYUAN_0125,commentary,SHSRC0022,commentary_support,錢潢《傷寒溯源集》對本條有注（對齊相似度0.90）。,傷寒溯源集:p1085,citation_to_node_unique,{},0.905,pending,
REL_02880,SHL_SONGBEN_0102,clause,SHSRC0033,CR_SUYUAN_0126,commentary,SHSRC0022,commentary_support,錢潢《傷寒溯源集》對本條有注（對齊相似度1.00）。,傷寒溯源集:p1088,citation_to_node_unique,{},1.0,pending,
REL_02881,SHL_SONGBEN_0119,clause,SHSRC0033,CR_SUYUAN_0127,commentary,SHSRC0022,commentary_support,錢潢《傷寒溯源集》對本條有注（對齊相似度1.00）。,傷寒溯源集:p1099,citation_to_node_unique,{},1.0,pending,
REL_02882,SHL_SONGBEN_0112,clause,SHSRC0033,CR_SUYUAN_0128,commentary,SHSRC0022,commentary_support,錢潢《傷寒溯源集》對本條有注（對齊相似度0.83）。,傷寒溯源集:p1102,citation_to_node_unique,{},0.833,pending,
REL_02883,SHL_SONGBEN_0118,clause,SHSRC0033,CR_SUYUAN_0129,commentary,SHSRC0022,commentary_support,錢潢《傷寒溯源集》對本條有注（對齊相似度1.00）。,傷寒溯源集:p1116,citation_to_node_unique,{},1.0,pending,
REL_02884,SHL_SONGBEN_0040,clause,SHSRC0033,CR_SUYUAN_0130,commentary,SHSRC0022,commentary_support,錢潢《傷寒溯源集》對本條有注（對齊相似度0.95）。,傷寒溯源集:p1124,citation_to_node_unique,{},0.947,pending,
REL_02885,SHL_SONGBEN_0041,clause,SHSRC0033,CR_SUYUAN_0131,commentary,SHSRC0022,commentary_support,錢潢《傷寒溯源集》對本條有注（對齊相似度0.94）。,傷寒溯源集:p1153,citation_to_node_unique,{},0.935,pending,
REL_02886,SHL_SONGBEN_0030,clause,SHSRC0033,CR_SUYUAN_0132,commentary,SHSRC0022,commentary_support,錢潢《傷寒溯源集》對本條有注（對齊相似度0.93）。,傷寒溯源集:p1158,citation_to_node_unique,{},0.927,pending,
REL_02887,SHL_SONGBEN_0176,clause,SHSRC0033,CR_SUYUAN_0133,commentary,SHSRC0022,commentary_support,錢潢《傷寒溯源集》對本條有注（對齊相似度0.79）。,傷寒溯源集:p1201,citation_to_node_unique,{},0.788,pending,
REL_02888,SHL_SONGBEN_0170,clause,SHSRC0033,CR_SUYUAN_0134,commentary,SHSRC0022,commentary_support,錢潢《傷寒溯源集》對本條有注（對齊相似度0.95）。,傷寒溯源集:p1210,citation_to_node_unique,{},0.954,pending,
REL_02889,SHL_SONGBEN_0026,clause,SHSRC0033,CR_SUYUAN_0135,commentary,SHSRC0022,commentary_support,錢潢《傷寒溯源集》對本條有注（對齊相似度1.00）。,傷寒溯源集:p1216,citation_to_node_unique,{},1.0,pending,
REL_02890,SHL_SONGBEN_0169,clause,SHSRC0033,CR_SUYUAN_0136,commentary,SHSRC0022,commentary_support,錢潢《傷寒溯源集》對本條有注（對齊相似度1.00）。,傷寒溯源集:p1221,citation_to_node_unique,{},1.0,pending,
REL_02891,SHL_SONGBEN_0168,clause,SHSRC0033,CR_SUYUAN_0137,commentary,SHSRC0022,commentary_support,錢潢《傷寒溯源集》對本條有注（對齊相似度0.87）。,傷寒溯源集:p1224,citation_to_node_unique,{},0.867,pending,
REL_02892,SHL_SONGBEN_0006,clause,SHSRC0033,CR_SUYUAN_0138,commentary,SHSRC0022,commentary_support,錢潢《傷寒溯源集》對本條有注（對齊相似度0.85）。,傷寒溯源集:p1242,citation_to_node_unique,{},0.847,pending,
REL_02893,SHL_SONGBEN_0113,clause,SHSRC0033,CR_SUYUAN_0139,commentary,SHSRC0022,commentary_support,錢潢《傷寒溯源集》對本條有注（對齊相似度0.97）。,傷寒溯源集:p1255,citation_to_node_unique,{},0.967,pending,
REL_02894,SHL_SONGBEN_0166,clause,SHSRC0033,CR_SUYUAN_0114,commentary,SHSRC0022,commentary_support,錢潢《傷寒溯源集》對本條有注（對齊相似度0.88）。,傷寒溯源集:p1257,citation_to_node_first_of_multiple,{},0.875,pending,
REL_02895,SHL_SONGBEN_0259,clause,SHSRC0033,CR_SUYUAN_0141,commentary,SHSRC0022,commentary_support,錢潢《傷寒溯源集》對本條有注（對齊相似度0.94）。,傷寒溯源集:p1385,citation_to_node_unique,{},0.938,pending,
REL_02896,SHL_SONGBEN_0174,clause,SHSRC0033,CR_SUYUAN_0142,commentary,SHSRC0022,commentary_support,錢潢《傷寒溯源集》對本條有注（對齊相似度0.68）。,傷寒溯源集:p1392,citation_to_node_unique,{},0.682,pending,
REL_02897,SHL_SONGBEN_0175,clause,SHSRC0033,CR_SUYUAN_0143,commentary,SHSRC0022,commentary_support,錢潢《傷寒溯源集》對本條有注（對齊相似度0.90）。,傷寒溯源集:p1412,citation_to_node_unique,{},0.897,pending,
REL_02898,SHL_SONGBEN_0182,clause,SHSRC0033,CR_SUYUAN_0144,commentary,SHSRC0022,commentary_support,錢潢《傷寒溯源集》對本條有注（對齊相似度1.00）。,傷寒溯源集:p1464,citation_to_node_unique,{},1.0,pending,
REL_02899,SHL_SONGBEN_0183,clause,SHSRC0033,CR_SUYUAN_0145,commentary,SHSRC0022,commentary_support,錢潢《傷寒溯源集》對本條有注（對齊相似度0.87）。,傷寒溯源集:p1468,citation_to_node_unique,{},0.871,pending,
REL_02900,SHL_SONGBEN_0184,clause,SHSRC0033,CR_SUYUAN_0146,commentary,SHSRC0022,commentary_support,錢潢《傷寒溯源集》對本條有注（對齊相似度0.96）。,傷寒溯源集:p1472,citation_to_node_unique,{},0.958,pending,
REL_02901,SHL_SONGBEN_0181,clause,SHSRC0033,CR_SUYUAN_0147,commentary,SHSRC0022,commentary_support,錢潢《傷寒溯源集》對本條有注（對齊相似度0.78）。,傷寒溯源集:p1480,citation_to_node_unique,{},0.785,pending,
REL_02902,SHL_SONGBEN_0185,clause,SHSRC0033,CR_SUYUAN_0148,commentary,SHSRC0022,commentary_support,錢潢《傷寒溯源集》對本條有注（對齊相似度0.67）。,傷寒溯源集:p1485,citation_to_node_first_of_multiple,{},0.667,pending,
REL_02903,SHL_SONGBEN_0188,clause,SHSRC0033,CR_SUYUAN_0149,commentary,SHSRC0022,commentary_support,錢潢《傷寒溯源集》對本條有注（對齊相似度0.74）。,傷寒溯源集:p1488,citation_to_node_unique,{},0.741,pending,
REL_02904,SHL_SONGBEN_0185,clause,SHSRC0033,CR_SUYUAN_0148,commentary,SHSRC0022,commentary_support,錢潢《傷寒溯源集》對本條有注（對齊相似度0.66）。,傷寒溯源集:p1491,citation_to_node_first_of_multiple,{},0.656,pending,
REL_02905,SHL_SONGBEN_0193,clause,SHSRC0033,CR_SUYUAN_0151,commentary,SHSRC0022,commentary_support,錢潢《傷寒溯源集》對本條有注（對齊相似度1.00）。,傷寒溯源集:p1494,citation_to_node_unique,{},1.0,pending,
REL_02906,SHL_SONGBEN_0179,clause,SHSRC0033,CR_SUYUAN_0152,commentary,SHSRC0022,commentary_support,錢潢《傷寒溯源集》對本條有注（對齊相似度1.00）。,傷寒溯源集:p1506,citation_to_node_first_of_multiple,{},1.0,pending,
REL_02907,SHL_SONGBEN_0190,clause,SHSRC0033,CR_SUYUAN_0153,commentary,SHSRC0022,commentary_support,錢潢《傷寒溯源集》對本條有注（對齊相似度0.64）。,傷寒溯源集:p1508,citation_to_node_unique,{},0.636,pending,
REL_02908,SHL_SONGBEN_0234,clause,SHSRC0033,CR_SUYUAN_0154,commentary,SHSRC0022,commentary_support,錢潢《傷寒溯源集》對本條有注（對齊相似度1.00）。,傷寒溯源集:p1521,citation_to_node_unique,{},1.0,pending,
REL_02909,SHL_SONGBEN_0014,clause,SHSRC0033,CR_SUYUAN_0155,commentary,SHSRC0022,commentary_support,錢潢《傷寒溯源集》對本條有注（對齊相似度0.90）。,傷寒溯源集:p1526,citation_to_node_unique,{},0.9,pending,
REL_02910,SHL_SONGBEN_0201,clause,SHSRC0033,CR_SUYUAN_0156,commentary,SHSRC0022,commentary_support,錢潢《傷寒溯源集》對本條有注（對齊相似度1.00）。,傷寒溯源集:p1537,citation_to_node_unique,{},1.0,pending,
REL_02911,SHL_SONGBEN_0198,clause,SHSRC0033,CR_SUYUAN_0157,commentary,SHSRC0022,commentary_support,錢潢《傷寒溯源集》對本條有注（對齊相似度0.72）。,傷寒溯源集:p1540,citation_to_node_unique,{},0.72,pending,
REL_02912,SHL_SONGBEN_0227,clause,SHSRC0033,CR_SUYUAN_0158,commentary,SHSRC0022,commentary_support,錢潢《傷寒溯源集》對本條有注（對齊相似度1.00）。,傷寒溯源集:p1542,citation_to_node_unique,{},1.0,pending,
REL_02913,SHL_SONGBEN_0202,clause,SHSRC0033,CR_SUYUAN_0159,commentary,SHSRC0022,commentary_support,錢潢《傷寒溯源集》對本條有注（對齊相似度0.83）。,傷寒溯源集:p1546,citation_to_node_unique,{},0.828,pending,
REL_02914,SHL_SONGBEN_0222,clause,SHSRC0033,CR_SUYUAN_0160,commentary,SHSRC0022,commentary_support,錢潢《傷寒溯源集》對本條有注（對齊相似度0.91）。,傷寒溯源集:p1549,citation_to_node_unique,{},0.909,pending,
REL_02915,SHL_SONGBEN_0223,clause,SHSRC0033,CR_SUYUAN_0161,commentary,SHSRC0022,commentary_support,錢潢《傷寒溯源集》對本條有注（對齊相似度1.00）。,傷寒溯源集:p1551,citation_to_node_unique,{},1.0,pending,
REL_02916,SHL_SONGBEN_0224,clause,SHSRC0033,CR_SUYUAN_0162,commentary,SHSRC0022,commentary_support,錢潢《傷寒溯源集》對本條有注（對齊相似度1.00）。,傷寒溯源集:p1565,citation_to_node_unique,{},1.0,pending,
REL_02917,SHL_SONGBEN_0240,clause,SHSRC0033,CR_SUYUAN_0163,commentary,SHSRC0022,commentary_support,錢潢《傷寒溯源集》對本條有注（對齊相似度0.95）。,傷寒溯源集:p1568,citation_to_node_unique,{},0.955,pending,
REL_02918,SHL_SONGBEN_0228,clause,SHSRC0033,CR_SUYUAN_0164,commentary,SHSRC0022,commentary_support,錢潢《傷寒溯源集》對本條有注（對齊相似度0.89）。,傷寒溯源集:p1582,citation_to_node_unique,{},0.892,pending,
REL_02919,SHL_SONGBEN_0189,clause,SHSRC0033,CR_SUYUAN_0165,commentary,SHSRC0022,commentary_support,錢潢《傷寒溯源集》對本條有注（對齊相似度1.00）。,傷寒溯源集:p1585,citation_to_node_unique,{},1.0,pending,
REL_02920,SHL_SONGBEN_0231,clause,SHSRC0033,CR_SUYUAN_0166,commentary,SHSRC0022,commentary_support,錢潢《傷寒溯源集》對本條有注（對齊相似度0.63）。,傷寒溯源集:p1588,citation_to_node_unique,{},0.631,pending,
REL_02921,SHL_SONGBEN_0232,clause,SHSRC0033,CR_SUYUAN_0167,commentary,SHSRC0022,commentary_support,錢潢《傷寒溯源集》對本條有注（對齊相似度0.62）。,傷寒溯源集:p1590,citation_to_node_unique,{},0.621,pending,
REL_02922,SHL_SONGBEN_0244,clause,SHSRC0033,CR_SUYUAN_0112,commentary,SHSRC0022,commentary_support,錢潢《傷寒溯源集》對本條有注（對齊相似度0.93）。,傷寒溯源集:p1610,citation_to_node_first_of_multiple,{},0.933,pending,
REL_02923,SHL_SONGBEN_0203,clause,SHSRC0033,CR_SUYUAN_0169,commentary,SHSRC0022,commentary_support,錢潢《傷寒溯源集》對本條有注（對齊相似度0.71）。,傷寒溯源集:p1621,citation_to_node_unique,{},0.71,pending,
REL_02924,SHL_SONGBEN_0233,clause,SHSRC0033,CR_SUYUAN_0170,commentary,SHSRC0022,commentary_support,錢潢《傷寒溯源集》對本條有注（對齊相似度0.81）。,傷寒溯源集:p1627,citation_to_node_unique,{},0.809,pending,
REL_02925,SHL_SONGBEN_0213,clause,SHSRC0033,CR_SUYUAN_0171,commentary,SHSRC0022,commentary_support,錢潢《傷寒溯源集》對本條有注（對齊相似度0.88）。,傷寒溯源集:p1634,citation_to_node_unique,{},0.88,pending,
REL_02926,SHL_SONGBEN_0211,clause,SHSRC0033,CR_SUYUAN_0172,commentary,SHSRC0022,commentary_support,錢潢《傷寒溯源集》對本條有注（對齊相似度1.00）。,傷寒溯源集:p1638,citation_to_node_unique,{},1.0,pending,
REL_02927,SHL_SONGBEN_0246,clause,SHSRC0033,CR_SUYUAN_0173,commentary,SHSRC0022,commentary_support,錢潢《傷寒溯源集》對本條有注（對齊相似度1.00）。,傷寒溯源集:p1641,citation_to_node_unique,{},1.0,pending,
REL_02928,SHL_SONGBEN_0247,clause,SHSRC0033,CR_SUYUAN_0174,commentary,SHSRC0022,commentary_support,錢潢《傷寒溯源集》對本條有注（對齊相似度0.71）。,傷寒溯源集:p1644,citation_to_node_unique,{},0.708,pending,
REL_02929,SHL_SONGBEN_0235,clause,SHSRC0033,CR_SUYUAN_0175,commentary,SHSRC0022,commentary_support,錢潢《傷寒溯源集》對本條有注（對齊相似度1.00）。,傷寒溯源集:p1672,citation_to_node_unique,{},1.0,pending,
REL_02930,SHL_SONGBEN_0031,clause,SHSRC0033,CR_SUYUAN_0176,commentary,SHSRC0022,commentary_support,錢潢《傷寒溯源集》對本條有注（對齊相似度0.77）。,傷寒溯源集:p1677,citation_to_node_unique,{},0.774,pending,
REL_02931,SHL_SONGBEN_0204,clause,SHSRC0033,CR_SUYUAN_0177,commentary,SHSRC0022,commentary_support,錢潢《傷寒溯源集》對本條有注（對齊相似度0.83）。,傷寒溯源集:p1687,citation_to_node_unique,{},0.833,pending,
REL_02932,SHL_SONGBEN_0205,clause,SHSRC0033,CR_SUYUAN_0178,commentary,SHSRC0022,commentary_support,錢潢《傷寒溯源集》對本條有注（對齊相似度0.90）。,傷寒溯源集:p1690,citation_to_node_unique,{},0.905,pending,
REL_02933,SHL_SONGBEN_0245,clause,SHSRC0033,CR_SUYUAN_0179,commentary,SHSRC0022,commentary_support,錢潢《傷寒溯源集》對本條有注（對齊相似度0.68）。,傷寒溯源集:p1696,citation_to_node_unique,{},0.677,pending,
REL_02934,SHL_SONGBEN_0218,clause,SHSRC0033,CR_SUYUAN_0180,commentary,SHSRC0022,commentary_support,錢潢《傷寒溯源集》對本條有注（對齊相似度0.88）。,傷寒溯源集:p1701,citation_to_node_unique,{},0.882,pending,
REL_02935,SHL_SONGBEN_0105,clause,SHSRC0033,CR_SUYUAN_0181,commentary,SHSRC0022,commentary_support,錢潢《傷寒溯源集》對本條有注（對齊相似度0.94）。,傷寒溯源集:p1705,citation_to_node_unique,{},0.941,pending,
REL_02936,SHL_SONGBEN_0250,clause,SHSRC0033,CR_SUYUAN_0182,commentary,SHSRC0022,commentary_support,錢潢《傷寒溯源集》對本條有注（對齊相似度0.87）。,傷寒溯源集:p1709,citation_to_node_unique,{},0.873,pending,
REL_02937,SHL_SONGBEN_0195,clause,SHSRC0033,CR_SUYUAN_0183,commentary,SHSRC0022,commentary_support,錢潢《傷寒溯源集》對本條有注（對齊相似度0.90）。,傷寒溯源集:p1711,citation_to_node_unique,{},0.904,pending,
REL_02938,SHL_SONGBEN_0191,clause,SHSRC0033,CR_SUYUAN_0184,commentary,SHSRC0022,commentary_support,錢潢《傷寒溯源集》對本條有注（對齊相似度0.80）。,傷寒溯源集:p1717,citation_to_node_unique,{},0.805,pending,
REL_02939,SHL_SONGBEN_0192,clause,SHSRC0033,CR_SUYUAN_0185,commentary,SHSRC0022,commentary_support,錢潢《傷寒溯源集》對本條有注（對齊相似度0.75）。,傷寒溯源集:p1726,citation_to_node_unique,{},0.753,pending,
REL_02940,SHL_SONGBEN_0194,clause,SHSRC0033,CR_SUYUAN_0186,commentary,SHSRC0022,commentary_support,錢潢《傷寒溯源集》對本條有注（對齊相似度0.94）。,傷寒溯源集:p1733,citation_to_node_unique,{},0.943,pending,
REL_02941,SHL_SONGBEN_0226,clause,SHSRC0033,CR_SUYUAN_0187,commentary,SHSRC0022,commentary_support,錢潢《傷寒溯源集》對本條有注（對齊相似度1.00）。,傷寒溯源集:p1736,citation_to_node_unique,{},1.0,pending,
REL_02942,SHL_SONGBEN_0225,clause,SHSRC0033,CR_SUYUAN_0188,commentary,SHSRC0022,commentary_support,錢潢《傷寒溯源集》對本條有注（對齊相似度0.79）。,傷寒溯源集:p1738,citation_to_node_unique,{},0.788,pending,
REL_02943,SHL_SONGBEN_0197,clause,SHSRC0033,CR_SUYUAN_0189,commentary,SHSRC0022,commentary_support,錢潢《傷寒溯源集》對本條有注（對齊相似度0.88）。,傷寒溯源集:p1741,citation_to_node_unique,{},0.882,pending,
REL_02944,SHL_SONGBEN_0196,clause,SHSRC0033,CR_SUYUAN_0190,commentary,SHSRC0022,commentary_support,錢潢《傷寒溯源集》對本條有注（對齊相似度1.00）。,傷寒溯源集:p1750,citation_to_node_unique,{},1.0,pending,
REL_02945,SHL_SONGBEN_0243,clause,SHSRC0033,CR_SUYUAN_0191,commentary,SHSRC0022,commentary_support,錢潢《傷寒溯源集》對本條有注（對齊相似度0.95）。,傷寒溯源集:p1752,citation_to_node_unique,{},0.955,pending,
REL_02946,SHL_SONGBEN_0208,clause,SHSRC0033,CR_SUYUAN_0192,commentary,SHSRC0022,commentary_support,錢潢《傷寒溯源集》對本條有注（對齊相似度0.90）。,傷寒溯源集:p1760,citation_to_node_unique,{},0.904,pending,
REL_02947,SHL_SONGBEN_0180,clause,SHSRC0033,CR_SUYUAN_0193,commentary,SHSRC0022,commentary_support,錢潢《傷寒溯源集》對本條有注（對齊相似度1.00）。,傷寒溯源集:p1775,citation_to_node_unique,{},1.0,pending,
REL_02948,SHL_SONGBEN_0186,clause,SHSRC0033,CR_SUYUAN_0194,commentary,SHSRC0022,commentary_support,錢潢《傷寒溯源集》對本條有注（對齊相似度1.00）。,傷寒溯源集:p1779,citation_to_node_unique,{},1.0,pending,
REL_02949,SHL_SONGBEN_0248,clause,SHSRC0033,CR_SUYUAN_0195,commentary,SHSRC0022,commentary_support,錢潢《傷寒溯源集》對本條有注（對齊相似度1.00）。,傷寒溯源集:p1787,citation_to_node_unique,{},1.0,pending,
REL_02950,SHL_SONGBEN_0207,clause,SHSRC0033,CR_SUYUAN_0196,commentary,SHSRC0022,commentary_support,錢潢《傷寒溯源集》對本條有注（對齊相似度1.00）。,傷寒溯源集:p1792,citation_to_node_unique,{},1.0,pending,
REL_02951,SHL_SONGBEN_0209,clause,SHSRC0033,CR_SUYUAN_0197,commentary,SHSRC0022,commentary_support,錢潢《傷寒溯源集》對本條有注（對齊相似度0.90）。,傷寒溯源集:p1794,citation_to_node_unique,{},0.903,pending,
REL_02952,SHL_SONGBEN_0214,clause,SHSRC0033,CR_SUYUAN_0198,commentary,SHSRC0022,commentary_support,錢潢《傷寒溯源集》對本條有注（對齊相似度0.86）。,傷寒溯源集:p1814,citation_to_node_unique,{},0.864,pending,
REL_02953,SHL_SONGBEN_0238,clause,SHSRC0033,CR_SUYUAN_0199,commentary,SHSRC0022,commentary_support,錢潢《傷寒溯源集》對本條有注（對齊相似度0.90）。,傷寒溯源集:p1819,citation_to_node_unique,{},0.904,pending,
REL_02954,SHL_SONGBEN_0239,clause,SHSRC0033,CR_SUYUAN_0200,commentary,SHSRC0022,commentary_support,錢潢《傷寒溯源集》對本條有注（對齊相似度0.92）。,傷寒溯源集:p1825,citation_to_node_unique,{},0.92,pending,
REL_02955,SHL_SONGBEN_0242,clause,SHSRC0033,CR_SUYUAN_0201,commentary,SHSRC0022,commentary_support,錢潢《傷寒溯源集》對本條有注（對齊相似度0.93）。,傷寒溯源集:p1827,citation_to_node_unique,{},0.933,pending,
REL_02956,SHL_SONGBEN_0241,clause,SHSRC0033,CR_SUYUAN_0202,commentary,SHSRC0022,commentary_support,錢潢《傷寒溯源集》對本條有注（對齊相似度0.83）。,傷寒溯源集:p1831,citation_to_node_unique,{},0.833,pending,
REL_02957,SHL_SONGBEN_0217,clause,SHSRC0033,CR_SUYUAN_0203,commentary,SHSRC0022,commentary_support,錢潢《傷寒溯源集》對本條有注（對齊相似度0.89）。,傷寒溯源集:p1833,citation_to_node_unique,{},0.889,pending,
REL_02958,SHL_SONGBEN_0215,clause,SHSRC0033,CR_SUYUAN_0204,commentary,SHSRC0022,commentary_support,錢潢《傷寒溯源集》對本條有注（對齊相似度0.91）。,傷寒溯源集:p1839,citation_to_node_unique,{},0.909,pending,
REL_02959,SHL_SONGBEN_0212,clause,SHSRC0033,CR_SUYUAN_0205,commentary,SHSRC0022,commentary_support,錢潢《傷寒溯源集》對本條有注（對齊相似度0.68）。,傷寒溯源集:p1845,citation_to_node_unique,{},0.677,pending,
REL_02960,SHL_SONGBEN_0253,clause,SHSRC0033,CR_SUYUAN_0206,commentary,SHSRC0022,commentary_support,錢潢《傷寒溯源集》對本條有注（對齊相似度1.00）。,傷寒溯源集:p1854,citation_to_node_unique,{},1.0,pending,
REL_02961,SHL_SONGBEN_0254,clause,SHSRC0033,CR_SUYUAN_0207,commentary,SHSRC0022,commentary_support,錢潢《傷寒溯源集》對本條有注（對齊相似度1.00）。,傷寒溯源集:p1857,citation_to_node_unique,{},1.0,pending,
REL_02962,SHL_SONGBEN_0255,clause,SHSRC0033,CR_SUYUAN_0208,commentary,SHSRC0022,commentary_support,錢潢《傷寒溯源集》對本條有注（對齊相似度1.00）。,傷寒溯源集:p1860,citation_to_node_first_of_multiple,{},1.0,pending,
REL_02963,SHL_SONGBEN_0252,clause,SHSRC0033,CR_SUYUAN_0209,commentary,SHSRC0022,commentary_support,錢潢《傷寒溯源集》對本條有注（對齊相似度0.94）。,傷寒溯源集:p1863,citation_to_node_unique,{},0.943,pending,
REL_02964,SHL_SONGBEN_0210,clause,SHSRC0033,CR_SUYUAN_0210,commentary,SHSRC0022,commentary_support,錢潢《傷寒溯源集》對本條有注（對齊相似度0.65）。,傷寒溯源集:p1872,citation_to_node_unique,{},0.649,pending,
REL_02965,SHL_SONGBEN_0199,clause,SHSRC0033,CR_SUYUAN_0211,commentary,SHSRC0022,commentary_support,錢潢《傷寒溯源集》對本條有注（對齊相似度0.91）。,傷寒溯源集:p1875,citation_to_node_unique,{},0.909,pending,
REL_02966,SHL_SONGBEN_0206,clause,SHSRC0033,CR_SUYUAN_0212,commentary,SHSRC0022,commentary_support,錢潢《傷寒溯源集》對本條有注（對齊相似度0.68）。,傷寒溯源集:p1879,citation_to_node_unique,{},0.683,pending,
REL_02967,SHL_SONGBEN_0236,clause,SHSRC0033,CR_SUYUAN_0213,commentary,SHSRC0022,commentary_support,錢潢《傷寒溯源集》對本條有注（對齊相似度0.80）。,傷寒溯源集:p1886,citation_to_node_unique,{},0.795,pending,
REL_02968,SHL_SONGBEN_0200,clause,SHSRC0033,CR_SUYUAN_0214,commentary,SHSRC0022,commentary_support,錢潢《傷寒溯源集》對本條有注（對齊相似度0.91）。,傷寒溯源集:p1896,citation_to_node_unique,{},0.914,pending,
REL_02969,SHL_SONGBEN_0260,clause,SHSRC0033,CR_SUYUAN_0215,commentary,SHSRC0022,commentary_support,錢潢《傷寒溯源集》對本條有注（對齊相似度1.00）。,傷寒溯源集:p1899,citation_to_node_unique,{},1.0,pending,
REL_02970,SHL_SONGBEN_0261,clause,SHSRC0033,CR_SUYUAN_0216,commentary,SHSRC0022,commentary_support,錢潢《傷寒溯源集》對本條有注（對齊相似度0.88）。,傷寒溯源集:p1903,citation_to_node_unique,{},0.88,pending,
REL_02971,SHL_SONGBEN_0262,clause,SHSRC0033,CR_SUYUAN_0217,commentary,SHSRC0022,commentary_support,錢潢《傷寒溯源集》對本條有注（對齊相似度0.81）。,傷寒溯源集:p1910,citation_to_node_unique,{},0.811,pending,
REL_02972,SHL_SONGBEN_0187,clause,SHSRC0033,CR_SUYUAN_0218,commentary,SHSRC0022,commentary_support,錢潢《傷寒溯源集》對本條有注（對齊相似度0.87）。,傷寒溯源集:p1923,citation_to_node_unique,{},0.874,pending,
REL_02973,SHL_SONGBEN_0216,clause,SHSRC0033,CR_SUYUAN_0219,commentary,SHSRC0022,commentary_support,錢潢《傷寒溯源集》對本條有注（對齊相似度0.95）。,傷寒溯源集:p1929,citation_to_node_unique,{},0.952,pending,
REL_02974,SHL_SONGBEN_0237,clause,SHSRC0033,CR_SUYUAN_0220,commentary,SHSRC0022,commentary_support,錢潢《傷寒溯源集》對本條有注（對齊相似度0.81）。,傷寒溯源集:p1937,citation_to_node_unique,{},0.815,pending,
REL_02975,SHL_SONGBEN_0257,clause,SHSRC0033,CR_SUYUAN_0221,commentary,SHSRC0022,commentary_support,錢潢《傷寒溯源集》對本條有注（對齊相似度0.89）。,傷寒溯源集:p1939,citation_to_node_unique,{},0.887,pending,
REL_02976,SHL_SONGBEN_0258,clause,SHSRC0033,CR_SUYUAN_0222,commentary,SHSRC0022,commentary_support,錢潢《傷寒溯源集》對本條有注（對齊相似度0.81）。,傷寒溯源集:p1943,citation_to_node_unique,{},0.812,pending,
REL_02977,SHL_SONGBEN_0179,clause,SHSRC0033,CR_SUYUAN_0152,commentary,SHSRC0022,commentary_support,錢潢《傷寒溯源集》對本條有注（對齊相似度0.62）。,傷寒溯源集:p1948,citation_to_node_first_of_multiple,{},0.625,pending,
REL_02978,SHL_SONGBEN_0229,clause,SHSRC0033,CR_SUYUAN_0224,commentary,SHSRC0022,commentary_support,錢潢《傷寒溯源集》對本條有注（對齊相似度0.81）。,傷寒溯源集:p1967,citation_to_node_unique,{},0.809,pending,
REL_02979,SHL_SONGBEN_0230,clause,SHSRC0033,CR_SUYUAN_0225,commentary,SHSRC0022,commentary_support,錢潢《傷寒溯源集》對本條有注（對齊相似度0.73）。,傷寒溯源集:p1971,citation_to_node_unique,{},0.732,pending,
REL_02980,SHL_SONGBEN_0263,clause,SHSRC0033,CR_SUYUAN_0226,commentary,SHSRC0022,commentary_support,錢潢《傷寒溯源集》對本條有注（對齊相似度1.00）。,傷寒溯源集:p1980,citation_to_node_unique,{},1.0,pending,
REL_02981,SHL_SONGBEN_0096,clause,SHSRC0033,CR_SUYUAN_0227,commentary,SHSRC0022,commentary_support,錢潢《傷寒溯源集》對本條有注（對齊相似度0.76）。,傷寒溯源集:p1986,citation_to_node_unique,{},0.763,pending,
REL_02982,SHL_SONGBEN_0099,clause,SHSRC0033,CR_SUYUAN_0228,commentary,SHSRC0022,commentary_support,錢潢《傷寒溯源集》對本條有注（對齊相似度0.92）。,傷寒溯源集:p2051,citation_to_node_unique,{},0.923,pending,
REL_02983,SHL_SONGBEN_0100,clause,SHSRC0033,CR_SUYUAN_0229,commentary,SHSRC0022,commentary_support,錢潢《傷寒溯源集》對本條有注（對齊相似度0.76）。,傷寒溯源集:p2054,citation_to_node_unique,{},0.759,pending,
REL_02984,SHL_SONGBEN_0148,clause,SHSRC0033,CR_SUYUAN_0230,commentary,SHSRC0022,commentary_support,錢潢《傷寒溯源集》對本條有注（對齊相似度0.62）。,傷寒溯源集:p2060,citation_to_node_unique,{},0.616,pending,
REL_02985,SHL_SONGBEN_0108,clause,SHSRC0033,CR_SUYUAN_0231,commentary,SHSRC0022,commentary_support,錢潢《傷寒溯源集》對本條有注（對齊相似度1.00）。,傷寒溯源集:p2076,citation_to_node_unique,{},1.0,pending,
REL_02986,SHL_SONGBEN_0109,clause,SHSRC0033,CR_SUYUAN_0232,commentary,SHSRC0022,commentary_support,錢潢《傷寒溯源集》對本條有注（對齊相似度1.00）。,傷寒溯源集:p2088,citation_to_node_unique,{},1.0,pending,
REL_02987,SHL_SONGBEN_0271,clause,SHSRC0033,CR_SUYUAN_0233,commentary,SHSRC0022,commentary_support,錢潢《傷寒溯源集》對本條有注（對齊相似度0.79）。,傷寒溯源集:p2101,citation_to_node_unique,{},0.786,pending,
REL_02988,SHL_SONGBEN_0272,clause,SHSRC0033,CR_SUYUAN_0234,commentary,SHSRC0022,commentary_support,錢潢《傷寒溯源集》對本條有注（對齊相似度1.00）。,傷寒溯源集:p2104,citation_to_node_unique,{},1.0,pending,
REL_02989,SHL_SONGBEN_0270,clause,SHSRC0033,CR_SUYUAN_0235,commentary,SHSRC0022,commentary_support,錢潢《傷寒溯源集》對本條有注（對齊相似度0.94）。,傷寒溯源集:p2107,citation_to_node_unique,{},0.941,pending,
REL_02990,SHL_SONGBEN_0269,clause,SHSRC0033,CR_SUYUAN_0236,commentary,SHSRC0022,commentary_support,錢潢《傷寒溯源集》對本條有注（對齊相似度1.00）。,傷寒溯源集:p2112,citation_to_node_unique,{},1.0,pending,
REL_02991,SHL_SONGBEN_0265,clause,SHSRC0033,CR_SUYUAN_0237,commentary,SHSRC0022,commentary_support,錢潢《傷寒溯源集》對本條有注（對齊相似度0.97）。,傷寒溯源集:p2116,citation_to_node_unique,{},0.971,pending,
REL_02992,SHL_SONGBEN_0264,clause,SHSRC0033,CR_SUYUAN_0238,commentary,SHSRC0022,commentary_support,錢潢《傷寒溯源集》對本條有注（對齊相似度1.00）。,傷寒溯源集:p2119,citation_to_node_unique,{},1.0,pending,
REL_02993,SHL_SONGBEN_0266,clause,SHSRC0033,CR_SUYUAN_0239,commentary,SHSRC0022,commentary_support,錢潢《傷寒溯源集》對本條有注（對齊相似度0.67）。,傷寒溯源集:p2122,citation_to_node_unique,{},0.667,pending,
REL_02994,SHL_SONGBEN_0101,clause,SHSRC0033,CR_SUYUAN_0240,commentary,SHSRC0022,commentary_support,錢潢《傷寒溯源集》對本條有注（對齊相似度0.75）。,傷寒溯源集:p2129,citation_to_node_unique,{},0.747,pending,
REL_02995,SHL_SONGBEN_0149,clause,SHSRC0033,CR_SUYUAN_0103,commentary,SHSRC0022,commentary_support,錢潢《傷寒溯源集》對本條有注（對齊相似度0.96）。,傷寒溯源集:p2134,citation_to_node_first_of_multiple,{},0.963,pending,
REL_02996,SHL_SONGBEN_0147,clause,SHSRC0033,CR_SUYUAN_0242,commentary,SHSRC0022,commentary_support,錢潢《傷寒溯源集》對本條有注（對齊相似度0.79）。,傷寒溯源集:p2158,citation_to_node_unique,{},0.786,pending,
REL_02997,SHL_SONGBEN_0146,clause,SHSRC0033,CR_SUYUAN_0243,commentary,SHSRC0022,commentary_support,錢潢《傷寒溯源集》對本條有注（對齊相似度0.94）。,傷寒溯源集:p2172,citation_to_node_unique,{},0.935,pending,
REL_02998,SHL_SONGBEN_0107,clause,SHSRC0033,CR_SUYUAN_0244,commentary,SHSRC0022,commentary_support,錢潢《傷寒溯源集》對本條有注（對齊相似度1.00）。,傷寒溯源集:p2185,citation_to_node_unique,{},1.0,pending,
REL_02999,SHL_SONGBEN_0103,clause,SHSRC0033,CR_SUYUAN_0245,commentary,SHSRC0022,commentary_support,錢潢《傷寒溯源集》對本條有注（對齊相似度0.75）。,傷寒溯源集:p2200,citation_to_node_unique,{},0.753,pending,
REL_03000,SHL_SONGBEN_0123,clause,SHSRC0033,CR_SUYUAN_0246,commentary,SHSRC0022,commentary_support,錢潢《傷寒溯源集》對本條有注（對齊相似度0.90）。,傷寒溯源集:p2211,citation_to_node_unique,{},0.897,pending,
REL_03001,SHL_SONGBEN_0037,clause,SHSRC0033,CR_SUYUAN_0247,commentary,SHSRC0022,commentary_support,錢潢《傷寒溯源集》對本條有注（對齊相似度0.94）。,傷寒溯源集:p2216,citation_to_node_unique,{},0.943,pending,
REL_03002,SHL_SONGBEN_0104,clause,SHSRC0033,CR_SUYUAN_0248,commentary,SHSRC0022,commentary_support,錢潢《傷寒溯源集》對本條有注（對齊相似度0.84）。,傷寒溯源集:p2222,citation_to_node_unique,{},0.842,pending,
REL_03003,SHL_SONGBEN_0144,clause,SHSRC0033,CR_SUYUAN_0249,commentary,SHSRC0022,commentary_support,錢潢《傷寒溯源集》對本條有注（對齊相似度0.92）。,傷寒溯源集:p2241,citation_to_node_unique,{},0.921,pending,
REL_03004,SHL_SONGBEN_0145,clause,SHSRC0033,CR_SUYUAN_0250,commentary,SHSRC0022,commentary_support,錢潢《傷寒溯源集》對本條有注（對齊相似度0.96）。,傷寒溯源集:p2248,citation_to_node_unique,{},0.961,pending,
REL_03005,SHL_SONGBEN_0097,clause,SHSRC0033,CR_SUYUAN_0251,commentary,SHSRC0022,commentary_support,錢潢《傷寒溯源集》對本條有注（對齊相似度0.75）。,傷寒溯源集:p2254,citation_to_node_unique,{},0.754,pending,
REL_03006,SHL_SONGBEN_0036,clause,SHSRC0033,CR_SUYUAN_0252,commentary,SHSRC0022,commentary_support,錢潢《傷寒溯源集》對本條有注（對齊相似度0.86）。,傷寒溯源集:p2272,citation_to_node_unique,{},0.865,pending,
REL_03007,SHL_SONGBEN_0032,clause,SHSRC0033,CR_SUYUAN_0253,commentary,SHSRC0022,commentary_support,錢潢《傷寒溯源集》對本條有注（對齊相似度1.00）。,傷寒溯源集:p2276,citation_to_node_unique,{},1.0,pending,
REL_03008,SHL_SONGBEN_0033,clause,SHSRC0033,CR_SUYUAN_0254,commentary,SHSRC0022,commentary_support,錢潢《傷寒溯源集》對本條有注（對齊相似度1.00）。,傷寒溯源集:p2282,citation_to_node_unique,{},1.0,pending,
REL_03009,SHL_SONGBEN_0172,clause,SHSRC0033,CR_SUYUAN_0255,commentary,SHSRC0022,commentary_support,錢潢《傷寒溯源集》對本條有注（對齊相似度0.96）。,傷寒溯源集:p2289,citation_to_node_unique,{},0.96,pending,
REL_03010,SHL_SONGBEN_0255,clause,SHSRC0033,CR_SUYUAN_0208,commentary,SHSRC0022,commentary_support,錢潢《傷寒溯源集》對本條有注（對齊相似度0.64）。,傷寒溯源集:p2297,citation_to_node_first_of_multiple,{},0.636,pending,
REL_03011,SHL_SONGBEN_0268,clause,SHSRC0033,CR_SUYUAN_0257,commentary,SHSRC0022,commentary_support,錢潢《傷寒溯源集》對本條有注（對齊相似度1.00）。,傷寒溯源集:p2305,citation_to_node_unique,{},1.0,pending,
REL_03012,SHL_SONGBEN_0219,clause,SHSRC0033,CR_SUYUAN_0258,commentary,SHSRC0022,commentary_support,錢潢《傷寒溯源集》對本條有注（對齊相似度0.89）。,傷寒溯源集:p2312,citation_to_node_unique,{},0.889,pending,
REL_03013,SHL_SONGBEN_0048,clause,SHSRC0033,CR_SUYUAN_0259,commentary,SHSRC0022,commentary_support,錢潢《傷寒溯源集》對本條有注（對齊相似度0.80）。,傷寒溯源集:p2323,citation_to_node_unique,{},0.798,pending,
REL_03014,SHL_SONGBEN_0220,clause,SHSRC0033,CR_SUYUAN_0260,commentary,SHSRC0022,commentary_support,錢潢《傷寒溯源集》對本條有注（對齊相似度0.88）。,傷寒溯源集:p2337,citation_to_node_unique,{},0.875,pending,
REL_03015,SHL_SONGBEN_0142,clause,SHSRC0033,CR_SUYUAN_0110,commentary,SHSRC0022,commentary_support,錢潢《傷寒溯源集》對本條有注（對齊相似度0.76）。,傷寒溯源集:p2339,citation_to_node_first_of_multiple,{},0.756,pending,
REL_03016,SHL_SONGBEN_0171,clause,SHSRC0033,CR_SUYUAN_0111,commentary,SHSRC0022,commentary_support,錢潢《傷寒溯源集》對本條有注（對齊相似度0.85）。,傷寒溯源集:p2350,citation_to_node_first_of_multiple,{},0.846,pending,
REL_03017,SHL_SONGBEN_0150,clause,SHSRC0033,CR_SUYUAN_0263,commentary,SHSRC0022,commentary_support,錢潢《傷寒溯源集》對本條有注（對齊相似度0.85）。,傷寒溯源集:p2352,citation_to_node_unique,{},0.852,pending,
REL_03018,SHL_SONGBEN_0273,clause,SHSRC0033,CR_SUYUAN_0264,commentary,SHSRC0022,commentary_support,錢潢《傷寒溯源集》對本條有注（對齊相似度0.96）。,傷寒溯源集:p2359,citation_to_node_unique,{},0.963,pending,
REL_03019,SHL_SONGBEN_0277,clause,SHSRC0033,CR_SUYUAN_0265,commentary,SHSRC0022,commentary_support,錢潢《傷寒溯源集》對本條有注（對齊相似度1.00）。,傷寒溯源集:p2373,citation_to_node_unique,{},1.0,pending,
REL_03020,SHL_SONGBEN_0278,clause,SHSRC0033,CR_SUYUAN_0266,commentary,SHSRC0022,commentary_support,錢潢《傷寒溯源集》對本條有注（對齊相似度0.87）。,傷寒溯源集:p2387,citation_to_node_unique,{},0.873,pending,
REL_03021,SHL_SONGBEN_0173,clause,SHSRC0033,CR_SUYUAN_0267,commentary,SHSRC0022,commentary_support,錢潢《傷寒溯源集》對本條有注（對齊相似度1.00）。,傷寒溯源集:p2393,citation_to_node_unique,{},1.0,pending,
REL_03022,SHL_SONGBEN_0274,clause,SHSRC0033,CR_SUYUAN_0268,commentary,SHSRC0022,commentary_support,錢潢《傷寒溯源集》對本條有注（對齊相似度0.80）。,傷寒溯源集:p2401,citation_to_node_unique,{},0.8,pending,
REL_03023,SHL_SONGBEN_0275,clause,SHSRC0033,CR_SUYUAN_0269,commentary,SHSRC0022,commentary_support,錢潢《傷寒溯源集》對本條有注（對齊相似度1.00）。,傷寒溯源集:p2410,citation_to_node_unique,{},1.0,pending,
REL_03024,SHL_SONGBEN_0276,clause,SHSRC0033,CR_SUYUAN_0270,commentary,SHSRC0022,commentary_support,錢潢《傷寒溯源集》對本條有注（對齊相似度1.00）。,傷寒溯源集:p2413,citation_to_node_unique,{},1.0,pending,
REL_03025,SHL_SONGBEN_0279,clause,SHSRC0033,CR_SUYUAN_0271,commentary,SHSRC0022,commentary_support,錢潢《傷寒溯源集》對本條有注（對齊相似度0.81）。,傷寒溯源集:p2431,citation_to_node_unique,{},0.814,pending,
REL_03026,SHL_SONGBEN_0280,clause,SHSRC0033,CR_SUYUAN_0272,commentary,SHSRC0022,commentary_support,錢潢《傷寒溯源集》對本條有注（對齊相似度1.00）。,傷寒溯源集:p2444,citation_to_node_unique,{},1.0,pending,
REL_03027,SHL_SONGBEN_0382,clause,SHSRC0033,CR_SUYUAN_0273,commentary,SHSRC0022,commentary_support,錢潢《傷寒溯源集》對本條有注（對齊相似度0.81）。,傷寒溯源集:p2448,citation_to_node_unique,{},0.812,pending,
REL_03028,SHL_SONGBEN_0383,clause,SHSRC0033,CR_SUYUAN_0274,commentary,SHSRC0022,commentary_support,錢潢《傷寒溯源集》對本條有注（對齊相似度0.99）。,傷寒溯源集:p2453,citation_to_node_unique,{},0.985,pending,
REL_03029,SHL_SONGBEN_0384,clause,SHSRC0033,CR_SUYUAN_0275,commentary,SHSRC0022,commentary_support,錢潢《傷寒溯源集》對本條有注（對齊相似度0.66）。,傷寒溯源集:p2458,citation_to_node_unique,{},0.659,pending,
REL_03030,SHL_SONGBEN_0385,clause,SHSRC0033,CR_SUYUAN_0276,commentary,SHSRC0022,commentary_support,錢潢《傷寒溯源集》對本條有注（對齊相似度1.00）。,傷寒溯源集:p2469,citation_to_node_unique,{},1.0,pending,
REL_03031,SHL_SONGBEN_0386,clause,SHSRC0033,CR_SUYUAN_0277,commentary,SHSRC0022,commentary_support,錢潢《傷寒溯源集》對本條有注（對齊相似度1.00）。,傷寒溯源集:p2479,citation_to_node_unique,{},1.0,pending,
REL_03032,SHL_SONGBEN_0387,clause,SHSRC0033,CR_SUYUAN_0278,commentary,SHSRC0022,commentary_support,錢潢《傷寒溯源集》對本條有注（對齊相似度1.00）。,傷寒溯源集:p2510,citation_to_node_unique,{},1.0,pending,
REL_03033,SHL_SONGBEN_0388,clause,SHSRC0033,CR_SUYUAN_0279,commentary,SHSRC0022,commentary_support,錢潢《傷寒溯源集》對本條有注（對齊相似度1.00）。,傷寒溯源集:p2516,citation_to_node_unique,{},1.0,pending,
REL_03034,SHL_SONGBEN_0389,clause,SHSRC0033,CR_SUYUAN_0280,commentary,SHSRC0022,commentary_support,錢潢《傷寒溯源集》對本條有注（對齊相似度1.00）。,傷寒溯源集:p2519,citation_to_node_unique,{},1.0,pending,
REL_03035,SHL_SONGBEN_0390,clause,SHSRC0033,CR_SUYUAN_0281,commentary,SHSRC0022,commentary_support,錢潢《傷寒溯源集》對本條有注（對齊相似度1.00）。,傷寒溯源集:p2521,citation_to_node_unique,{},1.0,pending,
REL_03036,SHL_SONGBEN_0391,clause,SHSRC0033,CR_SUYUAN_0282,commentary,SHSRC0022,commentary_support,錢潢《傷寒溯源集》對本條有注（對齊相似度1.00）。,傷寒溯源集:p2523,citation_to_node_unique,{},1.0,pending,
REL_03037,SHL_SONGBEN_0281,clause,SHSRC0033,CR_SUYUAN_0283,commentary,SHSRC0022,commentary_support,錢潢《傷寒溯源集》對本條有注（對齊相似度1.00）。,傷寒溯源集:p2525,citation_to_node_unique,{},1.0,pending,
REL_03038,SHL_SONGBEN_0291,clause,SHSRC0033,CR_SUYUAN_0284,commentary,SHSRC0022,commentary_support,錢潢《傷寒溯源集》對本條有注（對齊相似度1.00）。,傷寒溯源集:p2537,citation_to_node_unique,{},1.0,pending,
REL_03039,SHL_SONGBEN_0286,clause,SHSRC0033,CR_SUYUAN_0285,commentary,SHSRC0022,commentary_support,錢潢《傷寒溯源集》對本條有注（對齊相似度0.92）。,傷寒溯源集:p2540,citation_to_node_unique,{},0.917,pending,
REL_03040,SHL_SONGBEN_0301,clause,SHSRC0033,CR_SUYUAN_0286,commentary,SHSRC0022,commentary_support,錢潢《傷寒溯源集》對本條有注（對齊相似度0.85）。,傷寒溯源集:p2549,citation_to_node_unique,{},0.85,pending,
REL_03041,SHL_SONGBEN_0302,clause,SHSRC0033,CR_SUYUAN_0287,commentary,SHSRC0022,commentary_support,錢潢《傷寒溯源集》對本條有注（對齊相似度0.94）。,傷寒溯源集:p2558,citation_to_node_unique,{},0.939,pending,
REL_03042,SHL_SONGBEN_0304,clause,SHSRC0033,CR_SUYUAN_0002,commentary,SHSRC0022,commentary_support,錢潢《傷寒溯源集》對本條有注（對齊相似度1.00）。,傷寒溯源集:p2563,citation_to_node_first_of_multiple,{},1.0,pending,
REL_03043,SHL_SONGBEN_0305,clause,SHSRC0033,CR_SUYUAN_0289,commentary,SHSRC0022,commentary_support,錢潢《傷寒溯源集》對本條有注（對齊相似度1.00）。,傷寒溯源集:p2573,citation_to_node_unique,{},1.0,pending,
REL_03044,SHL_SONGBEN_0323,clause,SHSRC0033,CR_SUYUAN_0290,commentary,SHSRC0022,commentary_support,錢潢《傷寒溯源集》對本條有注（對齊相似度1.00）。,傷寒溯源集:p2576,citation_to_node_unique,{},1.0,pending,
REL_03045,SHL_SONGBEN_0289,clause,SHSRC0033,CR_SUYUAN_0291,commentary,SHSRC0022,commentary_support,錢潢《傷寒溯源集》對本條有注（對齊相似度0.88）。,傷寒溯源集:p2579,citation_to_node_unique,{},0.875,pending,
REL_03046,SHL_SONGBEN_0283,clause,SHSRC0033,CR_SUYUAN_0292,commentary,SHSRC0022,commentary_support,錢潢《傷寒溯源集》對本條有注（對齊相似度0.92）。,傷寒溯源集:p2582,citation_to_node_unique,{},0.92,pending,
REL_03047,SHL_SONGBEN_0282,clause,SHSRC0033,CR_SUYUAN_0293,commentary,SHSRC0022,commentary_support,錢潢《傷寒溯源集》對本條有注（對齊相似度0.62）。,傷寒溯源集:p2591,citation_to_node_unique,{},0.615,pending,
REL_03048,SHL_SONGBEN_0325,clause,SHSRC0033,CR_SUYUAN_0294,commentary,SHSRC0022,commentary_support,錢潢《傷寒溯源集》對本條有注（對齊相似度0.92）。,傷寒溯源集:p2599,citation_to_node_unique,{},0.917,pending,
REL_03049,SHL_SONGBEN_0306,clause,SHSRC0033,CR_SUYUAN_0295,commentary,SHSRC0022,commentary_support,錢潢《傷寒溯源集》對本條有注（對齊相似度1.00）。,傷寒溯源集:p2605,citation_to_node_unique,{},1.0,pending,
REL_03050,SHL_SONGBEN_0316,clause,SHSRC0033,CR_SUYUAN_0296,commentary,SHSRC0022,commentary_support,錢潢《傷寒溯源集》對本條有注（對齊相似度0.96）。,傷寒溯源集:p2622,citation_to_node_unique,{},0.958,pending,
REL_03051,SHL_SONGBEN_0287,clause,SHSRC0033,CR_SUYUAN_0003,commentary,SHSRC0022,commentary_support,錢潢《傷寒溯源集》對本條有注（對齊相似度1.00）。,傷寒溯源集:p2643,citation_to_node_first_of_multiple,{},1.0,pending,
REL_03052,SHL_SONGBEN_0309,clause,SHSRC0033,CR_SUYUAN_0298,commentary,SHSRC0022,commentary_support,錢潢《傷寒溯源集》對本條有注（對齊相似度0.89）。,傷寒溯源集:p2647,citation_to_node_unique,{},0.895,pending,
REL_03053,SHL_SONGBEN_0288,clause,SHSRC0033,CR_SUYUAN_0299,commentary,SHSRC0022,commentary_support,錢潢《傷寒溯源集》對本條有注（對齊相似度0.89）。,傷寒溯源集:p2652,citation_to_node_unique,{},0.895,pending,
REL_03054,SHL_SONGBEN_0292,clause,SHSRC0033,CR_SUYUAN_0300,commentary,SHSRC0022,commentary_support,錢潢《傷寒溯源集》對本條有注（對齊相似度1.00）。,傷寒溯源集:p2656,citation_to_node_unique,{},1.0,pending,
REL_03055,SHL_SONGBEN_0317,clause,SHSRC0033,CR_SUYUAN_0301,commentary,SHSRC0022,commentary_support,錢潢《傷寒溯源集》對本條有注（對齊相似度0.91）。,傷寒溯源集:p2660,citation_to_node_unique,{},0.914,pending,
REL_03056,SHL_SONGBEN_0314,clause,SHSRC0033,CR_SUYUAN_0302,commentary,SHSRC0022,commentary_support,錢潢《傷寒溯源集》對本條有注（對齊相似度1.00）。,傷寒溯源集:p2686,citation_to_node_unique,{},1.0,pending,
REL_03057,SHL_SONGBEN_0315,clause,SHSRC0033,CR_SUYUAN_0303,commentary,SHSRC0022,commentary_support,錢潢《傷寒溯源集》對本條有注（對齊相似度0.96）。,傷寒溯源集:p2691,citation_to_node_unique,{},0.964,pending,
REL_03058,SHL_SONGBEN_0300,clause,SHSRC0033,CR_SUYUAN_0304,commentary,SHSRC0022,commentary_support,錢潢《傷寒溯源集》對本條有注（對齊相似度0.84）。,傷寒溯源集:p2701,citation_to_node_unique,{},0.839,pending,
REL_03059,SHL_SONGBEN_0295,clause,SHSRC0033,CR_SUYUAN_0305,commentary,SHSRC0022,commentary_support,錢潢《傷寒溯源集》對本條有注（對齊相似度0.87）。,傷寒溯源集:p2705,citation_to_node_unique,{},0.867,pending,
REL_03060,SHL_SONGBEN_0296,clause,SHSRC0033,CR_SUYUAN_0306,commentary,SHSRC0022,commentary_support,錢潢《傷寒溯源集》對本條有注（對齊相似度0.70）。,傷寒溯源集:p2708,citation_to_node_unique,{},0.7,pending,
REL_03061,SHL_SONGBEN_0297,clause,SHSRC0033,CR_SUYUAN_0307,commentary,SHSRC0022,commentary_support,錢潢《傷寒溯源集》對本條有注（對齊相似度1.00）。,傷寒溯源集:p2711,citation_to_node_unique,{},1.0,pending,
REL_03062,SHL_SONGBEN_0298,clause,SHSRC0033,CR_SUYUAN_0308,commentary,SHSRC0022,commentary_support,錢潢《傷寒溯源集》對本條有注（對齊相似度0.89）。,傷寒溯源集:p2714,citation_to_node_unique,{},0.889,pending,
REL_03063,SHL_SONGBEN_0299,clause,SHSRC0033,CR_SUYUAN_0309,commentary,SHSRC0022,commentary_support,錢潢《傷寒溯源集》對本條有注（對齊相似度1.00）。,傷寒溯源集:p2717,citation_to_node_unique,{},1.0,pending,
REL_03064,SHL_SONGBEN_0290,clause,SHSRC0033,CR_SUYUAN_0310,commentary,SHSRC0022,commentary_support,錢潢《傷寒溯源集》對本條有注（對齊相似度0.87）。,傷寒溯源集:p2721,citation_to_node_unique,{},0.87,pending,
REL_03065,SHL_SONGBEN_0285,clause,SHSRC0033,CR_SUYUAN_0311,commentary,SHSRC0022,commentary_support,錢潢《傷寒溯源集》對本條有注（對齊相似度0.86）。,傷寒溯源集:p2726,citation_to_node_unique,{},0.857,pending,
REL_03066,SHL_SONGBEN_0284,clause,SHSRC0033,CR_SUYUAN_0312,commentary,SHSRC0022,commentary_support,錢潢《傷寒溯源集》對本條有注（對齊相似度0.92）。,傷寒溯源集:p2729,citation_to_node_unique,{},0.92,pending,
REL_03067,SHL_SONGBEN_0294,clause,SHSRC0033,CR_SUYUAN_0313,commentary,SHSRC0022,commentary_support,錢潢《傷寒溯源集》對本條有注（對齊相似度0.96）。,傷寒溯源集:p2734,citation_to_node_unique,{},0.959,pending,
REL_03068,SHL_SONGBEN_0311,clause,SHSRC0033,CR_SUYUAN_0314,commentary,SHSRC0022,commentary_support,錢潢《傷寒溯源集》對本條有注（對齊相似度0.90）。,傷寒溯源集:p2742,citation_to_node_unique,{},0.9,pending,
REL_03069,SHL_SONGBEN_0313,clause,SHSRC0033,CR_SUYUAN_0315,commentary,SHSRC0022,commentary_support,錢潢《傷寒溯源集》對本條有注（對齊相似度1.00）。,傷寒溯源集:p2749,citation_to_node_unique,{},1.0,pending,
REL_03070,SHL_SONGBEN_0312,clause,SHSRC0033,CR_SUYUAN_0316,commentary,SHSRC0022,commentary_support,錢潢《傷寒溯源集》對本條有注（對齊相似度1.00）。,傷寒溯源集:p2757,citation_to_node_unique,{},1.0,pending,
REL_03071,SHL_SONGBEN_0310,clause,SHSRC0033,CR_SUYUAN_0317,commentary,SHSRC0022,commentary_support,錢潢《傷寒溯源集》對本條有注（對齊相似度0.90）。,傷寒溯源集:p2769,citation_to_node_unique,{},0.903,pending,
REL_03072,SHL_SONGBEN_0318,clause,SHSRC0033,CR_SUYUAN_0318,commentary,SHSRC0022,commentary_support,錢潢《傷寒溯源集》對本條有注（對齊相似度0.93）。,傷寒溯源集:p2779,citation_to_node_unique,{},0.931,pending,
REL_03073,SHL_SONGBEN_0319,clause,SHSRC0033,CR_SUYUAN_0319,commentary,SHSRC0022,commentary_support,錢潢《傷寒溯源集》對本條有注（對齊相似度0.91）。,傷寒溯源集:p2807,citation_to_node_unique,{},0.909,pending,
REL_03074,SHL_SONGBEN_0303,clause,SHSRC0033,CR_SUYUAN_0320,commentary,SHSRC0022,commentary_support,錢潢《傷寒溯源集》對本條有注（對齊相似度1.00）。,傷寒溯源集:p2812,citation_to_node_unique,{},1.0,pending,
REL_03075,SHL_SONGBEN_0293,clause,SHSRC0033,CR_SUYUAN_0321,commentary,SHSRC0022,commentary_support,錢潢《傷寒溯源集》對本條有注（對齊相似度1.00）。,傷寒溯源集:p2823,citation_to_node_unique,{},1.0,pending,
REL_03076,SHL_SONGBEN_0308,clause,SHSRC0033,CR_SUYUAN_0322,commentary,SHSRC0022,commentary_support,錢潢《傷寒溯源集》對本條有注（對齊相似度1.00）。,傷寒溯源集:p2825,citation_to_node_unique,{},1.0,pending,
REL_03077,SHL_SONGBEN_0320,clause,SHSRC0033,CR_SUYUAN_0323,commentary,SHSRC0022,commentary_support,錢潢《傷寒溯源集》對本條有注（對齊相似度1.00）。,傷寒溯源集:p2827,citation_to_node_unique,{},1.0,pending,
REL_03078,SHL_SONGBEN_0321,clause,SHSRC0033,CR_SUYUAN_0324,commentary,SHSRC0022,commentary_support,錢潢《傷寒溯源集》對本條有注（對齊相似度0.92）。,傷寒溯源集:p2835,citation_to_node_unique,{},0.92,pending,
REL_03079,SHL_SONGBEN_0322,clause,SHSRC0033,CR_SUYUAN_0325,commentary,SHSRC0022,commentary_support,錢潢《傷寒溯源集》對本條有注（對齊相似度1.00）。,傷寒溯源集:p2848,citation_to_node_unique,{},1.0,pending,
REL_03080,SHL_SONGBEN_0326,clause,SHSRC0033,CR_SUYUAN_0326,commentary,SHSRC0022,commentary_support,錢潢《傷寒溯源集》對本條有注（對齊相似度0.93）。,傷寒溯源集:p2850,citation_to_node_unique,{},0.929,pending,
REL_03081,SHL_SONGBEN_0327,clause,SHSRC0033,CR_SUYUAN_0327,commentary,SHSRC0022,commentary_support,錢潢《傷寒溯源集》對本條有注（對齊相似度1.00）。,傷寒溯源集:p2855,citation_to_node_unique,{},1.0,pending,
REL_03082,SHL_SONGBEN_0329,clause,SHSRC0033,CR_SUYUAN_0328,commentary,SHSRC0022,commentary_support,錢潢《傷寒溯源集》對本條有注（對齊相似度0.87）。,傷寒溯源集:p2858,citation_to_node_unique,{},0.87,pending,
REL_03083,SHL_SONGBEN_0328,clause,SHSRC0033,CR_SUYUAN_0329,commentary,SHSRC0022,commentary_support,錢潢《傷寒溯源集》對本條有注（對齊相似度1.00）。,傷寒溯源集:p2860,citation_to_node_unique,{},1.0,pending,
REL_03084,SHL_SONGBEN_0330,clause,SHSRC0033,CR_SUYUAN_0330,commentary,SHSRC0022,commentary_support,錢潢《傷寒溯源集》對本條有注（對齊相似度1.00）。,傷寒溯源集:p2862,citation_to_node_unique,{},1.0,pending,
REL_03085,SHL_SONGBEN_0337,clause,SHSRC0033,CR_SUYUAN_0331,commentary,SHSRC0022,commentary_support,錢潢《傷寒溯源集》對本條有注（對齊相似度1.00）。,傷寒溯源集:p2867,citation_to_node_unique,{},1.0,pending,
REL_03086,SHL_SONGBEN_0335,clause,SHSRC0033,CR_SUYUAN_0332,commentary,SHSRC0022,commentary_support,錢潢《傷寒溯源集》對本條有注（對齊相似度1.00）。,傷寒溯源集:p2874,citation_to_node_unique,{},1.0,pending,
REL_03087,SHL_SONGBEN_0336,clause,SHSRC0033,CR_SUYUAN_0333,commentary,SHSRC0022,commentary_support,錢潢《傷寒溯源集》對本條有注（對齊相似度0.93）。,傷寒溯源集:p2881,citation_to_node_unique,{},0.933,pending,
REL_03088,SHL_SONGBEN_0341,clause,SHSRC0033,CR_SUYUAN_0334,commentary,SHSRC0022,commentary_support,錢潢《傷寒溯源集》對本條有注（對齊相似度0.95）。,傷寒溯源集:p2884,citation_to_node_unique,{},0.951,pending,
REL_03089,SHL_SONGBEN_0342,clause,SHSRC0033,CR_SUYUAN_0335,commentary,SHSRC0022,commentary_support,錢潢《傷寒溯源集》對本條有注（對齊相似度1.00）。,傷寒溯源集:p2886,citation_to_node_unique,{},1.0,pending,
REL_03090,SHL_SONGBEN_0339,clause,SHSRC0033,CR_SUYUAN_0336,commentary,SHSRC0022,commentary_support,錢潢《傷寒溯源集》對本條有注（對齊相似度0.68）。,傷寒溯源集:p2888,citation_to_node_unique,{},0.683,pending,
REL_03091,SHL_SONGBEN_0331,clause,SHSRC0033,CR_SUYUAN_0337,commentary,SHSRC0022,commentary_support,錢潢《傷寒溯源集》對本條有注（對齊相似度1.00）。,傷寒溯源集:p2894,citation_to_node_unique,{},1.0,pending,
REL_03092,SHL_SONGBEN_0334,clause,SHSRC0033,CR_SUYUAN_0338,commentary,SHSRC0022,commentary_support,錢潢《傷寒溯源集》對本條有注（對齊相似度1.00）。,傷寒溯源集:p2897,citation_to_node_unique,{},1.0,pending,
REL_03093,SHL_SONGBEN_0332,clause,SHSRC0033,CR_SUYUAN_0339,commentary,SHSRC0022,commentary_support,錢潢《傷寒溯源集》對本條有注（對齊相似度0.72）。,傷寒溯源集:p2902,citation_to_node_unique,{},0.721,pending,
REL_03094,SHL_SONGBEN_0333,clause,SHSRC0033,CR_SUYUAN_0340,commentary,SHSRC0022,commentary_support,錢潢《傷寒溯源集》對本條有注（對齊相似度0.77）。,傷寒溯源集:p2911,citation_to_node_unique,{},0.769,pending,
REL_03095,SHL_SONGBEN_0338,clause,SHSRC0033,CR_SUYUAN_0341,commentary,SHSRC0022,commentary_support,錢潢《傷寒溯源集》對本條有注（對齊相似度0.72）。,傷寒溯源集:p2913,citation_to_node_unique,{},0.722,pending,
REL_03096,SHL_SONGBEN_0089,clause,SHSRC0033,CR_SUYUAN_0342,commentary,SHSRC0022,commentary_support,錢潢《傷寒溯源集》對本條有注（對齊相似度0.75）。,傷寒溯源集:p2925,citation_to_node_unique,{},0.75,pending,
REL_03097,SHL_SONGBEN_0350,clause,SHSRC0033,CR_SUYUAN_0343,commentary,SHSRC0022,commentary_support,錢潢《傷寒溯源集》對本條有注（對齊相似度0.76）。,傷寒溯源集:p2928,citation_to_node_unique,{},0.759,pending,
REL_03098,SHL_SONGBEN_0379,clause,SHSRC0033,CR_SUYUAN_0344,commentary,SHSRC0022,commentary_support,錢潢《傷寒溯源集》對本條有注（對齊相似度1.00）。,傷寒溯源集:p2931,citation_to_node_unique,{},1.0,pending,
REL_03099,SHL_SONGBEN_0376,clause,SHSRC0033,CR_SUYUAN_0345,commentary,SHSRC0022,commentary_support,錢潢《傷寒溯源集》對本條有注（對齊相似度1.00）。,傷寒溯源集:p2933,citation_to_node_unique,{},1.0,pending,
REL_03100,SHL_SONGBEN_0378,clause,SHSRC0033,CR_SUYUAN_0346,commentary,SHSRC0022,commentary_support,錢潢《傷寒溯源集》對本條有注（對齊相似度0.83）。,傷寒溯源集:p2935,citation_to_node_unique,{},0.833,pending,
REL_03101,SHL_SONGBEN_0377,clause,SHSRC0033,CR_SUYUAN_0347,commentary,SHSRC0022,commentary_support,錢潢《傷寒溯源集》對本條有注（對齊相似度1.00）。,傷寒溯源集:p2938,citation_to_node_unique,{},1.0,pending,
REL_03102,SHL_SONGBEN_0351,clause,SHSRC0033,CR_SUYUAN_0348,commentary,SHSRC0022,commentary_support,錢潢《傷寒溯源集》對本條有注（對齊相似度1.00）。,傷寒溯源集:p2941,citation_to_node_unique,{},1.0,pending,
REL_03103,SHL_SONGBEN_0352,clause,SHSRC0033,CR_SUYUAN_0349,commentary,SHSRC0022,commentary_support,錢潢《傷寒溯源集》對本條有注（對齊相似度1.00）。,傷寒溯源集:p2953,citation_to_node_first_of_multiple,{},1.0,pending,
REL_03104,SHL_SONGBEN_0352,clause,SHSRC0033,CR_SUYUAN_0349,commentary,SHSRC0022,commentary_support,錢潢《傷寒溯源集》對本條有注（對齊相似度0.67）。,傷寒溯源集:p2957,citation_to_node_first_of_multiple,{},0.667,pending,
REL_03105,SHL_SONGBEN_0340,clause,SHSRC0033,CR_SUYUAN_0351,commentary,SHSRC0022,commentary_support,錢潢《傷寒溯源集》對本條有注（對齊相似度1.00）。,傷寒溯源集:p2960,citation_to_node_unique,{},1.0,pending,
REL_03106,SHL_SONGBEN_0355,clause,SHSRC0033,CR_SUYUAN_0352,commentary,SHSRC0022,commentary_support,錢潢《傷寒溯源集》對本條有注（對齊相似度0.94）。,傷寒溯源集:p2965,citation_to_node_unique,{},0.941,pending,
REL_03107,SHL_SONGBEN_0347,clause,SHSRC0033,CR_SUYUAN_0353,commentary,SHSRC0022,commentary_support,錢潢《傷寒溯源集》對本條有注（對齊相似度0.89）。,傷寒溯源集:p2970,citation_to_node_unique,{},0.894,pending,
REL_03108,SHL_SONGBEN_0349,clause,SHSRC0033,CR_SUYUAN_0354,commentary,SHSRC0022,commentary_support,錢潢《傷寒溯源集》對本條有注（對齊相似度0.86）。,傷寒溯源集:p2974,citation_to_node_unique,{},0.857,pending,
REL_03109,SHL_SONGBEN_0343,clause,SHSRC0033,CR_SUYUAN_0355,commentary,SHSRC0022,commentary_support,錢潢《傷寒溯源集》對本條有注（對齊相似度1.00）。,傷寒溯源集:p2977,citation_to_node_unique,{},1.0,pending,
REL_03110,SHL_SONGBEN_0357,clause,SHSRC0033,CR_SUYUAN_0356,commentary,SHSRC0022,commentary_support,錢潢《傷寒溯源集》對本條有注（對齊相似度0.93）。,傷寒溯源集:p2980,citation_to_node_unique,{},0.93,pending,
REL_03111,SHL_SONGBEN_0359,clause,SHSRC0033,CR_SUYUAN_0357,commentary,SHSRC0022,commentary_support,錢潢《傷寒溯源集》對本條有注（對齊相似度0.94）。,傷寒溯源集:p3004,citation_to_node_unique,{},0.938,pending,
REL_03112,SHL_SONGBEN_0380,clause,SHSRC0033,CR_SUYUAN_0358,commentary,SHSRC0022,commentary_support,錢潢《傷寒溯源集》對本條有注（對齊相似度0.84）。,傷寒溯源集:p3012,citation_to_node_unique,{},0.838,pending,
REL_03113,SHL_SONGBEN_0381,clause,SHSRC0033,CR_SUYUAN_0359,commentary,SHSRC0022,commentary_support,錢潢《傷寒溯源集》對本條有注（對齊相似度0.89）。,傷寒溯源集:p3019,citation_to_node_unique,{},0.889,pending,
REL_03114,SHL_SONGBEN_0371,clause,SHSRC0033,CR_SUYUAN_0360,commentary,SHSRC0022,commentary_support,錢潢《傷寒溯源集》對本條有注（對齊相似度1.00）。,傷寒溯源集:p3026,citation_to_node_unique,{},1.0,pending,
REL_03115,SHL_SONGBEN_0373,clause,SHSRC0033,CR_SUYUAN_0361,commentary,SHSRC0022,commentary_support,錢潢《傷寒溯源集》對本條有注（對齊相似度1.00）。,傷寒溯源集:p3034,citation_to_node_first_of_multiple,{},1.0,pending,
REL_03116,SHL_SONGBEN_0373,clause,SHSRC0033,CR_SUYUAN_0361,commentary,SHSRC0022,commentary_support,錢潢《傷寒溯源集》對本條有注（對齊相似度0.91）。,傷寒溯源集:p3038,citation_to_node_first_of_multiple,{},0.909,pending,
REL_03117,SHL_SONGBEN_0375,clause,SHSRC0033,CR_SUYUAN_0363,commentary,SHSRC0022,commentary_support,錢潢《傷寒溯源集》對本條有注（對齊相似度1.00）。,傷寒溯源集:p3048,citation_to_node_unique,{},1.0,pending,
REL_03118,SHL_SONGBEN_0374,clause,SHSRC0033,CR_SUYUAN_0364,commentary,SHSRC0022,commentary_support,錢潢《傷寒溯源集》對本條有注（對齊相似度0.85）。,傷寒溯源集:p3051,citation_to_node_unique,{},0.846,pending,
REL_03119,SHL_SONGBEN_0356,clause,SHSRC0033,CR_SUYUAN_0365,commentary,SHSRC0022,commentary_support,錢潢《傷寒溯源集》對本條有注（對齊相似度0.89）。,傷寒溯源集:p3056,citation_to_node_unique,{},0.889,pending,
REL_03120,SHL_SONGBEN_0358,clause,SHSRC0033,CR_SUYUAN_0366,commentary,SHSRC0022,commentary_support,錢潢《傷寒溯源集》對本條有注（對齊相似度0.90）。,傷寒溯源集:p3059,citation_to_node_unique,{},0.9,pending,
REL_03121,SHL_SONGBEN_0372,clause,SHSRC0033,CR_SUYUAN_0367,commentary,SHSRC0022,commentary_support,錢潢《傷寒溯源集》對本條有注（對齊相似度0.86）。,傷寒溯源集:p3061,citation_to_node_unique,{},0.862,pending,
REL_03122,SHL_SONGBEN_0366,clause,SHSRC0033,CR_SUYUAN_0368,commentary,SHSRC0022,commentary_support,錢潢《傷寒溯源集》對本條有注（對齊相似度0.95）。,傷寒溯源集:p3065,citation_to_node_unique,{},0.952,pending,
REL_03123,SHL_SONGBEN_0364,clause,SHSRC0033,CR_SUYUAN_0369,commentary,SHSRC0022,commentary_support,錢潢《傷寒溯源集》對本條有注（對齊相似度1.00）。,傷寒溯源集:p3069,citation_to_node_unique,{},1.0,pending,
REL_03124,SHL_SONGBEN_0370,clause,SHSRC0033,CR_SUYUAN_0370,commentary,SHSRC0022,commentary_support,錢潢《傷寒溯源集》對本條有注（對齊相似度0.89）。,傷寒溯源集:p3072,citation_to_node_unique,{},0.895,pending,
REL_03125,SHL_SONGBEN_0353,clause,SHSRC0033,CR_SUYUAN_0371,commentary,SHSRC0022,commentary_support,錢潢《傷寒溯源集》對本條有注（對齊相似度1.00）。,傷寒溯源集:p3075,citation_to_node_unique,{},1.0,pending,
REL_03126,SHL_SONGBEN_0354,clause,SHSRC0033,CR_SUYUAN_0372,commentary,SHSRC0022,commentary_support,錢潢《傷寒溯源集》對本條有注（對齊相似度1.00）。,傷寒溯源集:p3077,citation_to_node_unique,{},1.0,pending,
REL_03127,SHL_SONGBEN_0368,clause,SHSRC0033,CR_SUYUAN_0373,commentary,SHSRC0022,commentary_support,錢潢《傷寒溯源集》對本條有注（對齊相似度0.93）。,傷寒溯源集:p3079,citation_to_node_unique,{},0.927,pending,
REL_03128,SHL_SONGBEN_0362,clause,SHSRC0033,CR_SUYUAN_0374,commentary,SHSRC0022,commentary_support,錢潢《傷寒溯源集》對本條有注（對齊相似度0.75）。,傷寒溯源集:p3084,citation_to_node_unique,{},0.745,pending,
REL_03129,SHL_SONGBEN_0346,clause,SHSRC0033,CR_SUYUAN_0375,commentary,SHSRC0022,commentary_support,錢潢《傷寒溯源集》對本條有注（對齊相似度1.00）。,傷寒溯源集:p3086,citation_to_node_unique,{},1.0,pending,
REL_03130,SHL_SONGBEN_0345,clause,SHSRC0033,CR_SUYUAN_0376,commentary,SHSRC0022,commentary_support,錢潢《傷寒溯源集》對本條有注（對齊相似度1.00）。,傷寒溯源集:p3095,citation_to_node_unique,{},1.0,pending,
REL_03131,SHL_SONGBEN_0344,clause,SHSRC0033,CR_SUYUAN_0377,commentary,SHSRC0022,commentary_support,錢潢《傷寒溯源集》對本條有注（對齊相似度1.00）。,傷寒溯源集:p3097,citation_to_node_unique,{},1.0,pending,
REL_03132,SHL_SONGBEN_0369,clause,SHSRC0033,CR_SUYUAN_0378,commentary,SHSRC0022,commentary_support,錢潢《傷寒溯源集》對本條有注（對齊相似度0.83）。,傷寒溯源集:p3099,citation_to_node_unique,{},0.833,pending,
REL_03133,SHL_SONGBEN_0360,clause,SHSRC0033,CR_SUYUAN_0379,commentary,SHSRC0022,commentary_support,錢潢《傷寒溯源集》對本條有注（對齊相似度0.83）。,傷寒溯源集:p3103,citation_to_node_unique,{},0.833,pending,
REL_03134,SHL_SONGBEN_0367,clause,SHSRC0033,CR_SUYUAN_0380,commentary,SHSRC0022,commentary_support,錢潢《傷寒溯源集》對本條有注（對齊相似度0.81）。,傷寒溯源集:p3108,citation_to_node_unique,{},0.81,pending,
REL_03135,SHL_SONGBEN_0361,clause,SHSRC0033,CR_SUYUAN_0381,commentary,SHSRC0022,commentary_support,錢潢《傷寒溯源集》對本條有注（對齊相似度0.88）。,傷寒溯源集:p3110,citation_to_node_unique,{},0.882,pending,
REL_03136,SHL_SONGBEN_0363,clause,SHSRC0033,CR_SUYUAN_0382,commentary,SHSRC0022,commentary_support,錢潢《傷寒溯源集》對本條有注（對齊相似度0.73）。,傷寒溯源集:p3114,citation_to_node_unique,{},0.733,pending,
REL_03137,SHL_SONGBEN_0365,clause,SHSRC0033,CR_SUYUAN_0383,commentary,SHSRC0022,commentary_support,錢潢《傷寒溯源集》對本條有注（對齊相似度0.96）。,傷寒溯源集:p3120,citation_to_node_unique,{},0.963,pending,
REL_03138,SHL_SONGBEN_0392,clause,SHSRC0033,CR_SUYUAN_0384,commentary,SHSRC0022,commentary_support,錢潢《傷寒溯源集》對本條有注（對齊相似度0.92）。,傷寒溯源集:p3126,citation_to_node_unique,{},0.925,pending,
REL_03139,SHL_SONGBEN_0398,clause,SHSRC0033,CR_SUYUAN_0385,commentary,SHSRC0022,commentary_support,錢潢《傷寒溯源集》對本條有注（對齊相似度0.88）。,傷寒溯源集:p3162,citation_to_node_unique,{},0.879,pending,
REL_03140,SHL_SONGBEN_0394,clause,SHSRC0033,CR_SUYUAN_0386,commentary,SHSRC0022,commentary_support,錢潢《傷寒溯源集》對本條有注（對齊相似度0.86）。,傷寒溯源集:p3167,citation_to_node_unique,{},0.863,pending,
REL_03141,SHL_SONGBEN_0395,clause,SHSRC0033,CR_SUYUAN_0387,commentary,SHSRC0022,commentary_support,錢潢《傷寒溯源集》對本條有注（對齊相似度0.89）。,傷寒溯源集:p3171,citation_to_node_unique,{},0.889,pending,
REL_03142,SHL_SONGBEN_0396,clause,SHSRC0033,CR_SUYUAN_0388,commentary,SHSRC0022,commentary_support,錢潢《傷寒溯源集》對本條有注（對齊相似度0.81）。,傷寒溯源集:p3189,citation_to_node_unique,{},0.809,pending,
REL_03143,SHL_SONGBEN_0397,clause,SHSRC0033,CR_SUYUAN_0389,commentary,SHSRC0022,commentary_support,錢潢《傷寒溯源集》對本條有注（對齊相似度0.92）。,傷寒溯源集:p3198,citation_to_node_unique,{},0.919,pending,
REL_03144,SHL_SONGBEN_0001,clause,SHSRC0033,CR_ZHANGQINGZI_0001,commentary,SHSRC0052,commentary_support,張卿子《張卿子傷寒論》對本條有注（對齊相似度1.00）。,張卿子傷寒論:p742,citation_to_node_unique,{},1.0,pending,
REL_03145,SHL_SONGBEN_0002,clause,SHSRC0033,CR_ZHANGQINGZI_0002,commentary,SHSRC0052,commentary_support,張卿子《張卿子傷寒論》對本條有注（對齊相似度1.00）。,張卿子傷寒論:p745,citation_to_node_unique,{},1.0,pending,
REL_03146,SHL_SONGBEN_0003,clause,SHSRC0033,CR_ZHANGQINGZI_0003,commentary,SHSRC0052,commentary_support,張卿子《張卿子傷寒論》對本條有注（對齊相似度0.92）。,張卿子傷寒論:p748,citation_to_node_unique,{},0.923,pending,
REL_03147,SHL_SONGBEN_0004,clause,SHSRC0033,CR_ZHANGQINGZI_0004,commentary,SHSRC0052,commentary_support,張卿子《張卿子傷寒論》對本條有注（對齊相似度1.00）。,張卿子傷寒論:p750,citation_to_node_unique,{},1.0,pending,
REL_03148,SHL_SONGBEN_0005,clause,SHSRC0033,CR_ZHANGQINGZI_0005,commentary,SHSRC0052,commentary_support,張卿子《張卿子傷寒論》對本條有注（對齊相似度1.00）。,張卿子傷寒論:p752,citation_to_node_unique,{},1.0,pending,
REL_03149,SHL_SONGBEN_0007,clause,SHSRC0033,CR_ZHANGQINGZI_0006,commentary,SHSRC0052,commentary_support,張卿子《張卿子傷寒論》對本條有注（對齊相似度0.90）。,張卿子傷寒論:p763,citation_to_node_unique,{},0.903,pending,
REL_03150,SHL_SONGBEN_0008,clause,SHSRC0033,CR_ZHANGQINGZI_0007,commentary,SHSRC0052,commentary_support,張卿子《張卿子傷寒論》對本條有注（對齊相似度0.91）。,張卿子傷寒論:p767,citation_to_node_unique,{},0.906,pending,
REL_03151,SHL_SONGBEN_0009,clause,SHSRC0033,CR_ZHANGQINGZI_0008,commentary,SHSRC0052,commentary_support,張卿子《張卿子傷寒論》對本條有注（對齊相似度1.00）。,張卿子傷寒論:p770,citation_to_node_unique,{},1.0,pending,
REL_03152,SHL_SONGBEN_0010,clause,SHSRC0033,CR_ZHANGQINGZI_0009,commentary,SHSRC0052,commentary_support,張卿子《張卿子傷寒論》對本條有注（對齊相似度1.00）。,張卿子傷寒論:p772,citation_to_node_unique,{},1.0,pending,
REL_03153,SHL_SONGBEN_0011,clause,SHSRC0033,CR_ZHANGQINGZI_0010,commentary,SHSRC0052,commentary_support,張卿子《張卿子傷寒論》對本條有注（對齊相似度0.89）。,張卿子傷寒論:p774,citation_to_node_unique,{},0.889,pending,
REL_03154,SHL_SONGBEN_0012,clause,SHSRC0033,CR_ZHANGQINGZI_0011,commentary,SHSRC0052,commentary_support,張卿子《張卿子傷寒論》對本條有注（對齊相似度0.79）。,張卿子傷寒論:p776,citation_to_node_unique,{},0.788,pending,
REL_03155,SHL_SONGBEN_0013,clause,SHSRC0033,CR_ZHANGQINGZI_0012,commentary,SHSRC0052,commentary_support,張卿子《張卿子傷寒論》對本條有注（對齊相似度0.90）。,張卿子傷寒論:p794,citation_to_node_unique,{},0.903,pending,
REL_03156,SHL_SONGBEN_0014,clause,SHSRC0033,CR_ZHANGQINGZI_0013,commentary,SHSRC0052,commentary_support,張卿子《張卿子傷寒論》對本條有注（對齊相似度0.90）。,張卿子傷寒論:p796,citation_to_node_unique,{},0.9,pending,
REL_03157,SHL_SONGBEN_0015,clause,SHSRC0033,CR_ZHANGQINGZI_0014,commentary,SHSRC0052,commentary_support,張卿子《張卿子傷寒論》對本條有注（對齊相似度0.94）。,張卿子傷寒論:p803,citation_to_node_unique,{},0.941,pending,
REL_03158,SHL_SONGBEN_0017,clause,SHSRC0033,CR_ZHANGQINGZI_0015,commentary,SHSRC0052,commentary_support,張卿子《張卿子傷寒論》對本條有注（對齊相似度0.90）。,張卿子傷寒論:p811,citation_to_node_unique,{},0.9,pending,
REL_03159,SHL_SONGBEN_0018,clause,SHSRC0033,CR_ZHANGQINGZI_0016,commentary,SHSRC0052,commentary_support,張卿子《張卿子傷寒論》對本條有注（對齊相似度1.00）。,張卿子傷寒論:p813,citation_to_node_unique,{},1.0,pending,
REL_03160,SHL_SONGBEN_0019,clause,SHSRC0033,CR_ZHANGQINGZI_0017,commentary,SHSRC0052,commentary_support,張卿子《張卿子傷寒論》對本條有注（對齊相似度1.00）。,張卿子傷寒論:p816,citation_to_node_unique,{},1.0,pending,
REL_03161,SHL_SONGBEN_0020,clause,SHSRC0033,CR_ZHANGQINGZI_0018,commentary,SHSRC0052,commentary_support,張卿子《張卿子傷寒論》對本條有注（對齊相似度1.00）。,張卿子傷寒論:p819,citation_to_node_unique,{},1.0,pending,
REL_03162,SHL_SONGBEN_0021,clause,SHSRC0033,CR_ZHANGQINGZI_0019,commentary,SHSRC0052,commentary_support,張卿子《張卿子傷寒論》對本條有注（對齊相似度0.75）。,張卿子傷寒論:p824,citation_to_node_unique,{},0.75,pending,
REL_03163,SHL_SONGBEN_0023,clause,SHSRC0033,CR_ZHANGQINGZI_0020,commentary,SHSRC0052,commentary_support,張卿子《張卿子傷寒論》對本條有注（對齊相似度0.82）。,張卿子傷寒論:p831,citation_to_node_unique,{},0.824,pending,
REL_03164,SHL_SONGBEN_0024,clause,SHSRC0033,CR_ZHANGQINGZI_0021,commentary,SHSRC0052,commentary_support,張卿子《張卿子傷寒論》對本條有注（對齊相似度1.00）。,張卿子傷寒論:p841,citation_to_node_unique,{},1.0,pending,
REL_03165,SHL_SONGBEN_0025,clause,SHSRC0033,CR_ZHANGQINGZI_0022,commentary,SHSRC0052,commentary_support,張卿子《張卿子傷寒論》對本條有注（對齊相似度0.77）。,張卿子傷寒論:p843,citation_to_node_unique,{},0.767,pending,
REL_03166,SHL_SONGBEN_0026,clause,SHSRC0033,CR_ZHANGQINGZI_0023,commentary,SHSRC0052,commentary_support,張卿子《張卿子傷寒論》對本條有注（對齊相似度1.00）。,張卿子傷寒論:p849,citation_to_node_unique,{},1.0,pending,
REL_03167,SHL_SONGBEN_0028,clause,SHSRC0033,CR_ZHANGQINGZI_0024,commentary,SHSRC0052,commentary_support,張卿子《張卿子傷寒論》對本條有注（對齊相似度0.83）。,張卿子傷寒論:p862,citation_to_node_unique,{},0.831,pending,
REL_03168,SHL_SONGBEN_0030,clause,SHSRC0033,CR_ZHANGQINGZI_0025,commentary,SHSRC0052,commentary_support,張卿子《張卿子傷寒論》對本條有注（對齊相似度0.95）。,張卿子傷寒論:p887,citation_to_node_unique,{},0.952,pending,
REL_03169,SHL_SONGBEN_0031,clause,SHSRC0033,CR_ZHANGQINGZI_0026,commentary,SHSRC0052,commentary_support,張卿子《張卿子傷寒論》對本條有注（對齊相似度0.87）。,張卿子傷寒論:p892,citation_to_node_unique,{},0.867,pending,
REL_03170,SHL_SONGBEN_0032,clause,SHSRC0033,CR_ZHANGQINGZI_0027,commentary,SHSRC0052,commentary_support,張卿子《張卿子傷寒論》對本條有注（對齊相似度1.00）。,張卿子傷寒論:p899,citation_to_node_unique,{},1.0,pending,
REL_03171,SHL_SONGBEN_0033,clause,SHSRC0033,CR_ZHANGQINGZI_0028,commentary,SHSRC0052,commentary_support,張卿子《張卿子傷寒論》對本條有注（對齊相似度1.00）。,張卿子傷寒論:p901,citation_to_node_unique,{},1.0,pending,
REL_03172,SHL_SONGBEN_0034,clause,SHSRC0033,CR_ZHANGQINGZI_0029,commentary,SHSRC0052,commentary_support,張卿子《張卿子傷寒論》對本條有注（對齊相似度0.94）。,張卿子傷寒論:p906,citation_to_node_unique,{},0.941,pending,
REL_03173,SHL_SONGBEN_0035,clause,SHSRC0033,CR_ZHANGQINGZI_0030,commentary,SHSRC0052,commentary_support,張卿子《張卿子傷寒論》對本條有注（對齊相似度1.00）。,張卿子傷寒論:p911,citation_to_node_unique,{},1.0,pending,
REL_03174,SHL_SONGBEN_0036,clause,SHSRC0033,CR_ZHANGQINGZI_0031,commentary,SHSRC0052,commentary_support,張卿子《張卿子傷寒論》對本條有注（對齊相似度0.95）。,張卿子傷寒論:p918,citation_to_node_unique,{},0.947,pending,
REL_03175,SHL_SONGBEN_0037,clause,SHSRC0033,CR_ZHANGQINGZI_0032,commentary,SHSRC0052,commentary_support,張卿子《張卿子傷寒論》對本條有注（對齊相似度0.89）。,張卿子傷寒論:p920,citation_to_node_unique,{},0.886,pending,
REL_03176,SHL_SONGBEN_0038,clause,SHSRC0033,CR_ZHANGQINGZI_0033,commentary,SHSRC0052,commentary_support,張卿子《張卿子傷寒論》對本條有注（對齊相似度0.75）。,張卿子傷寒論:p922,citation_to_node_unique,{},0.75,pending,
REL_03177,SHL_SONGBEN_0039,clause,SHSRC0033,CR_ZHANGQINGZI_0034,commentary,SHSRC0052,commentary_support,張卿子《張卿子傷寒論》對本條有注（對齊相似度1.00）。,張卿子傷寒論:p929,citation_to_node_unique,{},1.0,pending,
REL_03178,SHL_SONGBEN_0040,clause,SHSRC0033,CR_ZHANGQINGZI_0035,commentary,SHSRC0052,commentary_support,張卿子《張卿子傷寒論》對本條有注（對齊相似度0.95）。,張卿子傷寒論:p933,citation_to_node_unique,{},0.947,pending,
REL_03179,SHL_SONGBEN_0041,clause,SHSRC0033,CR_ZHANGQINGZI_0036,commentary,SHSRC0052,commentary_support,張卿子《張卿子傷寒論》對本條有注（對齊相似度0.94）。,張卿子傷寒論:p946,citation_to_node_unique,{},0.935,pending,
REL_03180,SHL_SONGBEN_0042,clause,SHSRC0033,CR_ZHANGQINGZI_0037,commentary,SHSRC0052,commentary_support,張卿子《張卿子傷寒論》對本條有注（對齊相似度0.89）。,張卿子傷寒論:p948,citation_to_node_unique,{},0.889,pending,
REL_03181,SHL_SONGBEN_0043,clause,SHSRC0033,CR_ZHANGQINGZI_0038,commentary,SHSRC0052,commentary_support,張卿子《張卿子傷寒論》對本條有注（對齊相似度0.91）。,張卿子傷寒論:p950,citation_to_node_unique,{},0.909,pending,
REL_03182,SHL_SONGBEN_0045,clause,SHSRC0033,CR_ZHANGQINGZI_0039,commentary,SHSRC0052,commentary_support,張卿子《張卿子傷寒論》對本條有注（對齊相似度0.79）。,張卿子傷寒論:p954,citation_to_node_unique,{},0.788,pending,
REL_03183,SHL_SONGBEN_0046,clause,SHSRC0033,CR_ZHANGQINGZI_0040,commentary,SHSRC0052,commentary_support,張卿子《張卿子傷寒論》對本條有注（對齊相似度1.00）。,張卿子傷寒論:p957,citation_to_node_unique,{},1.0,pending,
REL_03184,SHL_SONGBEN_0047,clause,SHSRC0033,CR_ZHANGQINGZI_0041,commentary,SHSRC0052,commentary_support,張卿子《張卿子傷寒論》對本條有注（對齊相似度1.00）。,張卿子傷寒論:p961,citation_to_node_unique,{},1.0,pending,
REL_03185,SHL_SONGBEN_0048,clause,SHSRC0033,CR_ZHANGQINGZI_0042,commentary,SHSRC0052,commentary_support,張卿子《張卿子傷寒論》對本條有注（對齊相似度0.62）。,張卿子傷寒論:p965,citation_to_node_unique,{},0.619,pending,
REL_03186,SHL_SONGBEN_0049,clause,SHSRC0033,CR_ZHANGQINGZI_0043,commentary,SHSRC0052,commentary_support,張卿子《張卿子傷寒論》對本條有注（對齊相似度0.92）。,張卿子傷寒論:p970,citation_to_node_unique,{},0.917,pending,
REL_03187,SHL_SONGBEN_0050,clause,SHSRC0033,CR_ZHANGQINGZI_0044,commentary,SHSRC0052,commentary_support,張卿子《張卿子傷寒論》對本條有注（對齊相似度0.96）。,張卿子傷寒論:p973,citation_to_node_unique,{},0.959,pending,
REL_03188,SHL_SONGBEN_0051,clause,SHSRC0033,CR_ZHANGQINGZI_0045,commentary,SHSRC0052,commentary_support,張卿子《張卿子傷寒論》對本條有注（對齊相似度1.00）。,張卿子傷寒論:p975,citation_to_node_unique,{},1.0,pending,
REL_03189,SHL_SONGBEN_0052,clause,SHSRC0033,CR_ZHANGQINGZI_0046,commentary,SHSRC0052,commentary_support,張卿子《張卿子傷寒論》對本條有注（對齊相似度1.00）。,張卿子傷寒論:p977,citation_to_node_unique,{},1.0,pending,
REL_03190,SHL_SONGBEN_0053,clause,SHSRC0033,CR_ZHANGQINGZI_0047,commentary,SHSRC0052,commentary_support,張卿子《張卿子傷寒論》對本條有注（對齊相似度0.95）。,張卿子傷寒論:p979,citation_to_node_unique,{},0.945,pending,
REL_03191,SHL_SONGBEN_0054,clause,SHSRC0033,CR_ZHANGQINGZI_0048,commentary,SHSRC0052,commentary_support,張卿子《張卿子傷寒論》對本條有注（對齊相似度0.88）。,張卿子傷寒論:p981,citation_to_node_unique,{},0.875,pending,
REL_03192,SHL_SONGBEN_0055,clause,SHSRC0033,CR_ZHANGQINGZI_0049,commentary,SHSRC0052,commentary_support,張卿子《張卿子傷寒論》對本條有注（對齊相似度1.00）。,張卿子傷寒論:p983,citation_to_node_unique,{},1.0,pending,
REL_03193,SHL_SONGBEN_0056,clause,SHSRC0033,CR_ZHANGQINGZI_0050,commentary,SHSRC0052,commentary_support,張卿子《張卿子傷寒論》對本條有注（對齊相似度0.76）。,張卿子傷寒論:p988,citation_to_node_unique,{},0.761,pending,
REL_03194,SHL_SONGBEN_0057,clause,SHSRC0033,CR_ZHANGQINGZI_0051,commentary,SHSRC0052,commentary_support,張卿子《張卿子傷寒論》對本條有注（對齊相似度0.95）。,張卿子傷寒論:p993,citation_to_node_unique,{},0.955,pending,
REL_03195,SHL_SONGBEN_0058,clause,SHSRC0033,CR_ZHANGQINGZI_0052,commentary,SHSRC0052,commentary_support,張卿子《張卿子傷寒論》對本條有注（對齊相似度0.95）。,張卿子傷寒論:p995,citation_to_node_unique,{},0.952,pending,
REL_03196,SHL_SONGBEN_0059,clause,SHSRC0033,CR_ZHANGQINGZI_0053,commentary,SHSRC0052,commentary_support,張卿子《張卿子傷寒論》對本條有注（對齊相似度1.00）。,張卿子傷寒論:p997,citation_to_node_unique,{},1.0,pending,
REL_03197,SHL_SONGBEN_0060,clause,SHSRC0033,CR_ZHANGQINGZI_0054,commentary,SHSRC0052,commentary_support,張卿子《張卿子傷寒論》對本條有注（對齊相似度1.00）。,張卿子傷寒論:p999,citation_to_node_unique,{},1.0,pending,
REL_03198,SHL_SONGBEN_0061,clause,SHSRC0033,CR_ZHANGQINGZI_0055,commentary,SHSRC0052,commentary_support,張卿子《張卿子傷寒論》對本條有注（對齊相似度1.00）。,張卿子傷寒論:p1001,citation_to_node_unique,{},1.0,pending,
REL_03199,SHL_SONGBEN_0062,clause,SHSRC0033,CR_ZHANGQINGZI_0056,commentary,SHSRC0052,commentary_support,張卿子《張卿子傷寒論》對本條有注（對齊相似度1.00）。,張卿子傷寒論:p1009,citation_to_node_unique,{},1.0,pending,
REL_03200,SHL_SONGBEN_0063,clause,SHSRC0033,CR_ZHANGQINGZI_0057,commentary,SHSRC0052,commentary_support,張卿子《張卿子傷寒論》對本條有注（對齊相似度0.97）。,張卿子傷寒論:p1013,citation_to_node_unique,{},0.966,pending,
REL_03201,SHL_SONGBEN_0065,clause,SHSRC0033,CR_ZHANGQINGZI_0058,commentary,SHSRC0052,commentary_support,張卿子《張卿子傷寒論》對本條有注（對齊相似度1.00）。,張卿子傷寒論:p1030,citation_to_node_unique,{},1.0,pending,
REL_03202,SHL_SONGBEN_0066,clause,SHSRC0033,CR_ZHANGQINGZI_0059,commentary,SHSRC0052,commentary_support,張卿子《張卿子傷寒論》對本條有注（對齊相似度0.84）。,張卿子傷寒論:p1036,citation_to_node_unique,{},0.842,pending,
REL_03203,SHL_SONGBEN_0067,clause,SHSRC0033,CR_ZHANGQINGZI_0060,commentary,SHSRC0052,commentary_support,張卿子《張卿子傷寒論》對本條有注（對齊相似度1.00）。,張卿子傷寒論:p1045,citation_to_node_unique,{},1.0,pending,
REL_03204,SHL_SONGBEN_0068,clause,SHSRC0033,CR_ZHANGQINGZI_0061,commentary,SHSRC0052,commentary_support,張卿子《張卿子傷寒論》對本條有注（對齊相似度1.00）。,張卿子傷寒論:p1052,citation_to_node_unique,{},1.0,pending,
REL_03205,SHL_SONGBEN_0069,clause,SHSRC0033,CR_ZHANGQINGZI_0062,commentary,SHSRC0052,commentary_support,張卿子《張卿子傷寒論》對本條有注（對齊相似度1.00）。,張卿子傷寒論:p1057,citation_to_node_unique,{},1.0,pending,
REL_03206,SHL_SONGBEN_0070,clause,SHSRC0033,CR_ZHANGQINGZI_0063,commentary,SHSRC0052,commentary_support,張卿子《張卿子傷寒論》對本條有注（對齊相似度1.00）。,張卿子傷寒論:p1064,citation_to_node_unique,{},1.0,pending,
REL_03207,SHL_SONGBEN_0071,clause,SHSRC0033,CR_ZHANGQINGZI_0064,commentary,SHSRC0052,commentary_support,張卿子《張卿子傷寒論》對本條有注（對齊相似度0.93）。,張卿子傷寒論:p1066,citation_to_node_unique,{},0.929,pending,
REL_03208,SHL_SONGBEN_0072,clause,SHSRC0033,CR_ZHANGQINGZI_0065,commentary,SHSRC0052,commentary_support,張卿子《張卿子傷寒論》對本條有注（對齊相似度1.00）。,張卿子傷寒論:p1077,citation_to_node_unique,{},1.0,pending,
REL_03209,SHL_SONGBEN_0073,clause,SHSRC0033,CR_ZHANGQINGZI_0066,commentary,SHSRC0052,commentary_support,張卿子《張卿子傷寒論》對本條有注（對齊相似度1.00）。,張卿子傷寒論:p1079,citation_to_node_unique,{},1.0,pending,
REL_03210,SHL_SONGBEN_0074,clause,SHSRC0033,CR_ZHANGQINGZI_0067,commentary,SHSRC0052,commentary_support,張卿子《張卿子傷寒論》對本條有注（對齊相似度0.94）。,張卿子傷寒論:p1085,citation_to_node_unique,{},0.938,pending,
REL_03211,SHL_SONGBEN_0075,clause,SHSRC0033,CR_ZHANGQINGZI_0068,commentary,SHSRC0052,commentary_support,張卿子《張卿子傷寒論》對本條有注（對齊相似度0.69）。,張卿子傷寒論:p1088,citation_to_node_unique,{},0.688,pending,
REL_03212,SHL_SONGBEN_0077,clause,SHSRC0033,CR_ZHANGQINGZI_0069,commentary,SHSRC0052,commentary_support,張卿子《張卿子傷寒論》對本條有注（對齊相似度1.00）。,張卿子傷寒論:p1106,citation_to_node_unique,{},1.0,pending,
REL_03213,SHL_SONGBEN_0078,clause,SHSRC0033,CR_ZHANGQINGZI_0070,commentary,SHSRC0052,commentary_support,張卿子《張卿子傷寒論》對本條有注（對齊相似度1.00）。,張卿子傷寒論:p1108,citation_to_node_unique,{},1.0,pending,
REL_03214,SHL_SONGBEN_0079,clause,SHSRC0033,CR_ZHANGQINGZI_0071,commentary,SHSRC0052,commentary_support,張卿子《張卿子傷寒論》對本條有注（對齊相似度1.00）。,張卿子傷寒論:p1111,citation_to_node_unique,{},1.0,pending,
REL_03215,SHL_SONGBEN_0080,clause,SHSRC0033,CR_ZHANGQINGZI_0072,commentary,SHSRC0052,commentary_support,張卿子《張卿子傷寒論》對本條有注（對齊相似度0.91）。,張卿子傷寒論:p1117,citation_to_node_unique,{},0.909,pending,
REL_03216,SHL_SONGBEN_0081,clause,SHSRC0033,CR_ZHANGQINGZI_0073,commentary,SHSRC0052,commentary_support,張卿子《張卿子傷寒論》對本條有注（對齊相似度0.87）。,張卿子傷寒論:p1123,citation_to_node_unique,{},0.867,pending,
REL_03217,SHL_SONGBEN_0082,clause,SHSRC0033,CR_ZHANGQINGZI_0074,commentary,SHSRC0052,commentary_support,張卿子《張卿子傷寒論》對本條有注（對齊相似度0.95）。,張卿子傷寒論:p1125,citation_to_node_unique,{},0.952,pending,
REL_03218,SHL_SONGBEN_0083,clause,SHSRC0033,CR_ZHANGQINGZI_0075,commentary,SHSRC0052,commentary_support,張卿子《張卿子傷寒論》對本條有注（對齊相似度0.75）。,張卿子傷寒論:p1127,citation_to_node_unique,{},0.75,pending,
REL_03219,SHL_SONGBEN_0084,clause,SHSRC0033,CR_ZHANGQINGZI_0076,commentary,SHSRC0052,commentary_support,張卿子《張卿子傷寒論》對本條有注（對齊相似度1.00）。,張卿子傷寒論:p1129,citation_to_node_unique,{},1.0,pending,
REL_03220,SHL_SONGBEN_0085,clause,SHSRC0033,CR_ZHANGQINGZI_0077,commentary,SHSRC0052,commentary_support,張卿子《張卿子傷寒論》對本條有注（對齊相似度0.75）。,張卿子傷寒論:p1131,citation_to_node_unique,{},0.75,pending,
REL_03221,SHL_SONGBEN_0086,clause,SHSRC0033,CR_ZHANGQINGZI_0078,commentary,SHSRC0052,commentary_support,張卿子《張卿子傷寒論》對本條有注（對齊相似度0.93）。,張卿子傷寒論:p1133,citation_to_node_unique,{},0.93,pending,
REL_03222,SHL_SONGBEN_0087,clause,SHSRC0033,CR_ZHANGQINGZI_0079,commentary,SHSRC0052,commentary_support,張卿子《張卿子傷寒論》對本條有注（對齊相似度0.83）。,張卿子傷寒論:p1135,citation_to_node_unique,{},0.833,pending,
REL_03223,SHL_SONGBEN_0088,clause,SHSRC0033,CR_ZHANGQINGZI_0080,commentary,SHSRC0052,commentary_support,張卿子《張卿子傷寒論》對本條有注（對齊相似度0.97）。,張卿子傷寒論:p1137,citation_to_node_unique,{},0.974,pending,
REL_03224,SHL_SONGBEN_0089,clause,SHSRC0033,CR_ZHANGQINGZI_0081,commentary,SHSRC0052,commentary_support,張卿子《張卿子傷寒論》對本條有注（對齊相似度0.75）。,張卿子傷寒論:p1140,citation_to_node_unique,{},0.75,pending,
REL_03225,SHL_SONGBEN_0090,clause,SHSRC0033,CR_ZHANGQINGZI_0082,commentary,SHSRC0052,commentary_support,張卿子《張卿子傷寒論》對本條有注（對齊相似度0.90）。,張卿子傷寒論:p1144,citation_to_node_unique,{},0.902,pending,
REL_03226,SHL_SONGBEN_0091,clause,SHSRC0033,CR_ZHANGQINGZI_0083,commentary,SHSRC0052,commentary_support,張卿子《張卿子傷寒論》對本條有注（對齊相似度0.86）。,張卿子傷寒論:p1149,citation_to_node_unique,{},0.861,pending,
REL_03227,SHL_SONGBEN_0092,clause,SHSRC0033,CR_ZHANGQINGZI_0084,commentary,SHSRC0052,commentary_support,張卿子《張卿子傷寒論》對本條有注（對齊相似度0.82）。,張卿子傷寒論:p1154,citation_to_node_unique,{},0.818,pending,
REL_03228,SHL_SONGBEN_0093,clause,SHSRC0033,CR_ZHANGQINGZI_0085,commentary,SHSRC0052,commentary_support,張卿子《張卿子傷寒論》對本條有注（對齊相似度0.88）。,張卿子傷寒論:p1158,citation_to_node_unique,{},0.879,pending,
REL_03229,SHL_SONGBEN_0094,clause,SHSRC0033,CR_ZHANGQINGZI_0086,commentary,SHSRC0052,commentary_support,張卿子《張卿子傷寒論》對本條有注（對齊相似度0.92）。,張卿子傷寒論:p1160,citation_to_node_unique,{},0.923,pending,
REL_03230,SHL_SONGBEN_0095,clause,SHSRC0033,CR_ZHANGQINGZI_0087,commentary,SHSRC0052,commentary_support,張卿子《張卿子傷寒論》對本條有注（對齊相似度1.00）。,張卿子傷寒論:p1166,citation_to_node_unique,{},1.0,pending,
REL_03231,SHL_SONGBEN_0096,clause,SHSRC0033,CR_ZHANGQINGZI_0088,commentary,SHSRC0052,commentary_support,張卿子《張卿子傷寒論》對本條有注（對齊相似度0.73）。,張卿子傷寒論:p1168,citation_to_node_unique,{},0.726,pending,
REL_03232,SHL_SONGBEN_0097,clause,SHSRC0033,CR_ZHANGQINGZI_0089,commentary,SHSRC0052,commentary_support,張卿子《張卿子傷寒論》對本條有注（對齊相似度0.78）。,張卿子傷寒論:p1196,citation_to_node_unique,{},0.785,pending,
REL_03233,SHL_SONGBEN_0098,clause,SHSRC0033,CR_ZHANGQINGZI_0090,commentary,SHSRC0052,commentary_support,張卿子《張卿子傷寒論》對本條有注（對齊相似度0.90）。,張卿子傷寒論:p1204,citation_to_node_unique,{},0.905,pending,
REL_03234,SHL_SONGBEN_0099,clause,SHSRC0033,CR_ZHANGQINGZI_0091,commentary,SHSRC0052,commentary_support,張卿子《張卿子傷寒論》對本條有注（對齊相似度0.92）。,張卿子傷寒論:p1209,citation_to_node_unique,{},0.923,pending,
REL_03235,SHL_SONGBEN_0100,clause,SHSRC0033,CR_ZHANGQINGZI_0092,commentary,SHSRC0052,commentary_support,張卿子《張卿子傷寒論》對本條有注（對齊相似度0.81）。,張卿子傷寒論:p1212,citation_to_node_unique,{},0.807,pending,
REL_03236,SHL_SONGBEN_0101,clause,SHSRC0033,CR_ZHANGQINGZI_0093,commentary,SHSRC0052,commentary_support,張卿子《張卿子傷寒論》對本條有注（對齊相似度0.75）。,張卿子傷寒論:p1223,citation_to_node_unique,{},0.747,pending,
REL_03237,SHL_SONGBEN_0102,clause,SHSRC0033,CR_ZHANGQINGZI_0094,commentary,SHSRC0052,commentary_support,張卿子《張卿子傷寒論》對本條有注（對齊相似度1.00）。,張卿子傷寒論:p1227,citation_to_node_unique,{},1.0,pending,
REL_03238,SHL_SONGBEN_0103,clause,SHSRC0033,CR_ZHANGQINGZI_0095,commentary,SHSRC0052,commentary_support,張卿子《張卿子傷寒論》對本條有注（對齊相似度0.90）。,張卿子傷寒論:p1232,citation_to_node_unique,{},0.896,pending,
REL_03239,SHL_SONGBEN_0104,clause,SHSRC0033,CR_ZHANGQINGZI_0096,commentary,SHSRC0052,commentary_support,張卿子《張卿子傷寒論》對本條有注（對齊相似度0.82）。,張卿子傷寒論:p1241,citation_to_node_unique,{},0.819,pending,
REL_03240,SHL_SONGBEN_0105,clause,SHSRC0033,CR_ZHANGQINGZI_0097,commentary,SHSRC0052,commentary_support,張卿子《張卿子傷寒論》對本條有注（對齊相似度0.60）。,張卿子傷寒論:p1248,citation_to_node_unique,{},0.604,pending,
REL_03241,SHL_SONGBEN_0106,clause,SHSRC0033,CR_ZHANGQINGZI_0098,commentary,SHSRC0052,commentary_support,張卿子《張卿子傷寒論》對本條有注（對齊相似度0.97）。,張卿子傷寒論:p1258,citation_to_node_unique,{},0.969,pending,
REL_03242,SHL_SONGBEN_0107,clause,SHSRC0033,CR_ZHANGQINGZI_0099,commentary,SHSRC0052,commentary_support,張卿子《張卿子傷寒論》對本條有注（對齊相似度1.00）。,張卿子傷寒論:p1265,citation_to_node_unique,{},1.0,pending,
REL_03243,SHL_SONGBEN_0108,clause,SHSRC0033,CR_ZHANGQINGZI_0100,commentary,SHSRC0052,commentary_support,張卿子《張卿子傷寒論》對本條有注（對齊相似度1.00）。,張卿子傷寒論:p1274,citation_to_node_unique,{},1.0,pending,
REL_03244,SHL_SONGBEN_0109,clause,SHSRC0033,CR_ZHANGQINGZI_0101,commentary,SHSRC0052,commentary_support,張卿子《張卿子傷寒論》對本條有注（對齊相似度1.00）。,張卿子傷寒論:p1276,citation_to_node_unique,{},1.0,pending,
REL_03245,SHL_SONGBEN_0110,clause,SHSRC0033,CR_ZHANGQINGZI_0102,commentary,SHSRC0052,commentary_support,張卿子《張卿子傷寒論》對本條有注（對齊相似度0.92）。,張卿子傷寒論:p1280,citation_to_node_unique,{},0.918,pending,
REL_03246,SHL_SONGBEN_0111,clause,SHSRC0033,CR_ZHANGQINGZI_0103,commentary,SHSRC0052,commentary_support,張卿子《張卿子傷寒論》對本條有注（對齊相似度0.98）。,張卿子傷寒論:p1287,citation_to_node_unique,{},0.984,pending,
REL_03247,SHL_SONGBEN_0112,clause,SHSRC0033,CR_ZHANGQINGZI_0104,commentary,SHSRC0052,commentary_support,張卿子《張卿子傷寒論》對本條有注（對齊相似度0.92）。,張卿子傷寒論:p1291,citation_to_node_unique,{},0.917,pending,
REL_03248,SHL_SONGBEN_0113,clause,SHSRC0033,CR_ZHANGQINGZI_0105,commentary,SHSRC0052,commentary_support,張卿子《張卿子傷寒論》對本條有注（對齊相似度0.89）。,張卿子傷寒論:p1296,citation_to_node_unique,{},0.893,pending,
REL_03249,SHL_SONGBEN_0114,clause,SHSRC0033,CR_ZHANGQINGZI_0106,commentary,SHSRC0052,commentary_support,張卿子《張卿子傷寒論》對本條有注（對齊相似度0.92）。,張卿子傷寒論:p1299,citation_to_node_unique,{},0.917,pending,
REL_03250,SHL_SONGBEN_0115,clause,SHSRC0033,CR_ZHANGQINGZI_0107,commentary,SHSRC0052,commentary_support,張卿子《張卿子傷寒論》對本條有注（對齊相似度0.84）。,張卿子傷寒論:p1301,citation_to_node_unique,{},0.844,pending,
REL_03251,SHL_SONGBEN_0117,clause,SHSRC0033,CR_ZHANGQINGZI_0108,commentary,SHSRC0052,commentary_support,張卿子《張卿子傷寒論》對本條有注（對齊相似度0.94）。,張卿子傷寒論:p1312,citation_to_node_unique,{},0.941,pending,
REL_03252,SHL_SONGBEN_0118,clause,SHSRC0033,CR_ZHANGQINGZI_0109,commentary,SHSRC0052,commentary_support,張卿子《張卿子傷寒論》對本條有注（對齊相似度1.00）。,張卿子傷寒論:p1315,citation_to_node_unique,{},1.0,pending,
REL_03253,SHL_SONGBEN_0119,clause,SHSRC0033,CR_ZHANGQINGZI_0110,commentary,SHSRC0052,commentary_support,張卿子《張卿子傷寒論》對本條有注（對齊相似度1.00）。,張卿子傷寒論:p1320,citation_to_node_unique,{},1.0,pending,
REL_03254,SHL_SONGBEN_0120,clause,SHSRC0033,CR_ZHANGQINGZI_0111,commentary,SHSRC0052,commentary_support,張卿子《張卿子傷寒論》對本條有注（對齊相似度0.98）。,張卿子傷寒論:p1324,citation_to_node_unique,{},0.975,pending,
REL_03255,SHL_SONGBEN_0121,clause,SHSRC0033,CR_ZHANGQINGZI_0112,commentary,SHSRC0052,commentary_support,張卿子《張卿子傷寒論》對本條有注（對齊相似度1.00）。,張卿子傷寒論:p1329,citation_to_node_unique,{},1.0,pending,
REL_03256,SHL_SONGBEN_0122,clause,SHSRC0033,CR_ZHANGQINGZI_0113,commentary,SHSRC0052,commentary_support,張卿子《張卿子傷寒論》對本條有注（對齊相似度0.95）。,張卿子傷寒論:p1331,citation_to_node_unique,{},0.955,pending,
REL_03257,SHL_SONGBEN_0123,clause,SHSRC0033,CR_ZHANGQINGZI_0114,commentary,SHSRC0052,commentary_support,張卿子《張卿子傷寒論》對本條有注（對齊相似度0.90）。,張卿子傷寒論:p1334,citation_to_node_unique,{},0.897,pending,
REL_03258,SHL_SONGBEN_0124,clause,SHSRC0033,CR_ZHANGQINGZI_0115,commentary,SHSRC0052,commentary_support,張卿子《張卿子傷寒論》對本條有注（對齊相似度0.93）。,張卿子傷寒論:p1336,citation_to_node_unique,{},0.931,pending,
REL_03259,SHL_SONGBEN_0125,clause,SHSRC0033,CR_ZHANGQINGZI_0116,commentary,SHSRC0052,commentary_support,張卿子《張卿子傷寒論》對本條有注（對齊相似度0.79）。,張卿子傷寒論:p1347,citation_to_node_unique,{},0.794,pending,
REL_03260,SHL_SONGBEN_0126,clause,SHSRC0033,CR_ZHANGQINGZI_0117,commentary,SHSRC0052,commentary_support,張卿子《張卿子傷寒論》對本條有注（對齊相似度0.93）。,張卿子傷寒論:p1350,citation_to_node_unique,{},0.933,pending,
REL_03261,SHL_SONGBEN_0129,clause,SHSRC0033,CR_ZHANGQINGZI_0118,commentary,SHSRC0052,commentary_support,張卿子《張卿子傷寒論》對本條有注（對齊相似度0.68）。,張卿子傷寒論:p1356,citation_to_node_unique,{},0.681,pending,
REL_03262,SHL_SONGBEN_0130,clause,SHSRC0033,CR_ZHANGQINGZI_0119,commentary,SHSRC0052,commentary_support,張卿子《張卿子傷寒論》對本條有注（對齊相似度0.86）。,張卿子傷寒論:p1361,citation_to_node_unique,{},0.864,pending,
REL_03263,SHL_SONGBEN_0131,clause,SHSRC0033,CR_ZHANGQINGZI_0120,commentary,SHSRC0052,commentary_support,張卿子《張卿子傷寒論》對本條有注（對齊相似度0.64）。,張卿子傷寒論:p1363,citation_to_node_unique,{},0.638,pending,
REL_03264,SHL_SONGBEN_0132,clause,SHSRC0033,CR_ZHANGQINGZI_0121,commentary,SHSRC0052,commentary_support,張卿子《張卿子傷寒論》對本條有注（對齊相似度1.00）。,張卿子傷寒論:p1374,citation_to_node_unique,{},1.0,pending,
REL_03265,SHL_SONGBEN_0133,clause,SHSRC0033,CR_ZHANGQINGZI_0122,commentary,SHSRC0052,commentary_support,張卿子《張卿子傷寒論》對本條有注（對齊相似度1.00）。,張卿子傷寒論:p1377,citation_to_node_unique,{},1.0,pending,
REL_03266,SHL_SONGBEN_0134,clause,SHSRC0033,CR_ZHANGQINGZI_0123,commentary,SHSRC0052,commentary_support,張卿子《張卿子傷寒論》對本條有注（對齊相似度0.94）。,張卿子傷寒論:p1379,citation_to_node_unique,{},0.936,pending,
REL_03267,SHL_SONGBEN_0135,clause,SHSRC0033,CR_ZHANGQINGZI_0124,commentary,SHSRC0052,commentary_support,張卿子《張卿子傷寒論》對本條有注（對齊相似度0.92）。,張卿子傷寒論:p1389,citation_to_node_unique,{},0.923,pending,
REL_03268,SHL_SONGBEN_0136,clause,SHSRC0033,CR_ZHANGQINGZI_0125,commentary,SHSRC0052,commentary_support,張卿子《張卿子傷寒論》對本條有注（對齊相似度0.86）。,張卿子傷寒論:p1392,citation_to_node_unique,{},0.864,pending,
REL_03269,SHL_SONGBEN_0137,clause,SHSRC0033,CR_ZHANGQINGZI_0126,commentary,SHSRC0052,commentary_support,張卿子《張卿子傷寒論》對本條有注（對齊相似度0.96）。,張卿子傷寒論:p1396,citation_to_node_unique,{},0.957,pending,
REL_03270,SHL_SONGBEN_0138,clause,SHSRC0033,CR_ZHANGQINGZI_0127,commentary,SHSRC0052,commentary_support,張卿子《張卿子傷寒論》對本條有注（對齊相似度1.00）。,張卿子傷寒論:p1400,citation_to_node_unique,{},1.0,pending,
REL_03271,SHL_SONGBEN_0139,clause,SHSRC0033,CR_ZHANGQINGZI_0128,commentary,SHSRC0052,commentary_support,張卿子《張卿子傷寒論》對本條有注（對齊相似度1.00）。,張卿子傷寒論:p1408,citation_to_node_unique,{},1.0,pending,
REL_03272,SHL_SONGBEN_0140,clause,SHSRC0033,CR_ZHANGQINGZI_0129,commentary,SHSRC0052,commentary_support,張卿子《張卿子傷寒論》對本條有注（對齊相似度0.95）。,張卿子傷寒論:p1411,citation_to_node_unique,{},0.946,pending,
REL_03273,SHL_SONGBEN_0141,clause,SHSRC0033,CR_ZHANGQINGZI_0130,commentary,SHSRC0052,commentary_support,張卿子《張卿子傷寒論》對本條有注（對齊相似度0.83）。,張卿子傷寒論:p1416,citation_to_node_unique,{},0.828,pending,
REL_03274,SHL_SONGBEN_0142,clause,SHSRC0033,CR_ZHANGQINGZI_0131,commentary,SHSRC0052,commentary_support,張卿子《張卿子傷寒論》對本條有注（對齊相似度0.90）。,張卿子傷寒論:p1428,citation_to_node_unique,{},0.895,pending,
REL_03275,SHL_SONGBEN_0143,clause,SHSRC0033,CR_ZHANGQINGZI_0132,commentary,SHSRC0052,commentary_support,張卿子《張卿子傷寒論》對本條有注（對齊相似度0.92）。,張卿子傷寒論:p1431,citation_to_node_unique,{},0.922,pending,
REL_03276,SHL_SONGBEN_0144,clause,SHSRC0033,CR_ZHANGQINGZI_0133,commentary,SHSRC0052,commentary_support,張卿子《張卿子傷寒論》對本條有注（對齊相似度1.00）。,張卿子傷寒論:p1435,citation_to_node_unique,{},1.0,pending,
REL_03277,SHL_SONGBEN_0145,clause,SHSRC0033,CR_ZHANGQINGZI_0134,commentary,SHSRC0052,commentary_support,張卿子《張卿子傷寒論》對本條有注（對齊相似度0.96）。,張卿子傷寒論:p1439,citation_to_node_unique,{},0.961,pending,
REL_03278,SHL_SONGBEN_0146,clause,SHSRC0033,CR_ZHANGQINGZI_0135,commentary,SHSRC0052,commentary_support,張卿子《張卿子傷寒論》對本條有注（對齊相似度0.95）。,張卿子傷寒論:p1443,citation_to_node_unique,{},0.952,pending,
REL_03279,SHL_SONGBEN_0148,clause,SHSRC0033,CR_ZHANGQINGZI_0136,commentary,SHSRC0052,commentary_support,張卿子《張卿子傷寒論》對本條有注（對齊相似度0.93）。,張卿子傷寒論:p1457,citation_to_node_unique,{},0.931,pending,
REL_03280,SHL_SONGBEN_0149,clause,SHSRC0033,CR_ZHANGQINGZI_0137,commentary,SHSRC0052,commentary_support,張卿子《張卿子傷寒論》對本條有注（對齊相似度0.98）。,張卿子傷寒論:p1460,citation_to_node_unique,{},0.975,pending,
REL_03281,SHL_SONGBEN_0150,clause,SHSRC0033,CR_ZHANGQINGZI_0138,commentary,SHSRC0052,commentary_support,張卿子《張卿子傷寒論》對本條有注（對齊相似度0.85）。,張卿子傷寒論:p1468,citation_to_node_unique,{},0.852,pending,
REL_03282,SHL_SONGBEN_0151,clause,SHSRC0033,CR_ZHANGQINGZI_0139,commentary,SHSRC0052,commentary_support,張卿子《張卿子傷寒論》對本條有注（對齊相似度0.91）。,張卿子傷寒論:p1470,citation_to_node_unique,{},0.909,pending,
REL_03283,SHL_SONGBEN_0153,clause,SHSRC0033,CR_ZHANGQINGZI_0140,commentary,SHSRC0052,commentary_support,張卿子《張卿子傷寒論》對本條有注（對齊相似度0.90）。,張卿子傷寒論:p1483,citation_to_node_unique,{},0.903,pending,
REL_03284,SHL_SONGBEN_0155,clause,SHSRC0033,CR_ZHANGQINGZI_0141,commentary,SHSRC0052,commentary_support,張卿子《張卿子傷寒論》對本條有注（對齊相似度1.00）。,張卿子傷寒論:p1491,citation_to_node_unique,{},1.0,pending,
REL_03285,SHL_SONGBEN_0158,clause,SHSRC0033,CR_ZHANGQINGZI_0142,commentary,SHSRC0052,commentary_support,張卿子《張卿子傷寒論》對本條有注（對齊相似度0.75）。,張卿子傷寒論:p1505,citation_to_node_unique,{},0.752,pending,
REL_03286,SHL_SONGBEN_0159,clause,SHSRC0033,CR_ZHANGQINGZI_0143,commentary,SHSRC0052,commentary_support,張卿子《張卿子傷寒論》對本條有注（對齊相似度0.90）。,張卿子傷寒論:p1513,citation_to_node_unique,{},0.899,pending,
REL_03287,SHL_SONGBEN_0160,clause,SHSRC0033,CR_ZHANGQINGZI_0144,commentary,SHSRC0052,commentary_support,張卿子《張卿子傷寒論》對本條有注（對齊相似度0.77）。,張卿子傷寒論:p1519,citation_to_node_unique,{},0.769,pending,
REL_03288,SHL_SONGBEN_0161,clause,SHSRC0033,CR_ZHANGQINGZI_0145,commentary,SHSRC0052,commentary_support,張卿子《張卿子傷寒論》對本條有注（對齊相似度0.86）。,張卿子傷寒論:p1522,citation_to_node_unique,{},0.863,pending,
REL_03289,SHL_SONGBEN_0162,clause,SHSRC0033,CR_ZHANGQINGZI_0146,commentary,SHSRC0052,commentary_support,張卿子《張卿子傷寒論》對本條有注（對齊相似度1.00）。,張卿子傷寒論:p1529,citation_to_node_unique,{},1.0,pending,
REL_03290,SHL_SONGBEN_0163,clause,SHSRC0033,CR_ZHANGQINGZI_0147,commentary,SHSRC0052,commentary_support,張卿子《張卿子傷寒論》對本條有注（對齊相似度0.89）。,張卿子傷寒論:p1531,citation_to_node_unique,{},0.886,pending,
REL_03291,SHL_SONGBEN_0165,clause,SHSRC0033,CR_ZHANGQINGZI_0148,commentary,SHSRC0052,commentary_support,張卿子《張卿子傷寒論》對本條有注（對齊相似度0.91）。,張卿子傷寒論:p1541,citation_to_node_unique,{},0.913,pending,
REL_03292,SHL_SONGBEN_0166,clause,SHSRC0033,CR_ZHANGQINGZI_0149,commentary,SHSRC0052,commentary_support,張卿子《張卿子傷寒論》對本條有注（對齊相似度0.82）。,張卿子傷寒論:p1543,citation_to_node_unique,{},0.825,pending,
REL_03293,SHL_SONGBEN_0167,clause,SHSRC0033,CR_ZHANGQINGZI_0150,commentary,SHSRC0052,commentary_support,張卿子《張卿子傷寒論》對本條有注（對齊相似度0.82）。,張卿子傷寒論:p1550,citation_to_node_unique,{},0.818,pending,
REL_03294,SHL_SONGBEN_0168,clause,SHSRC0033,CR_ZHANGQINGZI_0151,commentary,SHSRC0052,commentary_support,張卿子《張卿子傷寒論》對本條有注（對齊相似度0.84）。,張卿子傷寒論:p1553,citation_to_node_unique,{},0.835,pending,
REL_03295,SHL_SONGBEN_0169,clause,SHSRC0033,CR_ZHANGQINGZI_0152,commentary,SHSRC0052,commentary_support,張卿子《張卿子傷寒論》對本條有注（對齊相似度1.00）。,張卿子傷寒論:p1557,citation_to_node_unique,{},1.0,pending,
REL_03296,SHL_SONGBEN_0170,clause,SHSRC0033,CR_ZHANGQINGZI_0153,commentary,SHSRC0052,commentary_support,張卿子《張卿子傷寒論》對本條有注（對齊相似度0.95）。,張卿子傷寒論:p1561,citation_to_node_unique,{},0.954,pending,
REL_03297,SHL_SONGBEN_0171,clause,SHSRC0033,CR_ZHANGQINGZI_0154,commentary,SHSRC0052,commentary_support,張卿子《張卿子傷寒論》對本條有注（對齊相似度0.80）。,張卿子傷寒論:p1564,citation_to_node_unique,{},0.8,pending,
REL_03298,SHL_SONGBEN_0172,clause,SHSRC0033,CR_ZHANGQINGZI_0155,commentary,SHSRC0052,commentary_support,張卿子《張卿子傷寒論》對本條有注（對齊相似度1.00）。,張卿子傷寒論:p1566,citation_to_node_unique,{},1.0,pending,
REL_03299,SHL_SONGBEN_0173,clause,SHSRC0033,CR_ZHANGQINGZI_0156,commentary,SHSRC0052,commentary_support,張卿子《張卿子傷寒論》對本條有注（對齊相似度1.00）。,張卿子傷寒論:p1572,citation_to_node_unique,{},1.0,pending,
REL_03300,SHL_SONGBEN_0174,clause,SHSRC0033,CR_ZHANGQINGZI_0157,commentary,SHSRC0052,commentary_support,張卿子《張卿子傷寒論》對本條有注（對齊相似度0.75）。,張卿子傷寒論:p1580,citation_to_node_unique,{},0.753,pending,
REL_03301,SHL_SONGBEN_0176,clause,SHSRC0033,CR_ZHANGQINGZI_0158,commentary,SHSRC0052,commentary_support,張卿子《張卿子傷寒論》對本條有注（對齊相似度0.79）。,張卿子傷寒論:p1598,citation_to_node_unique,{},0.788,pending,
REL_03302,SHL_SONGBEN_0177,clause,SHSRC0033,CR_ZHANGQINGZI_0159,commentary,SHSRC0052,commentary_support,張卿子《張卿子傷寒論》對本條有注（對齊相似度1.00）。,張卿子傷寒論:p1606,citation_to_node_unique,{},1.0,pending,
REL_03303,SHL_SONGBEN_0178,clause,SHSRC0033,CR_ZHANGQINGZI_0160,commentary,SHSRC0052,commentary_support,張卿子《張卿子傷寒論》對本條有注（對齊相似度0.96）。,張卿子傷寒論:p1613,citation_to_node_unique,{},0.962,pending,
REL_03304,SHL_SONGBEN_0179,clause,SHSRC0033,CR_ZHANGQINGZI_0161,commentary,SHSRC0052,commentary_support,張卿子《張卿子傷寒論》對本條有注（對齊相似度0.69）。,張卿子傷寒論:p1616,citation_to_node_unique,{},0.687,pending,
REL_03305,SHL_SONGBEN_0180,clause,SHSRC0033,CR_ZHANGQINGZI_0162,commentary,SHSRC0052,commentary_support,張卿子《張卿子傷寒論》對本條有注（對齊相似度0.82）。,張卿子傷寒論:p1623,citation_to_node_unique,{},0.824,pending,
REL_03306,SHL_SONGBEN_0181,clause,SHSRC0033,CR_ZHANGQINGZI_0163,commentary,SHSRC0052,commentary_support,張卿子《張卿子傷寒論》對本條有注（對齊相似度0.92）。,張卿子傷寒論:p1625,citation_to_node_unique,{},0.923,pending,
REL_03307,SHL_SONGBEN_0182,clause,SHSRC0033,CR_ZHANGQINGZI_0164,commentary,SHSRC0052,commentary_support,張卿子《張卿子傷寒論》對本條有注（對齊相似度1.00）。,張卿子傷寒論:p1627,citation_to_node_unique,{},1.0,pending,
REL_03308,SHL_SONGBEN_0183,clause,SHSRC0033,CR_ZHANGQINGZI_0165,commentary,SHSRC0052,commentary_support,張卿子《張卿子傷寒論》對本條有注（對齊相似度1.00）。,張卿子傷寒論:p1629,citation_to_node_unique,{},1.0,pending,
REL_03309,SHL_SONGBEN_0184,clause,SHSRC0033,CR_ZHANGQINGZI_0166,commentary,SHSRC0052,commentary_support,張卿子《張卿子傷寒論》對本條有注（對齊相似度0.96）。,張卿子傷寒論:p1631,citation_to_node_unique,{},0.958,pending,
REL_03310,SHL_SONGBEN_0185,clause,SHSRC0033,CR_ZHANGQINGZI_0167,commentary,SHSRC0052,commentary_support,張卿子《張卿子傷寒論》對本條有注（對齊相似度0.67）。,張卿子傷寒論:p1633,citation_to_node_first_of_multiple,{},0.667,pending,
REL_03311,SHL_SONGBEN_0185,clause,SHSRC0033,CR_ZHANGQINGZI_0167,commentary,SHSRC0052,commentary_support,張卿子《張卿子傷寒論》對本條有注（對齊相似度0.66）。,張卿子傷寒論:p1635,citation_to_node_first_of_multiple,{},0.656,pending,
REL_03312,SHL_SONGBEN_0186,clause,SHSRC0033,CR_ZHANGQINGZI_0169,commentary,SHSRC0052,commentary_support,張卿子《張卿子傷寒論》對本條有注（對齊相似度1.00）。,張卿子傷寒論:p1637,citation_to_node_unique,{},1.0,pending,
REL_03313,SHL_SONGBEN_0187,clause,SHSRC0033,CR_ZHANGQINGZI_0170,commentary,SHSRC0052,commentary_support,張卿子《張卿子傷寒論》對本條有注（對齊相似度0.72）。,張卿子傷寒論:p1639,citation_to_node_unique,{},0.722,pending,
REL_03314,SHL_SONGBEN_0188,clause,SHSRC0033,CR_ZHANGQINGZI_0171,commentary,SHSRC0052,commentary_support,張卿子《張卿子傷寒論》對本條有注（對齊相似度0.74）。,張卿子傷寒論:p1642,citation_to_node_unique,{},0.741,pending,
REL_03315,SHL_SONGBEN_0189,clause,SHSRC0033,CR_ZHANGQINGZI_0172,commentary,SHSRC0052,commentary_support,張卿子《張卿子傷寒論》對本條有注（對齊相似度1.00）。,張卿子傷寒論:p1644,citation_to_node_unique,{},1.0,pending,
REL_03316,SHL_SONGBEN_0190,clause,SHSRC0033,CR_ZHANGQINGZI_0173,commentary,SHSRC0052,commentary_support,張卿子《張卿子傷寒論》對本條有注（對齊相似度1.00）。,張卿子傷寒論:p1647,citation_to_node_unique,{},1.0,pending,
REL_03317,SHL_SONGBEN_0191,clause,SHSRC0033,CR_ZHANGQINGZI_0174,commentary,SHSRC0052,commentary_support,張卿子《張卿子傷寒論》對本條有注（對齊相似度0.89）。,張卿子傷寒論:p1650,citation_to_node_unique,{},0.886,pending,
REL_03318,SHL_SONGBEN_0192,clause,SHSRC0033,CR_ZHANGQINGZI_0175,commentary,SHSRC0052,commentary_support,張卿子《張卿子傷寒論》對本條有注（對齊相似度0.86）。,張卿子傷寒論:p1653,citation_to_node_unique,{},0.86,pending,
REL_03319,SHL_SONGBEN_0193,clause,SHSRC0033,CR_ZHANGQINGZI_0176,commentary,SHSRC0052,commentary_support,張卿子《張卿子傷寒論》對本條有注（對齊相似度0.90）。,張卿子傷寒論:p1658,citation_to_node_unique,{},0.9,pending,
REL_03320,SHL_SONGBEN_0194,clause,SHSRC0033,CR_ZHANGQINGZI_0177,commentary,SHSRC0052,commentary_support,張卿子《張卿子傷寒論》對本條有注（對齊相似度0.94）。,張卿子傷寒論:p1660,citation_to_node_unique,{},0.943,pending,
REL_03321,SHL_SONGBEN_0195,clause,SHSRC0033,CR_ZHANGQINGZI_0178,commentary,SHSRC0052,commentary_support,張卿子《張卿子傷寒論》對本條有注（對齊相似度0.95）。,張卿子傷寒論:p1662,citation_to_node_unique,{},0.946,pending,
REL_03322,SHL_SONGBEN_0196,clause,SHSRC0033,CR_ZHANGQINGZI_0179,commentary,SHSRC0052,commentary_support,張卿子《張卿子傷寒論》對本條有注（對齊相似度1.00）。,張卿子傷寒論:p1667,citation_to_node_unique,{},1.0,pending,
REL_03323,SHL_SONGBEN_0197,clause,SHSRC0033,CR_ZHANGQINGZI_0180,commentary,SHSRC0052,commentary_support,張卿子《張卿子傷寒論》對本條有注（對齊相似度0.77）。,張卿子傷寒論:p1669,citation_to_node_unique,{},0.774,pending,
REL_03324,SHL_SONGBEN_0198,clause,SHSRC0033,CR_ZHANGQINGZI_0181,commentary,SHSRC0052,commentary_support,張卿子《張卿子傷寒論》對本條有注（對齊相似度0.72）。,張卿子傷寒論:p1673,citation_to_node_unique,{},0.72,pending,
REL_03325,SHL_SONGBEN_0199,clause,SHSRC0033,CR_ZHANGQINGZI_0182,commentary,SHSRC0052,commentary_support,張卿子《張卿子傷寒論》對本條有注（對齊相似度0.91）。,張卿子傷寒論:p1676,citation_to_node_unique,{},0.909,pending,
REL_03326,SHL_SONGBEN_0200,clause,SHSRC0033,CR_ZHANGQINGZI_0183,commentary,SHSRC0052,commentary_support,張卿子《張卿子傷寒論》對本條有注（對齊相似度0.91）。,張卿子傷寒論:p1678,citation_to_node_unique,{},0.914,pending,
REL_03327,SHL_SONGBEN_0201,clause,SHSRC0033,CR_ZHANGQINGZI_0184,commentary,SHSRC0052,commentary_support,張卿子《張卿子傷寒論》對本條有注（對齊相似度1.00）。,張卿子傷寒論:p1681,citation_to_node_unique,{},1.0,pending,
REL_03328,SHL_SONGBEN_0202,clause,SHSRC0033,CR_ZHANGQINGZI_0185,commentary,SHSRC0052,commentary_support,張卿子《張卿子傷寒論》對本條有注（對齊相似度0.87）。,張卿子傷寒論:p1683,citation_to_node_unique,{},0.867,pending,
REL_03329,SHL_SONGBEN_0204,clause,SHSRC0033,CR_ZHANGQINGZI_0186,commentary,SHSRC0052,commentary_support,張卿子《張卿子傷寒論》對本條有注（對齊相似度1.00）。,張卿子傷寒論:p1689,citation_to_node_first_of_multiple,{},1.0,pending,
REL_03330,SHL_SONGBEN_0205,clause,SHSRC0033,CR_ZHANGQINGZI_0187,commentary,SHSRC0052,commentary_support,張卿子《張卿子傷寒論》對本條有注（對齊相似度0.90）。,張卿子傷寒論:p1691,citation_to_node_unique,{},0.905,pending,
REL_03331,SHL_SONGBEN_0206,clause,SHSRC0033,CR_ZHANGQINGZI_0188,commentary,SHSRC0052,commentary_support,張卿子《張卿子傷寒論》對本條有注（對齊相似度0.78）。,張卿子傷寒論:p1693,citation_to_node_unique,{},0.78,pending,
REL_03332,SHL_SONGBEN_0209,clause,SHSRC0033,CR_ZHANGQINGZI_0189,commentary,SHSRC0052,commentary_support,張卿子《張卿子傷寒論》對本條有注（對齊相似度0.89）。,張卿子傷寒論:p1713,citation_to_node_unique,{},0.888,pending,
REL_03333,SHL_SONGBEN_0210,clause,SHSRC0033,CR_ZHANGQINGZI_0190,commentary,SHSRC0052,commentary_support,張卿子《張卿子傷寒論》對本條有注（對齊相似度0.65）。,張卿子傷寒論:p1722,citation_to_node_unique,{},0.649,pending,
REL_03334,SHL_SONGBEN_0211,clause,SHSRC0033,CR_ZHANGQINGZI_0191,commentary,SHSRC0052,commentary_support,張卿子《張卿子傷寒論》對本條有注（對齊相似度1.00）。,張卿子傷寒論:p1724,citation_to_node_unique,{},1.0,pending,
REL_03335,SHL_SONGBEN_0212,clause,SHSRC0033,CR_ZHANGQINGZI_0192,commentary,SHSRC0052,commentary_support,張卿子《張卿子傷寒論》對本條有注（對齊相似度0.72）。,張卿子傷寒論:p1727,citation_to_node_unique,{},0.716,pending,
REL_03336,SHL_SONGBEN_0213,clause,SHSRC0033,CR_ZHANGQINGZI_0193,commentary,SHSRC0052,commentary_support,張卿子《張卿子傷寒論》對本條有注（對齊相似度0.76）。,張卿子傷寒論:p1731,citation_to_node_unique,{},0.758,pending,
REL_03337,SHL_SONGBEN_0214,clause,SHSRC0033,CR_ZHANGQINGZI_0194,commentary,SHSRC0052,commentary_support,張卿子《張卿子傷寒論》對本條有注（對齊相似度0.82）。,張卿子傷寒論:p1734,citation_to_node_unique,{},0.825,pending,
REL_03338,SHL_SONGBEN_0215,clause,SHSRC0033,CR_ZHANGQINGZI_0195,commentary,SHSRC0052,commentary_support,張卿子《張卿子傷寒論》對本條有注（對齊相似度0.82）。,張卿子傷寒論:p1737,citation_to_node_unique,{},0.82,pending,
REL_03339,SHL_SONGBEN_0216,clause,SHSRC0033,CR_ZHANGQINGZI_0196,commentary,SHSRC0052,commentary_support,張卿子《張卿子傷寒論》對本條有注（對齊相似度0.95）。,張卿子傷寒論:p1740,citation_to_node_unique,{},0.952,pending,
REL_03340,SHL_SONGBEN_0217,clause,SHSRC0033,CR_ZHANGQINGZI_0197,commentary,SHSRC0052,commentary_support,張卿子《張卿子傷寒論》對本條有注（對齊相似度0.89）。,張卿子傷寒論:p1743,citation_to_node_unique,{},0.889,pending,
REL_03341,SHL_SONGBEN_0218,clause,SHSRC0033,CR_ZHANGQINGZI_0198,commentary,SHSRC0052,commentary_support,張卿子《張卿子傷寒論》對本條有注（對齊相似度0.88）。,張卿子傷寒論:p1748,citation_to_node_unique,{},0.882,pending,
REL_03342,SHL_SONGBEN_0219,clause,SHSRC0033,CR_ZHANGQINGZI_0199,commentary,SHSRC0052,commentary_support,張卿子《張卿子傷寒論》對本條有注（對齊相似度0.92）。,張卿子傷寒論:p1750,citation_to_node_unique,{},0.923,pending,
REL_03343,SHL_SONGBEN_0220,clause,SHSRC0033,CR_ZHANGQINGZI_0200,commentary,SHSRC0052,commentary_support,張卿子《張卿子傷寒論》對本條有注（對齊相似度0.88）。,張卿子傷寒論:p1753,citation_to_node_unique,{},0.875,pending,
REL_03344,SHL_SONGBEN_0222,clause,SHSRC0033,CR_ZHANGQINGZI_0201,commentary,SHSRC0052,commentary_support,張卿子《張卿子傷寒論》對本條有注（對齊相似度1.00）。,張卿子傷寒論:p1760,citation_to_node_unique,{},1.0,pending,
REL_03345,SHL_SONGBEN_0223,clause,SHSRC0033,CR_ZHANGQINGZI_0202,commentary,SHSRC0052,commentary_support,張卿子《張卿子傷寒論》對本條有注（對齊相似度1.00）。,張卿子傷寒論:p1762,citation_to_node_unique,{},1.0,pending,
REL_03346,SHL_SONGBEN_0224,clause,SHSRC0033,CR_ZHANGQINGZI_0203,commentary,SHSRC0052,commentary_support,張卿子《張卿子傷寒論》對本條有注（對齊相似度1.00）。,張卿子傷寒論:p1770,citation_to_node_unique,{},1.0,pending,
REL_03347,SHL_SONGBEN_0225,clause,SHSRC0033,CR_ZHANGQINGZI_0204,commentary,SHSRC0052,commentary_support,張卿子《張卿子傷寒論》對本條有注（對齊相似度0.88）。,張卿子傷寒論:p1773,citation_to_node_unique,{},0.882,pending,
REL_03348,SHL_SONGBEN_0226,clause,SHSRC0033,CR_ZHANGQINGZI_0205,commentary,SHSRC0052,commentary_support,張卿子《張卿子傷寒論》對本條有注（對齊相似度1.00）。,張卿子傷寒論:p1775,citation_to_node_unique,{},1.0,pending,
REL_03349,SHL_SONGBEN_0227,clause,SHSRC0033,CR_ZHANGQINGZI_0206,commentary,SHSRC0052,commentary_support,張卿子《張卿子傷寒論》對本條有注（對齊相似度1.00）。,張卿子傷寒論:p1777,citation_to_node_unique,{},1.0,pending,
REL_03350,SHL_SONGBEN_0228,clause,SHSRC0033,CR_ZHANGQINGZI_0207,commentary,SHSRC0052,commentary_support,張卿子《張卿子傷寒論》對本條有注（對齊相似度0.85）。,張卿子傷寒論:p1780,citation_to_node_unique,{},0.847,pending,
REL_03351,SHL_SONGBEN_0229,clause,SHSRC0033,CR_ZHANGQINGZI_0208,commentary,SHSRC0052,commentary_support,張卿子《張卿子傷寒論》對本條有注（對齊相似度0.81）。,張卿子傷寒論:p1783,citation_to_node_unique,{},0.809,pending,
REL_03352,SHL_SONGBEN_0230,clause,SHSRC0033,CR_ZHANGQINGZI_0209,commentary,SHSRC0052,commentary_support,張卿子《張卿子傷寒論》對本條有注（對齊相似度0.68）。,張卿子傷寒論:p1786,citation_to_node_unique,{},0.676,pending,
REL_03353,SHL_SONGBEN_0232,clause,SHSRC0033,CR_ZHANGQINGZI_0210,commentary,SHSRC0052,commentary_support,張卿子《張卿子傷寒論》對本條有注（對齊相似度0.64）。,張卿子傷寒論:p1791,citation_to_node_unique,{},0.64,pending,
REL_03354,SHL_SONGBEN_0233,clause,SHSRC0033,CR_ZHANGQINGZI_0211,commentary,SHSRC0052,commentary_support,張卿子《張卿子傷寒論》對本條有注（對齊相似度0.93）。,張卿子傷寒論:p1794,citation_to_node_unique,{},0.932,pending,
REL_03355,SHL_SONGBEN_0236,clause,SHSRC0033,CR_ZHANGQINGZI_0212,commentary,SHSRC0052,commentary_support,張卿子《張卿子傷寒論》對本條有注（對齊相似度0.91）。,張卿子傷寒論:p1802,citation_to_node_unique,{},0.905,pending,
REL_03356,SHL_SONGBEN_0237,clause,SHSRC0033,CR_ZHANGQINGZI_0213,commentary,SHSRC0052,commentary_support,張卿子《張卿子傷寒論》對本條有注（對齊相似度0.86）。,張卿子傷寒論:p1809,citation_to_node_unique,{},0.864,pending,
REL_03357,SHL_SONGBEN_0239,clause,SHSRC0033,CR_ZHANGQINGZI_0214,commentary,SHSRC0052,commentary_support,張卿子《張卿子傷寒論》對本條有注（對齊相似度0.92）。,張卿子傷寒論:p1815,citation_to_node_unique,{},0.92,pending,
REL_03358,SHL_SONGBEN_0240,clause,SHSRC0033,CR_ZHANGQINGZI_0215,commentary,SHSRC0052,commentary_support,張卿子《張卿子傷寒論》對本條有注（對齊相似度0.95）。,張卿子傷寒論:p1818,citation_to_node_unique,{},0.955,pending,
REL_03359,SHL_SONGBEN_0241,clause,SHSRC0033,CR_ZHANGQINGZI_0216,commentary,SHSRC0052,commentary_support,張卿子《張卿子傷寒論》對本條有注（對齊相似度1.00）。,張卿子傷寒論:p1820,citation_to_node_unique,{},1.0,pending,
REL_03360,SHL_SONGBEN_0242,clause,SHSRC0033,CR_ZHANGQINGZI_0217,commentary,SHSRC0052,commentary_support,張卿子《張卿子傷寒論》對本條有注（對齊相似度0.93）。,張卿子傷寒論:p1824,citation_to_node_unique,{},0.933,pending,
REL_03361,SHL_SONGBEN_0243,clause,SHSRC0033,CR_ZHANGQINGZI_0218,commentary,SHSRC0052,commentary_support,張卿子《張卿子傷寒論》對本條有注（對齊相似度0.95）。,張卿子傷寒論:p1827,citation_to_node_unique,{},0.955,pending,
REL_03362,SHL_SONGBEN_0244,clause,SHSRC0033,CR_ZHANGQINGZI_0219,commentary,SHSRC0052,commentary_support,張卿子《張卿子傷寒論》對本條有注（對齊相似度0.95）。,張卿子傷寒論:p1833,citation_to_node_unique,{},0.951,pending,
REL_03363,SHL_SONGBEN_0245,clause,SHSRC0033,CR_ZHANGQINGZI_0220,commentary,SHSRC0052,commentary_support,張卿子《張卿子傷寒論》對本條有注（對齊相似度0.68）。,張卿子傷寒論:p1840,citation_to_node_unique,{},0.677,pending,
REL_03364,SHL_SONGBEN_0246,clause,SHSRC0033,CR_ZHANGQINGZI_0221,commentary,SHSRC0052,commentary_support,張卿子《張卿子傷寒論》對本條有注（對齊相似度1.00）。,張卿子傷寒論:p1842,citation_to_node_unique,{},1.0,pending,
REL_03365,SHL_SONGBEN_0247,clause,SHSRC0033,CR_ZHANGQINGZI_0222,commentary,SHSRC0052,commentary_support,張卿子《張卿子傷寒論》對本條有注（對齊相似度0.71）。,張卿子傷寒論:p1844,citation_to_node_unique,{},0.708,pending,
REL_03366,SHL_SONGBEN_0248,clause,SHSRC0033,CR_ZHANGQINGZI_0223,commentary,SHSRC0052,commentary_support,張卿子《張卿子傷寒論》對本條有注（對齊相似度0.83）。,張卿子傷寒論:p1850,citation_to_node_unique,{},0.826,pending,
REL_03367,SHL_SONGBEN_0249,clause,SHSRC0033,CR_ZHANGQINGZI_0224,commentary,SHSRC0052,commentary_support,張卿子《張卿子傷寒論》對本條有注（對齊相似度1.00）。,張卿子傷寒論:p1853,citation_to_node_unique,{},1.0,pending,
REL_03368,SHL_SONGBEN_0250,clause,SHSRC0033,CR_ZHANGQINGZI_0225,commentary,SHSRC0052,commentary_support,張卿子《張卿子傷寒論》對本條有注（對齊相似度0.87）。,張卿子傷寒論:p1856,citation_to_node_unique,{},0.873,pending,
REL_03369,SHL_SONGBEN_0251,clause,SHSRC0033,CR_ZHANGQINGZI_0226,commentary,SHSRC0052,commentary_support,張卿子《張卿子傷寒論》對本條有注（對齊相似度0.77）。,張卿子傷寒論:p1858,citation_to_node_unique,{},0.772,pending,
REL_03370,SHL_SONGBEN_0252,clause,SHSRC0033,CR_ZHANGQINGZI_0227,commentary,SHSRC0052,commentary_support,張卿子《張卿子傷寒論》對本條有注（對齊相似度0.94）。,張卿子傷寒論:p1861,citation_to_node_unique,{},0.943,pending,
REL_03371,SHL_SONGBEN_0253,clause,SHSRC0033,CR_ZHANGQINGZI_0228,commentary,SHSRC0052,commentary_support,張卿子《張卿子傷寒論》對本條有注（對齊相似度0.90）。,張卿子傷寒論:p1864,citation_to_node_unique,{},0.897,pending,
REL_03372,SHL_SONGBEN_0254,clause,SHSRC0033,CR_ZHANGQINGZI_0229,commentary,SHSRC0052,commentary_support,張卿子《張卿子傷寒論》對本條有注（對齊相似度1.00）。,張卿子傷寒論:p1866,citation_to_node_unique,{},1.0,pending,
REL_03373,SHL_SONGBEN_0255,clause,SHSRC0033,CR_ZHANGQINGZI_0230,commentary,SHSRC0052,commentary_support,張卿子《張卿子傷寒論》對本條有注（對齊相似度1.00）。,張卿子傷寒論:p1868,citation_to_node_unique,{},1.0,pending,
REL_03374,SHL_SONGBEN_0256,clause,SHSRC0033,CR_ZHANGQINGZI_0231,commentary,SHSRC0052,commentary_support,張卿子《張卿子傷寒論》對本條有注（對齊相似度0.92）。,張卿子傷寒論:p1870,citation_to_node_unique,{},0.92,pending,
REL_03375,SHL_SONGBEN_0257,clause,SHSRC0033,CR_ZHANGQINGZI_0232,commentary,SHSRC0052,commentary_support,張卿子《張卿子傷寒論》對本條有注（對齊相似度0.92）。,張卿子傷寒論:p1873,citation_to_node_unique,{},0.917,pending,
REL_03376,SHL_SONGBEN_0258,clause,SHSRC0033,CR_ZHANGQINGZI_0233,commentary,SHSRC0052,commentary_support,張卿子《張卿子傷寒論》對本條有注（對齊相似度0.77）。,張卿子傷寒論:p1881,citation_to_node_unique,{},0.774,pending,
REL_03377,SHL_SONGBEN_0259,clause,SHSRC0033,CR_ZHANGQINGZI_0234,commentary,SHSRC0052,commentary_support,張卿子《張卿子傷寒論》對本條有注（對齊相似度0.94）。,張卿子傷寒論:p1883,citation_to_node_unique,{},0.938,pending,
REL_03378,SHL_SONGBEN_0260,clause,SHSRC0033,CR_ZHANGQINGZI_0235,commentary,SHSRC0052,commentary_support,張卿子《張卿子傷寒論》對本條有注（對齊相似度1.00）。,張卿子傷寒論:p1886,citation_to_node_unique,{},1.0,pending,
REL_03379,SHL_SONGBEN_0261,clause,SHSRC0033,CR_ZHANGQINGZI_0236,commentary,SHSRC0052,commentary_support,張卿子《張卿子傷寒論》對本條有注（對齊相似度0.88）。,張卿子傷寒論:p1890,citation_to_node_unique,{},0.88,pending,
REL_03380,SHL_SONGBEN_0262,clause,SHSRC0033,CR_ZHANGQINGZI_0237,commentary,SHSRC0052,commentary_support,張卿子《張卿子傷寒論》對本條有注（對齊相似度0.70）。,張卿子傷寒論:p1894,citation_to_node_unique,{},0.703,pending,
REL_03381,SHL_SONGBEN_0263,clause,SHSRC0033,CR_ZHANGQINGZI_0238,commentary,SHSRC0052,commentary_support,張卿子《張卿子傷寒論》對本條有注（對齊相似度0.86）。,張卿子傷寒論:p1901,citation_to_node_unique,{},0.857,pending,
REL_03382,SHL_SONGBEN_0264,clause,SHSRC0033,CR_ZHANGQINGZI_0239,commentary,SHSRC0052,commentary_support,張卿子《張卿子傷寒論》對本條有注（對齊相似度1.00）。,張卿子傷寒論:p1903,citation_to_node_unique,{},1.0,pending,
REL_03383,SHL_SONGBEN_0265,clause,SHSRC0033,CR_ZHANGQINGZI_0240,commentary,SHSRC0052,commentary_support,張卿子《張卿子傷寒論》對本條有注（對齊相似度0.97）。,張卿子傷寒論:p1908,citation_to_node_unique,{},0.971,pending,
REL_03384,SHL_SONGBEN_0266,clause,SHSRC0033,CR_ZHANGQINGZI_0241,commentary,SHSRC0052,commentary_support,張卿子《張卿子傷寒論》對本條有注（對齊相似度0.89）。,張卿子傷寒論:p1914,citation_to_node_unique,{},0.889,pending,
REL_03385,SHL_SONGBEN_0267,clause,SHSRC0033,CR_ZHANGQINGZI_0242,commentary,SHSRC0052,commentary_support,張卿子《張卿子傷寒論》對本條有注（對齊相似度1.00）。,張卿子傷寒論:p1917,citation_to_node_unique,{},1.0,pending,
REL_03386,SHL_SONGBEN_0268,clause,SHSRC0033,CR_ZHANGQINGZI_0243,commentary,SHSRC0052,commentary_support,張卿子《張卿子傷寒論》對本條有注（對齊相似度1.00）。,張卿子傷寒論:p1920,citation_to_node_unique,{},1.0,pending,
REL_03387,SHL_SONGBEN_0269,clause,SHSRC0033,CR_ZHANGQINGZI_0244,commentary,SHSRC0052,commentary_support,張卿子《張卿子傷寒論》對本條有注（對齊相似度1.00）。,張卿子傷寒論:p1922,citation_to_node_unique,{},1.0,pending,
REL_03388,SHL_SONGBEN_0270,clause,SHSRC0033,CR_ZHANGQINGZI_0245,commentary,SHSRC0052,commentary_support,張卿子《張卿子傷寒論》對本條有注（對齊相似度1.00）。,張卿子傷寒論:p1926,citation_to_node_unique,{},1.0,pending,
REL_03389,SHL_SONGBEN_0271,clause,SHSRC0033,CR_ZHANGQINGZI_0246,commentary,SHSRC0052,commentary_support,張卿子《張卿子傷寒論》對本條有注（對齊相似度1.00）。,張卿子傷寒論:p1928,citation_to_node_unique,{},1.0,pending,
REL_03390,SHL_SONGBEN_0272,clause,SHSRC0033,CR_ZHANGQINGZI_0247,commentary,SHSRC0052,commentary_support,張卿子《張卿子傷寒論》對本條有注（對齊相似度1.00）。,張卿子傷寒論:p1930,citation_to_node_unique,{},1.0,pending,
REL_03391,SHL_SONGBEN_0273,clause,SHSRC0033,CR_ZHANGQINGZI_0248,commentary,SHSRC0052,commentary_support,張卿子《張卿子傷寒論》對本條有注（對齊相似度0.96）。,張卿子傷寒論:p1932,citation_to_node_unique,{},0.963,pending,
REL_03392,SHL_SONGBEN_0274,clause,SHSRC0033,CR_ZHANGQINGZI_0249,commentary,SHSRC0052,commentary_support,張卿子《張卿子傷寒論》對本條有注（對齊相似度0.80）。,張卿子傷寒論:p1937,citation_to_node_unique,{},0.8,pending,
REL_03393,SHL_SONGBEN_0275,clause,SHSRC0033,CR_ZHANGQINGZI_0250,commentary,SHSRC0052,commentary_support,張卿子《張卿子傷寒論》對本條有注（對齊相似度1.00）。,張卿子傷寒論:p1939,citation_to_node_unique,{},1.0,pending,
REL_03394,SHL_SONGBEN_0276,clause,SHSRC0033,CR_ZHANGQINGZI_0251,commentary,SHSRC0052,commentary_support,張卿子《張卿子傷寒論》對本條有注（對齊相似度1.00）。,張卿子傷寒論:p1941,citation_to_node_unique,{},1.0,pending,
REL_03395,SHL_SONGBEN_0277,clause,SHSRC0033,CR_ZHANGQINGZI_0252,commentary,SHSRC0052,commentary_support,張卿子《張卿子傷寒論》對本條有注（對齊相似度1.00）。,張卿子傷寒論:p1944,citation_to_node_unique,{},1.0,pending,
REL_03396,SHL_SONGBEN_0279,clause,SHSRC0033,CR_ZHANGQINGZI_0253,commentary,SHSRC0052,commentary_support,張卿子《張卿子傷寒論》對本條有注（對齊相似度0.81）。,張卿子傷寒論:p1950,citation_to_node_unique,{},0.814,pending,
REL_03397,SHL_SONGBEN_0280,clause,SHSRC0033,CR_ZHANGQINGZI_0254,commentary,SHSRC0052,commentary_support,張卿子《張卿子傷寒論》對本條有注（對齊相似度1.00）。,張卿子傷寒論:p1961,citation_to_node_unique,{},1.0,pending,
REL_03398,SHL_SONGBEN_0281,clause,SHSRC0033,CR_ZHANGQINGZI_0255,commentary,SHSRC0052,commentary_support,張卿子《張卿子傷寒論》對本條有注（對齊相似度1.00）。,張卿子傷寒論:p1963,citation_to_node_unique,{},1.0,pending,
REL_03399,SHL_SONGBEN_0282,clause,SHSRC0033,CR_ZHANGQINGZI_0256,commentary,SHSRC0052,commentary_support,張卿子《張卿子傷寒論》對本條有注（對齊相似度1.00）。,張卿子傷寒論:p1966,citation_to_node_unique,{},1.0,pending,
REL_03400,SHL_SONGBEN_0283,clause,SHSRC0033,CR_ZHANGQINGZI_0257,commentary,SHSRC0052,commentary_support,張卿子《張卿子傷寒論》對本條有注（對齊相似度0.92）。,張卿子傷寒論:p1971,citation_to_node_unique,{},0.92,pending,
REL_03401,SHL_SONGBEN_0284,clause,SHSRC0033,CR_ZHANGQINGZI_0258,commentary,SHSRC0052,commentary_support,張卿子《張卿子傷寒論》對本條有注（對齊相似度0.92）。,張卿子傷寒論:p1973,citation_to_node_unique,{},0.92,pending,
REL_03402,SHL_SONGBEN_0285,clause,SHSRC0033,CR_ZHANGQINGZI_0259,commentary,SHSRC0052,commentary_support,張卿子《張卿子傷寒論》對本條有注（對齊相似度0.86）。,張卿子傷寒論:p1976,citation_to_node_unique,{},0.857,pending,
REL_03403,SHL_SONGBEN_0286,clause,SHSRC0033,CR_ZHANGQINGZI_0260,commentary,SHSRC0052,commentary_support,張卿子《張卿子傷寒論》對本條有注（對齊相似度0.92）。,張卿子傷寒論:p1979,citation_to_node_unique,{},0.917,pending,
REL_03404,SHL_SONGBEN_0287,clause,SHSRC0033,CR_ZHANGQINGZI_0261,commentary,SHSRC0052,commentary_support,張卿子《張卿子傷寒論》對本條有注（對齊相似度1.00）。,張卿子傷寒論:p1982,citation_to_node_unique,{},1.0,pending,
REL_03405,SHL_SONGBEN_0288,clause,SHSRC0033,CR_ZHANGQINGZI_0262,commentary,SHSRC0052,commentary_support,張卿子《張卿子傷寒論》對本條有注（對齊相似度0.89）。,張卿子傷寒論:p1984,citation_to_node_unique,{},0.895,pending,
REL_03406,SHL_SONGBEN_0289,clause,SHSRC0033,CR_ZHANGQINGZI_0263,commentary,SHSRC0052,commentary_support,張卿子《張卿子傷寒論》對本條有注（對齊相似度0.88）。,張卿子傷寒論:p1986,citation_to_node_unique,{},0.875,pending,
REL_03407,SHL_SONGBEN_0290,clause,SHSRC0033,CR_ZHANGQINGZI_0264,commentary,SHSRC0052,commentary_support,張卿子《張卿子傷寒論》對本條有注（對齊相似度1.00）。,張卿子傷寒論:p1988,citation_to_node_unique,{},1.0,pending,
REL_03408,SHL_SONGBEN_0291,clause,SHSRC0033,CR_ZHANGQINGZI_0265,commentary,SHSRC0052,commentary_support,張卿子《張卿子傷寒論》對本條有注（對齊相似度1.00）。,張卿子傷寒論:p1991,citation_to_node_unique,{},1.0,pending,
REL_03409,SHL_SONGBEN_0292,clause,SHSRC0033,CR_ZHANGQINGZI_0266,commentary,SHSRC0052,commentary_support,張卿子《張卿子傷寒論》對本條有注（對齊相似度1.00）。,張卿子傷寒論:p1993,citation_to_node_unique,{},1.0,pending,
REL_03410,SHL_SONGBEN_0293,clause,SHSRC0033,CR_ZHANGQINGZI_0267,commentary,SHSRC0052,commentary_support,張卿子《張卿子傷寒論》對本條有注（對齊相似度1.00）。,張卿子傷寒論:p1995,citation_to_node_unique,{},1.0,pending,
REL_03411,SHL_SONGBEN_0294,clause,SHSRC0033,CR_ZHANGQINGZI_0268,commentary,SHSRC0052,commentary_support,張卿子《張卿子傷寒論》對本條有注（對齊相似度0.84）。,張卿子傷寒論:p1997,citation_to_node_unique,{},0.844,pending,
REL_03412,SHL_SONGBEN_0295,clause,SHSRC0033,CR_ZHANGQINGZI_0269,commentary,SHSRC0052,commentary_support,張卿子《張卿子傷寒論》對本條有注（對齊相似度0.87）。,張卿子傷寒論:p2002,citation_to_node_unique,{},0.867,pending,
REL_03413,SHL_SONGBEN_0296,clause,SHSRC0033,CR_ZHANGQINGZI_0270,commentary,SHSRC0052,commentary_support,張卿子《張卿子傷寒論》對本條有注（對齊相似度1.00）。,張卿子傷寒論:p2004,citation_to_node_unique,{},1.0,pending,
REL_03414,SHL_SONGBEN_0297,clause,SHSRC0033,CR_ZHANGQINGZI_0271,commentary,SHSRC0052,commentary_support,張卿子《張卿子傷寒論》對本條有注（對齊相似度1.00）。,張卿子傷寒論:p2006,citation_to_node_unique,{},1.0,pending,
REL_03415,SHL_SONGBEN_0298,clause,SHSRC0033,CR_ZHANGQINGZI_0272,commentary,SHSRC0052,commentary_support,張卿子《張卿子傷寒論》對本條有注（對齊相似度0.89）。,張卿子傷寒論:p2008,citation_to_node_unique,{},0.889,pending,
REL_03416,SHL_SONGBEN_0299,clause,SHSRC0033,CR_ZHANGQINGZI_0273,commentary,SHSRC0052,commentary_support,張卿子《張卿子傷寒論》對本條有注（對齊相似度1.00）。,張卿子傷寒論:p2010,citation_to_node_unique,{},1.0,pending,
REL_03417,SHL_SONGBEN_0300,clause,SHSRC0033,CR_ZHANGQINGZI_0274,commentary,SHSRC0052,commentary_support,張卿子《張卿子傷寒論》對本條有注（對齊相似度0.89）。,張卿子傷寒論:p2012,citation_to_node_unique,{},0.893,pending,
REL_03418,SHL_SONGBEN_0301,clause,SHSRC0033,CR_ZHANGQINGZI_0275,commentary,SHSRC0052,commentary_support,張卿子《張卿子傷寒論》對本條有注（對齊相似度0.85）。,張卿子傷寒論:p2015,citation_to_node_unique,{},0.85,pending,
REL_03419,SHL_SONGBEN_0302,clause,SHSRC0033,CR_ZHANGQINGZI_0276,commentary,SHSRC0052,commentary_support,張卿子《張卿子傷寒論》對本條有注（對齊相似度0.94）。,張卿子傷寒論:p2021,citation_to_node_unique,{},0.939,pending,
REL_03420,SHL_SONGBEN_0303,clause,SHSRC0033,CR_ZHANGQINGZI_0277,commentary,SHSRC0052,commentary_support,張卿子《張卿子傷寒論》對本條有注（對齊相似度1.00）。,張卿子傷寒論:p2028,citation_to_node_unique,{},1.0,pending,
REL_03421,SHL_SONGBEN_0304,clause,SHSRC0033,CR_ZHANGQINGZI_0278,commentary,SHSRC0052,commentary_support,張卿子《張卿子傷寒論》對本條有注（對齊相似度1.00）。,張卿子傷寒論:p2034,citation_to_node_unique,{},1.0,pending,
REL_03422,SHL_SONGBEN_0305,clause,SHSRC0033,CR_ZHANGQINGZI_0279,commentary,SHSRC0052,commentary_support,張卿子《張卿子傷寒論》對本條有注（對齊相似度1.00）。,張卿子傷寒論:p2043,citation_to_node_unique,{},1.0,pending,
REL_03423,SHL_SONGBEN_0306,clause,SHSRC0033,CR_ZHANGQINGZI_0280,commentary,SHSRC0052,commentary_support,張卿子《張卿子傷寒論》對本條有注（對齊相似度1.00）。,張卿子傷寒論:p2046,citation_to_node_unique,{},1.0,pending,
REL_03424,SHL_SONGBEN_0307,clause,SHSRC0033,CR_ZHANGQINGZI_0281,commentary,SHSRC0052,commentary_support,張卿子《張卿子傷寒論》對本條有注（對齊相似度0.93）。,張卿子傷寒論:p2051,citation_to_node_unique,{},0.929,pending,
REL_03425,SHL_SONGBEN_0308,clause,SHSRC0033,CR_ZHANGQINGZI_0282,commentary,SHSRC0052,commentary_support,張卿子《張卿子傷寒論》對本條有注（對齊相似度1.00）。,張卿子傷寒論:p2056,citation_to_node_unique,{},1.0,pending,
REL_03426,SHL_SONGBEN_0309,clause,SHSRC0033,CR_ZHANGQINGZI_0283,commentary,SHSRC0052,commentary_support,張卿子《張卿子傷寒論》對本條有注（對齊相似度0.89）。,張卿子傷寒論:p2058,citation_to_node_unique,{},0.895,pending,
REL_03427,SHL_SONGBEN_0310,clause,SHSRC0033,CR_ZHANGQINGZI_0284,commentary,SHSRC0052,commentary_support,張卿子《張卿子傷寒論》對本條有注（對齊相似度0.90）。,張卿子傷寒論:p2060,citation_to_node_unique,{},0.903,pending,
REL_03428,SHL_SONGBEN_0311,clause,SHSRC0033,CR_ZHANGQINGZI_0285,commentary,SHSRC0052,commentary_support,張卿子《張卿子傷寒論》對本條有注（對齊相似度0.90）。,張卿子傷寒論:p2065,citation_to_node_unique,{},0.9,pending,
REL_03429,SHL_SONGBEN_0312,clause,SHSRC0033,CR_ZHANGQINGZI_0286,commentary,SHSRC0052,commentary_support,張卿子《張卿子傷寒論》對本條有注（對齊相似度1.00）。,張卿子傷寒論:p2072,citation_to_node_unique,{},1.0,pending,
REL_03430,SHL_SONGBEN_0313,clause,SHSRC0033,CR_ZHANGQINGZI_0287,commentary,SHSRC0052,commentary_support,張卿子《張卿子傷寒論》對本條有注（對齊相似度1.00）。,張卿子傷寒論:p2079,citation_to_node_unique,{},1.0,pending,
REL_03431,SHL_SONGBEN_0314,clause,SHSRC0033,CR_ZHANGQINGZI_0288,commentary,SHSRC0052,commentary_support,張卿子《張卿子傷寒論》對本條有注（對齊相似度1.00）。,張卿子傷寒論:p2084,citation_to_node_unique,{},1.0,pending,
REL_03432,SHL_SONGBEN_0315,clause,SHSRC0033,CR_ZHANGQINGZI_0289,commentary,SHSRC0052,commentary_support,張卿子《張卿子傷寒論》對本條有注（對齊相似度1.00）。,張卿子傷寒論:p2091,citation_to_node_unique,{},1.0,pending,
REL_03433,SHL_SONGBEN_0316,clause,SHSRC0033,CR_ZHANGQINGZI_0290,commentary,SHSRC0052,commentary_support,張卿子《張卿子傷寒論》對本條有注（對齊相似度0.96）。,張卿子傷寒論:p2101,citation_to_node_unique,{},0.958,pending,
REL_03434,SHL_SONGBEN_0318,clause,SHSRC0033,CR_ZHANGQINGZI_0291,commentary,SHSRC0052,commentary_support,張卿子《張卿子傷寒論》對本條有注（對齊相似度0.93）。,張卿子傷寒論:p2134,citation_to_node_unique,{},0.931,pending,
REL_03435,SHL_SONGBEN_0319,clause,SHSRC0033,CR_ZHANGQINGZI_0292,commentary,SHSRC0052,commentary_support,張卿子《張卿子傷寒論》對本條有注（對齊相似度0.91）。,張卿子傷寒論:p2152,citation_to_node_unique,{},0.909,pending,
REL_03436,SHL_SONGBEN_0320,clause,SHSRC0033,CR_ZHANGQINGZI_0293,commentary,SHSRC0052,commentary_support,張卿子《張卿子傷寒論》對本條有注（對齊相似度1.00）。,張卿子傷寒論:p2154,citation_to_node_unique,{},1.0,pending,
REL_03437,SHL_SONGBEN_0321,clause,SHSRC0033,CR_ZHANGQINGZI_0294,commentary,SHSRC0052,commentary_support,張卿子《張卿子傷寒論》對本條有注（對齊相似度0.84）。,張卿子傷寒論:p2156,citation_to_node_unique,{},0.84,pending,
REL_03438,SHL_SONGBEN_0322,clause,SHSRC0033,CR_ZHANGQINGZI_0295,commentary,SHSRC0052,commentary_support,張卿子《張卿子傷寒論》對本條有注（對齊相似度1.00）。,張卿子傷寒論:p2158,citation_to_node_unique,{},1.0,pending,
REL_03439,SHL_SONGBEN_0324,clause,SHSRC0033,CR_ZHANGQINGZI_0296,commentary,SHSRC0052,commentary_support,張卿子《張卿子傷寒論》對本條有注（對齊相似度0.97）。,張卿子傷寒論:p2165,citation_to_node_unique,{},0.974,pending,
REL_03440,SHL_SONGBEN_0325,clause,SHSRC0033,CR_ZHANGQINGZI_0297,commentary,SHSRC0052,commentary_support,張卿子《張卿子傷寒論》對本條有注（對齊相似度0.92）。,張卿子傷寒論:p2168,citation_to_node_unique,{},0.917,pending,
REL_03441,SHL_SONGBEN_0326,clause,SHSRC0033,CR_ZHANGQINGZI_0298,commentary,SHSRC0052,commentary_support,張卿子《張卿子傷寒論》對本條有注（對齊相似度0.93）。,張卿子傷寒論:p2170,citation_to_node_unique,{},0.929,pending,
REL_03442,SHL_SONGBEN_0327,clause,SHSRC0033,CR_ZHANGQINGZI_0299,commentary,SHSRC0052,commentary_support,張卿子《張卿子傷寒論》對本條有注（對齊相似度1.00）。,張卿子傷寒論:p2176,citation_to_node_unique,{},1.0,pending,
REL_03443,SHL_SONGBEN_0328,clause,SHSRC0033,CR_ZHANGQINGZI_0300,commentary,SHSRC0052,commentary_support,張卿子《張卿子傷寒論》對本條有注（對齊相似度1.00）。,張卿子傷寒論:p2178,citation_to_node_unique,{},1.0,pending,
REL_03444,SHL_SONGBEN_0329,clause,SHSRC0033,CR_ZHANGQINGZI_0301,commentary,SHSRC0052,commentary_support,張卿子《張卿子傷寒論》對本條有注（對齊相似度1.00）。,張卿子傷寒論:p2180,citation_to_node_unique,{},1.0,pending,
REL_03445,SHL_SONGBEN_0330,clause,SHSRC0033,CR_ZHANGQINGZI_0302,commentary,SHSRC0052,commentary_support,張卿子《張卿子傷寒論》對本條有注（對齊相似度1.00）。,張卿子傷寒論:p2182,citation_to_node_unique,{},1.0,pending,
REL_03446,SHL_SONGBEN_0331,clause,SHSRC0033,CR_ZHANGQINGZI_0303,commentary,SHSRC0052,commentary_support,張卿子《張卿子傷寒論》對本條有注（對齊相似度1.00）。,張卿子傷寒論:p2185,citation_to_node_unique,{},1.0,pending,
REL_03447,SHL_SONGBEN_0333,clause,SHSRC0033,CR_ZHANGQINGZI_0304,commentary,SHSRC0052,commentary_support,張卿子《張卿子傷寒論》對本條有注（對齊相似度1.00）。,張卿子傷寒論:p2197,citation_to_node_unique,{},1.0,pending,
REL_03448,SHL_SONGBEN_0335,clause,SHSRC0033,CR_ZHANGQINGZI_0305,commentary,SHSRC0052,commentary_support,張卿子《張卿子傷寒論》對本條有注（對齊相似度0.96）。,張卿子傷寒論:p2205,citation_to_node_unique,{},0.965,pending,
REL_03449,SHL_SONGBEN_0336,clause,SHSRC0033,CR_ZHANGQINGZI_0306,commentary,SHSRC0052,commentary_support,張卿子《張卿子傷寒論》對本條有注（對齊相似度0.95）。,張卿子傷寒論:p2210,citation_to_node_unique,{},0.947,pending,
REL_03450,SHL_SONGBEN_0337,clause,SHSRC0033,CR_ZHANGQINGZI_0307,commentary,SHSRC0052,commentary_support,張卿子《張卿子傷寒論》對本條有注（對齊相似度0.92）。,張卿子傷寒論:p2213,citation_to_node_unique,{},0.923,pending,
REL_03451,SHL_SONGBEN_0338,clause,SHSRC0033,CR_ZHANGQINGZI_0308,commentary,SHSRC0052,commentary_support,張卿子《張卿子傷寒論》對本條有注（對齊相似度0.78）。,張卿子傷寒論:p2215,citation_to_node_unique,{},0.78,pending,
REL_03452,SHL_SONGBEN_0339,clause,SHSRC0033,CR_ZHANGQINGZI_0309,commentary,SHSRC0052,commentary_support,張卿子《張卿子傷寒論》對本條有注（對齊相似度0.83）。,張卿子傷寒論:p2225,citation_to_node_unique,{},0.833,pending,
REL_03453,SHL_SONGBEN_0340,clause,SHSRC0033,CR_ZHANGQINGZI_0310,commentary,SHSRC0052,commentary_support,張卿子《張卿子傷寒論》對本條有注（對齊相似度1.00）。,張卿子傷寒論:p2228,citation_to_node_unique,{},1.0,pending,
REL_03454,SHL_SONGBEN_0341,clause,SHSRC0033,CR_ZHANGQINGZI_0311,commentary,SHSRC0052,commentary_support,張卿子《張卿子傷寒論》對本條有注（對齊相似度0.88）。,張卿子傷寒論:p2232,citation_to_node_unique,{},0.877,pending,
REL_03455,SHL_SONGBEN_0342,clause,SHSRC0033,CR_ZHANGQINGZI_0312,commentary,SHSRC0052,commentary_support,張卿子《張卿子傷寒論》對本條有注（對齊相似度1.00）。,張卿子傷寒論:p2236,citation_to_node_unique,{},1.0,pending,
REL_03456,SHL_SONGBEN_0343,clause,SHSRC0033,CR_ZHANGQINGZI_0313,commentary,SHSRC0052,commentary_support,張卿子《張卿子傷寒論》對本條有注（對齊相似度1.00）。,張卿子傷寒論:p2238,citation_to_node_unique,{},1.0,pending,
REL_03457,SHL_SONGBEN_0345,clause,SHSRC0033,CR_ZHANGQINGZI_0314,commentary,SHSRC0052,commentary_support,張卿子《張卿子傷寒論》對本條有注（對齊相似度1.00）。,張卿子傷寒論:p2242,citation_to_node_unique,{},1.0,pending,
REL_03458,SHL_SONGBEN_0346,clause,SHSRC0033,CR_ZHANGQINGZI_0315,commentary,SHSRC0052,commentary_support,張卿子《張卿子傷寒論》對本條有注（對齊相似度1.00）。,張卿子傷寒論:p2245,citation_to_node_unique,{},1.0,pending,
REL_03459,SHL_SONGBEN_0347,clause,SHSRC0033,CR_ZHANGQINGZI_0316,commentary,SHSRC0052,commentary_support,張卿子《張卿子傷寒論》對本條有注（對齊相似度0.85）。,張卿子傷寒論:p2248,citation_to_node_unique,{},0.851,pending,
REL_03460,SHL_SONGBEN_0348,clause,SHSRC0033,CR_ZHANGQINGZI_0317,commentary,SHSRC0052,commentary_support,張卿子《張卿子傷寒論》對本條有注（對齊相似度1.00）。,張卿子傷寒論:p2251,citation_to_node_unique,{},1.0,pending,
REL_03461,SHL_SONGBEN_0349,clause,SHSRC0033,CR_ZHANGQINGZI_0318,commentary,SHSRC0052,commentary_support,張卿子《張卿子傷寒論》對本條有注（對齊相似度0.86）。,張卿子傷寒論:p2253,citation_to_node_unique,{},0.857,pending,
REL_03462,SHL_SONGBEN_0350,clause,SHSRC0033,CR_ZHANGQINGZI_0319,commentary,SHSRC0052,commentary_support,張卿子《張卿子傷寒論》對本條有注（對齊相似度0.76）。,張卿子傷寒論:p2256,citation_to_node_unique,{},0.759,pending,
REL_03463,SHL_SONGBEN_0351,clause,SHSRC0033,CR_ZHANGQINGZI_0320,commentary,SHSRC0052,commentary_support,張卿子《張卿子傷寒論》對本條有注（對齊相似度1.00）。,張卿子傷寒論:p2258,citation_to_node_unique,{},1.0,pending,
REL_03464,SHL_SONGBEN_0352,clause,SHSRC0033,CR_ZHANGQINGZI_0321,commentary,SHSRC0052,commentary_support,張卿子《張卿子傷寒論》對本條有注（對齊相似度0.95）。,張卿子傷寒論:p2265,citation_to_node_unique,{},0.95,pending,
REL_03465,SHL_SONGBEN_0353,clause,SHSRC0033,CR_ZHANGQINGZI_0322,commentary,SHSRC0052,commentary_support,張卿子《張卿子傷寒論》對本條有注（對齊相似度1.00）。,張卿子傷寒論:p2270,citation_to_node_unique,{},1.0,pending,
REL_03466,SHL_SONGBEN_0354,clause,SHSRC0033,CR_ZHANGQINGZI_0323,commentary,SHSRC0052,commentary_support,張卿子《張卿子傷寒論》對本條有注（對齊相似度1.00）。,張卿子傷寒論:p2272,citation_to_node_unique,{},1.0,pending,
REL_03467,SHL_SONGBEN_0355,clause,SHSRC0033,CR_ZHANGQINGZI_0324,commentary,SHSRC0052,commentary_support,張卿子《張卿子傷寒論》對本條有注（對齊相似度0.88）。,張卿子傷寒論:p2274,citation_to_node_unique,{},0.882,pending,
REL_03468,SHL_SONGBEN_0356,clause,SHSRC0033,CR_ZHANGQINGZI_0325,commentary,SHSRC0052,commentary_support,張卿子《張卿子傷寒論》對本條有注（對齊相似度0.95）。,張卿子傷寒論:p2277,citation_to_node_unique,{},0.952,pending,
REL_03469,SHL_SONGBEN_0357,clause,SHSRC0033,CR_ZHANGQINGZI_0326,commentary,SHSRC0052,commentary_support,張卿子《張卿子傷寒論》對本條有注（對齊相似度0.70）。,張卿子傷寒論:p2279,citation_to_node_unique,{},0.704,pending,
REL_03470,SHL_SONGBEN_0358,clause,SHSRC0033,CR_ZHANGQINGZI_0327,commentary,SHSRC0052,commentary_support,張卿子《張卿子傷寒論》對本條有注（對齊相似度0.90）。,張卿子傷寒論:p2288,citation_to_node_unique,{},0.9,pending,
REL_03471,SHL_SONGBEN_0359,clause,SHSRC0033,CR_ZHANGQINGZI_0328,commentary,SHSRC0052,commentary_support,張卿子《張卿子傷寒論》對本條有注（對齊相似度0.91）。,張卿子傷寒論:p2290,citation_to_node_unique,{},0.906,pending,
REL_03472,SHL_SONGBEN_0360,clause,SHSRC0033,CR_ZHANGQINGZI_0329,commentary,SHSRC0052,commentary_support,張卿子《張卿子傷寒論》對本條有注（對齊相似度0.83）。,張卿子傷寒論:p2297,citation_to_node_unique,{},0.833,pending,
REL_03473,SHL_SONGBEN_0361,clause,SHSRC0033,CR_ZHANGQINGZI_0330,commentary,SHSRC0052,commentary_support,張卿子《張卿子傷寒論》對本條有注（對齊相似度0.88）。,張卿子傷寒論:p2300,citation_to_node_unique,{},0.882,pending,
REL_03474,SHL_SONGBEN_0362,clause,SHSRC0033,CR_ZHANGQINGZI_0331,commentary,SHSRC0052,commentary_support,張卿子《張卿子傷寒論》對本條有注（對齊相似度0.82）。,張卿子傷寒論:p2303,citation_to_node_unique,{},0.824,pending,
REL_03475,SHL_SONGBEN_0363,clause,SHSRC0033,CR_ZHANGQINGZI_0332,commentary,SHSRC0052,commentary_support,張卿子《張卿子傷寒論》對本條有注（對齊相似度0.87）。,張卿子傷寒論:p2307,citation_to_node_unique,{},0.867,pending,
REL_03476,SHL_SONGBEN_0364,clause,SHSRC0033,CR_ZHANGQINGZI_0333,commentary,SHSRC0052,commentary_support,張卿子《張卿子傷寒論》對本條有注（對齊相似度1.00）。,張卿子傷寒論:p2310,citation_to_node_unique,{},1.0,pending,
REL_03477,SHL_SONGBEN_0365,clause,SHSRC0033,CR_ZHANGQINGZI_0334,commentary,SHSRC0052,commentary_support,張卿子《張卿子傷寒論》對本條有注（對齊相似度1.00）。,張卿子傷寒論:p2312,citation_to_node_unique,{},1.0,pending,
REL_03478,SHL_SONGBEN_0366,clause,SHSRC0033,CR_ZHANGQINGZI_0335,commentary,SHSRC0052,commentary_support,張卿子《張卿子傷寒論》對本條有注（對齊相似度0.95）。,張卿子傷寒論:p2314,citation_to_node_unique,{},0.952,pending,
REL_03479,SHL_SONGBEN_0368,clause,SHSRC0033,CR_ZHANGQINGZI_0336,commentary,SHSRC0052,commentary_support,張卿子《張卿子傷寒論》對本條有注（對齊相似度0.93）。,張卿子傷寒論:p2318,citation_to_node_unique,{},0.927,pending,
REL_03480,SHL_SONGBEN_0369,clause,SHSRC0033,CR_ZHANGQINGZI_0337,commentary,SHSRC0052,commentary_support,張卿子《張卿子傷寒論》對本條有注（對齊相似度0.83）。,張卿子傷寒論:p2321,citation_to_node_unique,{},0.833,pending,
REL_03481,SHL_SONGBEN_0370,clause,SHSRC0033,CR_ZHANGQINGZI_0338,commentary,SHSRC0052,commentary_support,張卿子《張卿子傷寒論》對本條有注（對齊相似度0.89）。,張卿子傷寒論:p2323,citation_to_node_unique,{},0.895,pending,
REL_03482,SHL_SONGBEN_0371,clause,SHSRC0033,CR_ZHANGQINGZI_0339,commentary,SHSRC0052,commentary_support,張卿子《張卿子傷寒論》對本條有注（對齊相似度1.00）。,張卿子傷寒論:p2325,citation_to_node_unique,{},1.0,pending,
REL_03483,SHL_SONGBEN_0372,clause,SHSRC0033,CR_ZHANGQINGZI_0340,commentary,SHSRC0052,commentary_support,張卿子《張卿子傷寒論》對本條有注（對齊相似度0.71）。,張卿子傷寒論:p2330,citation_to_node_unique,{},0.714,pending,
REL_03484,SHL_SONGBEN_0373,clause,SHSRC0033,CR_ZHANGQINGZI_0341,commentary,SHSRC0052,commentary_support,張卿子《張卿子傷寒論》對本條有注（對齊相似度1.00）。,張卿子傷寒論:p2332,citation_to_node_unique,{},1.0,pending,
REL_03485,SHL_SONGBEN_0374,clause,SHSRC0033,CR_ZHANGQINGZI_0342,commentary,SHSRC0052,commentary_support,張卿子《張卿子傷寒論》對本條有注（對齊相似度1.00）。,張卿子傷寒論:p2336,citation_to_node_unique,{},1.0,pending,
REL_03486,SHL_SONGBEN_0375,clause,SHSRC0033,CR_ZHANGQINGZI_0343,commentary,SHSRC0052,commentary_support,張卿子《張卿子傷寒論》對本條有注（對齊相似度1.00）。,張卿子傷寒論:p2338,citation_to_node_unique,{},1.0,pending,
REL_03487,SHL_SONGBEN_0376,clause,SHSRC0033,CR_ZHANGQINGZI_0344,commentary,SHSRC0052,commentary_support,張卿子《張卿子傷寒論》對本條有注（對齊相似度1.00）。,張卿子傷寒論:p2340,citation_to_node_unique,{},1.0,pending,
REL_03488,SHL_SONGBEN_0377,clause,SHSRC0033,CR_ZHANGQINGZI_0345,commentary,SHSRC0052,commentary_support,張卿子《張卿子傷寒論》對本條有注（對齊相似度1.00）。,張卿子傷寒論:p2342,citation_to_node_unique,{},1.0,pending,
REL_03489,SHL_SONGBEN_0378,clause,SHSRC0033,CR_ZHANGQINGZI_0346,commentary,SHSRC0052,commentary_support,張卿子《張卿子傷寒論》對本條有注（對齊相似度1.00）。,張卿子傷寒論:p2344,citation_to_node_unique,{},1.0,pending,
REL_03490,SHL_SONGBEN_0379,clause,SHSRC0033,CR_ZHANGQINGZI_0347,commentary,SHSRC0052,commentary_support,張卿子《張卿子傷寒論》對本條有注（對齊相似度1.00）。,張卿子傷寒論:p2346,citation_to_node_unique,{},1.0,pending,
REL_03491,SHL_SONGBEN_0380,clause,SHSRC0033,CR_ZHANGQINGZI_0348,commentary,SHSRC0052,commentary_support,張卿子《張卿子傷寒論》對本條有注（對齊相似度0.72）。,張卿子傷寒論:p2348,citation_to_node_unique,{},0.716,pending,
REL_03492,SHL_SONGBEN_0381,clause,SHSRC0033,CR_ZHANGQINGZI_0349,commentary,SHSRC0052,commentary_support,張卿子《張卿子傷寒論》對本條有注（對齊相似度0.89）。,張卿子傷寒論:p2353,citation_to_node_unique,{},0.889,pending,
REL_03493,SHL_SONGBEN_0382,clause,SHSRC0033,CR_ZHANGQINGZI_0350,commentary,SHSRC0052,commentary_support,張卿子《張卿子傷寒論》對本條有注（對齊相似度0.81）。,張卿子傷寒論:p2356,citation_to_node_unique,{},0.812,pending,
REL_03494,SHL_SONGBEN_0383,clause,SHSRC0033,CR_ZHANGQINGZI_0351,commentary,SHSRC0052,commentary_support,張卿子《張卿子傷寒論》對本條有注（對齊相似度0.93）。,張卿子傷寒論:p2360,citation_to_node_unique,{},0.925,pending,
REL_03495,SHL_SONGBEN_0384,clause,SHSRC0033,CR_ZHANGQINGZI_0352,commentary,SHSRC0052,commentary_support,張卿子《張卿子傷寒論》對本條有注（對齊相似度0.72）。,張卿子傷寒論:p2362,citation_to_node_unique,{},0.719,pending,
REL_03496,SHL_SONGBEN_0385,clause,SHSRC0033,CR_ZHANGQINGZI_0353,commentary,SHSRC0052,commentary_support,張卿子《張卿子傷寒論》對本條有注（對齊相似度1.00）。,張卿子傷寒論:p2368,citation_to_node_unique,{},1.0,pending,
REL_03497,SHL_SONGBEN_0386,clause,SHSRC0033,CR_ZHANGQINGZI_0354,commentary,SHSRC0052,commentary_support,張卿子《張卿子傷寒論》對本條有注（對齊相似度1.00）。,張卿子傷寒論:p2370,citation_to_node_unique,{},1.0,pending,
REL_03498,SHL_SONGBEN_0387,clause,SHSRC0033,CR_ZHANGQINGZI_0355,commentary,SHSRC0052,commentary_support,張卿子《張卿子傷寒論》對本條有注（對齊相似度1.00）。,張卿子傷寒論:p2392,citation_to_node_unique,{},1.0,pending,
REL_03499,SHL_SONGBEN_0388,clause,SHSRC0033,CR_ZHANGQINGZI_0356,commentary,SHSRC0052,commentary_support,張卿子《張卿子傷寒論》對本條有注（對齊相似度1.00）。,張卿子傷寒論:p2394,citation_to_node_unique,{},1.0,pending,
REL_03500,SHL_SONGBEN_0389,clause,SHSRC0033,CR_ZHANGQINGZI_0357,commentary,SHSRC0052,commentary_support,張卿子《張卿子傷寒論》對本條有注（對齊相似度1.00）。,張卿子傷寒論:p2396,citation_to_node_unique,{},1.0,pending,
REL_03501,SHL_SONGBEN_0390,clause,SHSRC0033,CR_ZHANGQINGZI_0358,commentary,SHSRC0052,commentary_support,張卿子《張卿子傷寒論》對本條有注（對齊相似度1.00）。,張卿子傷寒論:p2398,citation_to_node_unique,{},1.0,pending,
REL_03502,SHL_SONGBEN_0391,clause,SHSRC0033,CR_ZHANGQINGZI_0359,commentary,SHSRC0052,commentary_support,張卿子《張卿子傷寒論》對本條有注（對齊相似度1.00）。,張卿子傷寒論:p2402,citation_to_node_unique,{},1.0,pending,
REL_03503,SHL_SONGBEN_0392,clause,SHSRC0033,CR_ZHANGQINGZI_0360,commentary,SHSRC0052,commentary_support,張卿子《張卿子傷寒論》對本條有注（對齊相似度0.92）。,張卿子傷寒論:p2404,citation_to_node_unique,{},0.925,pending,
REL_03504,SHL_SONGBEN_0394,clause,SHSRC0033,CR_ZHANGQINGZI_0361,commentary,SHSRC0052,commentary_support,張卿子《張卿子傷寒論》對本條有注（對齊相似度0.86）。,張卿子傷寒論:p2418,citation_to_node_unique,{},0.863,pending,
REL_03505,SHL_SONGBEN_0395,clause,SHSRC0033,CR_ZHANGQINGZI_0362,commentary,SHSRC0052,commentary_support,張卿子《張卿子傷寒論》對本條有注（對齊相似度0.89）。,張卿子傷寒論:p2421,citation_to_node_unique,{},0.889,pending,
REL_03506,SHL_SONGBEN_0396,clause,SHSRC0033,CR_ZHANGQINGZI_0363,commentary,SHSRC0052,commentary_support,張卿子《張卿子傷寒論》對本條有注（對齊相似度0.81）。,張卿子傷寒論:p2427,citation_to_node_unique,{},0.809,pending,
REL_03507,SHL_SONGBEN_0397,clause,SHSRC0033,CR_ZHANGQINGZI_0364,commentary,SHSRC0052,commentary_support,張卿子《張卿子傷寒論》對本條有注（對齊相似度0.92）。,張卿子傷寒論:p2429,citation_to_node_unique,{},0.919,pending,
REL_03508,SHL_SONGBEN_0398,clause,SHSRC0033,CR_ZHANGQINGZI_0365,commentary,SHSRC0052,commentary_support,張卿子《張卿子傷寒論》對本條有注（對齊相似度0.88）。,張卿子傷寒論:p2435,citation_to_node_unique,{},0.879,pending,
REL_03509,SHL_SONGBEN_0204,clause,SHSRC0033,CR_ZHANGQINGZI_0186,commentary,SHSRC0052,commentary_support,張卿子《張卿子傷寒論》對本條有注（對齊相似度0.71）。,張卿子傷寒論:p2546,citation_to_node_first_of_multiple,{},0.714,pending,
REL_03510,SHL_SONGBEN_0044,clause,SHSRC0033,CR_ZHANGQINGZI_0367,commentary,SHSRC0052,commentary_support,張卿子《張卿子傷寒論》對本條有注（對齊相似度0.63）。,張卿子傷寒論:p2548,citation_to_node_unique,{},0.629,pending,
REL_03511,SHL_SONGBEN_0094,clause,SHSRC0033,CR_XUANJIE_0001,commentary,SHSRC0013,commentary_support,黃元御《傷寒懸解》對本條有注（對齊相似度0.95）。,傷寒懸解:p229,citation_to_node_unique,{},0.947,pending,
REL_03512,SHL_SONGBEN_0017,clause,SHSRC0033,CR_XUANJIE_0002,commentary,SHSRC0013,commentary_support,黃元御《傷寒懸解》對本條有注（對齊相似度0.71）。,傷寒懸解:p232,citation_to_node_unique,{},0.708,pending,
REL_03513,SHL_SONGBEN_0057,clause,SHSRC0033,CR_XUANJIE_0003,commentary,SHSRC0013,commentary_support,黃元御《傷寒懸解》對本條有注（對齊相似度0.93）。,傷寒懸解:p251,citation_to_node_unique,{},0.927,pending,
REL_03514,SHL_SONGBEN_0056,clause,SHSRC0033,CR_XUANJIE_0004,commentary,SHSRC0013,commentary_support,黃元御《傷寒懸解》對本條有注（對齊相似度0.95）。,傷寒懸解:p254,citation_to_node_unique,{},0.952,pending,
REL_03515,SHL_SONGBEN_0046,clause,SHSRC0033,CR_XUANJIE_0005,commentary,SHSRC0013,commentary_support,黃元御《傷寒懸解》對本條有注（對齊相似度0.60）。,傷寒懸解:p261,citation_to_node_unique,{},0.603,pending,
REL_03516,SHL_SONGBEN_0050,clause,SHSRC0033,CR_XUANJIE_0006,commentary,SHSRC0013,commentary_support,黃元御《傷寒懸解》對本條有注（對齊相似度0.86）。,傷寒懸解:p263,citation_to_node_unique,{},0.865,pending,
REL_03517,SHL_SONGBEN_0023,clause,SHSRC0033,CR_XUANJIE_0007,commentary,SHSRC0013,commentary_support,黃元御《傷寒懸解》對本條有注（對齊相似度0.96）。,傷寒懸解:p268,citation_to_node_unique,{},0.961,pending,
REL_03518,SHL_SONGBEN_0038,clause,SHSRC0033,CR_XUANJIE_0008,commentary,SHSRC0013,commentary_support,黃元御《傷寒懸解》對本條有注（對齊相似度0.89）。,傷寒懸解:p288,citation_to_node_unique,{},0.887,pending,
REL_03519,SHL_SONGBEN_0045,clause,SHSRC0033,CR_XUANJIE_0009,commentary,SHSRC0013,commentary_support,黃元御《傷寒懸解》對本條有注（對齊相似度0.90）。,傷寒懸解:p386,citation_to_node_unique,{},0.902,pending,
REL_03520,SHL_SONGBEN_0026,clause,SHSRC0033,CR_XUANJIE_0010,commentary,SHSRC0013,commentary_support,黃元御《傷寒懸解》對本條有注（對齊相似度1.00）。,傷寒懸解:p400,citation_to_node_unique,{},1.0,pending,
REL_03521,SHL_SONGBEN_0168,clause,SHSRC0033,CR_XUANJIE_0011,commentary,SHSRC0013,commentary_support,黃元御《傷寒懸解》對本條有注（對齊相似度0.87）。,傷寒懸解:p403,citation_to_node_unique,{},0.867,pending,
REL_03522,SHL_SONGBEN_0070,clause,SHSRC0033,CR_XUANJIE_0012,commentary,SHSRC0013,commentary_support,黃元御《傷寒懸解》對本條有注（對齊相似度0.90）。,傷寒懸解:p408,citation_to_node_unique,{},0.902,pending,
REL_03523,SHL_SONGBEN_0114,clause,SHSRC0033,CR_XUANJIE_0013,commentary,SHSRC0013,commentary_support,黃元御《傷寒懸解》對本條有注（對齊相似度0.83）。,傷寒懸解:p415,citation_to_node_unique,{},0.833,pending,
REL_03524,SHL_SONGBEN_0071,clause,SHSRC0033,CR_XUANJIE_0014,commentary,SHSRC0013,commentary_support,黃元御《傷寒懸解》對本條有注（對齊相似度0.82）。,傷寒懸解:p426,citation_to_node_unique,{},0.825,pending,
REL_03525,SHL_SONGBEN_0072,clause,SHSRC0033,CR_XUANJIE_0015,commentary,SHSRC0013,commentary_support,黃元御《傷寒懸解》對本條有注（對齊相似度1.00）。,傷寒懸解:p429,citation_to_node_unique,{},1.0,pending,
REL_03526,SHL_SONGBEN_0029,clause,SHSRC0033,CR_XUANJIE_0016,commentary,SHSRC0013,commentary_support,黃元御《傷寒懸解》對本條有注（對齊相似度0.94）。,傷寒懸解:p432,citation_to_node_unique,{},0.944,pending,
REL_03527,SHL_SONGBEN_0122,clause,SHSRC0033,CR_XUANJIE_0017,commentary,SHSRC0013,commentary_support,黃元御《傷寒懸解》對本條有注（對齊相似度0.71）。,傷寒懸解:p445,citation_to_node_unique,{},0.706,pending,
REL_03528,SHL_SONGBEN_0091,clause,SHSRC0033,CR_XUANJIE_0018,commentary,SHSRC0013,commentary_support,黃元御《傷寒懸解》對本條有注（對齊相似度0.92）。,傷寒懸解:p451,citation_to_node_unique,{},0.921,pending,
REL_03529,SHL_SONGBEN_0022,clause,SHSRC0033,CR_XUANJIE_0019,commentary,SHSRC0013,commentary_support,黃元御《傷寒懸解》對本條有注（對齊相似度0.73）。,傷寒懸解:p468,citation_to_node_unique,{},0.727,pending,
REL_03530,SHL_SONGBEN_0082,clause,SHSRC0033,CR_XUANJIE_0020,commentary,SHSRC0013,commentary_support,黃元御《傷寒懸解》對本條有注（對齊相似度0.95）。,傷寒懸解:p533,citation_to_node_unique,{},0.952,pending,
REL_03531,SHL_SONGBEN_0117,clause,SHSRC0033,CR_XUANJIE_0021,commentary,SHSRC0013,commentary_support,黃元御《傷寒懸解》對本條有注（對齊相似度0.63）。,傷寒懸解:p550,citation_to_node_unique,{},0.632,pending,
REL_03532,SHL_SONGBEN_0088,clause,SHSRC0033,CR_XUANJIE_0022,commentary,SHSRC0013,commentary_support,黃元御《傷寒懸解》對本條有注（對齊相似度1.00）。,傷寒懸解:p579,citation_to_node_unique,{},1.0,pending,
REL_03533,SHL_SONGBEN_0156,clause,SHSRC0033,CR_XUANJIE_0023,commentary,SHSRC0013,commentary_support,黃元御《傷寒懸解》對本條有注（對齊相似度0.90）。,傷寒懸解:p661,citation_to_node_unique,{},0.903,pending,
REL_03534,SHL_SONGBEN_0183,clause,SHSRC0033,CR_XUANJIE_0024,commentary,SHSRC0013,commentary_support,黃元御《傷寒懸解》對本條有注（對齊相似度0.63）。,傷寒懸解:p686,citation_to_node_unique,{},0.632,pending,
REL_03535,SHL_SONGBEN_0181,clause,SHSRC0033,CR_XUANJIE_0025,commentary,SHSRC0013,commentary_support,黃元御《傷寒懸解》對本條有注（對齊相似度0.68）。,傷寒懸解:p696,citation_to_node_unique,{},0.677,pending,
REL_03536,SHL_SONGBEN_0240,clause,SHSRC0033,CR_XUANJIE_0026,commentary,SHSRC0013,commentary_support,黃元御《傷寒懸解》對本條有注（對齊相似度0.91）。,傷寒懸解:p702,citation_to_node_unique,{},0.909,pending,
REL_03537,SHL_SONGBEN_0234,clause,SHSRC0033,CR_XUANJIE_0027,commentary,SHSRC0013,commentary_support,黃元御《傷寒懸解》對本條有注（對齊相似度1.00）。,傷寒懸解:p707,citation_to_node_unique,{},1.0,pending,
REL_03538,SHL_SONGBEN_0235,clause,SHSRC0033,CR_XUANJIE_0028,commentary,SHSRC0013,commentary_support,黃元御《傷寒懸解》對本條有注（對齊相似度1.00）。,傷寒懸解:p710,citation_to_node_unique,{},1.0,pending,
REL_03539,SHL_SONGBEN_0203,clause,SHSRC0033,CR_XUANJIE_0029,commentary,SHSRC0013,commentary_support,黃元御《傷寒懸解》對本條有注（對齊相似度0.71）。,傷寒懸解:p753,citation_to_node_unique,{},0.714,pending,
REL_03540,SHL_SONGBEN_0233,clause,SHSRC0033,CR_XUANJIE_0030,commentary,SHSRC0013,commentary_support,黃元御《傷寒懸解》對本條有注（對齊相似度0.75）。,傷寒懸解:p755,citation_to_node_unique,{},0.75,pending,
REL_03541,SHL_SONGBEN_0209,clause,SHSRC0033,CR_XUANJIE_0031,commentary,SHSRC0013,commentary_support,黃元御《傷寒懸解》對本條有注（對齊相似度0.67）。,傷寒懸解:p769,citation_to_node_unique,{},0.667,pending,
REL_03542,SHL_SONGBEN_0214,clause,SHSRC0033,CR_XUANJIE_0032,commentary,SHSRC0013,commentary_support,黃元御《傷寒懸解》對本條有注（對齊相似度0.76）。,傷寒懸解:p771,citation_to_node_unique,{},0.756,pending,
REL_03543,SHL_SONGBEN_0212,clause,SHSRC0033,CR_XUANJIE_0033,commentary,SHSRC0013,commentary_support,黃元御《傷寒懸解》對本條有注（對齊相似度0.74）。,傷寒懸解:p773,citation_to_node_unique,{},0.735,pending,
REL_03544,SHL_SONGBEN_0105,clause,SHSRC0033,CR_XUANJIE_0034,commentary,SHSRC0013,commentary_support,黃元御《傷寒懸解》對本條有注（對齊相似度0.69）。,傷寒懸解:p779,citation_to_node_unique,{},0.689,pending,
REL_03545,SHL_SONGBEN_0215,clause,SHSRC0033,CR_XUANJIE_0035,commentary,SHSRC0013,commentary_support,黃元御《傷寒懸解》對本條有注（對齊相似度0.78）。,傷寒懸解:p783,citation_to_node_unique,{},0.779,pending,
REL_03546,SHL_SONGBEN_0239,clause,SHSRC0033,CR_XUANJIE_0036,commentary,SHSRC0013,commentary_support,黃元御《傷寒懸解》對本條有注（對齊相似度0.74）。,傷寒懸解:p787,citation_to_node_unique,{},0.742,pending,
REL_03547,SHL_SONGBEN_0241,clause,SHSRC0033,CR_XUANJIE_0037,commentary,SHSRC0013,commentary_support,黃元御《傷寒懸解》對本條有注（對齊相似度0.61）。,傷寒懸解:p789,citation_to_node_unique,{},0.614,pending,
REL_03548,SHL_SONGBEN_0237,clause,SHSRC0033,CR_XUANJIE_0038,commentary,SHSRC0013,commentary_support,黃元御《傷寒懸解》對本條有注（對齊相似度0.78）。,傷寒懸解:p805,citation_to_node_unique,{},0.785,pending,
REL_03549,SHL_SONGBEN_0194,clause,SHSRC0033,CR_XUANJIE_0039,commentary,SHSRC0013,commentary_support,黃元御《傷寒懸解》對本條有注（對齊相似度0.69）。,傷寒懸解:p822,citation_to_node_unique,{},0.694,pending,
REL_03550,SHL_SONGBEN_0380,clause,SHSRC0033,CR_XUANJIE_0040,commentary,SHSRC0013,commentary_support,黃元御《傷寒懸解》對本條有注（對齊相似度0.62）。,傷寒懸解:p824,citation_to_node_unique,{},0.619,pending,
REL_03551,SHL_SONGBEN_0196,clause,SHSRC0033,CR_XUANJIE_0041,commentary,SHSRC0013,commentary_support,黃元御《傷寒懸解》對本條有注（對齊相似度0.77）。,傷寒懸解:p828,citation_to_node_unique,{},0.767,pending,
REL_03552,SHL_SONGBEN_0244,clause,SHSRC0033,CR_XUANJIE_0042,commentary,SHSRC0013,commentary_support,黃元御《傷寒懸解》對本條有注（對齊相似度0.95）。,傷寒懸解:p841,citation_to_node_unique,{},0.951,pending,
REL_03553,SHL_SONGBEN_0228,clause,SHSRC0033,CR_XUANJIE_0043,commentary,SHSRC0013,commentary_support,黃元御《傷寒懸解》對本條有注（對齊相似度0.95）。,傷寒懸解:p859,citation_to_node_unique,{},0.954,pending,
REL_03554,SHL_SONGBEN_0219,clause,SHSRC0033,CR_XUANJIE_0044,commentary,SHSRC0013,commentary_support,黃元御《傷寒懸解》對本條有注（對齊相似度0.89）。,傷寒懸解:p862,citation_to_node_unique,{},0.889,pending,
REL_03555,SHL_SONGBEN_0224,clause,SHSRC0033,CR_XUANJIE_0045,commentary,SHSRC0013,commentary_support,黃元御《傷寒懸解》對本條有注（對齊相似度0.60）。,傷寒懸解:p865,citation_to_node_unique,{},0.602,pending,
REL_03556,SHL_SONGBEN_0236,clause,SHSRC0033,CR_XUANJIE_0046,commentary,SHSRC0013,commentary_support,黃元御《傷寒懸解》對本條有注（對齊相似度0.92）。,傷寒懸解:p881,citation_to_node_unique,{},0.917,pending,
REL_03557,SHL_SONGBEN_0229,clause,SHSRC0033,CR_XUANJIE_0047,commentary,SHSRC0013,commentary_support,黃元御《傷寒懸解》對本條有注（對齊相似度0.81）。,傷寒懸解:p888,citation_to_node_unique,{},0.809,pending,
REL_03558,SHL_SONGBEN_0037,clause,SHSRC0033,CR_XUANJIE_0048,commentary,SHSRC0013,commentary_support,黃元御《傷寒懸解》對本條有注（對齊相似度0.94）。,傷寒懸解:p915,citation_to_node_unique,{},0.943,pending,
REL_03559,SHL_SONGBEN_0045,clause,SHSRC0033,CR_LUNZHU_0001,commentary,SHSRC0038,commentary_support,柯琴《傷寒論注》對本條有注（對齊相似度0.63）。,傷寒論注:p8,citation_to_node_first_of_multiple,{},0.632,pending,
REL_03560,SHL_SONGBEN_0007,clause,SHSRC0033,CR_LUNZHU_0002,commentary,SHSRC0038,commentary_support,柯琴《傷寒論注》對本條有注（對齊相似度0.64）。,傷寒論注:p14,citation_to_node_first_of_multiple,{},0.636,pending,
REL_03561,SHL_SONGBEN_0007,clause,SHSRC0033,CR_LUNZHU_0002,commentary,SHSRC0038,commentary_support,柯琴《傷寒論注》對本條有注（對齊相似度0.64）。,傷寒論注:p17,citation_to_node_first_of_multiple,{},0.64,pending,
REL_03562,SHL_SONGBEN_0004,clause,SHSRC0033,CR_LUNZHU_0004,commentary,SHSRC0038,commentary_support,柯琴《傷寒論注》對本條有注（對齊相似度1.00）。,傷寒論注:p31,citation_to_node_unique,{},1.0,pending,
REL_03563,SHL_SONGBEN_0005,clause,SHSRC0033,CR_LUNZHU_0005,commentary,SHSRC0038,commentary_support,柯琴《傷寒論注》對本條有注（對齊相似度1.00）。,傷寒論注:p33,citation_to_node_unique,{},1.0,pending,
REL_03564,SHL_SONGBEN_0270,clause,SHSRC0033,CR_LUNZHU_0006,commentary,SHSRC0038,commentary_support,柯琴《傷寒論注》對本條有注（對齊相似度1.00）。,傷寒論注:p35,citation_to_node_unique,{},1.0,pending,
REL_03565,SHL_SONGBEN_0269,clause,SHSRC0033,CR_LUNZHU_0007,commentary,SHSRC0038,commentary_support,柯琴《傷寒論注》對本條有注（對齊相似度1.00）。,傷寒論注:p37,citation_to_node_unique,{},1.0,pending,
REL_03566,SHL_SONGBEN_0008,clause,SHSRC0033,CR_LUNZHU_0008,commentary,SHSRC0038,commentary_support,柯琴《傷寒論注》對本條有注（對齊相似度0.91）。,傷寒論注:p39,citation_to_node_unique,{},0.914,pending,
REL_03567,SHL_SONGBEN_0010,clause,SHSRC0033,CR_LUNZHU_0009,commentary,SHSRC0038,commentary_support,柯琴《傷寒論注》對本條有注（對齊相似度1.00）。,傷寒論注:p43,citation_to_node_unique,{},1.0,pending,
REL_03568,SHL_SONGBEN_0001,clause,SHSRC0033,CR_LUNZHU_0010,commentary,SHSRC0038,commentary_support,柯琴《傷寒論注》對本條有注（對齊相似度1.00）。,傷寒論注:p46,citation_to_node_unique,{},1.0,pending,
REL_03569,SHL_SONGBEN_0002,clause,SHSRC0033,CR_LUNZHU_0011,commentary,SHSRC0038,commentary_support,柯琴《傷寒論注》對本條有注（對齊相似度1.00）。,傷寒論注:p49,citation_to_node_unique,{},1.0,pending,
REL_03570,SHL_SONGBEN_0003,clause,SHSRC0033,CR_LUNZHU_0012,commentary,SHSRC0038,commentary_support,柯琴《傷寒論注》對本條有注（對齊相似度0.92）。,傷寒論注:p52,citation_to_node_unique,{},0.923,pending,
REL_03571,SHL_SONGBEN_0009,clause,SHSRC0033,CR_LUNZHU_0013,commentary,SHSRC0038,commentary_support,柯琴《傷寒論注》對本條有注（對齊相似度1.00）。,傷寒論注:p61,citation_to_node_unique,{},1.0,pending,
REL_03572,SHL_SONGBEN_0094,clause,SHSRC0033,CR_LUNZHU_0014,commentary,SHSRC0038,commentary_support,柯琴《傷寒論注》對本條有注（對齊相似度0.95）。,傷寒論注:p65,citation_to_node_unique,{},0.947,pending,
REL_03573,SHL_SONGBEN_0093,clause,SHSRC0033,CR_LUNZHU_0015,commentary,SHSRC0038,commentary_support,柯琴《傷寒論注》對本條有注（對齊相似度0.81）。,傷寒論注:p68,citation_to_node_unique,{},0.809,pending,
REL_03574,SHL_SONGBEN_0013,clause,SHSRC0033,CR_LUNZHU_0016,commentary,SHSRC0038,commentary_support,柯琴《傷寒論注》對本條有注（對齊相似度0.90）。,傷寒論注:p77,citation_to_node_unique,{},0.903,pending,
REL_03575,SHL_SONGBEN_0042,clause,SHSRC0033,CR_LUNZHU_0017,commentary,SHSRC0038,commentary_support,柯琴《傷寒論注》對本條有注（對齊相似度1.00）。,傷寒論注:p79,citation_to_node_unique,{},1.0,pending,
REL_03576,SHL_SONGBEN_0012,clause,SHSRC0033,CR_LUNZHU_0018,commentary,SHSRC0038,commentary_support,柯琴《傷寒論注》對本條有注（對齊相似度1.00）。,傷寒論注:p81,citation_to_node_unique,{},1.0,pending,
REL_03577,SHL_SONGBEN_0024,clause,SHSRC0033,CR_LUNZHU_0019,commentary,SHSRC0038,commentary_support,柯琴《傷寒論注》對本條有注（對齊相似度1.00）。,傷寒論注:p83,citation_to_node_unique,{},1.0,pending,
REL_03578,SHL_SONGBEN_0095,clause,SHSRC0033,CR_LUNZHU_0020,commentary,SHSRC0038,commentary_support,柯琴《傷寒論注》對本條有注（對齊相似度0.88）。,傷寒論注:p85,citation_to_node_unique,{},0.885,pending,
REL_03579,SHL_SONGBEN_0113,clause,SHSRC0033,CR_LUNZHU_0021,commentary,SHSRC0038,commentary_support,柯琴《傷寒論注》對本條有注（對齊相似度0.92）。,傷寒論注:p87,citation_to_node_unique,{},0.918,pending,
REL_03580,SHL_SONGBEN_0057,clause,SHSRC0033,CR_LUNZHU_0022,commentary,SHSRC0038,commentary_support,柯琴《傷寒論注》對本條有注（對齊相似度0.93）。,傷寒論注:p89,citation_to_node_unique,{},0.927,pending,
REL_03581,SHL_SONGBEN_0054,clause,SHSRC0033,CR_LUNZHU_0023,commentary,SHSRC0038,commentary_support,柯琴《傷寒論注》對本條有注（對齊相似度0.91）。,傷寒論注:p91,citation_to_node_unique,{},0.906,pending,
REL_03582,SHL_SONGBEN_0053,clause,SHSRC0033,CR_LUNZHU_0024,commentary,SHSRC0038,commentary_support,柯琴《傷寒論注》對本條有注（對齊相似度0.69）。,傷寒論注:p93,citation_to_node_unique,{},0.689,pending,
REL_03583,SHL_SONGBEN_0044,clause,SHSRC0033,CR_LUNZHU_0025,commentary,SHSRC0038,commentary_support,柯琴《傷寒論注》對本條有注（對齊相似度0.91）。,傷寒論注:p97,citation_to_node_unique,{},0.909,pending,
REL_03584,SHL_SONGBEN_0045,clause,SHSRC0033,CR_LUNZHU_0001,commentary,SHSRC0038,commentary_support,柯琴《傷寒論注》對本條有注（對齊相似度0.86）。,傷寒論注:p100,citation_to_node_first_of_multiple,{},0.857,pending,
REL_03585,SHL_SONGBEN_0015,clause,SHSRC0033,CR_LUNZHU_0027,commentary,SHSRC0038,commentary_support,柯琴《傷寒論注》對本條有注（對齊相似度0.88）。,傷寒論注:p102,citation_to_node_unique,{},0.88,pending,
REL_03586,SHL_SONGBEN_0091,clause,SHSRC0033,CR_LUNZHU_0028,commentary,SHSRC0038,commentary_support,柯琴《傷寒論注》對本條有注（對齊相似度0.83）。,傷寒論注:p104,citation_to_node_first_of_multiple,{},0.831,pending,
REL_03587,SHL_SONGBEN_0372,clause,SHSRC0033,CR_LUNZHU_0029,commentary,SHSRC0038,commentary_support,柯琴《傷寒論注》對本條有注（對齊相似度0.86）。,傷寒論注:p106,citation_to_node_unique,{},0.862,pending,
REL_03588,SHL_SONGBEN_0387,clause,SHSRC0033,CR_LUNZHU_0030,commentary,SHSRC0038,commentary_support,柯琴《傷寒論注》對本條有注（對齊相似度1.00）。,傷寒論注:p108,citation_to_node_unique,{},1.0,pending,
REL_03589,SHL_SONGBEN_0164,clause,SHSRC0033,CR_LUNZHU_0031,commentary,SHSRC0038,commentary_support,柯琴《傷寒論注》對本條有注（對齊相似度1.00）。,傷寒論注:p110,citation_to_node_unique,{},1.0,pending,
REL_03590,SHL_SONGBEN_0056,clause,SHSRC0033,CR_LUNZHU_0032,commentary,SHSRC0038,commentary_support,柯琴《傷寒論注》對本條有注（對齊相似度0.87）。,傷寒論注:p113,citation_to_node_unique,{},0.867,pending,
REL_03591,SHL_SONGBEN_0023,clause,SHSRC0033,CR_LUNZHU_0033,commentary,SHSRC0038,commentary_support,柯琴《傷寒論注》對本條有注（對齊相似度0.92）。,傷寒論注:p116,citation_to_node_first_of_multiple,{},0.916,pending,
REL_03592,SHL_SONGBEN_0027,clause,SHSRC0033,CR_LUNZHU_0034,commentary,SHSRC0038,commentary_support,柯琴《傷寒論注》對本條有注（對齊相似度1.00）。,傷寒論注:p119,citation_to_node_first_of_multiple,{},1.0,pending,
REL_03593,SHL_SONGBEN_0146,clause,SHSRC0033,CR_LUNZHU_0035,commentary,SHSRC0038,commentary_support,柯琴《傷寒論注》對本條有注（對齊相似度0.87）。,傷寒論注:p122,citation_to_node_first_of_multiple,{},0.871,pending,
REL_03594,SHL_SONGBEN_0017,clause,SHSRC0033,CR_LUNZHU_0036,commentary,SHSRC0038,commentary_support,柯琴《傷寒論注》對本條有注（對齊相似度0.87）。,傷寒論注:p136,citation_to_node_unique,{},0.872,pending,
REL_03595,SHL_SONGBEN_0019,clause,SHSRC0033,CR_LUNZHU_0037,commentary,SHSRC0038,commentary_support,柯琴《傷寒論注》對本條有注（對齊相似度1.00）。,傷寒論注:p138,citation_to_node_unique,{},1.0,pending,
REL_03596,SHL_SONGBEN_0016,clause,SHSRC0033,CR_LUNZHU_0038,commentary,SHSRC0038,commentary_support,柯琴《傷寒論注》對本條有注（對齊相似度0.64）。,傷寒論注:p141,citation_to_node_unique,{},0.642,pending,
REL_03597,SHL_SONGBEN_0025,clause,SHSRC0033,CR_LUNZHU_0039,commentary,SHSRC0038,commentary_support,柯琴《傷寒論注》對本條有注（對齊相似度0.90）。,傷寒論注:p143,citation_to_node_unique,{},0.896,pending,
REL_03598,SHL_SONGBEN_0020,clause,SHSRC0033,CR_LUNZHU_0040,commentary,SHSRC0038,commentary_support,柯琴《傷寒論注》對本條有注（對齊相似度1.00）。,傷寒論注:p145,citation_to_node_unique,{},1.0,pending,
REL_03599,SHL_SONGBEN_0062,clause,SHSRC0033,CR_LUNZHU_0041,commentary,SHSRC0038,commentary_support,柯琴《傷寒論注》對本條有注（對齊相似度0.71）。,傷寒論注:p150,citation_to_node_unique,{},0.706,pending,
REL_03600,SHL_SONGBEN_0068,clause,SHSRC0033,CR_LUNZHU_0042,commentary,SHSRC0038,commentary_support,柯琴《傷寒論注》對本條有注（對齊相似度1.00）。,傷寒論注:p152,citation_to_node_unique,{},1.0,pending,
REL_03601,SHL_SONGBEN_0064,clause,SHSRC0033,CR_LUNZHU_0043,commentary,SHSRC0038,commentary_support,柯琴《傷寒論注》對本條有注（對齊相似度1.00）。,傷寒論注:p155,citation_to_node_unique,{},1.0,pending,
REL_03602,SHL_SONGBEN_0065,clause,SHSRC0033,CR_LUNZHU_0044,commentary,SHSRC0038,commentary_support,柯琴《傷寒論注》對本條有注（對齊相似度0.93）。,傷寒論注:p157,citation_to_node_unique,{},0.933,pending,
REL_03603,SHL_SONGBEN_0028,clause,SHSRC0033,CR_LUNZHU_0045,commentary,SHSRC0038,commentary_support,柯琴《傷寒論注》對本條有注（對齊相似度0.95）。,傷寒論注:p159,citation_to_node_unique,{},0.95,pending,
REL_03604,SHL_SONGBEN_0139,clause,SHSRC0033,CR_LUNZHU_0046,commentary,SHSRC0038,commentary_support,柯琴《傷寒論注》對本條有注（對齊相似度0.96）。,傷寒論注:p162,citation_to_node_unique,{},0.958,pending,
REL_03605,SHL_SONGBEN_0163,clause,SHSRC0033,CR_LUNZHU_0047,commentary,SHSRC0038,commentary_support,柯琴《傷寒論注》對本條有注（對齊相似度0.83）。,傷寒論注:p164,citation_to_node_unique,{},0.829,pending,
REL_03606,SHL_SONGBEN_0034,clause,SHSRC0033,CR_LUNZHU_0048,commentary,SHSRC0038,commentary_support,柯琴《傷寒論注》對本條有注（對齊相似度0.88）。,傷寒論注:p166,citation_to_node_unique,{},0.882,pending,
REL_03607,SHL_SONGBEN_0021,clause,SHSRC0033,CR_LUNZHU_0049,commentary,SHSRC0038,commentary_support,柯琴《傷寒論注》對本條有注（對齊相似度0.75）。,傷寒論注:p169,citation_to_node_unique,{},0.75,pending,
REL_03608,SHL_SONGBEN_0043,clause,SHSRC0033,CR_LUNZHU_0050,commentary,SHSRC0038,commentary_support,柯琴《傷寒論注》對本條有注（對齊相似度0.78）。,傷寒論注:p171,citation_to_node_unique,{},0.784,pending,
REL_03609,SHL_SONGBEN_0279,clause,SHSRC0033,CR_LUNZHU_0051,commentary,SHSRC0038,commentary_support,柯琴《傷寒論注》對本條有注（對齊相似度0.94）。,傷寒論注:p173,citation_to_node_unique,{},0.939,pending,
REL_03610,SHL_SONGBEN_0067,clause,SHSRC0033,CR_LUNZHU_0052,commentary,SHSRC0038,commentary_support,柯琴《傷寒論注》對本條有注（對齊相似度1.00）。,傷寒論注:p175,citation_to_node_unique,{},1.0,pending,
REL_03611,SHL_SONGBEN_0117,clause,SHSRC0033,CR_LUNZHU_0053,commentary,SHSRC0038,commentary_support,柯琴《傷寒論注》對本條有注（對齊相似度0.89）。,傷寒論注:p178,citation_to_node_first_of_multiple,{},0.889,pending,
REL_03612,SHL_SONGBEN_0112,clause,SHSRC0033,CR_LUNZHU_0054,commentary,SHSRC0038,commentary_support,柯琴《傷寒論注》對本條有注（對齊相似度0.83）。,傷寒論注:p180,citation_to_node_first_of_multiple,{},0.833,pending,
REL_03613,SHL_SONGBEN_0118,clause,SHSRC0033,CR_LUNZHU_0055,commentary,SHSRC0038,commentary_support,柯琴《傷寒論注》對本條有注（對齊相似度1.00）。,傷寒論注:p182,citation_to_node_first_of_multiple,{},1.0,pending,
REL_03614,SHL_SONGBEN_0029,clause,SHSRC0033,CR_LUNZHU_0056,commentary,SHSRC0038,commentary_support,柯琴《傷寒論注》對本條有注（對齊相似度0.88）。,傷寒論注:p215,citation_to_node_unique,{},0.884,pending,
REL_03615,SHL_SONGBEN_0035,clause,SHSRC0033,CR_LUNZHU_0057,commentary,SHSRC0038,commentary_support,柯琴《傷寒論注》對本條有注（對齊相似度1.00）。,傷寒論注:p227,citation_to_node_unique,{},1.0,pending,
REL_03616,SHL_SONGBEN_0051,clause,SHSRC0033,CR_LUNZHU_0058,commentary,SHSRC0038,commentary_support,柯琴《傷寒論注》對本條有注（對齊相似度0.80）。,傷寒論注:p230,citation_to_node_unique,{},0.8,pending,
REL_03617,SHL_SONGBEN_0085,clause,SHSRC0033,CR_LUNZHU_0059,commentary,SHSRC0038,commentary_support,柯琴《傷寒論注》對本條有注（對齊相似度0.64）。,傷寒論注:p238,citation_to_node_unique,{},0.64,pending,
REL_03618,SHL_SONGBEN_0049,clause,SHSRC0033,CR_LUNZHU_0060,commentary,SHSRC0038,commentary_support,柯琴《傷寒論注》對本條有注（對齊相似度0.85）。,傷寒論注:p240,citation_to_node_unique,{},0.851,pending,
REL_03619,SHL_SONGBEN_0046,clause,SHSRC0033,CR_LUNZHU_0061,commentary,SHSRC0038,commentary_support,柯琴《傷寒論注》對本條有注（對齊相似度0.93）。,傷寒論注:p247,citation_to_node_unique,{},0.931,pending,
REL_03620,SHL_SONGBEN_0055,clause,SHSRC0033,CR_LUNZHU_0062,commentary,SHSRC0038,commentary_support,柯琴《傷寒論注》對本條有注（對齊相似度0.88）。,傷寒論注:p251,citation_to_node_unique,{},0.875,pending,
REL_03621,SHL_SONGBEN_0047,clause,SHSRC0033,CR_LUNZHU_0063,commentary,SHSRC0038,commentary_support,柯琴《傷寒論注》對本條有注（對齊相似度1.00）。,傷寒論注:p253,citation_to_node_unique,{},1.0,pending,
REL_03622,SHL_SONGBEN_0050,clause,SHSRC0033,CR_LUNZHU_0064,commentary,SHSRC0038,commentary_support,柯琴《傷寒論注》對本條有注（對齊相似度0.85）。,傷寒論注:p256,citation_to_node_unique,{},0.853,pending,
REL_03623,SHL_SONGBEN_0036,clause,SHSRC0033,CR_LUNZHU_0065,commentary,SHSRC0038,commentary_support,柯琴《傷寒論注》對本條有注（對齊相似度0.86）。,傷寒論注:p258,citation_to_node_unique,{},0.865,pending,
REL_03624,SHL_SONGBEN_0235,clause,SHSRC0033,CR_LUNZHU_0066,commentary,SHSRC0038,commentary_support,柯琴《傷寒論注》對本條有注（對齊相似度1.00）。,傷寒論注:p260,citation_to_node_first_of_multiple,{},1.0,pending,
REL_03625,SHL_SONGBEN_0037,clause,SHSRC0033,CR_LUNZHU_0067,commentary,SHSRC0038,commentary_support,柯琴《傷寒論注》對本條有注（對齊相似度0.94）。,傷寒論注:p263,citation_to_node_unique,{},0.943,pending,
REL_03626,SHL_SONGBEN_0023,clause,SHSRC0033,CR_LUNZHU_0033,commentary,SHSRC0038,commentary_support,柯琴《傷寒論注》對本條有注（對齊相似度0.92）。,傷寒論注:p271,citation_to_node_first_of_multiple,{},0.916,pending,
REL_03627,SHL_SONGBEN_0027,clause,SHSRC0033,CR_LUNZHU_0034,commentary,SHSRC0038,commentary_support,柯琴《傷寒論注》對本條有注（對齊相似度1.00）。,傷寒論注:p275,citation_to_node_first_of_multiple,{},1.0,pending,
REL_03628,SHL_SONGBEN_0075,clause,SHSRC0033,CR_LUNZHU_0070,commentary,SHSRC0038,commentary_support,柯琴《傷寒論注》對本條有注（對齊相似度0.69）。,傷寒論注:p279,citation_to_node_unique,{},0.688,pending,
REL_03629,SHL_SONGBEN_0122,clause,SHSRC0033,CR_LUNZHU_0071,commentary,SHSRC0038,commentary_support,柯琴《傷寒論注》對本條有注（對齊相似度0.95）。,傷寒論注:p281,citation_to_node_unique,{},0.955,pending,
REL_03630,SHL_SONGBEN_0089,clause,SHSRC0033,CR_LUNZHU_0072,commentary,SHSRC0038,commentary_support,柯琴《傷寒論注》對本條有注（對齊相似度0.75）。,傷寒論注:p283,citation_to_node_unique,{},0.75,pending,
REL_03631,SHL_SONGBEN_0066,clause,SHSRC0033,CR_LUNZHU_0073,commentary,SHSRC0038,commentary_support,柯琴《傷寒論注》對本條有注（對齊相似度0.84）。,傷寒論注:p285,citation_to_node_first_of_multiple,{},0.842,pending,
REL_03632,SHL_SONGBEN_0066,clause,SHSRC0033,CR_LUNZHU_0073,commentary,SHSRC0038,commentary_support,柯琴《傷寒論注》對本條有注（對齊相似度0.67）。,傷寒論注:p287,citation_to_node_first_of_multiple,{},0.667,pending,
REL_03633,SHL_SONGBEN_0088,clause,SHSRC0033,CR_LUNZHU_0075,commentary,SHSRC0038,commentary_support,柯琴《傷寒論注》對本條有注（對齊相似度1.00）。,傷寒論注:p291,citation_to_node_unique,{},1.0,pending,
REL_03634,SHL_SONGBEN_0063,clause,SHSRC0033,CR_LUNZHU_0076,commentary,SHSRC0038,commentary_support,柯琴《傷寒論注》對本條有注（對齊相似度0.71）。,傷寒論注:p294,citation_to_node_unique,{},0.712,pending,
REL_03635,SHL_SONGBEN_0262,clause,SHSRC0033,CR_LUNZHU_0077,commentary,SHSRC0038,commentary_support,柯琴《傷寒論注》對本條有注（對齊相似度0.70）。,傷寒論注:p301,citation_to_node_unique,{},0.703,pending,
REL_03636,SHL_SONGBEN_0014,clause,SHSRC0033,CR_LUNZHU_0078,commentary,SHSRC0038,commentary_support,柯琴《傷寒論注》對本條有注（對齊相似度0.85）。,傷寒論注:p309,citation_to_node_unique,{},0.85,pending,
REL_03637,SHL_SONGBEN_0032,clause,SHSRC0033,CR_LUNZHU_0079,commentary,SHSRC0038,commentary_support,柯琴《傷寒論注》對本條有注（對齊相似度0.90）。,傷寒論注:p314,citation_to_node_unique,{},0.903,pending,
REL_03638,SHL_SONGBEN_0033,clause,SHSRC0033,CR_LUNZHU_0080,commentary,SHSRC0038,commentary_support,柯琴《傷寒論注》對本條有注（對齊相似度1.00）。,傷寒論注:p317,citation_to_node_unique,{},1.0,pending,
REL_03639,SHL_SONGBEN_0038,clause,SHSRC0033,CR_LUNZHU_0081,commentary,SHSRC0038,commentary_support,柯琴《傷寒論注》對本條有注（對齊相似度0.68）。,傷寒論注:p325,citation_to_node_unique,{},0.684,pending,
REL_03640,SHL_SONGBEN_0039,clause,SHSRC0033,CR_LUNZHU_0082,commentary,SHSRC0038,commentary_support,柯琴《傷寒論注》對本條有注（對齊相似度0.75）。,傷寒論注:p329,citation_to_node_unique,{},0.75,pending,
REL_03641,SHL_SONGBEN_0040,clause,SHSRC0033,CR_LUNZHU_0083,commentary,SHSRC0038,commentary_support,柯琴《傷寒論注》對本條有注（對齊相似度0.95）。,傷寒論注:p345,citation_to_node_unique,{},0.947,pending,
REL_03642,SHL_SONGBEN_0074,clause,SHSRC0033,CR_LUNZHU_0084,commentary,SHSRC0038,commentary_support,柯琴《傷寒論注》對本條有注（對齊相似度0.82）。,傷寒論注:p353,citation_to_node_unique,{},0.817,pending,
REL_03643,SHL_SONGBEN_0072,clause,SHSRC0033,CR_LUNZHU_0085,commentary,SHSRC0038,commentary_support,柯琴《傷寒論注》對本條有注（對齊相似度1.00）。,傷寒論注:p355,citation_to_node_unique,{},1.0,pending,
REL_03644,SHL_SONGBEN_0071,clause,SHSRC0033,CR_LUNZHU_0086,commentary,SHSRC0038,commentary_support,柯琴《傷寒論注》對本條有注（對齊相似度0.96）。,傷寒論注:p358,citation_to_node_unique,{},0.959,pending,
REL_03645,SHL_SONGBEN_0127,clause,SHSRC0033,CR_LUNZHU_0087,commentary,SHSRC0038,commentary_support,柯琴《傷寒論注》對本條有注（對齊相似度0.76）。,傷寒論注:p365,citation_to_node_unique,{},0.762,pending,
REL_03646,SHL_SONGBEN_0073,clause,SHSRC0033,CR_LUNZHU_0088,commentary,SHSRC0038,commentary_support,柯琴《傷寒論注》對本條有注（對齊相似度0.88）。,傷寒論注:p367,citation_to_node_unique,{},0.878,pending,
REL_03647,SHL_SONGBEN_0156,clause,SHSRC0033,CR_LUNZHU_0089,commentary,SHSRC0038,commentary_support,柯琴《傷寒論注》對本條有注（對齊相似度1.00）。,傷寒論注:p369,citation_to_node_unique,{},1.0,pending,
REL_03648,SHL_SONGBEN_0058,clause,SHSRC0033,CR_LUNZHU_0090,commentary,SHSRC0038,commentary_support,柯琴《傷寒論注》對本條有注（對齊相似度1.00）。,傷寒論注:p372,citation_to_node_unique,{},1.0,pending,
REL_03649,SHL_SONGBEN_0356,clause,SHSRC0033,CR_LUNZHU_0091,commentary,SHSRC0038,commentary_support,柯琴《傷寒論注》對本條有注（對齊相似度0.89）。,傷寒論注:p377,citation_to_node_unique,{},0.889,pending,
REL_03650,SHL_SONGBEN_0152,clause,SHSRC0033,CR_LUNZHU_0092,commentary,SHSRC0038,commentary_support,柯琴《傷寒論注》對本條有注（對齊相似度0.85）。,傷寒論注:p382,citation_to_node_unique,{},0.852,pending,
REL_03651,SHL_SONGBEN_0131,clause,SHSRC0033,CR_LUNZHU_0093,commentary,SHSRC0038,commentary_support,柯琴《傷寒論注》對本條有注（對齊相似度0.75）。,傷寒論注:p388,citation_to_node_unique,{},0.747,pending,
REL_03652,SHL_SONGBEN_0135,clause,SHSRC0033,CR_LUNZHU_0094,commentary,SHSRC0038,commentary_support,柯琴《傷寒論注》對本條有注（對齊相似度0.86）。,傷寒論注:p393,citation_to_node_unique,{},0.863,pending,
REL_03653,SHL_SONGBEN_0137,clause,SHSRC0033,CR_LUNZHU_0095,commentary,SHSRC0038,commentary_support,柯琴《傷寒論注》對本條有注（對齊相似度0.85）。,傷寒論注:p395,citation_to_node_unique,{},0.851,pending,
REL_03654,SHL_SONGBEN_0138,clause,SHSRC0033,CR_LUNZHU_0096,commentary,SHSRC0038,commentary_support,柯琴《傷寒論注》對本條有注（對齊相似度1.00）。,傷寒論注:p405,citation_to_node_unique,{},1.0,pending,
REL_03655,SHL_SONGBEN_0132,clause,SHSRC0033,CR_LUNZHU_0097,commentary,SHSRC0038,commentary_support,柯琴《傷寒論注》對本條有注（對齊相似度0.86）。,傷寒論注:p409,citation_to_node_unique,{},0.857,pending,
REL_03656,SHL_SONGBEN_0133,clause,SHSRC0033,CR_LUNZHU_0098,commentary,SHSRC0038,commentary_support,柯琴《傷寒論注》對本條有注（對齊相似度0.71）。,傷寒論注:p412,citation_to_node_unique,{},0.706,pending,
REL_03657,SHL_SONGBEN_0129,clause,SHSRC0033,CR_LUNZHU_0099,commentary,SHSRC0038,commentary_support,柯琴《傷寒論注》對本條有注（對齊相似度0.69）。,傷寒論注:p414,citation_to_node_unique,{},0.689,pending,
REL_03658,SHL_SONGBEN_0130,clause,SHSRC0033,CR_LUNZHU_0100,commentary,SHSRC0038,commentary_support,柯琴《傷寒論注》對本條有注（對齊相似度0.82）。,傷寒論注:p417,citation_to_node_unique,{},0.818,pending,
REL_03659,SHL_SONGBEN_0167,clause,SHSRC0033,CR_LUNZHU_0101,commentary,SHSRC0038,commentary_support,柯琴《傷寒論注》對本條有注（對齊相似度0.80）。,傷寒論注:p419,citation_to_node_unique,{},0.8,pending,
REL_03660,SHL_SONGBEN_0158,clause,SHSRC0033,CR_LUNZHU_0102,commentary,SHSRC0038,commentary_support,柯琴《傷寒論注》對本條有注（對齊相似度0.92）。,傷寒論注:p426,citation_to_node_unique,{},0.923,pending,
REL_03661,SHL_SONGBEN_0160,clause,SHSRC0033,CR_LUNZHU_0103,commentary,SHSRC0038,commentary_support,柯琴《傷寒論注》對本條有注（對齊相似度0.88）。,傷寒論注:p436,citation_to_node_unique,{},0.88,pending,
REL_03662,SHL_SONGBEN_0153,clause,SHSRC0033,CR_LUNZHU_0104,commentary,SHSRC0038,commentary_support,柯琴《傷寒論注》對本條有注（對齊相似度0.80）。,傷寒論注:p438,citation_to_node_unique,{},0.804,pending,
REL_03663,SHL_SONGBEN_0359,clause,SHSRC0033,CR_LUNZHU_0105,commentary,SHSRC0038,commentary_support,柯琴《傷寒論注》對本條有注（對齊相似度0.85）。,傷寒論注:p440,citation_to_node_unique,{},0.852,pending,
REL_03664,SHL_SONGBEN_0154,clause,SHSRC0033,CR_LUNZHU_0106,commentary,SHSRC0038,commentary_support,柯琴《傷寒論注》對本條有注（對齊相似度0.76）。,傷寒論注:p444,citation_to_node_unique,{},0.76,pending,
REL_03665,SHL_SONGBEN_0155,clause,SHSRC0033,CR_LUNZHU_0107,commentary,SHSRC0038,commentary_support,柯琴《傷寒論注》對本條有注（對齊相似度0.75）。,傷寒論注:p450,citation_to_node_unique,{},0.75,pending,
REL_03666,SHL_SONGBEN_0159,clause,SHSRC0033,CR_LUNZHU_0108,commentary,SHSRC0038,commentary_support,柯琴《傷寒論注》對本條有注（對齊相似度0.95）。,傷寒論注:p454,citation_to_node_unique,{},0.947,pending,
REL_03667,SHL_SONGBEN_0161,clause,SHSRC0033,CR_LUNZHU_0109,commentary,SHSRC0038,commentary_support,柯琴《傷寒論注》對本條有注（對齊相似度0.86）。,傷寒論注:p459,citation_to_node_unique,{},0.863,pending,
REL_03668,SHL_SONGBEN_0124,clause,SHSRC0033,CR_LUNZHU_0110,commentary,SHSRC0038,commentary_support,柯琴《傷寒論注》對本條有注（對齊相似度0.85）。,傷寒論注:p464,citation_to_node_unique,{},0.85,pending,
REL_03669,SHL_SONGBEN_0125,clause,SHSRC0033,CR_LUNZHU_0111,commentary,SHSRC0038,commentary_support,柯琴《傷寒論注》對本條有注（對齊相似度0.86）。,傷寒論注:p466,citation_to_node_unique,{},0.861,pending,
REL_03670,SHL_SONGBEN_0126,clause,SHSRC0033,CR_LUNZHU_0112,commentary,SHSRC0038,commentary_support,柯琴《傷寒論注》對本條有注（對齊相似度0.93）。,傷寒論注:p468,citation_to_node_unique,{},0.933,pending,
REL_03671,SHL_SONGBEN_0106,clause,SHSRC0033,CR_LUNZHU_0113,commentary,SHSRC0038,commentary_support,柯琴《傷寒論注》對本條有注（對齊相似度0.94）。,傷寒論注:p475,citation_to_node_unique,{},0.938,pending,
REL_03672,SHL_SONGBEN_0237,clause,SHSRC0033,CR_LUNZHU_0114,commentary,SHSRC0038,commentary_support,柯琴《傷寒論注》對本條有注（對齊相似度0.81）。,傷寒論注:p481,citation_to_node_unique,{},0.815,pending,
REL_03673,SHL_SONGBEN_0257,clause,SHSRC0033,CR_LUNZHU_0115,commentary,SHSRC0038,commentary_support,柯琴《傷寒論注》對本條有注（對齊相似度0.74）。,傷寒論注:p483,citation_to_node_unique,{},0.739,pending,
REL_03674,SHL_SONGBEN_0111,clause,SHSRC0033,CR_LUNZHU_0116,commentary,SHSRC0038,commentary_support,柯琴《傷寒論注》對本條有注（對齊相似度0.91）。,傷寒論注:p486,citation_to_node_unique,{},0.91,pending,
REL_03675,SHL_SONGBEN_0110,clause,SHSRC0033,CR_LUNZHU_0117,commentary,SHSRC0038,commentary_support,柯琴《傷寒論注》對本條有注（對齊相似度0.76）。,傷寒論注:p488,citation_to_node_unique,{},0.759,pending,
REL_03676,SHL_SONGBEN_0114,clause,SHSRC0033,CR_LUNZHU_0118,commentary,SHSRC0038,commentary_support,柯琴《傷寒論注》對本條有注（對齊相似度0.75）。,傷寒論注:p491,citation_to_node_unique,{},0.75,pending,
REL_03677,SHL_SONGBEN_0112,clause,SHSRC0033,CR_LUNZHU_0054,commentary,SHSRC0038,commentary_support,柯琴《傷寒論注》對本條有注（對齊相似度0.83）。,傷寒論注:p493,citation_to_node_first_of_multiple,{},0.833,pending,
REL_03678,SHL_SONGBEN_0119,clause,SHSRC0033,CR_LUNZHU_0120,commentary,SHSRC0038,commentary_support,柯琴《傷寒論注》對本條有注（對齊相似度1.00）。,傷寒論注:p497,citation_to_node_unique,{},1.0,pending,
REL_03679,SHL_SONGBEN_0118,clause,SHSRC0033,CR_LUNZHU_0055,commentary,SHSRC0038,commentary_support,柯琴《傷寒論注》對本條有注（對齊相似度1.00）。,傷寒論注:p501,citation_to_node_first_of_multiple,{},1.0,pending,
REL_03680,SHL_SONGBEN_0117,clause,SHSRC0033,CR_LUNZHU_0053,commentary,SHSRC0038,commentary_support,柯琴《傷寒論注》對本條有注（對齊相似度0.90）。,傷寒論注:p505,citation_to_node_first_of_multiple,{},0.9,pending,
REL_03681,SHL_SONGBEN_0174,clause,SHSRC0033,CR_LUNZHU_0123,commentary,SHSRC0038,commentary_support,柯琴《傷寒論注》對本條有注（對齊相似度0.86）。,傷寒論注:p529,citation_to_node_unique,{},0.863,pending,
REL_03682,SHL_SONGBEN_0175,clause,SHSRC0033,CR_LUNZHU_0124,commentary,SHSRC0038,commentary_support,柯琴《傷寒論注》對本條有注（對齊相似度0.93）。,傷寒論注:p535,citation_to_node_unique,{},0.932,pending,
REL_03683,SHL_SONGBEN_0180,clause,SHSRC0033,CR_LUNZHU_0125,commentary,SHSRC0038,commentary_support,柯琴《傷寒論注》對本條有注（對齊相似度0.82）。,傷寒論注:p557,citation_to_node_unique,{},0.824,pending,
REL_03684,SHL_SONGBEN_0182,clause,SHSRC0033,CR_LUNZHU_0126,commentary,SHSRC0038,commentary_support,柯琴《傷寒論注》對本條有注（對齊相似度1.00）。,傷寒論注:p559,citation_to_node_unique,{},1.0,pending,
REL_03685,SHL_SONGBEN_0201,clause,SHSRC0033,CR_LUNZHU_0127,commentary,SHSRC0038,commentary_support,柯琴《傷寒論注》對本條有注（對齊相似度1.00）。,傷寒論注:p562,citation_to_node_first_of_multiple,{},1.0,pending,
REL_03686,SHL_SONGBEN_0186,clause,SHSRC0033,CR_LUNZHU_0128,commentary,SHSRC0038,commentary_support,柯琴《傷寒論注》對本條有注（對齊相似度1.00）。,傷寒論注:p564,citation_to_node_unique,{},1.0,pending,
REL_03687,SHL_SONGBEN_0205,clause,SHSRC0033,CR_LUNZHU_0129,commentary,SHSRC0038,commentary_support,柯琴《傷寒論注》對本條有注（對齊相似度0.90）。,傷寒論注:p569,citation_to_node_unique,{},0.905,pending,
REL_03688,SHL_SONGBEN_0204,clause,SHSRC0033,CR_LUNZHU_0130,commentary,SHSRC0038,commentary_support,柯琴《傷寒論注》對本條有注（對齊相似度1.00）。,傷寒論注:p571,citation_to_node_first_of_multiple,{},1.0,pending,
REL_03689,SHL_SONGBEN_0233,clause,SHSRC0033,CR_LUNZHU_0131,commentary,SHSRC0038,commentary_support,柯琴《傷寒論注》對本條有注（對齊相似度0.87）。,傷寒論注:p573,citation_to_node_unique,{},0.874,pending,
REL_03690,SHL_SONGBEN_0203,clause,SHSRC0033,CR_LUNZHU_0132,commentary,SHSRC0038,commentary_support,柯琴《傷寒論注》對本條有注（對齊相似度0.91）。,傷寒論注:p575,citation_to_node_unique,{},0.91,pending,
REL_03691,SHL_SONGBEN_0183,clause,SHSRC0033,CR_LUNZHU_0133,commentary,SHSRC0038,commentary_support,柯琴《傷寒論注》對本條有注（對齊相似度1.00）。,傷寒論注:p580,citation_to_node_unique,{},1.0,pending,
REL_03692,SHL_SONGBEN_0184,clause,SHSRC0033,CR_LUNZHU_0134,commentary,SHSRC0038,commentary_support,柯琴《傷寒論注》對本條有注（對齊相似度0.96）。,傷寒論注:p582,citation_to_node_unique,{},0.958,pending,
REL_03693,SHL_SONGBEN_0181,clause,SHSRC0033,CR_LUNZHU_0135,commentary,SHSRC0038,commentary_support,柯琴《傷寒論注》對本條有注（對齊相似度0.73）。,傷寒論注:p585,citation_to_node_unique,{},0.727,pending,
REL_03694,SHL_SONGBEN_0245,clause,SHSRC0033,CR_LUNZHU_0136,commentary,SHSRC0038,commentary_support,柯琴《傷寒論注》對本條有注（對齊相似度0.82）。,傷寒論注:p587,citation_to_node_unique,{},0.816,pending,
REL_03695,SHL_SONGBEN_0188,clause,SHSRC0033,CR_LUNZHU_0137,commentary,SHSRC0038,commentary_support,柯琴《傷寒論注》對本條有注（對齊相似度0.74）。,傷寒論注:p591,citation_to_node_unique,{},0.741,pending,
REL_03696,SHL_SONGBEN_0185,clause,SHSRC0033,CR_LUNZHU_0138,commentary,SHSRC0038,commentary_support,柯琴《傷寒論注》對本條有注（對齊相似度0.66）。,傷寒論注:p593,citation_to_node_unique,{},0.656,pending,
REL_03697,SHL_SONGBEN_0244,clause,SHSRC0033,CR_LUNZHU_0139,commentary,SHSRC0038,commentary_support,柯琴《傷寒論注》對本條有注（對齊相似度0.86）。,傷寒論注:p595,citation_to_node_unique,{},0.864,pending,
REL_03698,SHL_SONGBEN_0187,clause,SHSRC0033,CR_LUNZHU_0140,commentary,SHSRC0038,commentary_support,柯琴《傷寒論注》對本條有注（對齊相似度0.85）。,傷寒論注:p597,citation_to_node_unique,{},0.847,pending,
REL_03699,SHL_SONGBEN_0235,clause,SHSRC0033,CR_LUNZHU_0066,commentary,SHSRC0038,commentary_support,柯琴《傷寒論注》對本條有注（對齊相似度1.00）。,傷寒論注:p607,citation_to_node_first_of_multiple,{},1.0,pending,
REL_03700,SHL_SONGBEN_0201,clause,SHSRC0033,CR_LUNZHU_0127,commentary,SHSRC0038,commentary_support,柯琴《傷寒論注》對本條有注（對齊相似度1.00）。,傷寒論注:p609,citation_to_node_first_of_multiple,{},1.0,pending,
REL_03701,SHL_SONGBEN_0196,clause,SHSRC0033,CR_LUNZHU_0143,commentary,SHSRC0038,commentary_support,柯琴《傷寒論注》對本條有注（對齊相似度0.77）。,傷寒論注:p613,citation_to_node_unique,{},0.773,pending,
REL_03702,SHL_SONGBEN_0197,clause,SHSRC0033,CR_LUNZHU_0144,commentary,SHSRC0038,commentary_support,柯琴《傷寒論注》對本條有注（對齊相似度0.88）。,傷寒論注:p615,citation_to_node_unique,{},0.882,pending,
REL_03703,SHL_SONGBEN_0198,clause,SHSRC0033,CR_LUNZHU_0145,commentary,SHSRC0038,commentary_support,柯琴《傷寒論注》對本條有注（對齊相似度0.72）。,傷寒論注:p617,citation_to_node_unique,{},0.72,pending,
REL_03704,SHL_SONGBEN_0227,clause,SHSRC0033,CR_LUNZHU_0146,commentary,SHSRC0038,commentary_support,柯琴《傷寒論注》對本條有注（對齊相似度1.00）。,傷寒論注:p620,citation_to_node_unique,{},1.0,pending,
REL_03705,SHL_SONGBEN_0218,clause,SHSRC0033,CR_LUNZHU_0147,commentary,SHSRC0038,commentary_support,柯琴《傷寒論注》對本條有注（對齊相似度0.88）。,傷寒論注:p626,citation_to_node_unique,{},0.882,pending,
REL_03706,SHL_SONGBEN_0211,clause,SHSRC0033,CR_LUNZHU_0148,commentary,SHSRC0038,commentary_support,柯琴《傷寒論注》對本條有注（對齊相似度1.00）。,傷寒論注:p629,citation_to_node_unique,{},1.0,pending,
REL_03707,SHL_SONGBEN_0143,clause,SHSRC0033,CR_LUNZHU_0149,commentary,SHSRC0038,commentary_support,柯琴《傷寒論注》對本條有注（對齊相似度0.92）。,傷寒論注:p638,citation_to_node_unique,{},0.922,pending,
REL_03708,SHL_SONGBEN_0145,clause,SHSRC0033,CR_LUNZHU_0150,commentary,SHSRC0038,commentary_support,柯琴《傷寒論注》對本條有注（對齊相似度0.79）。,傷寒論注:p640,citation_to_node_unique,{},0.789,pending,
REL_03709,SHL_SONGBEN_0189,clause,SHSRC0033,CR_LUNZHU_0151,commentary,SHSRC0038,commentary_support,柯琴《傷寒論注》對本條有注（對齊相似度1.00）。,傷寒論注:p644,citation_to_node_unique,{},1.0,pending,
REL_03710,SHL_SONGBEN_0231,clause,SHSRC0033,CR_LUNZHU_0152,commentary,SHSRC0038,commentary_support,柯琴《傷寒論注》對本條有注（對齊相似度0.74）。,傷寒論注:p647,citation_to_node_unique,{},0.742,pending,
REL_03711,SHL_SONGBEN_0190,clause,SHSRC0033,CR_LUNZHU_0153,commentary,SHSRC0038,commentary_support,柯琴《傷寒論注》對本條有注（對齊相似度1.00）。,傷寒論注:p651,citation_to_node_unique,{},1.0,pending,
REL_03712,SHL_SONGBEN_0191,clause,SHSRC0033,CR_LUNZHU_0154,commentary,SHSRC0038,commentary_support,柯琴《傷寒論注》對本條有注（對齊相似度0.84）。,傷寒論注:p654,citation_to_node_unique,{},0.841,pending,
REL_03713,SHL_SONGBEN_0226,clause,SHSRC0033,CR_LUNZHU_0155,commentary,SHSRC0038,commentary_support,柯琴《傷寒論注》對本條有注（對齊相似度1.00）。,傷寒論注:p658,citation_to_node_unique,{},1.0,pending,
REL_03714,SHL_SONGBEN_0195,clause,SHSRC0033,CR_LUNZHU_0156,commentary,SHSRC0038,commentary_support,柯琴《傷寒論注》對本條有注（對齊相似度0.91）。,傷寒論注:p660,citation_to_node_unique,{},0.907,pending,
REL_03715,SHL_SONGBEN_0333,clause,SHSRC0033,CR_LUNZHU_0157,commentary,SHSRC0038,commentary_support,柯琴《傷寒論注》對本條有注（對齊相似度1.00）。,傷寒論注:p662,citation_to_node_unique,{},1.0,pending,
REL_03716,SHL_SONGBEN_0192,clause,SHSRC0033,CR_LUNZHU_0158,commentary,SHSRC0038,commentary_support,柯琴《傷寒論注》對本條有注（對齊相似度0.85）。,傷寒論注:p664,citation_to_node_unique,{},0.848,pending,
REL_03717,SHL_SONGBEN_0380,clause,SHSRC0033,CR_LUNZHU_0159,commentary,SHSRC0038,commentary_support,柯琴《傷寒論注》對本條有注（對齊相似度0.91）。,傷寒論注:p668,citation_to_node_unique,{},0.911,pending,
REL_03718,SHL_SONGBEN_0193,clause,SHSRC0033,CR_LUNZHU_0160,commentary,SHSRC0038,commentary_support,柯琴《傷寒論注》對本條有注（對齊相似度1.00）。,傷寒論注:p671,citation_to_node_unique,{},1.0,pending,
REL_03719,SHL_SONGBEN_0221,clause,SHSRC0033,CR_LUNZHU_0161,commentary,SHSRC0038,commentary_support,柯琴《傷寒論注》對本條有注（對齊相似度0.87）。,傷寒論注:p674,citation_to_node_unique,{},0.872,pending,
REL_03720,SHL_SONGBEN_0222,clause,SHSRC0033,CR_LUNZHU_0162,commentary,SHSRC0038,commentary_support,柯琴《傷寒論注》對本條有注（對齊相似度1.00）。,傷寒論注:p677,citation_to_node_first_of_multiple,{},1.0,pending,
REL_03721,SHL_SONGBEN_0223,clause,SHSRC0033,CR_LUNZHU_0163,commentary,SHSRC0038,commentary_support,柯琴《傷寒論注》對本條有注（對齊相似度1.00）。,傷寒論注:p679,citation_to_node_first_of_multiple,{},1.0,pending,
REL_03722,SHL_SONGBEN_0076,clause,SHSRC0033,CR_LUNZHU_0164,commentary,SHSRC0038,commentary_support,柯琴《傷寒論注》對本條有注（對齊相似度0.80）。,傷寒論注:p681,citation_to_node_unique,{},0.8,pending,
REL_03723,SHL_SONGBEN_0077,clause,SHSRC0033,CR_LUNZHU_0165,commentary,SHSRC0038,commentary_support,柯琴《傷寒論注》對本條有注（對齊相似度0.91）。,傷寒論注:p683,citation_to_node_unique,{},0.914,pending,
REL_03724,SHL_SONGBEN_0375,clause,SHSRC0033,CR_LUNZHU_0166,commentary,SHSRC0038,commentary_support,柯琴《傷寒論注》對本條有注（對齊相似度0.92）。,傷寒論注:p685,citation_to_node_unique,{},0.919,pending,
REL_03725,SHL_SONGBEN_0228,clause,SHSRC0033,CR_LUNZHU_0167,commentary,SHSRC0038,commentary_support,柯琴《傷寒論注》對本條有注（對齊相似度0.95）。,傷寒論注:p687,citation_to_node_unique,{},0.954,pending,
REL_03726,SHL_SONGBEN_0078,clause,SHSRC0033,CR_LUNZHU_0168,commentary,SHSRC0038,commentary_support,柯琴《傷寒論注》對本條有注（對齊相似度0.94）。,傷寒論注:p689,citation_to_node_unique,{},0.943,pending,
REL_03727,SHL_SONGBEN_0080,clause,SHSRC0033,CR_LUNZHU_0169,commentary,SHSRC0038,commentary_support,柯琴《傷寒論注》對本條有注（對齊相似度1.00）。,傷寒論注:p696,citation_to_node_unique,{},1.0,pending,
REL_03728,SHL_SONGBEN_0079,clause,SHSRC0033,CR_LUNZHU_0170,commentary,SHSRC0038,commentary_support,柯琴《傷寒論注》對本條有注（對齊相似度0.84）。,傷寒論注:p698,citation_to_node_unique,{},0.842,pending,
REL_03729,SHL_SONGBEN_0261,clause,SHSRC0033,CR_LUNZHU_0171,commentary,SHSRC0038,commentary_support,柯琴《傷寒論注》對本條有注（對齊相似度0.64）。,傷寒論注:p704,citation_to_node_unique,{},0.64,pending,
REL_03730,SHL_SONGBEN_0199,clause,SHSRC0033,CR_LUNZHU_0172,commentary,SHSRC0038,commentary_support,柯琴《傷寒論注》對本條有注（對齊相似度0.91）。,傷寒論注:p707,citation_to_node_unique,{},0.909,pending,
REL_03731,SHL_SONGBEN_0200,clause,SHSRC0033,CR_LUNZHU_0173,commentary,SHSRC0038,commentary_support,柯琴《傷寒論注》對本條有注（對齊相似度1.00）。,傷寒論注:p709,citation_to_node_unique,{},1.0,pending,
REL_03732,SHL_SONGBEN_0081,clause,SHSRC0033,CR_LUNZHU_0174,commentary,SHSRC0038,commentary_support,柯琴《傷寒論注》對本條有注（對齊相似度0.87）。,傷寒論注:p714,citation_to_node_unique,{},0.867,pending,
REL_03733,SHL_SONGBEN_0166,clause,SHSRC0033,CR_LUNZHU_0175,commentary,SHSRC0038,commentary_support,柯琴《傷寒論注》對本條有注（對齊相似度0.88）。,傷寒論注:p716,citation_to_node_unique,{},0.875,pending,
REL_03734,SHL_SONGBEN_0355,clause,SHSRC0033,CR_LUNZHU_0176,commentary,SHSRC0038,commentary_support,柯琴《傷寒論注》對本條有注（對齊相似度0.90）。,傷寒論注:p719,citation_to_node_unique,{},0.896,pending,
REL_03735,SHL_SONGBEN_0324,clause,SHSRC0033,CR_LUNZHU_0177,commentary,SHSRC0038,commentary_support,柯琴《傷寒論注》對本條有注（對齊相似度0.96）。,傷寒論注:p722,citation_to_node_unique,{},0.965,pending,
REL_03736,SHL_SONGBEN_0120,clause,SHSRC0033,CR_LUNZHU_0178,commentary,SHSRC0038,commentary_support,柯琴《傷寒論注》對本條有注（對齊相似度0.96）。,傷寒論注:p729,citation_to_node_unique,{},0.959,pending,
REL_03737,SHL_SONGBEN_0121,clause,SHSRC0033,CR_LUNZHU_0179,commentary,SHSRC0038,commentary_support,柯琴《傷寒論注》對本條有注（對齊相似度1.00）。,傷寒論注:p732,citation_to_node_unique,{},1.0,pending,
REL_03738,SHL_SONGBEN_0170,clause,SHSRC0033,CR_LUNZHU_0180,commentary,SHSRC0038,commentary_support,柯琴《傷寒論注》對本條有注（對齊相似度0.95）。,傷寒論注:p734,citation_to_node_unique,{},0.954,pending,
REL_03739,SHL_SONGBEN_0026,clause,SHSRC0033,CR_LUNZHU_0181,commentary,SHSRC0038,commentary_support,柯琴《傷寒論注》對本條有注（對齊相似度1.00）。,傷寒論注:p736,citation_to_node_unique,{},1.0,pending,
REL_03740,SHL_SONGBEN_0169,clause,SHSRC0033,CR_LUNZHU_0182,commentary,SHSRC0038,commentary_support,柯琴《傷寒論注》對本條有注（對齊相似度1.00）。,傷寒論注:p738,citation_to_node_unique,{},1.0,pending,
REL_03741,SHL_SONGBEN_0168,clause,SHSRC0033,CR_LUNZHU_0183,commentary,SHSRC0038,commentary_support,柯琴《傷寒論注》對本條有注（對齊相似度0.87）。,傷寒論注:p740,citation_to_node_unique,{},0.867,pending,
REL_03742,SHL_SONGBEN_0222,clause,SHSRC0033,CR_LUNZHU_0162,commentary,SHSRC0038,commentary_support,柯琴《傷寒論注》對本條有注（對齊相似度0.92）。,傷寒論注:p742,citation_to_node_first_of_multiple,{},0.919,pending,
REL_03743,SHL_SONGBEN_0219,clause,SHSRC0033,CR_LUNZHU_0185,commentary,SHSRC0038,commentary_support,柯琴《傷寒論注》對本條有注（對齊相似度0.84）。,傷寒論注:p744,citation_to_node_unique,{},0.841,pending,
REL_03744,SHL_SONGBEN_0176,clause,SHSRC0033,CR_LUNZHU_0186,commentary,SHSRC0038,commentary_support,柯琴《傷寒論注》對本條有注（對齊相似度0.67）。,傷寒論注:p748,citation_to_node_unique,{},0.667,pending,
REL_03745,SHL_SONGBEN_0350,clause,SHSRC0033,CR_LUNZHU_0187,commentary,SHSRC0038,commentary_support,柯琴《傷寒論注》對本條有注（對齊相似度0.76）。,傷寒論注:p750,citation_to_node_first_of_multiple,{},0.759,pending,
REL_03746,SHL_SONGBEN_0236,clause,SHSRC0033,CR_LUNZHU_0188,commentary,SHSRC0038,commentary_support,柯琴《傷寒論注》對本條有注（對齊相似度0.82）。,傷寒論注:p758,citation_to_node_unique,{},0.825,pending,
REL_03747,SHL_SONGBEN_0260,clause,SHSRC0033,CR_LUNZHU_0189,commentary,SHSRC0038,commentary_support,柯琴《傷寒論注》對本條有注（對齊相似度1.00）。,傷寒論注:p760,citation_to_node_unique,{},1.0,pending,
REL_03748,SHL_SONGBEN_0259,clause,SHSRC0033,CR_LUNZHU_0190,commentary,SHSRC0038,commentary_support,柯琴《傷寒論注》對本條有注（對齊相似度0.82）。,傷寒論注:p766,citation_to_node_unique,{},0.82,pending,
REL_03749,SHL_SONGBEN_0248,clause,SHSRC0033,CR_LUNZHU_0191,commentary,SHSRC0038,commentary_support,柯琴《傷寒論注》對本條有注（對齊相似度0.76）。,傷寒論注:p771,citation_to_node_unique,{},0.759,pending,
REL_03750,SHL_SONGBEN_0070,clause,SHSRC0033,CR_LUNZHU_0192,commentary,SHSRC0038,commentary_support,柯琴《傷寒論注》對本條有注（對齊相似度0.90）。,傷寒論注:p773,citation_to_node_unique,{},0.902,pending,
REL_03751,SHL_SONGBEN_0249,clause,SHSRC0033,CR_LUNZHU_0193,commentary,SHSRC0038,commentary_support,柯琴《傷寒論注》對本條有注（對齊相似度1.00）。,傷寒論注:p777,citation_to_node_unique,{},1.0,pending,
REL_03752,SHL_SONGBEN_0207,clause,SHSRC0033,CR_LUNZHU_0194,commentary,SHSRC0038,commentary_support,柯琴《傷寒論注》對本條有注（對齊相似度1.00）。,傷寒論注:p779,citation_to_node_unique,{},1.0,pending,
REL_03753,SHL_SONGBEN_0123,clause,SHSRC0033,CR_LUNZHU_0195,commentary,SHSRC0038,commentary_support,柯琴《傷寒論注》對本條有注（對齊相似度0.60）。,傷寒論注:p781,citation_to_node_first_of_multiple,{},0.6,pending,
REL_03754,SHL_SONGBEN_0105,clause,SHSRC0033,CR_LUNZHU_0196,commentary,SHSRC0038,commentary_support,柯琴《傷寒論注》對本條有注（對齊相似度0.90）。,傷寒論注:p783,citation_to_node_unique,{},0.897,pending,
REL_03755,SHL_SONGBEN_0250,clause,SHSRC0033,CR_LUNZHU_0197,commentary,SHSRC0038,commentary_support,柯琴《傷寒論注》對本條有注（對齊相似度0.81）。,傷寒論注:p787,citation_to_node_unique,{},0.815,pending,
REL_03756,SHL_SONGBEN_0251,clause,SHSRC0033,CR_LUNZHU_0198,commentary,SHSRC0038,commentary_support,柯琴《傷寒論注》對本條有注（對齊相似度0.62）。,傷寒論注:p790,citation_to_node_unique,{},0.622,pending,
REL_03757,SHL_SONGBEN_0208,clause,SHSRC0033,CR_LUNZHU_0199,commentary,SHSRC0038,commentary_support,柯琴《傷寒論注》對本條有注（對齊相似度0.88）。,傷寒論注:p793,citation_to_node_unique,{},0.881,pending,
REL_03758,SHL_SONGBEN_0209,clause,SHSRC0033,CR_LUNZHU_0200,commentary,SHSRC0038,commentary_support,柯琴《傷寒論注》對本條有注（對齊相似度0.60）。,傷寒論注:p796,citation_to_node_unique,{},0.601,pending,
REL_03759,SHL_SONGBEN_0214,clause,SHSRC0033,CR_LUNZHU_0201,commentary,SHSRC0038,commentary_support,柯琴《傷寒論注》對本條有注（對齊相似度0.88）。,傷寒論注:p798,citation_to_node_unique,{},0.881,pending,
REL_03760,SHL_SONGBEN_0212,clause,SHSRC0033,CR_LUNZHU_0202,commentary,SHSRC0038,commentary_support,柯琴《傷寒論注》對本條有注（對齊相似度0.85）。,傷寒論注:p801,citation_to_node_unique,{},0.847,pending,
REL_03761,SHL_SONGBEN_0213,clause,SHSRC0033,CR_LUNZHU_0203,commentary,SHSRC0038,commentary_support,柯琴《傷寒論注》對本條有注（對齊相似度0.88）。,傷寒論注:p803,citation_to_node_unique,{},0.88,pending,
REL_03762,SHL_SONGBEN_0374,clause,SHSRC0033,CR_LUNZHU_0204,commentary,SHSRC0038,commentary_support,柯琴《傷寒論注》對本條有注（對齊相似度1.00）。,傷寒論注:p805,citation_to_node_unique,{},1.0,pending,
REL_03763,SHL_SONGBEN_0217,clause,SHSRC0033,CR_LUNZHU_0205,commentary,SHSRC0038,commentary_support,柯琴《傷寒論注》對本條有注（對齊相似度0.79）。,傷寒論注:p807,citation_to_node_unique,{},0.79,pending,
REL_03764,SHL_SONGBEN_0215,clause,SHSRC0033,CR_LUNZHU_0206,commentary,SHSRC0038,commentary_support,柯琴《傷寒論注》對本條有注（對齊相似度0.88）。,傷寒論注:p810,citation_to_node_unique,{},0.882,pending,
REL_03765,SHL_SONGBEN_0238,clause,SHSRC0033,CR_LUNZHU_0207,commentary,SHSRC0038,commentary_support,柯琴《傷寒論注》對本條有注（對齊相似度0.82）。,傷寒論注:p812,citation_to_node_unique,{},0.817,pending,
REL_03766,SHL_SONGBEN_0239,clause,SHSRC0033,CR_LUNZHU_0208,commentary,SHSRC0038,commentary_support,柯琴《傷寒論注》對本條有注（對齊相似度0.83）。,傷寒論注:p814,citation_to_node_unique,{},0.833,pending,
REL_03767,SHL_SONGBEN_0242,clause,SHSRC0033,CR_LUNZHU_0209,commentary,SHSRC0038,commentary_support,柯琴《傷寒論注》對本條有注（對齊相似度0.93）。,傷寒論注:p816,citation_to_node_unique,{},0.933,pending,
REL_03768,SHL_SONGBEN_0241,clause,SHSRC0033,CR_LUNZHU_0210,commentary,SHSRC0038,commentary_support,柯琴《傷寒論注》對本條有注（對齊相似度0.96）。,傷寒論注:p818,citation_to_node_unique,{},0.958,pending,
REL_03769,SHL_SONGBEN_0255,clause,SHSRC0033,CR_LUNZHU_0211,commentary,SHSRC0038,commentary_support,柯琴《傷寒論注》對本條有注（對齊相似度1.00）。,傷寒論注:p822,citation_to_node_unique,{},1.0,pending,
REL_03770,SHL_SONGBEN_0220,clause,SHSRC0033,CR_LUNZHU_0212,commentary,SHSRC0038,commentary_support,柯琴《傷寒論注》對本條有注（對齊相似度0.88）。,傷寒論注:p824,citation_to_node_unique,{},0.875,pending,
REL_03771,SHL_SONGBEN_0254,clause,SHSRC0033,CR_LUNZHU_0213,commentary,SHSRC0038,commentary_support,柯琴《傷寒論注》對本條有注（對齊相似度1.00）。,傷寒論注:p826,citation_to_node_unique,{},1.0,pending,
REL_03772,SHL_SONGBEN_0253,clause,SHSRC0033,CR_LUNZHU_0214,commentary,SHSRC0038,commentary_support,柯琴《傷寒論注》對本條有注（對齊相似度1.00）。,傷寒論注:p828,citation_to_node_unique,{},1.0,pending,
REL_03773,SHL_SONGBEN_0252,clause,SHSRC0033,CR_LUNZHU_0215,commentary,SHSRC0038,commentary_support,柯琴《傷寒論注》對本條有注（對齊相似度0.94）。,傷寒論注:p830,citation_to_node_unique,{},0.943,pending,
REL_03774,SHL_SONGBEN_0320,clause,SHSRC0033,CR_LUNZHU_0216,commentary,SHSRC0038,commentary_support,柯琴《傷寒論注》對本條有注（對齊相似度0.88）。,傷寒論注:p832,citation_to_node_unique,{},0.884,pending,
REL_03775,SHL_SONGBEN_0322,clause,SHSRC0033,CR_LUNZHU_0217,commentary,SHSRC0038,commentary_support,柯琴《傷寒論注》對本條有注（對齊相似度1.00）。,傷寒論注:p835,citation_to_node_unique,{},1.0,pending,
REL_03776,SHL_SONGBEN_0263,clause,SHSRC0033,CR_LUNZHU_0218,commentary,SHSRC0038,commentary_support,柯琴《傷寒論注》對本條有注（對齊相似度1.00）。,傷寒論注:p848,citation_to_node_unique,{},1.0,pending,
REL_03777,SHL_SONGBEN_0265,clause,SHSRC0033,CR_LUNZHU_0219,commentary,SHSRC0038,commentary_support,柯琴《傷寒論注》對本條有注（對齊相似度0.94）。,傷寒論注:p850,citation_to_node_unique,{},0.941,pending,
REL_03778,SHL_SONGBEN_0264,clause,SHSRC0033,CR_LUNZHU_0220,commentary,SHSRC0038,commentary_support,柯琴《傷寒論注》對本條有注（對齊相似度1.00）。,傷寒論注:p853,citation_to_node_unique,{},1.0,pending,
REL_03779,SHL_SONGBEN_0271,clause,SHSRC0033,CR_LUNZHU_0221,commentary,SHSRC0038,commentary_support,柯琴《傷寒論注》對本條有注（對齊相似度1.00）。,傷寒論注:p856,citation_to_node_unique,{},1.0,pending,
REL_03780,SHL_SONGBEN_0272,clause,SHSRC0033,CR_LUNZHU_0222,commentary,SHSRC0038,commentary_support,柯琴《傷寒論注》對本條有注（對齊相似度1.00）。,傷寒論注:p858,citation_to_node_unique,{},1.0,pending,
REL_03781,SHL_SONGBEN_0142,clause,SHSRC0033,CR_LUNZHU_0223,commentary,SHSRC0038,commentary_support,柯琴《傷寒論注》對本條有注（對齊相似度0.83）。,傷寒論注:p860,citation_to_node_unique,{},0.835,pending,
REL_03782,SHL_SONGBEN_0150,clause,SHSRC0033,CR_LUNZHU_0224,commentary,SHSRC0038,commentary_support,柯琴《傷寒論注》對本條有注（對齊相似度0.85）。,傷寒論注:p864,citation_to_node_unique,{},0.852,pending,
REL_03783,SHL_SONGBEN_0096,clause,SHSRC0033,CR_LUNZHU_0225,commentary,SHSRC0038,commentary_support,柯琴《傷寒論注》對本條有注（對齊相似度0.83）。,傷寒論注:p866,citation_to_node_unique,{},0.831,pending,
REL_03784,SHL_SONGBEN_0097,clause,SHSRC0033,CR_LUNZHU_0226,commentary,SHSRC0038,commentary_support,柯琴《傷寒論注》對本條有注（對齊相似度0.66）。,傷寒論注:p869,citation_to_node_unique,{},0.661,pending,
REL_03785,SHL_SONGBEN_0379,clause,SHSRC0033,CR_LUNZHU_0227,commentary,SHSRC0038,commentary_support,柯琴《傷寒論注》對本條有注（對齊相似度1.00）。,傷寒論注:p878,citation_to_node_unique,{},1.0,pending,
REL_03786,SHL_SONGBEN_0148,clause,SHSRC0033,CR_LUNZHU_0228,commentary,SHSRC0038,commentary_support,柯琴《傷寒論注》對本條有注（對齊相似度0.87）。,傷寒論注:p880,citation_to_node_unique,{},0.873,pending,
REL_03787,SHL_SONGBEN_0099,clause,SHSRC0033,CR_LUNZHU_0229,commentary,SHSRC0038,commentary_support,柯琴《傷寒論注》對本條有注（對齊相似度0.85）。,傷寒論注:p884,citation_to_node_unique,{},0.846,pending,
REL_03788,SHL_SONGBEN_0229,clause,SHSRC0033,CR_LUNZHU_0230,commentary,SHSRC0038,commentary_support,柯琴《傷寒論注》對本條有注（對齊相似度0.71）。,傷寒論注:p887,citation_to_node_unique,{},0.711,pending,
REL_03789,SHL_SONGBEN_0230,clause,SHSRC0033,CR_LUNZHU_0231,commentary,SHSRC0038,commentary_support,柯琴《傷寒論注》對本條有注（對齊相似度0.80）。,傷寒論注:p889,citation_to_node_unique,{},0.805,pending,
REL_03790,SHL_SONGBEN_0204,clause,SHSRC0033,CR_LUNZHU_0130,commentary,SHSRC0038,commentary_support,柯琴《傷寒論注》對本條有注（對齊相似度1.00）。,傷寒論注:p891,citation_to_node_first_of_multiple,{},1.0,pending,
REL_03791,SHL_SONGBEN_0144,clause,SHSRC0033,CR_LUNZHU_0233,commentary,SHSRC0038,commentary_support,柯琴《傷寒論注》對本條有注（對齊相似度1.00）。,傷寒論注:p896,citation_to_node_unique,{},1.0,pending,
REL_03792,SHL_SONGBEN_0146,clause,SHSRC0033,CR_LUNZHU_0035,commentary,SHSRC0038,commentary_support,柯琴《傷寒論注》對本條有注（對齊相似度0.94）。,傷寒論注:p900,citation_to_node_first_of_multiple,{},0.935,pending,
REL_03793,SHL_SONGBEN_0100,clause,SHSRC0033,CR_LUNZHU_0235,commentary,SHSRC0038,commentary_support,柯琴《傷寒論注》對本條有注（對齊相似度0.75）。,傷寒論注:p906,citation_to_node_first_of_multiple,{},0.75,pending,
REL_03794,SHL_SONGBEN_0267,clause,SHSRC0033,CR_LUNZHU_0236,commentary,SHSRC0038,commentary_support,柯琴《傷寒論注》對本條有注（對齊相似度0.94）。,傷寒論注:p909,citation_to_node_unique,{},0.941,pending,
REL_03795,SHL_SONGBEN_0101,clause,SHSRC0033,CR_LUNZHU_0237,commentary,SHSRC0038,commentary_support,柯琴《傷寒論注》對本條有注（對齊相似度0.67）。,傷寒論注:p911,citation_to_node_unique,{},0.667,pending,
REL_03796,SHL_SONGBEN_0149,clause,SHSRC0033,CR_LUNZHU_0238,commentary,SHSRC0038,commentary_support,柯琴《傷寒論注》對本條有注（對齊相似度0.60）。,傷寒論注:p913,citation_to_node_unique,{},0.6,pending,
REL_03797,SHL_SONGBEN_0098,clause,SHSRC0033,CR_LUNZHU_0239,commentary,SHSRC0038,commentary_support,柯琴《傷寒論注》對本條有注（對齊相似度0.86）。,傷寒論注:p916,citation_to_node_unique,{},0.864,pending,
REL_03798,SHL_SONGBEN_0147,clause,SHSRC0033,CR_LUNZHU_0240,commentary,SHSRC0038,commentary_support,柯琴《傷寒論注》對本條有注（對齊相似度0.88）。,傷寒論注:p919,citation_to_node_unique,{},0.879,pending,
REL_03799,SHL_SONGBEN_0107,clause,SHSRC0033,CR_LUNZHU_0241,commentary,SHSRC0038,commentary_support,柯琴《傷寒論注》對本條有注（對齊相似度1.00）。,傷寒論注:p924,citation_to_node_unique,{},1.0,pending,
REL_03800,SHL_SONGBEN_0104,clause,SHSRC0033,CR_LUNZHU_0242,commentary,SHSRC0038,commentary_support,柯琴《傷寒論注》對本條有注（對齊相似度0.84）。,傷寒論注:p930,citation_to_node_unique,{},0.836,pending,
REL_03801,SHL_SONGBEN_0123,clause,SHSRC0033,CR_LUNZHU_0195,commentary,SHSRC0038,commentary_support,柯琴《傷寒論注》對本條有注（對齊相似度0.84）。,傷寒論注:p933,citation_to_node_first_of_multiple,{},0.844,pending,
REL_03802,SHL_SONGBEN_0103,clause,SHSRC0033,CR_LUNZHU_0244,commentary,SHSRC0038,commentary_support,柯琴《傷寒論注》對本條有注（對齊相似度0.90）。,傷寒論注:p938,citation_to_node_unique,{},0.896,pending,
REL_03803,SHL_SONGBEN_0165,clause,SHSRC0033,CR_LUNZHU_0245,commentary,SHSRC0038,commentary_support,柯琴《傷寒論注》對本條有注（對齊相似度0.83）。,傷寒論注:p943,citation_to_node_unique,{},0.826,pending,
REL_03804,SHL_SONGBEN_0102,clause,SHSRC0033,CR_LUNZHU_0246,commentary,SHSRC0038,commentary_support,柯琴《傷寒論注》對本條有注（對齊相似度1.00）。,傷寒論注:p948,citation_to_node_unique,{},1.0,pending,
REL_03805,SHL_SONGBEN_0100,clause,SHSRC0033,CR_LUNZHU_0235,commentary,SHSRC0038,commentary_support,柯琴《傷寒論注》對本條有注（對齊相似度0.75）。,傷寒論注:p950,citation_to_node_first_of_multiple,{},0.75,pending,
REL_03806,SHL_SONGBEN_0173,clause,SHSRC0033,CR_LUNZHU_0248,commentary,SHSRC0038,commentary_support,柯琴《傷寒論注》對本條有注（對齊相似度1.00）。,傷寒論注:p959,citation_to_node_unique,{},1.0,pending,
REL_03807,SHL_SONGBEN_0172,clause,SHSRC0033,CR_LUNZHU_0249,commentary,SHSRC0038,commentary_support,柯琴《傷寒論注》對本條有注（對齊相似度1.00）。,傷寒論注:p966,citation_to_node_unique,{},1.0,pending,
REL_03808,SHL_SONGBEN_0273,clause,SHSRC0033,CR_LUNZHU_0250,commentary,SHSRC0038,commentary_support,柯琴《傷寒論注》對本條有注（對齊相似度0.96）。,傷寒論注:p973,citation_to_node_unique,{},0.963,pending,
REL_03809,SHL_SONGBEN_0358,clause,SHSRC0033,CR_LUNZHU_0251,commentary,SHSRC0038,commentary_support,柯琴《傷寒論注》對本條有注（對齊相似度0.90）。,傷寒論注:p976,citation_to_node_unique,{},0.9,pending,
REL_03810,SHL_SONGBEN_0278,clause,SHSRC0033,CR_LUNZHU_0252,commentary,SHSRC0038,commentary_support,柯琴《傷寒論注》對本條有注（對齊相似度0.93）。,傷寒論注:p978,citation_to_node_unique,{},0.927,pending,
REL_03811,SHL_SONGBEN_0369,clause,SHSRC0033,CR_LUNZHU_0253,commentary,SHSRC0038,commentary_support,柯琴《傷寒論注》對本條有注（對齊相似度0.83）。,傷寒論注:p982,citation_to_node_unique,{},0.833,pending,
REL_03812,SHL_SONGBEN_0280,clause,SHSRC0033,CR_LUNZHU_0254,commentary,SHSRC0038,commentary_support,柯琴《傷寒論注》對本條有注（對齊相似度0.92）。,傷寒論注:p984,citation_to_node_unique,{},0.918,pending,
REL_03813,SHL_SONGBEN_0385,clause,SHSRC0033,CR_LUNZHU_0255,commentary,SHSRC0038,commentary_support,柯琴《傷寒論注》對本條有注（對齊相似度0.89）。,傷寒論注:p987,citation_to_node_first_of_multiple,{},0.889,pending,
REL_03814,SHL_SONGBEN_0276,clause,SHSRC0033,CR_LUNZHU_0256,commentary,SHSRC0038,commentary_support,柯琴《傷寒論注》對本條有注（對齊相似度1.00）。,傷寒論注:p990,citation_to_node_unique,{},1.0,pending,
REL_03815,SHL_SONGBEN_0274,clause,SHSRC0033,CR_LUNZHU_0257,commentary,SHSRC0038,commentary_support,柯琴《傷寒論注》對本條有注（對齊相似度0.80）。,傷寒論注:p992,citation_to_node_unique,{},0.8,pending,
REL_03816,SHL_SONGBEN_0275,clause,SHSRC0033,CR_LUNZHU_0258,commentary,SHSRC0038,commentary_support,柯琴《傷寒論注》對本條有注（對齊相似度1.00）。,傷寒論注:p996,citation_to_node_unique,{},1.0,pending,
REL_03817,SHL_SONGBEN_0281,clause,SHSRC0033,CR_LUNZHU_0259,commentary,SHSRC0038,commentary_support,柯琴《傷寒論注》對本條有注（對齊相似度1.00）。,傷寒論注:p1008,citation_to_node_unique,{},1.0,pending,
REL_03818,SHL_SONGBEN_0282,clause,SHSRC0033,CR_LUNZHU_0260,commentary,SHSRC0038,commentary_support,柯琴《傷寒論注》對本條有注（對齊相似度0.96）。,傷寒論注:p1011,citation_to_node_unique,{},0.962,pending,
REL_03819,SHL_SONGBEN_0285,clause,SHSRC0033,CR_LUNZHU_0261,commentary,SHSRC0038,commentary_support,柯琴《傷寒論注》對本條有注（對齊相似度0.64）。,傷寒論注:p1016,citation_to_node_unique,{},0.643,pending,
REL_03820,SHL_SONGBEN_0283,clause,SHSRC0033,CR_LUNZHU_0262,commentary,SHSRC0038,commentary_support,柯琴《傷寒論注》對本條有注（對齊相似度0.92）。,傷寒論注:p1019,citation_to_node_unique,{},0.92,pending,
REL_03821,SHL_SONGBEN_0287,clause,SHSRC0033,CR_LUNZHU_0263,commentary,SHSRC0038,commentary_support,柯琴《傷寒論注》對本條有注（對齊相似度1.00）。,傷寒論注:p1026,citation_to_node_unique,{},1.0,pending,
REL_03822,SHL_SONGBEN_0290,clause,SHSRC0033,CR_LUNZHU_0264,commentary,SHSRC0038,commentary_support,柯琴《傷寒論注》對本條有注（對齊相似度1.00）。,傷寒論注:p1028,citation_to_node_unique,{},1.0,pending,
REL_03823,SHL_SONGBEN_0291,clause,SHSRC0033,CR_LUNZHU_0265,commentary,SHSRC0038,commentary_support,柯琴《傷寒論注》對本條有注（對齊相似度1.00）。,傷寒論注:p1030,citation_to_node_unique,{},1.0,pending,
REL_03824,SHL_SONGBEN_0295,clause,SHSRC0033,CR_LUNZHU_0266,commentary,SHSRC0038,commentary_support,柯琴《傷寒論注》對本條有注（對齊相似度0.90）。,傷寒論注:p1033,citation_to_node_unique,{},0.897,pending,
REL_03825,SHL_SONGBEN_0298,clause,SHSRC0033,CR_LUNZHU_0267,commentary,SHSRC0038,commentary_support,柯琴《傷寒論注》對本條有注（對齊相似度0.78）。,傷寒論注:p1037,citation_to_node_unique,{},0.778,pending,
REL_03826,SHL_SONGBEN_0296,clause,SHSRC0033,CR_LUNZHU_0268,commentary,SHSRC0038,commentary_support,柯琴《傷寒論注》對本條有注（對齊相似度0.70）。,傷寒論注:p1040,citation_to_node_unique,{},0.7,pending,
REL_03827,SHL_SONGBEN_0300,clause,SHSRC0033,CR_LUNZHU_0269,commentary,SHSRC0038,commentary_support,柯琴《傷寒論注》對本條有注（對齊相似度0.90）。,傷寒論注:p1045,citation_to_node_unique,{},0.903,pending,
REL_03828,SHL_SONGBEN_0297,clause,SHSRC0033,CR_LUNZHU_0270,commentary,SHSRC0038,commentary_support,柯琴《傷寒論注》對本條有注（對齊相似度1.00）。,傷寒論注:p1047,citation_to_node_unique,{},1.0,pending,
REL_03829,SHL_SONGBEN_0299,clause,SHSRC0033,CR_LUNZHU_0271,commentary,SHSRC0038,commentary_support,柯琴《傷寒論注》對本條有注（對齊相似度1.00）。,傷寒論注:p1049,citation_to_node_unique,{},1.0,pending,
REL_03830,SHL_SONGBEN_0301,clause,SHSRC0033,CR_LUNZHU_0272,commentary,SHSRC0038,commentary_support,柯琴《傷寒論注》對本條有注（對齊相似度0.73）。,傷寒論注:p1053,citation_to_node_unique,{},0.727,pending,
REL_03831,SHL_SONGBEN_0302,clause,SHSRC0033,CR_LUNZHU_0273,commentary,SHSRC0038,commentary_support,柯琴《傷寒論注》對本條有注（對齊相似度0.88）。,傷寒論注:p1056,citation_to_node_unique,{},0.88,pending,
REL_03832,SHL_SONGBEN_0293,clause,SHSRC0033,CR_LUNZHU_0274,commentary,SHSRC0038,commentary_support,柯琴《傷寒論注》對本條有注（對齊相似度1.00）。,傷寒論注:p1061,citation_to_node_unique,{},1.0,pending,
REL_03833,SHL_SONGBEN_0284,clause,SHSRC0033,CR_LUNZHU_0275,commentary,SHSRC0038,commentary_support,柯琴《傷寒論注》對本條有注（對齊相似度0.92）。,傷寒論注:p1065,citation_to_node_unique,{},0.92,pending,
REL_03834,SHL_SONGBEN_0294,clause,SHSRC0033,CR_LUNZHU_0276,commentary,SHSRC0038,commentary_support,柯琴《傷寒論注》對本條有注（對齊相似度0.96）。,傷寒論注:p1068,citation_to_node_unique,{},0.959,pending,
REL_03835,SHL_SONGBEN_0304,clause,SHSRC0033,CR_LUNZHU_0277,commentary,SHSRC0038,commentary_support,柯琴《傷寒論注》對本條有注（對齊相似度1.00）。,傷寒論注:p1072,citation_to_node_unique,{},1.0,pending,
REL_03836,SHL_SONGBEN_0316,clause,SHSRC0033,CR_LUNZHU_0278,commentary,SHSRC0038,commentary_support,柯琴《傷寒論注》對本條有注（對齊相似度0.94）。,傷寒論注:p1077,citation_to_node_unique,{},0.938,pending,
REL_03837,SHL_SONGBEN_0082,clause,SHSRC0033,CR_LUNZHU_0279,commentary,SHSRC0038,commentary_support,柯琴《傷寒論注》對本條有注（對齊相似度0.95）。,傷寒論注:p1085,citation_to_node_unique,{},0.952,pending,
REL_03838,SHL_SONGBEN_0386,clause,SHSRC0033,CR_LUNZHU_0280,commentary,SHSRC0038,commentary_support,柯琴《傷寒論注》對本條有注（對齊相似度0.71）。,傷寒論注:p1088,citation_to_node_unique,{},0.708,pending,
REL_03839,SHL_SONGBEN_0307,clause,SHSRC0033,CR_LUNZHU_0281,commentary,SHSRC0038,commentary_support,柯琴《傷寒論注》對本條有注（對齊相似度1.00）。,傷寒論注:p1091,citation_to_node_unique,{},1.0,pending,
REL_03840,SHL_SONGBEN_0308,clause,SHSRC0033,CR_LUNZHU_0282,commentary,SHSRC0038,commentary_support,柯琴《傷寒論注》對本條有注（對齊相似度0.78）。,傷寒論注:p1097,citation_to_node_unique,{},0.778,pending,
REL_03841,SHL_SONGBEN_0225,clause,SHSRC0033,CR_LUNZHU_0283,commentary,SHSRC0038,commentary_support,柯琴《傷寒論注》對本條有注（對齊相似度0.88）。,傷寒論注:p1099,citation_to_node_unique,{},0.882,pending,
REL_03842,SHL_SONGBEN_0364,clause,SHSRC0033,CR_LUNZHU_0284,commentary,SHSRC0038,commentary_support,柯琴《傷寒論注》對本條有注（對齊相似度1.00）。,傷寒論注:p1102,citation_to_node_unique,{},1.0,pending,
REL_03843,SHL_SONGBEN_0091,clause,SHSRC0033,CR_LUNZHU_0028,commentary,SHSRC0038,commentary_support,柯琴《傷寒論注》對本條有注（對齊相似度0.61）。,傷寒論注:p1105,citation_to_node_first_of_multiple,{},0.613,pending,
REL_03844,SHL_SONGBEN_0092,clause,SHSRC0033,CR_LUNZHU_0286,commentary,SHSRC0038,commentary_support,柯琴《傷寒論注》對本條有注（對齊相似度0.73）。,傷寒論注:p1107,citation_to_node_unique,{},0.727,pending,
REL_03845,SHL_SONGBEN_0354,clause,SHSRC0033,CR_LUNZHU_0287,commentary,SHSRC0038,commentary_support,柯琴《傷寒論注》對本條有注（對齊相似度1.00）。,傷寒論注:p1110,citation_to_node_unique,{},1.0,pending,
REL_03846,SHL_SONGBEN_0353,clause,SHSRC0033,CR_LUNZHU_0288,commentary,SHSRC0038,commentary_support,柯琴《傷寒論注》對本條有注（對齊相似度1.00）。,傷寒論注:p1112,citation_to_node_unique,{},1.0,pending,
REL_03847,SHL_SONGBEN_0377,clause,SHSRC0033,CR_LUNZHU_0289,commentary,SHSRC0038,commentary_support,柯琴《傷寒論注》對本條有注（對齊相似度1.00）。,傷寒論注:p1114,citation_to_node_unique,{},1.0,pending,
REL_03848,SHL_SONGBEN_0389,clause,SHSRC0033,CR_LUNZHU_0290,commentary,SHSRC0038,commentary_support,柯琴《傷寒論注》對本條有注（對齊相似度1.00）。,傷寒論注:p1116,citation_to_node_unique,{},1.0,pending,
REL_03849,SHL_SONGBEN_0388,clause,SHSRC0033,CR_LUNZHU_0291,commentary,SHSRC0038,commentary_support,柯琴《傷寒論注》對本條有注（對齊相似度1.00）。,傷寒論注:p1119,citation_to_node_unique,{},1.0,pending,
REL_03850,SHL_SONGBEN_0323,clause,SHSRC0033,CR_LUNZHU_0292,commentary,SHSRC0038,commentary_support,柯琴《傷寒論注》對本條有注（對齊相似度1.00）。,傷寒論注:p1122,citation_to_node_unique,{},1.0,pending,
REL_03851,SHL_SONGBEN_0385,clause,SHSRC0033,CR_LUNZHU_0255,commentary,SHSRC0038,commentary_support,柯琴《傷寒論注》對本條有注（對齊相似度1.00）。,傷寒論注:p1124,citation_to_node_first_of_multiple,{},1.0,pending,
REL_03852,SHL_SONGBEN_0317,clause,SHSRC0033,CR_LUNZHU_0294,commentary,SHSRC0038,commentary_support,柯琴《傷寒論注》對本條有注（對齊相似度0.96）。,傷寒論注:p1127,citation_to_node_unique,{},0.96,pending,
REL_03853,SHL_SONGBEN_0366,clause,SHSRC0033,CR_LUNZHU_0295,commentary,SHSRC0038,commentary_support,柯琴《傷寒論注》對本條有注（對齊相似度0.81）。,傷寒論注:p1129,citation_to_node_unique,{},0.808,pending,
REL_03854,SHL_SONGBEN_0390,clause,SHSRC0033,CR_LUNZHU_0296,commentary,SHSRC0038,commentary_support,柯琴《傷寒論注》對本條有注（對齊相似度1.00）。,傷寒論注:p1131,citation_to_node_unique,{},1.0,pending,
REL_03855,SHL_SONGBEN_0391,clause,SHSRC0033,CR_LUNZHU_0297,commentary,SHSRC0038,commentary_support,柯琴《傷寒論注》對本條有注（對齊相似度0.82）。,傷寒論注:p1133,citation_to_node_unique,{},0.824,pending,
REL_03856,SHL_SONGBEN_0357,clause,SHSRC0033,CR_LUNZHU_0298,commentary,SHSRC0038,commentary_support,柯琴《傷寒論注》對本條有注（對齊相似度0.73）。,傷寒論注:p1139,citation_to_node_unique,{},0.734,pending,
REL_03857,SHL_SONGBEN_0351,clause,SHSRC0033,CR_LUNZHU_0299,commentary,SHSRC0038,commentary_support,柯琴《傷寒論注》對本條有注（對齊相似度0.87）。,傷寒論注:p1145,citation_to_node_unique,{},0.867,pending,
REL_03858,SHL_SONGBEN_0352,clause,SHSRC0033,CR_LUNZHU_0300,commentary,SHSRC0038,commentary_support,柯琴《傷寒論注》對本條有注（對齊相似度0.61）。,傷寒論注:p1150,citation_to_node_unique,{},0.606,pending,
REL_03859,SHL_SONGBEN_0337,clause,SHSRC0033,CR_LUNZHU_0301,commentary,SHSRC0038,commentary_support,柯琴《傷寒論注》對本條有注（對齊相似度0.92）。,傷寒論注:p1153,citation_to_node_unique,{},0.923,pending,
REL_03860,SHL_SONGBEN_0330,clause,SHSRC0033,CR_LUNZHU_0302,commentary,SHSRC0038,commentary_support,柯琴《傷寒論注》對本條有注（對齊相似度1.00）。,傷寒論注:p1155,citation_to_node_unique,{},1.0,pending,
REL_03861,SHL_SONGBEN_0347,clause,SHSRC0033,CR_LUNZHU_0303,commentary,SHSRC0038,commentary_support,柯琴《傷寒論注》對本條有注（對齊相似度0.94）。,傷寒論注:p1157,citation_to_node_unique,{},0.936,pending,
REL_03862,SHL_SONGBEN_0340,clause,SHSRC0033,CR_LUNZHU_0304,commentary,SHSRC0038,commentary_support,柯琴《傷寒論注》對本條有注（對齊相似度1.00）。,傷寒論注:p1159,citation_to_node_unique,{},1.0,pending,
REL_03863,SHL_SONGBEN_0349,clause,SHSRC0033,CR_LUNZHU_0305,commentary,SHSRC0038,commentary_support,柯琴《傷寒論注》對本條有注（對齊相似度0.80）。,傷寒論注:p1161,citation_to_node_unique,{},0.8,pending,
REL_03864,SHL_SONGBEN_0343,clause,SHSRC0033,CR_LUNZHU_0306,commentary,SHSRC0038,commentary_support,柯琴《傷寒論注》對本條有注（對齊相似度1.00）。,傷寒論注:p1163,citation_to_node_unique,{},1.0,pending,
REL_03865,SHL_SONGBEN_0069,clause,SHSRC0033,CR_LUNZHU_0307,commentary,SHSRC0038,commentary_support,柯琴《傷寒論注》對本條有注（對齊相似度1.00）。,傷寒論注:p1166,citation_to_node_unique,{},1.0,pending,
REL_03866,SHL_SONGBEN_0061,clause,SHSRC0033,CR_LUNZHU_0308,commentary,SHSRC0038,commentary_support,柯琴《傷寒論注》對本條有注（對齊相似度0.96）。,傷寒論注:p1170,citation_to_node_unique,{},0.96,pending,
REL_03867,SHL_SONGBEN_0060,clause,SHSRC0033,CR_LUNZHU_0309,commentary,SHSRC0038,commentary_support,柯琴《傷寒論注》對本條有注（對齊相似度0.93）。,傷寒論注:p1174,citation_to_node_unique,{},0.93,pending,
REL_03868,SHL_SONGBEN_0309,clause,SHSRC0033,CR_LUNZHU_0310,commentary,SHSRC0038,commentary_support,柯琴《傷寒論注》對本條有注（對齊相似度0.89）。,傷寒論注:p1177,citation_to_node_unique,{},0.895,pending,
REL_03869,SHL_SONGBEN_0378,clause,SHSRC0033,CR_LUNZHU_0311,commentary,SHSRC0038,commentary_support,柯琴《傷寒論注》對本條有注（對齊相似度0.79）。,傷寒論注:p1179,citation_to_node_unique,{},0.788,pending,
REL_03870,SHL_SONGBEN_0243,clause,SHSRC0033,CR_LUNZHU_0312,commentary,SHSRC0038,commentary_support,柯琴《傷寒論注》對本條有注（對齊相似度0.95）。,傷寒論注:p1181,citation_to_node_unique,{},0.955,pending,
REL_03871,SHL_SONGBEN_0315,clause,SHSRC0033,CR_LUNZHU_0313,commentary,SHSRC0038,commentary_support,柯琴《傷寒論注》對本條有注（對齊相似度0.96）。,傷寒論注:p1186,citation_to_node_unique,{},0.964,pending,
REL_03872,SHL_SONGBEN_0368,clause,SHSRC0033,CR_LUNZHU_0314,commentary,SHSRC0038,commentary_support,柯琴《傷寒論注》對本條有注（對齊相似度0.93）。,傷寒論注:p1195,citation_to_node_unique,{},0.927,pending,
REL_03873,SHL_SONGBEN_0303,clause,SHSRC0033,CR_LUNZHU_0315,commentary,SHSRC0038,commentary_support,柯琴《傷寒論注》對本條有注（對齊相似度0.90）。,傷寒論注:p1197,citation_to_node_unique,{},0.905,pending,
REL_03874,SHL_SONGBEN_0319,clause,SHSRC0033,CR_LUNZHU_0316,commentary,SHSRC0038,commentary_support,柯琴《傷寒論注》對本條有注（對齊相似度0.91）。,傷寒論注:p1204,citation_to_node_unique,{},0.909,pending,
REL_03875,SHL_SONGBEN_0223,clause,SHSRC0033,CR_LUNZHU_0163,commentary,SHSRC0038,commentary_support,柯琴《傷寒論注》對本條有注（對齊相似度0.92）。,傷寒論注:p1209,citation_to_node_first_of_multiple,{},0.923,pending,
REL_03876,SHL_SONGBEN_0224,clause,SHSRC0033,CR_LUNZHU_0318,commentary,SHSRC0038,commentary_support,柯琴《傷寒論注》對本條有注（對齊相似度0.96）。,傷寒論注:p1212,citation_to_node_unique,{},0.963,pending,
REL_03877,SHL_SONGBEN_0310,clause,SHSRC0033,CR_LUNZHU_0319,commentary,SHSRC0038,commentary_support,柯琴《傷寒論注》對本條有注（對齊相似度0.90）。,傷寒論注:p1214,citation_to_node_unique,{},0.903,pending,
REL_03878,SHL_SONGBEN_0311,clause,SHSRC0033,CR_LUNZHU_0320,commentary,SHSRC0038,commentary_support,柯琴《傷寒論注》對本條有注（對齊相似度0.90）。,傷寒論注:p1219,citation_to_node_unique,{},0.9,pending,
REL_03879,SHL_SONGBEN_0313,clause,SHSRC0033,CR_LUNZHU_0321,commentary,SHSRC0038,commentary_support,柯琴《傷寒論注》對本條有注（對齊相似度1.00）。,傷寒論注:p1224,citation_to_node_unique,{},1.0,pending,
REL_03880,SHL_SONGBEN_0312,clause,SHSRC0033,CR_LUNZHU_0322,commentary,SHSRC0038,commentary_support,柯琴《傷寒論注》對本條有注（對齊相似度0.83）。,傷寒論注:p1227,citation_to_node_unique,{},0.829,pending,
REL_03881,SHL_SONGBEN_0318,clause,SHSRC0033,CR_LUNZHU_0323,commentary,SHSRC0038,commentary_support,柯琴《傷寒論注》對本條有注（對齊相似度0.81）。,傷寒論注:p1232,citation_to_node_unique,{},0.807,pending,
REL_03882,SHL_SONGBEN_0326,clause,SHSRC0033,CR_LUNZHU_0324,commentary,SHSRC0038,commentary_support,柯琴《傷寒論注》對本條有注（對齊相似度0.86）。,傷寒論注:p1236,citation_to_node_unique,{},0.857,pending,
REL_03883,SHL_SONGBEN_0108,clause,SHSRC0033,CR_LUNZHU_0325,commentary,SHSRC0038,commentary_support,柯琴《傷寒論注》對本條有注（對齊相似度1.00）。,傷寒論注:p1238,citation_to_node_unique,{},1.0,pending,
REL_03884,SHL_SONGBEN_0109,clause,SHSRC0033,CR_LUNZHU_0326,commentary,SHSRC0038,commentary_support,柯琴《傷寒論注》對本條有注（對齊相似度0.95）。,傷寒論注:p1241,citation_to_node_unique,{},0.946,pending,
REL_03885,SHL_SONGBEN_0329,clause,SHSRC0033,CR_LUNZHU_0327,commentary,SHSRC0038,commentary_support,柯琴《傷寒論注》對本條有注（對齊相似度1.00）。,傷寒論注:p1243,citation_to_node_unique,{},1.0,pending,
REL_03886,SHL_SONGBEN_0327,clause,SHSRC0033,CR_LUNZHU_0328,commentary,SHSRC0038,commentary_support,柯琴《傷寒論注》對本條有注（對齊相似度1.00）。,傷寒論注:p1245,citation_to_node_unique,{},1.0,pending,
REL_03887,SHL_SONGBEN_0328,clause,SHSRC0033,CR_LUNZHU_0329,commentary,SHSRC0038,commentary_support,柯琴《傷寒論注》對本條有注（對齊相似度1.00）。,傷寒論注:p1249,citation_to_node_unique,{},1.0,pending,
REL_03888,SHL_SONGBEN_0338,clause,SHSRC0033,CR_LUNZHU_0330,commentary,SHSRC0038,commentary_support,柯琴《傷寒論注》對本條有注（對齊相似度0.79）。,傷寒論注:p1251,citation_to_node_unique,{},0.787,pending,
REL_03889,SHL_SONGBEN_0371,clause,SHSRC0033,CR_LUNZHU_0331,commentary,SHSRC0038,commentary_support,柯琴《傷寒論注》對本條有注（對齊相似度1.00）。,傷寒論注:p1257,citation_to_node_unique,{},1.0,pending,
REL_03890,SHL_SONGBEN_0373,clause,SHSRC0033,CR_LUNZHU_0332,commentary,SHSRC0038,commentary_support,柯琴《傷寒論注》對本條有注（對齊相似度1.00）。,傷寒論注:p1259,citation_to_node_unique,{},1.0,pending,
REL_03891,SHL_SONGBEN_0365,clause,SHSRC0033,CR_LUNZHU_0333,commentary,SHSRC0038,commentary_support,柯琴《傷寒論注》對本條有注（對齊相似度1.00）。,傷寒論注:p1261,citation_to_node_unique,{},1.0,pending,
REL_03892,SHL_SONGBEN_0360,clause,SHSRC0033,CR_LUNZHU_0334,commentary,SHSRC0038,commentary_support,柯琴《傷寒論注》對本條有注（對齊相似度0.70）。,傷寒論注:p1263,citation_to_node_unique,{},0.696,pending,
REL_03893,SHL_SONGBEN_0361,clause,SHSRC0033,CR_LUNZHU_0335,commentary,SHSRC0038,commentary_support,柯琴《傷寒論注》對本條有注（對齊相似度0.80）。,傷寒論注:p1265,citation_to_node_unique,{},0.8,pending,
REL_03894,SHL_SONGBEN_0367,clause,SHSRC0033,CR_LUNZHU_0336,commentary,SHSRC0038,commentary_support,柯琴《傷寒論注》對本條有注（對齊相似度0.71）。,傷寒論注:p1267,citation_to_node_unique,{},0.714,pending,
REL_03895,SHL_SONGBEN_0363,clause,SHSRC0033,CR_LUNZHU_0337,commentary,SHSRC0038,commentary_support,柯琴《傷寒論注》對本條有注（對齊相似度0.73）。,傷寒論注:p1269,citation_to_node_unique,{},0.733,pending,
REL_03896,SHL_SONGBEN_0346,clause,SHSRC0033,CR_LUNZHU_0338,commentary,SHSRC0038,commentary_support,柯琴《傷寒論注》對本條有注（對齊相似度0.92）。,傷寒論注:p1271,citation_to_node_unique,{},0.92,pending,
REL_03897,SHL_SONGBEN_0335,clause,SHSRC0033,CR_LUNZHU_0339,commentary,SHSRC0038,commentary_support,柯琴《傷寒論注》對本條有注（對齊相似度0.96）。,傷寒論注:p1276,citation_to_node_unique,{},0.965,pending,
REL_03898,SHL_SONGBEN_0350,clause,SHSRC0033,CR_LUNZHU_0187,commentary,SHSRC0038,commentary_support,柯琴《傷寒論注》對本條有注（對齊相似度0.67）。,傷寒論注:p1279,citation_to_node_first_of_multiple,{},0.667,pending,
REL_03899,SHL_SONGBEN_0336,clause,SHSRC0033,CR_LUNZHU_0341,commentary,SHSRC0038,commentary_support,柯琴《傷寒論注》對本條有注（對齊相似度0.95）。,傷寒論注:p1281,citation_to_node_unique,{},0.947,pending,
REL_03900,SHL_SONGBEN_0339,clause,SHSRC0033,CR_LUNZHU_0342,commentary,SHSRC0038,commentary_support,柯琴《傷寒論注》對本條有注（對齊相似度0.78）。,傷寒論注:p1283,citation_to_node_unique,{},0.784,pending,
REL_03901,SHL_SONGBEN_0341,clause,SHSRC0033,CR_LUNZHU_0343,commentary,SHSRC0038,commentary_support,柯琴《傷寒論注》對本條有注（對齊相似度0.92）。,傷寒論注:p1285,citation_to_node_unique,{},0.921,pending,
REL_03902,SHL_SONGBEN_0342,clause,SHSRC0033,CR_LUNZHU_0344,commentary,SHSRC0038,commentary_support,柯琴《傷寒論注》對本條有注（對齊相似度1.00）。,傷寒論注:p1288,citation_to_node_unique,{},1.0,pending,
REL_03903,SHL_SONGBEN_0332,clause,SHSRC0033,CR_LUNZHU_0345,commentary,SHSRC0038,commentary_support,柯琴《傷寒論注》對本條有注（對齊相似度0.94）。,傷寒論注:p1290,citation_to_node_unique,{},0.945,pending,
REL_03904,SHL_SONGBEN_0348,clause,SHSRC0033,CR_LUNZHU_0346,commentary,SHSRC0038,commentary_support,柯琴《傷寒論注》對本條有注（對齊相似度0.86）。,傷寒論注:p1292,citation_to_node_unique,{},0.857,pending,
REL_03905,SHL_SONGBEN_0331,clause,SHSRC0033,CR_LUNZHU_0347,commentary,SHSRC0038,commentary_support,柯琴《傷寒論注》對本條有注（對齊相似度1.00）。,傷寒論注:p1294,citation_to_node_unique,{},1.0,pending,
REL_03906,SHL_SONGBEN_0334,clause,SHSRC0033,CR_LUNZHU_0348,commentary,SHSRC0038,commentary_support,柯琴《傷寒論注》對本條有注（對齊相似度0.96）。,傷寒論注:p1296,citation_to_node_unique,{},0.962,pending,
REL_03907,SHL_SONGBEN_0344,clause,SHSRC0033,CR_LUNZHU_0349,commentary,SHSRC0038,commentary_support,柯琴《傷寒論注》對本條有注（對齊相似度1.00）。,傷寒論注:p1300,citation_to_node_unique,{},1.0,pending,
REL_03908,SHL_SONGBEN_0177,clause,SHSRC0033,CR_LUNZHU_0350,commentary,SHSRC0038,commentary_support,柯琴《傷寒論注》對本條有注（對齊相似度0.89）。,傷寒論注:p1302,citation_to_node_unique,{},0.889,pending,
REL_03909,SHL_SONGBEN_0178,clause,SHSRC0033,CR_LUNZHU_0351,commentary,SHSRC0038,commentary_support,柯琴《傷寒論注》對本條有注（對齊相似度0.85）。,傷寒論注:p1308,citation_to_node_unique,{},0.848,pending,
REL_03910,SHL_SONGBEN_0392,clause,SHSRC0033,CR_LUNZHU_0352,commentary,SHSRC0038,commentary_support,柯琴《傷寒論注》對本條有注（對齊相似度0.84）。,傷寒論注:p1320,citation_to_node_unique,{},0.842,pending,
REL_03911,SHL_SONGBEN_0011,clause,SHSRC0033,CR_LUNZHU_0353,commentary,SHSRC0038,commentary_support,柯琴《傷寒論注》對本條有注（對齊相似度0.85）。,傷寒論注:p1325,citation_to_node_unique,{},0.846,pending,
REL_03912,SHL_SONGBEN_0001,clause,SHSRC0033,CR_JIYI_0001,commentary,SHSRC0041,commentary_support,丹波元簡《傷寒論輯義》對本條有注（對齊相似度1.00）。,傷寒論輯義:p54,citation_to_node_unique,{},1.0,pending,
REL_03913,SHL_SONGBEN_0002,clause,SHSRC0033,CR_JIYI_0002,commentary,SHSRC0041,commentary_support,丹波元簡《傷寒論輯義》對本條有注（對齊相似度1.00）。,傷寒論輯義:p60,citation_to_node_unique,{},1.0,pending,
REL_03914,SHL_SONGBEN_0003,clause,SHSRC0033,CR_JIYI_0003,commentary,SHSRC0041,commentary_support,丹波元簡《傷寒論輯義》對本條有注（對齊相似度0.91）。,傷寒論輯義:p64,citation_to_node_unique,{},0.912,pending,
REL_03915,SHL_SONGBEN_0004,clause,SHSRC0033,CR_JIYI_0004,commentary,SHSRC0041,commentary_support,丹波元簡《傷寒論輯義》對本條有注（對齊相似度1.00）。,傷寒論輯義:p72,citation_to_node_unique,{},1.0,pending,
REL_03916,SHL_SONGBEN_0005,clause,SHSRC0033,CR_JIYI_0005,commentary,SHSRC0041,commentary_support,丹波元簡《傷寒論輯義》對本條有注（對齊相似度1.00）。,傷寒論輯義:p76,citation_to_node_unique,{},1.0,pending,
REL_03917,SHL_SONGBEN_0007,clause,SHSRC0033,CR_JIYI_0006,commentary,SHSRC0041,commentary_support,丹波元簡《傷寒論輯義》對本條有注（對齊相似度0.67）。,傷寒論輯義:p95,citation_to_node_unique,{},0.667,pending,
REL_03918,SHL_SONGBEN_0008,clause,SHSRC0033,CR_JIYI_0007,commentary,SHSRC0041,commentary_support,丹波元簡《傷寒論輯義》對本條有注（對齊相似度0.97）。,傷寒論輯義:p105,citation_to_node_unique,{},0.972,pending,
REL_03919,SHL_SONGBEN_0009,clause,SHSRC0033,CR_JIYI_0008,commentary,SHSRC0041,commentary_support,丹波元簡《傷寒論輯義》對本條有注（對齊相似度1.00）。,傷寒論輯義:p115,citation_to_node_unique,{},1.0,pending,
REL_03920,SHL_SONGBEN_0010,clause,SHSRC0033,CR_JIYI_0009,commentary,SHSRC0041,commentary_support,丹波元簡《傷寒論輯義》對本條有注（對齊相似度1.00）。,傷寒論輯義:p118,citation_to_node_unique,{},1.0,pending,
REL_03921,SHL_SONGBEN_0011,clause,SHSRC0033,CR_JIYI_0010,commentary,SHSRC0041,commentary_support,丹波元簡《傷寒論輯義》對本條有注（對齊相似度0.93）。,傷寒論輯義:p122,citation_to_node_unique,{},0.926,pending,
REL_03922,SHL_SONGBEN_0012,clause,SHSRC0033,CR_JIYI_0011,commentary,SHSRC0041,commentary_support,丹波元簡《傷寒論輯義》對本條有注（對齊相似度0.93）。,傷寒論輯義:p127,citation_to_node_unique,{},0.933,pending,
REL_03923,SHL_SONGBEN_0013,clause,SHSRC0033,CR_JIYI_0012,commentary,SHSRC0041,commentary_support,丹波元簡《傷寒論輯義》對本條有注（對齊相似度1.00）。,傷寒論輯義:p165,citation_to_node_unique,{},1.0,pending,
REL_03924,SHL_SONGBEN_0015,clause,SHSRC0033,CR_JIYI_0013,commentary,SHSRC0041,commentary_support,丹波元簡《傷寒論輯義》對本條有注（對齊相似度0.87）。,傷寒論輯義:p178,citation_to_node_unique,{},0.867,pending,
REL_03925,SHL_SONGBEN_0016,clause,SHSRC0033,CR_JIYI_0014,commentary,SHSRC0041,commentary_support,丹波元簡《傷寒論輯義》對本條有注（對齊相似度0.75）。,傷寒論輯義:p186,citation_to_node_first_of_multiple,{},0.745,pending,
REL_03926,SHL_SONGBEN_0016,clause,SHSRC0033,CR_JIYI_0014,commentary,SHSRC0041,commentary_support,丹波元簡《傷寒論輯義》對本條有注（對齊相似度0.61）。,傷寒論輯義:p198,citation_to_node_first_of_multiple,{},0.606,pending,
REL_03927,SHL_SONGBEN_0017,clause,SHSRC0033,CR_JIYI_0016,commentary,SHSRC0041,commentary_support,丹波元簡《傷寒論輯義》對本條有注（對齊相似度0.74）。,傷寒論輯義:p205,citation_to_node_unique,{},0.741,pending,
REL_03928,SHL_SONGBEN_0019,clause,SHSRC0033,CR_JIYI_0017,commentary,SHSRC0041,commentary_support,丹波元簡《傷寒論輯義》對本條有注（對齊相似度1.00）。,傷寒論輯義:p213,citation_to_node_unique,{},1.0,pending,
REL_03929,SHL_SONGBEN_0020,clause,SHSRC0033,CR_JIYI_0018,commentary,SHSRC0041,commentary_support,丹波元簡《傷寒論輯義》對本條有注（對齊相似度1.00）。,傷寒論輯義:p220,citation_to_node_unique,{},1.0,pending,
REL_03930,SHL_SONGBEN_0021,clause,SHSRC0033,CR_JIYI_0019,commentary,SHSRC0041,commentary_support,丹波元簡《傷寒論輯義》對本條有注（對齊相似度0.72）。,傷寒論輯義:p237,citation_to_node_unique,{},0.72,pending,
REL_03931,SHL_SONGBEN_0022,clause,SHSRC0033,CR_JIYI_0020,commentary,SHSRC0041,commentary_support,丹波元簡《傷寒論輯義》對本條有注（對齊相似度0.90）。,傷寒論輯義:p244,citation_to_node_unique,{},0.897,pending,
REL_03932,SHL_SONGBEN_0023,clause,SHSRC0033,CR_JIYI_0021,commentary,SHSRC0041,commentary_support,丹波元簡《傷寒論輯義》對本條有注（對齊相似度0.63）。,傷寒論輯義:p250,citation_to_node_unique,{},0.627,pending,
REL_03933,SHL_SONGBEN_0024,clause,SHSRC0033,CR_JIYI_0022,commentary,SHSRC0041,commentary_support,丹波元簡《傷寒論輯義》對本條有注（對齊相似度0.82）。,傷寒論輯義:p270,citation_to_node_unique,{},0.821,pending,
REL_03934,SHL_SONGBEN_0025,clause,SHSRC0033,CR_JIYI_0023,commentary,SHSRC0041,commentary_support,丹波元簡《傷寒論輯義》對本條有注（對齊相似度1.00）。,傷寒論輯義:p278,citation_to_node_unique,{},1.0,pending,
REL_03935,SHL_SONGBEN_0026,clause,SHSRC0033,CR_JIYI_0024,commentary,SHSRC0041,commentary_support,丹波元簡《傷寒論輯義》對本條有注（對齊相似度0.83）。,傷寒論輯義:p290,citation_to_node_unique,{},0.828,pending,
REL_03936,SHL_SONGBEN_0027,clause,SHSRC0033,CR_JIYI_0025,commentary,SHSRC0041,commentary_support,丹波元簡《傷寒論輯義》對本條有注（對齊相似度1.00）。,傷寒論輯義:p308,citation_to_node_unique,{},1.0,pending,
REL_03937,SHL_SONGBEN_0028,clause,SHSRC0033,CR_JIYI_0026,commentary,SHSRC0041,commentary_support,丹波元簡《傷寒論輯義》對本條有注（對齊相似度1.00）。,傷寒論輯義:p327,citation_to_node_unique,{},1.0,pending,
REL_03938,SHL_SONGBEN_0030,clause,SHSRC0033,CR_JIYI_0027,commentary,SHSRC0041,commentary_support,丹波元簡《傷寒論輯義》對本條有注（對齊相似度0.95）。,傷寒論輯義:p410,citation_to_node_first_of_multiple,{},0.947,pending,
REL_03939,SHL_SONGBEN_0030,clause,SHSRC0033,CR_JIYI_0027,commentary,SHSRC0041,commentary_support,丹波元簡《傷寒論輯義》對本條有注（對齊相似度0.65）。,傷寒論輯義:p413,citation_to_node_first_of_multiple,{},0.647,pending,
REL_03940,SHL_SONGBEN_0032,clause,SHSRC0033,CR_JIYI_0029,commentary,SHSRC0041,commentary_support,丹波元簡《傷寒論輯義》對本條有注（對齊相似度0.64）。,傷寒論輯義:p433,citation_to_node_unique,{},0.64,pending,
REL_03941,SHL_SONGBEN_0033,clause,SHSRC0033,CR_JIYI_0030,commentary,SHSRC0041,commentary_support,丹波元簡《傷寒論輯義》對本條有注（對齊相似度1.00）。,傷寒論輯義:p441,citation_to_node_unique,{},1.0,pending,
REL_03942,SHL_SONGBEN_0034,clause,SHSRC0033,CR_JIYI_0031,commentary,SHSRC0041,commentary_support,丹波元簡《傷寒論輯義》對本條有注（對齊相似度1.00）。,傷寒論輯義:p450,citation_to_node_unique,{},1.0,pending,
REL_03943,SHL_SONGBEN_0035,clause,SHSRC0033,CR_JIYI_0032,commentary,SHSRC0041,commentary_support,丹波元簡《傷寒論輯義》對本條有注（對齊相似度0.88）。,傷寒論輯義:p465,citation_to_node_unique,{},0.881,pending,
REL_03944,SHL_SONGBEN_0036,clause,SHSRC0033,CR_JIYI_0033,commentary,SHSRC0041,commentary_support,丹波元簡《傷寒論輯義》對本條有注（對齊相似度1.00）。,傷寒論輯義:p507,citation_to_node_unique,{},1.0,pending,
REL_03945,SHL_SONGBEN_0037,clause,SHSRC0033,CR_JIYI_0034,commentary,SHSRC0041,commentary_support,丹波元簡《傷寒論輯義》對本條有注（對齊相似度0.69）。,傷寒論輯義:p511,citation_to_node_unique,{},0.688,pending,
REL_03946,SHL_SONGBEN_0038,clause,SHSRC0033,CR_JIYI_0035,commentary,SHSRC0041,commentary_support,丹波元簡《傷寒論輯義》對本條有注（對齊相似度0.62）。,傷寒論輯義:p516,citation_to_node_unique,{},0.615,pending,
REL_03947,SHL_SONGBEN_0039,clause,SHSRC0033,CR_JIYI_0036,commentary,SHSRC0041,commentary_support,丹波元簡《傷寒論輯義》對本條有注（對齊相似度1.00）。,傷寒論輯義:p549,citation_to_node_unique,{},1.0,pending,
REL_03948,SHL_SONGBEN_0040,clause,SHSRC0033,CR_JIYI_0037,commentary,SHSRC0041,commentary_support,丹波元簡《傷寒論輯義》對本條有注（對齊相似度0.66）。,傷寒論輯義:p557,citation_to_node_unique,{},0.661,pending,
REL_03949,SHL_SONGBEN_0041,clause,SHSRC0033,CR_JIYI_0038,commentary,SHSRC0041,commentary_support,丹波元簡《傷寒論輯義》對本條有注（對齊相似度0.94）。,傷寒論輯義:p584,citation_to_node_unique,{},0.935,pending,
REL_03950,SHL_SONGBEN_0042,clause,SHSRC0033,CR_JIYI_0039,commentary,SHSRC0041,commentary_support,丹波元簡《傷寒論輯義》對本條有注（對齊相似度1.00）。,傷寒論輯義:p589,citation_to_node_unique,{},1.0,pending,
REL_03951,SHL_SONGBEN_0043,clause,SHSRC0033,CR_JIYI_0040,commentary,SHSRC0041,commentary_support,丹波元簡《傷寒論輯義》對本條有注（對齊相似度1.00）。,傷寒論輯義:p593,citation_to_node_unique,{},1.0,pending,
REL_03952,SHL_SONGBEN_0044,clause,SHSRC0033,CR_JIYI_0041,commentary,SHSRC0041,commentary_support,丹波元簡《傷寒論輯義》對本條有注（對齊相似度0.80）。,傷寒論輯義:p601,citation_to_node_unique,{},0.8,pending,
REL_03953,SHL_SONGBEN_0045,clause,SHSRC0033,CR_JIYI_0042,commentary,SHSRC0041,commentary_support,丹波元簡《傷寒論輯義》對本條有注（對齊相似度0.67）。,傷寒論輯義:p608,citation_to_node_unique,{},0.672,pending,
REL_03954,SHL_SONGBEN_0047,clause,SHSRC0033,CR_JIYI_0043,commentary,SHSRC0041,commentary_support,丹波元簡《傷寒論輯義》對本條有注（對齊相似度1.00）。,傷寒論輯義:p620,citation_to_node_unique,{},1.0,pending,
REL_03955,SHL_SONGBEN_0048,clause,SHSRC0033,CR_JIYI_0044,commentary,SHSRC0041,commentary_support,丹波元簡《傷寒論輯義》對本條有注（對齊相似度0.73）。,傷寒論輯義:p625,citation_to_node_unique,{},0.731,pending,
REL_03956,SHL_SONGBEN_0049,clause,SHSRC0033,CR_JIYI_0045,commentary,SHSRC0041,commentary_support,丹波元簡《傷寒論輯義》對本條有注（對齊相似度0.92）。,傷寒論輯義:p633,citation_to_node_unique,{},0.917,pending,
REL_03957,SHL_SONGBEN_0051,clause,SHSRC0033,CR_JIYI_0046,commentary,SHSRC0041,commentary_support,丹波元簡《傷寒論輯義》對本條有注（對齊相似度1.00）。,傷寒論輯義:p648,citation_to_node_unique,{},1.0,pending,
REL_03958,SHL_SONGBEN_0052,clause,SHSRC0033,CR_JIYI_0047,commentary,SHSRC0041,commentary_support,丹波元簡《傷寒論輯義》對本條有注（對齊相似度1.00）。,傷寒論輯義:p650,citation_to_node_unique,{},1.0,pending,
REL_03959,SHL_SONGBEN_0053,clause,SHSRC0033,CR_JIYI_0048,commentary,SHSRC0041,commentary_support,丹波元簡《傷寒論輯義》對本條有注（對齊相似度0.68）。,傷寒論輯義:p653,citation_to_node_unique,{},0.684,pending,
REL_03960,SHL_SONGBEN_0054,clause,SHSRC0033,CR_JIYI_0049,commentary,SHSRC0041,commentary_support,丹波元簡《傷寒論輯義》對本條有注（對齊相似度0.90）。,傷寒論輯義:p663,citation_to_node_unique,{},0.903,pending,
REL_03961,SHL_SONGBEN_0055,clause,SHSRC0033,CR_JIYI_0050,commentary,SHSRC0041,commentary_support,丹波元簡《傷寒論輯義》對本條有注（對齊相似度1.00）。,傷寒論輯義:p668,citation_to_node_unique,{},1.0,pending,
REL_03962,SHL_SONGBEN_0057,clause,SHSRC0033,CR_JIYI_0051,commentary,SHSRC0041,commentary_support,丹波元簡《傷寒論輯義》對本條有注（對齊相似度0.78）。,傷寒論輯義:p681,citation_to_node_unique,{},0.778,pending,
REL_03963,SHL_SONGBEN_0058,clause,SHSRC0033,CR_JIYI_0052,commentary,SHSRC0041,commentary_support,丹波元簡《傷寒論輯義》對本條有注（對齊相似度1.00）。,傷寒論輯義:p687,citation_to_node_unique,{},1.0,pending,
REL_03964,SHL_SONGBEN_0059,clause,SHSRC0033,CR_JIYI_0053,commentary,SHSRC0041,commentary_support,丹波元簡《傷寒論輯義》對本條有注（對齊相似度0.85）。,傷寒論輯義:p691,citation_to_node_unique,{},0.847,pending,
REL_03965,SHL_SONGBEN_0060,clause,SHSRC0033,CR_JIYI_0054,commentary,SHSRC0041,commentary_support,丹波元簡《傷寒論輯義》對本條有注（對齊相似度1.00）。,傷寒論輯義:p695,citation_to_node_unique,{},1.0,pending,
REL_03966,SHL_SONGBEN_0061,clause,SHSRC0033,CR_JIYI_0055,commentary,SHSRC0041,commentary_support,丹波元簡《傷寒論輯義》對本條有注（對齊相似度1.00）。,傷寒論輯義:p699,citation_to_node_unique,{},1.0,pending,
REL_03967,SHL_SONGBEN_0062,clause,SHSRC0033,CR_JIYI_0056,commentary,SHSRC0041,commentary_support,丹波元簡《傷寒論輯義》對本條有注（對齊相似度0.86）。,傷寒論輯義:p715,citation_to_node_first_of_multiple,{},0.862,pending,
REL_03968,SHL_SONGBEN_0062,clause,SHSRC0033,CR_JIYI_0056,commentary,SHSRC0041,commentary_support,丹波元簡《傷寒論輯義》對本條有注（對齊相似度0.60）。,傷寒論輯義:p719,citation_to_node_first_of_multiple,{},0.604,pending,
REL_03969,SHL_SONGBEN_0063,clause,SHSRC0033,CR_JIYI_0058,commentary,SHSRC0041,commentary_support,丹波元簡《傷寒論輯義》對本條有注（對齊相似度1.00）。,傷寒論輯義:p726,citation_to_node_unique,{},1.0,pending,
REL_03970,SHL_SONGBEN_0064,clause,SHSRC0033,CR_JIYI_0059,commentary,SHSRC0041,commentary_support,丹波元簡《傷寒論輯義》對本條有注（對齊相似度1.00）。,傷寒論輯義:p744,citation_to_node_unique,{},1.0,pending,
REL_03971,SHL_SONGBEN_0065,clause,SHSRC0033,CR_JIYI_0060,commentary,SHSRC0041,commentary_support,丹波元簡《傷寒論輯義》對本條有注（對齊相似度1.00）。,傷寒論輯義:p755,citation_to_node_unique,{},1.0,pending,
REL_03972,SHL_SONGBEN_0066,clause,SHSRC0033,CR_JIYI_0061,commentary,SHSRC0041,commentary_support,丹波元簡《傷寒論輯義》對本條有注（對齊相似度1.00）。,傷寒論輯義:p768,citation_to_node_first_of_multiple,{},1.0,pending,
REL_03973,SHL_SONGBEN_0066,clause,SHSRC0033,CR_JIYI_0061,commentary,SHSRC0041,commentary_support,丹波元簡《傷寒論輯義》對本條有注（對齊相似度0.69）。,傷寒論輯義:p773,citation_to_node_first_of_multiple,{},0.69,pending,
REL_03974,SHL_SONGBEN_0067,clause,SHSRC0033,CR_JIYI_0063,commentary,SHSRC0041,commentary_support,丹波元簡《傷寒論輯義》對本條有注（對齊相似度0.75）。,傷寒論輯義:p779,citation_to_node_unique,{},0.754,pending,
REL_03975,SHL_SONGBEN_0068,clause,SHSRC0033,CR_JIYI_0064,commentary,SHSRC0041,commentary_support,丹波元簡《傷寒論輯義》對本條有注（對齊相似度1.00）。,傷寒論輯義:p792,citation_to_node_unique,{},1.0,pending,
REL_03976,SHL_SONGBEN_0069,clause,SHSRC0033,CR_JIYI_0065,commentary,SHSRC0041,commentary_support,丹波元簡《傷寒論輯義》對本條有注（對齊相似度1.00）。,傷寒論輯義:p804,citation_to_node_unique,{},1.0,pending,
REL_03977,SHL_SONGBEN_0071,clause,SHSRC0033,CR_JIYI_0066,commentary,SHSRC0041,commentary_support,丹波元簡《傷寒論輯義》對本條有注（對齊相似度0.80）。,傷寒論輯義:p822,citation_to_node_unique,{},0.797,pending,
REL_03978,SHL_SONGBEN_0072,clause,SHSRC0033,CR_JIYI_0067,commentary,SHSRC0041,commentary_support,丹波元簡《傷寒論輯義》對本條有注（對齊相似度1.00）。,傷寒論輯義:p847,citation_to_node_unique,{},1.0,pending,
REL_03979,SHL_SONGBEN_0073,clause,SHSRC0033,CR_JIYI_0068,commentary,SHSRC0041,commentary_support,丹波元簡《傷寒論輯義》對本條有注（對齊相似度1.00）。,傷寒論輯義:p851,citation_to_node_unique,{},1.0,pending,
REL_03980,SHL_SONGBEN_0074,clause,SHSRC0033,CR_JIYI_0069,commentary,SHSRC0041,commentary_support,丹波元簡《傷寒論輯義》對本條有注（對齊相似度0.62）。,傷寒論輯義:p863,citation_to_node_unique,{},0.625,pending,
REL_03981,SHL_SONGBEN_0075,clause,SHSRC0033,CR_JIYI_0070,commentary,SHSRC0041,commentary_support,丹波元簡《傷寒論輯義》對本條有注（對齊相似度0.73）。,傷寒論輯義:p875,citation_to_node_unique,{},0.731,pending,
REL_03982,SHL_SONGBEN_0076,clause,SHSRC0033,CR_JIYI_0071,commentary,SHSRC0041,commentary_support,丹波元簡《傷寒論輯義》對本條有注（對齊相似度0.62）。,傷寒論輯義:p896,citation_to_node_unique,{},0.621,pending,
REL_03983,SHL_SONGBEN_0077,clause,SHSRC0033,CR_JIYI_0072,commentary,SHSRC0041,commentary_support,丹波元簡《傷寒論輯義》對本條有注（對齊相似度1.00）。,傷寒論輯義:p929,citation_to_node_unique,{},1.0,pending,
REL_03984,SHL_SONGBEN_0078,clause,SHSRC0033,CR_JIYI_0073,commentary,SHSRC0041,commentary_support,丹波元簡《傷寒論輯義》對本條有注（對齊相似度1.00）。,傷寒論輯義:p933,citation_to_node_unique,{},1.0,pending,
REL_03985,SHL_SONGBEN_0079,clause,SHSRC0033,CR_JIYI_0074,commentary,SHSRC0041,commentary_support,丹波元簡《傷寒論輯義》對本條有注（對齊相似度1.00）。,傷寒論輯義:p937,citation_to_node_unique,{},1.0,pending,
REL_03986,SHL_SONGBEN_0080,clause,SHSRC0033,CR_JIYI_0075,commentary,SHSRC0041,commentary_support,丹波元簡《傷寒論輯義》對本條有注（對齊相似度1.00）。,傷寒論輯義:p949,citation_to_node_unique,{},1.0,pending,
REL_03987,SHL_SONGBEN_0081,clause,SHSRC0033,CR_JIYI_0076,commentary,SHSRC0041,commentary_support,丹波元簡《傷寒論輯義》對本條有注（對齊相似度0.87）。,傷寒論輯義:p963,citation_to_node_unique,{},0.867,pending,
REL_03988,SHL_SONGBEN_0082,clause,SHSRC0033,CR_JIYI_0077,commentary,SHSRC0041,commentary_support,丹波元簡《傷寒論輯義》對本條有注（對齊相似度0.86）。,傷寒論輯義:p967,citation_to_node_unique,{},0.862,pending,
REL_03989,SHL_SONGBEN_0083,clause,SHSRC0033,CR_JIYI_0078,commentary,SHSRC0041,commentary_support,丹波元簡《傷寒論輯義》對本條有注（對齊相似度0.75）。,傷寒論輯義:p978,citation_to_node_unique,{},0.75,pending,
REL_03990,SHL_SONGBEN_0084,clause,SHSRC0033,CR_JIYI_0079,commentary,SHSRC0041,commentary_support,丹波元簡《傷寒論輯義》對本條有注（對齊相似度1.00）。,傷寒論輯義:p982,citation_to_node_unique,{},1.0,pending,
REL_03991,SHL_SONGBEN_0085,clause,SHSRC0033,CR_JIYI_0080,commentary,SHSRC0041,commentary_support,丹波元簡《傷寒論輯義》對本條有注（對齊相似度0.96）。,傷寒論輯義:p985,citation_to_node_unique,{},0.96,pending,
REL_03992,SHL_SONGBEN_0086,clause,SHSRC0033,CR_JIYI_0081,commentary,SHSRC0041,commentary_support,丹波元簡《傷寒論輯義》對本條有注（對齊相似度0.90）。,傷寒論輯義:p989,citation_to_node_unique,{},0.9,pending,
REL_03993,SHL_SONGBEN_0087,clause,SHSRC0033,CR_JIYI_0082,commentary,SHSRC0041,commentary_support,丹波元簡《傷寒論輯義》對本條有注（對齊相似度0.83）。,傷寒論輯義:p997,citation_to_node_unique,{},0.833,pending,
REL_03994,SHL_SONGBEN_0088,clause,SHSRC0033,CR_JIYI_0083,commentary,SHSRC0041,commentary_support,丹波元簡《傷寒論輯義》對本條有注（對齊相似度0.89）。,傷寒論輯義:p1002,citation_to_node_unique,{},0.895,pending,
REL_03995,SHL_SONGBEN_0089,clause,SHSRC0033,CR_JIYI_0084,commentary,SHSRC0041,commentary_support,丹波元簡《傷寒論輯義》對本條有注（對齊相似度0.75）。,傷寒論輯義:p1009,citation_to_node_unique,{},0.75,pending,
REL_03996,SHL_SONGBEN_0090,clause,SHSRC0033,CR_JIYI_0085,commentary,SHSRC0041,commentary_support,丹波元簡《傷寒論輯義》對本條有注（對齊相似度1.00）。,傷寒論輯義:p1014,citation_to_node_unique,{},1.0,pending,
REL_03997,SHL_SONGBEN_0091,clause,SHSRC0033,CR_JIYI_0086,commentary,SHSRC0041,commentary_support,丹波元簡《傷寒論輯義》對本條有注（對齊相似度0.92）。,傷寒論輯義:p1019,citation_to_node_unique,{},0.921,pending,
REL_03998,SHL_SONGBEN_0092,clause,SHSRC0033,CR_JIYI_0087,commentary,SHSRC0041,commentary_support,丹波元簡《傷寒論輯義》對本條有注（對齊相似度0.82）。,傷寒論輯義:p1026,citation_to_node_unique,{},0.818,pending,
REL_03999,SHL_SONGBEN_0093,clause,SHSRC0033,CR_JIYI_0088,commentary,SHSRC0041,commentary_support,丹波元簡《傷寒論輯義》對本條有注（對齊相似度0.85）。,傷寒論輯義:p1034,citation_to_node_unique,{},0.854,pending,
REL_04000,SHL_SONGBEN_0094,clause,SHSRC0033,CR_JIYI_0089,commentary,SHSRC0041,commentary_support,丹波元簡《傷寒論輯義》對本條有注（對齊相似度0.83）。,傷寒論輯義:p1039,citation_to_node_unique,{},0.828,pending,
REL_04001,SHL_SONGBEN_0095,clause,SHSRC0033,CR_JIYI_0090,commentary,SHSRC0041,commentary_support,丹波元簡《傷寒論輯義》對本條有注（對齊相似度0.92）。,傷寒論輯義:p1046,citation_to_node_unique,{},0.92,pending,
REL_04002,SHL_SONGBEN_0096,clause,SHSRC0033,CR_JIYI_0091,commentary,SHSRC0041,commentary_support,丹波元簡《傷寒論輯義》對本條有注（對齊相似度0.67）。,傷寒論輯義:p1050,citation_to_node_unique,{},0.673,pending,
REL_04003,SHL_SONGBEN_0097,clause,SHSRC0033,CR_JIYI_0092,commentary,SHSRC0041,commentary_support,丹波元簡《傷寒論輯義》對本條有注（對齊相似度0.65）。,傷寒論輯義:p1114,citation_to_node_unique,{},0.648,pending,
REL_04004,SHL_SONGBEN_0098,clause,SHSRC0033,CR_JIYI_0093,commentary,SHSRC0041,commentary_support,丹波元簡《傷寒論輯義》對本條有注（對齊相似度0.87）。,傷寒論輯義:p1124,citation_to_node_unique,{},0.868,pending,
REL_04005,SHL_SONGBEN_0099,clause,SHSRC0033,CR_JIYI_0094,commentary,SHSRC0041,commentary_support,丹波元簡《傷寒論輯義》對本條有注（對齊相似度0.92）。,傷寒論輯義:p1132,citation_to_node_unique,{},0.923,pending,
REL_04006,SHL_SONGBEN_0100,clause,SHSRC0033,CR_JIYI_0095,commentary,SHSRC0041,commentary_support,丹波元簡《傷寒論輯義》對本條有注（對齊相似度0.73）。,傷寒論輯義:p1141,citation_to_node_unique,{},0.73,pending,
REL_04007,SHL_SONGBEN_0101,clause,SHSRC0033,CR_JIYI_0096,commentary,SHSRC0041,commentary_support,丹波元簡《傷寒論輯義》對本條有注（對齊相似度0.79）。,傷寒論輯義:p1168,citation_to_node_unique,{},0.789,pending,
REL_04008,SHL_SONGBEN_0102,clause,SHSRC0033,CR_JIYI_0097,commentary,SHSRC0041,commentary_support,丹波元簡《傷寒論輯義》對本條有注（對齊相似度1.00）。,傷寒論輯義:p1171,citation_to_node_unique,{},1.0,pending,
REL_04009,SHL_SONGBEN_0103,clause,SHSRC0033,CR_JIYI_0098,commentary,SHSRC0041,commentary_support,丹波元簡《傷寒論輯義》對本條有注（對齊相似度0.79）。,傷寒論輯義:p1174,citation_to_node_unique,{},0.792,pending,
REL_04010,SHL_SONGBEN_0104,clause,SHSRC0033,CR_JIYI_0099,commentary,SHSRC0041,commentary_support,丹波元簡《傷寒論輯義》對本條有注（對齊相似度0.94）。,傷寒論輯義:p1197,citation_to_node_unique,{},0.937,pending,
REL_04011,SHL_SONGBEN_0105,clause,SHSRC0033,CR_JIYI_0100,commentary,SHSRC0041,commentary_support,丹波元簡《傷寒論輯義》對本條有注（對齊相似度0.78）。,傷寒論輯義:p1220,citation_to_node_unique,{},0.778,pending,
REL_04012,SHL_SONGBEN_0106,clause,SHSRC0033,CR_JIYI_0101,commentary,SHSRC0041,commentary_support,丹波元簡《傷寒論輯義》對本條有注（對齊相似度0.81）。,傷寒論輯義:p1226,citation_to_node_unique,{},0.815,pending,
REL_04013,SHL_SONGBEN_0107,clause,SHSRC0033,CR_JIYI_0102,commentary,SHSRC0041,commentary_support,丹波元簡《傷寒論輯義》對本條有注（對齊相似度1.00）。,傷寒論輯義:p1262,citation_to_node_unique,{},1.0,pending,
REL_04014,SHL_SONGBEN_0108,clause,SHSRC0033,CR_JIYI_0103,commentary,SHSRC0041,commentary_support,丹波元簡《傷寒論輯義》對本條有注（對齊相似度1.00）。,傷寒論輯義:p1270,citation_to_node_unique,{},1.0,pending,
REL_04015,SHL_SONGBEN_0109,clause,SHSRC0033,CR_JIYI_0104,commentary,SHSRC0041,commentary_support,丹波元簡《傷寒論輯義》對本條有注（對齊相似度1.00）。,傷寒論輯義:p1276,citation_to_node_unique,{},1.0,pending,
REL_04016,SHL_SONGBEN_0110,clause,SHSRC0033,CR_JIYI_0105,commentary,SHSRC0041,commentary_support,丹波元簡《傷寒論輯義》對本條有注（對齊相似度0.72）。,傷寒論輯義:p1282,citation_to_node_unique,{},0.722,pending,
REL_04017,SHL_SONGBEN_0112,clause,SHSRC0033,CR_JIYI_0106,commentary,SHSRC0041,commentary_support,丹波元簡《傷寒論輯義》對本條有注（對齊相似度0.97）。,傷寒論輯義:p1299,citation_to_node_unique,{},0.973,pending,
REL_04018,SHL_SONGBEN_0113,clause,SHSRC0033,CR_JIYI_0107,commentary,SHSRC0041,commentary_support,丹波元簡《傷寒論輯義》對本條有注（對齊相似度0.94）。,傷寒論輯義:p1316,citation_to_node_unique,{},0.938,pending,
REL_04019,SHL_SONGBEN_0115,clause,SHSRC0033,CR_JIYI_0108,commentary,SHSRC0041,commentary_support,丹波元簡《傷寒論輯義》對本條有注（對齊相似度0.84）。,傷寒論輯義:p1331,citation_to_node_unique,{},0.836,pending,
REL_04020,SHL_SONGBEN_0116,clause,SHSRC0033,CR_JIYI_0109,commentary,SHSRC0041,commentary_support,丹波元簡《傷寒論輯義》對本條有注（對齊相似度0.67）。,傷寒論輯義:p1342,citation_to_node_unique,{},0.671,pending,
REL_04021,SHL_SONGBEN_0117,clause,SHSRC0033,CR_JIYI_0110,commentary,SHSRC0041,commentary_support,丹波元簡《傷寒論輯義》對本條有注（對齊相似度0.80）。,傷寒論輯義:p1349,citation_to_node_unique,{},0.804,pending,
REL_04022,SHL_SONGBEN_0118,clause,SHSRC0033,CR_JIYI_0111,commentary,SHSRC0041,commentary_support,丹波元簡《傷寒論輯義》對本條有注（對齊相似度1.00）。,傷寒論輯義:p1361,citation_to_node_unique,{},1.0,pending,
REL_04023,SHL_SONGBEN_0119,clause,SHSRC0033,CR_JIYI_0112,commentary,SHSRC0041,commentary_support,丹波元簡《傷寒論輯義》對本條有注（對齊相似度1.00）。,傷寒論輯義:p1370,citation_to_node_unique,{},1.0,pending,
REL_04024,SHL_SONGBEN_0120,clause,SHSRC0033,CR_JIYI_0113,commentary,SHSRC0041,commentary_support,丹波元簡《傷寒論輯義》對本條有注（對齊相似度0.96）。,傷寒論輯義:p1372,citation_to_node_unique,{},0.961,pending,
REL_04025,SHL_SONGBEN_0121,clause,SHSRC0033,CR_JIYI_0114,commentary,SHSRC0041,commentary_support,丹波元簡《傷寒論輯義》對本條有注（對齊相似度1.00）。,傷寒論輯義:p1381,citation_to_node_unique,{},1.0,pending,
REL_04026,SHL_SONGBEN_0122,clause,SHSRC0033,CR_JIYI_0115,commentary,SHSRC0041,commentary_support,丹波元簡《傷寒論輯義》對本條有注（對齊相似度0.95）。,傷寒論輯義:p1384,citation_to_node_unique,{},0.955,pending,
REL_04027,SHL_SONGBEN_0123,clause,SHSRC0033,CR_JIYI_0116,commentary,SHSRC0041,commentary_support,丹波元簡《傷寒論輯義》對本條有注（對齊相似度0.66）。,傷寒論輯義:p1387,citation_to_node_unique,{},0.66,pending,
REL_04028,SHL_SONGBEN_0124,clause,SHSRC0033,CR_JIYI_0117,commentary,SHSRC0041,commentary_support,丹波元簡《傷寒論輯義》對本條有注（對齊相似度0.93）。,傷寒論輯義:p1401,citation_to_node_unique,{},0.931,pending,
REL_04029,SHL_SONGBEN_0125,clause,SHSRC0033,CR_JIYI_0118,commentary,SHSRC0041,commentary_support,丹波元簡《傷寒論輯義》對本條有注（對齊相似度0.94）。,傷寒論輯義:p1416,citation_to_node_unique,{},0.944,pending,
REL_04030,SHL_SONGBEN_0126,clause,SHSRC0033,CR_JIYI_0119,commentary,SHSRC0041,commentary_support,丹波元簡《傷寒論輯義》對本條有注（對齊相似度0.88）。,傷寒論輯義:p1422,citation_to_node_unique,{},0.875,pending,
REL_04031,SHL_SONGBEN_0127,clause,SHSRC0033,CR_JIYI_0120,commentary,SHSRC0041,commentary_support,丹波元簡《傷寒論輯義》對本條有注（對齊相似度0.91）。,傷寒論輯義:p1432,citation_to_node_unique,{},0.909,pending,
REL_04032,SHL_SONGBEN_0130,clause,SHSRC0033,CR_JIYI_0121,commentary,SHSRC0041,commentary_support,丹波元簡《傷寒論輯義》對本條有注（對齊相似度0.86）。,傷寒論輯義:p1446,citation_to_node_unique,{},0.864,pending,
REL_04033,SHL_SONGBEN_0132,clause,SHSRC0033,CR_JIYI_0122,commentary,SHSRC0041,commentary_support,丹波元簡《傷寒論輯義》對本條有注（對齊相似度1.00）。,傷寒論輯義:p1472,citation_to_node_unique,{},1.0,pending,
REL_04034,SHL_SONGBEN_0133,clause,SHSRC0033,CR_JIYI_0123,commentary,SHSRC0041,commentary_support,丹波元簡《傷寒論輯義》對本條有注（對齊相似度1.00）。,傷寒論輯義:p1479,citation_to_node_unique,{},1.0,pending,
REL_04035,SHL_SONGBEN_0135,clause,SHSRC0033,CR_JIYI_0124,commentary,SHSRC0041,commentary_support,丹波元簡《傷寒論輯義》對本條有注（對齊相似度0.92）。,傷寒論輯義:p1507,citation_to_node_unique,{},0.923,pending,
REL_04036,SHL_SONGBEN_0136,clause,SHSRC0033,CR_JIYI_0125,commentary,SHSRC0041,commentary_support,丹波元簡《傷寒論輯義》對本條有注（對齊相似度0.86）。,傷寒論輯義:p1510,citation_to_node_unique,{},0.864,pending,
REL_04037,SHL_SONGBEN_0137,clause,SHSRC0033,CR_JIYI_0126,commentary,SHSRC0041,commentary_support,丹波元簡《傷寒論輯義》對本條有注（對齊相似度0.66）。,傷寒論輯義:p1512,citation_to_node_unique,{},0.662,pending,
REL_04038,SHL_SONGBEN_0138,clause,SHSRC0033,CR_JIYI_0127,commentary,SHSRC0041,commentary_support,丹波元簡《傷寒論輯義》對本條有注（對齊相似度1.00）。,傷寒論輯義:p1516,citation_to_node_unique,{},1.0,pending,
REL_04039,SHL_SONGBEN_0139,clause,SHSRC0033,CR_JIYI_0128,commentary,SHSRC0041,commentary_support,丹波元簡《傷寒論輯義》對本條有注（對齊相似度0.81）。,傷寒論輯義:p1544,citation_to_node_unique,{},0.814,pending,
REL_04040,SHL_SONGBEN_0140,clause,SHSRC0033,CR_JIYI_0129,commentary,SHSRC0041,commentary_support,丹波元簡《傷寒論輯義》對本條有注（對齊相似度0.68）。,傷寒論輯義:p1554,citation_to_node_unique,{},0.682,pending,
REL_04041,SHL_SONGBEN_0142,clause,SHSRC0033,CR_JIYI_0130,commentary,SHSRC0041,commentary_support,丹波元簡《傷寒論輯義》對本條有注（對齊相似度0.92）。,傷寒論輯義:p1598,citation_to_node_unique,{},0.923,pending,
REL_04042,SHL_SONGBEN_0171,clause,SHSRC0033,CR_JIYI_0131,commentary,SHSRC0041,commentary_support,丹波元簡《傷寒論輯義》對本條有注（對齊相似度0.69）。,傷寒論輯義:p1602,citation_to_node_first_of_multiple,{},0.694,pending,
REL_04043,SHL_SONGBEN_0143,clause,SHSRC0033,CR_JIYI_0132,commentary,SHSRC0041,commentary_support,丹波元簡《傷寒論輯義》對本條有注（對齊相似度0.67）。,傷寒論輯義:p1609,citation_to_node_unique,{},0.667,pending,
REL_04044,SHL_SONGBEN_0144,clause,SHSRC0033,CR_JIYI_0133,commentary,SHSRC0041,commentary_support,丹波元簡《傷寒論輯義》對本條有注（對齊相似度0.92）。,傷寒論輯義:p1614,citation_to_node_unique,{},0.921,pending,
REL_04045,SHL_SONGBEN_0145,clause,SHSRC0033,CR_JIYI_0134,commentary,SHSRC0041,commentary_support,丹波元簡《傷寒論輯義》對本條有注（對齊相似度0.81）。,傷寒論輯義:p1620,citation_to_node_unique,{},0.813,pending,
REL_04046,SHL_SONGBEN_0146,clause,SHSRC0033,CR_JIYI_0135,commentary,SHSRC0041,commentary_support,丹波元簡《傷寒論輯義》對本條有注（對齊相似度0.95）。,傷寒論輯義:p1628,citation_to_node_unique,{},0.954,pending,
REL_04047,SHL_SONGBEN_0147,clause,SHSRC0033,CR_JIYI_0136,commentary,SHSRC0041,commentary_support,丹波元簡《傷寒論輯義》對本條有注（對齊相似度0.79）。,傷寒論輯義:p1639,citation_to_node_unique,{},0.786,pending,
REL_04048,SHL_SONGBEN_0149,clause,SHSRC0033,CR_JIYI_0137,commentary,SHSRC0041,commentary_support,丹波元簡《傷寒論輯義》對本條有注（對齊相似度0.90）。,傷寒論輯義:p1663,citation_to_node_unique,{},0.901,pending,
REL_04049,SHL_SONGBEN_0150,clause,SHSRC0033,CR_JIYI_0138,commentary,SHSRC0041,commentary_support,丹波元簡《傷寒論輯義》對本條有注（對齊相似度0.65）。,傷寒論輯義:p1686,citation_to_node_unique,{},0.652,pending,
REL_04050,SHL_SONGBEN_0151,clause,SHSRC0033,CR_JIYI_0139,commentary,SHSRC0041,commentary_support,丹波元簡《傷寒論輯義》對本條有注（對齊相似度0.91）。,傷寒論輯義:p1691,citation_to_node_unique,{},0.909,pending,
REL_04051,SHL_SONGBEN_0152,clause,SHSRC0033,CR_JIYI_0140,commentary,SHSRC0041,commentary_support,丹波元簡《傷寒論輯義》對本條有注（對齊相似度0.85）。,傷寒論輯義:p1696,citation_to_node_unique,{},0.852,pending,
REL_04052,SHL_SONGBEN_0153,clause,SHSRC0033,CR_JIYI_0141,commentary,SHSRC0041,commentary_support,丹波元簡《傷寒論輯義》對本條有注（對齊相似度0.80）。,傷寒論輯義:p1722,citation_to_node_unique,{},0.797,pending,
REL_04053,SHL_SONGBEN_0154,clause,SHSRC0033,CR_JIYI_0142,commentary,SHSRC0041,commentary_support,丹波元簡《傷寒論輯義》對本條有注（對齊相似度1.00）。,傷寒論輯義:p1728,citation_to_node_unique,{},1.0,pending,
REL_04054,SHL_SONGBEN_0155,clause,SHSRC0033,CR_JIYI_0143,commentary,SHSRC0041,commentary_support,丹波元簡《傷寒論輯義》對本條有注（對齊相似度1.00）。,傷寒論輯義:p1751,citation_to_node_unique,{},1.0,pending,
REL_04055,SHL_SONGBEN_0158,clause,SHSRC0033,CR_JIYI_0144,commentary,SHSRC0041,commentary_support,丹波元簡《傷寒論輯義》對本條有注（對齊相似度0.68）。,傷寒論輯義:p1773,citation_to_node_unique,{},0.684,pending,
REL_04056,SHL_SONGBEN_0159,clause,SHSRC0033,CR_JIYI_0145,commentary,SHSRC0041,commentary_support,丹波元簡《傷寒論輯義》對本條有注（對齊相似度0.90）。,傷寒論輯義:p1787,citation_to_node_unique,{},0.902,pending,
REL_04057,SHL_SONGBEN_0160,clause,SHSRC0033,CR_JIYI_0146,commentary,SHSRC0041,commentary_support,丹波元簡《傷寒論輯義》對本條有注（對齊相似度0.92）。,傷寒論輯義:p1799,citation_to_node_unique,{},0.919,pending,
REL_04058,SHL_SONGBEN_0161,clause,SHSRC0033,CR_JIYI_0147,commentary,SHSRC0041,commentary_support,丹波元簡《傷寒論輯義》對本條有注（對齊相似度0.79）。,傷寒論輯義:p1806,citation_to_node_unique,{},0.793,pending,
REL_04059,SHL_SONGBEN_0163,clause,SHSRC0033,CR_JIYI_0148,commentary,SHSRC0041,commentary_support,丹波元簡《傷寒論輯義》對本條有注（對齊相似度0.84）。,傷寒論輯義:p1824,citation_to_node_unique,{},0.841,pending,
REL_04060,SHL_SONGBEN_0164,clause,SHSRC0033,CR_JIYI_0149,commentary,SHSRC0041,commentary_support,丹波元簡《傷寒論輯義》對本條有注（對齊相似度0.88）。,傷寒論輯義:p1836,citation_to_node_unique,{},0.883,pending,
REL_04061,SHL_SONGBEN_0165,clause,SHSRC0033,CR_JIYI_0150,commentary,SHSRC0041,commentary_support,丹波元簡《傷寒論輯義》對本條有注（對齊相似度0.91）。,傷寒論輯義:p1841,citation_to_node_unique,{},0.913,pending,
REL_04062,SHL_SONGBEN_0166,clause,SHSRC0033,CR_JIYI_0151,commentary,SHSRC0041,commentary_support,丹波元簡《傷寒論輯義》對本條有注（對齊相似度0.89）。,傷寒論輯義:p1846,citation_to_node_unique,{},0.895,pending,
REL_04063,SHL_SONGBEN_0167,clause,SHSRC0033,CR_JIYI_0152,commentary,SHSRC0041,commentary_support,丹波元簡《傷寒論輯義》對本條有注（對齊相似度0.82）。,傷寒論輯義:p1870,citation_to_node_unique,{},0.818,pending,
REL_04064,SHL_SONGBEN_0168,clause,SHSRC0033,CR_JIYI_0153,commentary,SHSRC0041,commentary_support,丹波元簡《傷寒論輯義》對本條有注（對齊相似度0.76）。,傷寒論輯義:p1873,citation_to_node_unique,{},0.756,pending,
REL_04065,SHL_SONGBEN_0169,clause,SHSRC0033,CR_JIYI_0154,commentary,SHSRC0041,commentary_support,丹波元簡《傷寒論輯義》對本條有注（對齊相似度1.00）。,傷寒論輯義:p1893,citation_to_node_unique,{},1.0,pending,
REL_04066,SHL_SONGBEN_0170,clause,SHSRC0033,CR_JIYI_0155,commentary,SHSRC0041,commentary_support,丹波元簡《傷寒論輯義》對本條有注（對齊相似度1.00）。,傷寒論輯義:p1897,citation_to_node_unique,{},1.0,pending,
REL_04067,SHL_SONGBEN_0171,clause,SHSRC0033,CR_JIYI_0131,commentary,SHSRC0041,commentary_support,丹波元簡《傷寒論輯義》對本條有注（對齊相似度0.73）。,傷寒論輯義:p1901,citation_to_node_first_of_multiple,{},0.733,pending,
REL_04068,SHL_SONGBEN_0172,clause,SHSRC0033,CR_JIYI_0157,commentary,SHSRC0041,commentary_support,丹波元簡《傷寒論輯義》對本條有注（對齊相似度1.00）。,傷寒論輯義:p1907,citation_to_node_unique,{},1.0,pending,
REL_04069,SHL_SONGBEN_0173,clause,SHSRC0033,CR_JIYI_0158,commentary,SHSRC0041,commentary_support,丹波元簡《傷寒論輯義》對本條有注（對齊相似度1.00）。,傷寒論輯義:p1924,citation_to_node_unique,{},1.0,pending,
REL_04070,SHL_SONGBEN_0174,clause,SHSRC0033,CR_JIYI_0159,commentary,SHSRC0041,commentary_support,丹波元簡《傷寒論輯義》對本條有注（對齊相似度0.85）。,傷寒論輯義:p1936,citation_to_node_unique,{},0.855,pending,
REL_04071,SHL_SONGBEN_0175,clause,SHSRC0033,CR_JIYI_0160,commentary,SHSRC0041,commentary_support,丹波元簡《傷寒論輯義》對本條有注（對齊相似度1.00）。,傷寒論輯義:p1959,citation_to_node_unique,{},1.0,pending,
REL_04072,SHL_SONGBEN_0177,clause,SHSRC0033,CR_JIYI_0161,commentary,SHSRC0041,commentary_support,丹波元簡《傷寒論輯義》對本條有注（對齊相似度1.00）。,傷寒論輯義:p1997,citation_to_node_unique,{},1.0,pending,
REL_04073,SHL_SONGBEN_0178,clause,SHSRC0033,CR_JIYI_0162,commentary,SHSRC0041,commentary_support,丹波元簡《傷寒論輯義》對本條有注（對齊相似度0.90）。,傷寒論輯義:p2015,citation_to_node_unique,{},0.904,pending,
REL_04074,SHL_SONGBEN_0179,clause,SHSRC0033,CR_JIYI_0163,commentary,SHSRC0041,commentary_support,丹波元簡《傷寒論輯義》對本條有注（對齊相似度0.93）。,傷寒論輯義:p2026,citation_to_node_unique,{},0.933,pending,
REL_04075,SHL_SONGBEN_0180,clause,SHSRC0033,CR_JIYI_0164,commentary,SHSRC0041,commentary_support,丹波元簡《傷寒論輯義》對本條有注（對齊相似度1.00）。,傷寒論輯義:p2032,citation_to_node_unique,{},1.0,pending,
REL_04076,SHL_SONGBEN_0181,clause,SHSRC0033,CR_JIYI_0165,commentary,SHSRC0041,commentary_support,丹波元簡《傷寒論輯義》對本條有注（對齊相似度0.78）。,傷寒論輯義:p2036,citation_to_node_unique,{},0.785,pending,
REL_04077,SHL_SONGBEN_0182,clause,SHSRC0033,CR_JIYI_0166,commentary,SHSRC0041,commentary_support,丹波元簡《傷寒論輯義》對本條有注（對齊相似度1.00）。,傷寒論輯義:p2042,citation_to_node_unique,{},1.0,pending,
REL_04078,SHL_SONGBEN_0183,clause,SHSRC0033,CR_JIYI_0167,commentary,SHSRC0041,commentary_support,丹波元簡《傷寒論輯義》對本條有注（對齊相似度1.00）。,傷寒論輯義:p2047,citation_to_node_unique,{},1.0,pending,
REL_04079,SHL_SONGBEN_0184,clause,SHSRC0033,CR_JIYI_0168,commentary,SHSRC0041,commentary_support,丹波元簡《傷寒論輯義》對本條有注（對齊相似度1.00）。,傷寒論輯義:p2050,citation_to_node_unique,{},1.0,pending,
REL_04080,SHL_SONGBEN_0185,clause,SHSRC0033,CR_JIYI_0169,commentary,SHSRC0041,commentary_support,丹波元簡《傷寒論輯義》對本條有注（對齊相似度0.67）。,傷寒論輯義:p2054,citation_to_node_first_of_multiple,{},0.667,pending,
REL_04081,SHL_SONGBEN_0185,clause,SHSRC0033,CR_JIYI_0169,commentary,SHSRC0041,commentary_support,丹波元簡《傷寒論輯義》對本條有注（對齊相似度0.66）。,傷寒論輯義:p2059,citation_to_node_first_of_multiple,{},0.656,pending,
REL_04082,SHL_SONGBEN_0186,clause,SHSRC0033,CR_JIYI_0171,commentary,SHSRC0041,commentary_support,丹波元簡《傷寒論輯義》對本條有注（對齊相似度1.00）。,傷寒論輯義:p2061,citation_to_node_unique,{},1.0,pending,
REL_04083,SHL_SONGBEN_0187,clause,SHSRC0033,CR_JIYI_0172,commentary,SHSRC0041,commentary_support,丹波元簡《傷寒論輯義》對本條有注（對齊相似度0.84）。,傷寒論輯義:p2064,citation_to_node_unique,{},0.835,pending,
REL_04084,SHL_SONGBEN_0278,clause,SHSRC0033,CR_JIYI_0173,commentary,SHSRC0041,commentary_support,丹波元簡《傷寒論輯義》對本條有注（對齊相似度0.85）。,傷寒論輯義:p2069,citation_to_node_first_of_multiple,{},0.85,pending,
REL_04085,SHL_SONGBEN_0189,clause,SHSRC0033,CR_JIYI_0174,commentary,SHSRC0041,commentary_support,丹波元簡《傷寒論輯義》對本條有注（對齊相似度0.81）。,傷寒論輯義:p2072,citation_to_node_unique,{},0.809,pending,
REL_04086,SHL_SONGBEN_0190,clause,SHSRC0033,CR_JIYI_0175,commentary,SHSRC0041,commentary_support,丹波元簡《傷寒論輯義》對本條有注（對齊相似度1.00）。,傷寒論輯義:p2080,citation_to_node_unique,{},1.0,pending,
REL_04087,SHL_SONGBEN_0191,clause,SHSRC0033,CR_JIYI_0176,commentary,SHSRC0041,commentary_support,丹波元簡《傷寒論輯義》對本條有注（對齊相似度0.92）。,傷寒論輯義:p2084,citation_to_node_unique,{},0.921,pending,
REL_04088,SHL_SONGBEN_0192,clause,SHSRC0033,CR_JIYI_0177,commentary,SHSRC0041,commentary_support,丹波元簡《傷寒論輯義》對本條有注（對齊相似度0.80）。,傷寒論輯義:p2088,citation_to_node_unique,{},0.8,pending,
REL_04089,SHL_SONGBEN_0193,clause,SHSRC0033,CR_JIYI_0178,commentary,SHSRC0041,commentary_support,丹波元簡《傷寒論輯義》對本條有注（對齊相似度1.00）。,傷寒論輯義:p2098,citation_to_node_unique,{},1.0,pending,
REL_04090,SHL_SONGBEN_0194,clause,SHSRC0033,CR_JIYI_0179,commentary,SHSRC0041,commentary_support,丹波元簡《傷寒論輯義》對本條有注（對齊相似度1.00）。,傷寒論輯義:p2100,citation_to_node_unique,{},1.0,pending,
REL_04091,SHL_SONGBEN_0195,clause,SHSRC0033,CR_JIYI_0180,commentary,SHSRC0041,commentary_support,丹波元簡《傷寒論輯義》對本條有注（對齊相似度0.73）。,傷寒論輯義:p2103,citation_to_node_unique,{},0.733,pending,
REL_04092,SHL_SONGBEN_0196,clause,SHSRC0033,CR_JIYI_0181,commentary,SHSRC0041,commentary_support,丹波元簡《傷寒論輯義》對本條有注（對齊相似度1.00）。,傷寒論輯義:p2109,citation_to_node_unique,{},1.0,pending,
REL_04093,SHL_SONGBEN_0197,clause,SHSRC0033,CR_JIYI_0182,commentary,SHSRC0041,commentary_support,丹波元簡《傷寒論輯義》對本條有注（對齊相似度0.88）。,傷寒論輯義:p2114,citation_to_node_unique,{},0.882,pending,
REL_04094,SHL_SONGBEN_0198,clause,SHSRC0033,CR_JIYI_0183,commentary,SHSRC0041,commentary_support,丹波元簡《傷寒論輯義》對本條有注（對齊相似度0.84）。,傷寒論輯義:p2118,citation_to_node_unique,{},0.84,pending,
REL_04095,SHL_SONGBEN_0199,clause,SHSRC0033,CR_JIYI_0184,commentary,SHSRC0041,commentary_support,丹波元簡《傷寒論輯義》對本條有注（對齊相似度0.91）。,傷寒論輯義:p2122,citation_to_node_unique,{},0.909,pending,
REL_04096,SHL_SONGBEN_0200,clause,SHSRC0033,CR_JIYI_0185,commentary,SHSRC0041,commentary_support,丹波元簡《傷寒論輯義》對本條有注（對齊相似度1.00）。,傷寒論輯義:p2126,citation_to_node_unique,{},1.0,pending,
REL_04097,SHL_SONGBEN_0201,clause,SHSRC0033,CR_JIYI_0186,commentary,SHSRC0041,commentary_support,丹波元簡《傷寒論輯義》對本條有注（對齊相似度1.00）。,傷寒論輯義:p2131,citation_to_node_unique,{},1.0,pending,
REL_04098,SHL_SONGBEN_0202,clause,SHSRC0033,CR_JIYI_0187,commentary,SHSRC0041,commentary_support,丹波元簡《傷寒論輯義》對本條有注（對齊相似度0.87）。,傷寒論輯義:p2137,citation_to_node_unique,{},0.867,pending,
REL_04099,SHL_SONGBEN_0203,clause,SHSRC0033,CR_JIYI_0188,commentary,SHSRC0041,commentary_support,丹波元簡《傷寒論輯義》對本條有注（對齊相似度0.81）。,傷寒論輯義:p2141,citation_to_node_unique,{},0.807,pending,
REL_04100,SHL_SONGBEN_0204,clause,SHSRC0033,CR_JIYI_0189,commentary,SHSRC0041,commentary_support,丹波元簡《傷寒論輯義》對本條有注（對齊相似度1.00）。,傷寒論輯義:p2144,citation_to_node_unique,{},1.0,pending,
REL_04101,SHL_SONGBEN_0205,clause,SHSRC0033,CR_JIYI_0190,commentary,SHSRC0041,commentary_support,丹波元簡《傷寒論輯義》對本條有注（對齊相似度0.82）。,傷寒論輯義:p2149,citation_to_node_unique,{},0.821,pending,
REL_04102,SHL_SONGBEN_0206,clause,SHSRC0033,CR_JIYI_0191,commentary,SHSRC0041,commentary_support,丹波元簡《傷寒論輯義》對本條有注（對齊相似度0.64）。,傷寒論輯義:p2157,citation_to_node_unique,{},0.636,pending,
REL_04103,SHL_SONGBEN_0207,clause,SHSRC0033,CR_JIYI_0192,commentary,SHSRC0041,commentary_support,丹波元簡《傷寒論輯義》對本條有注（對齊相似度1.00）。,傷寒論輯義:p2162,citation_to_node_unique,{},1.0,pending,
REL_04104,SHL_SONGBEN_0208,clause,SHSRC0033,CR_JIYI_0193,commentary,SHSRC0041,commentary_support,丹波元簡《傷寒論輯義》對本條有注（對齊相似度0.74）。,傷寒論輯義:p2165,citation_to_node_unique,{},0.738,pending,
REL_04105,SHL_SONGBEN_0209,clause,SHSRC0033,CR_JIYI_0194,commentary,SHSRC0041,commentary_support,丹波元簡《傷寒論輯義》對本條有注（對齊相似度0.89）。,傷寒論輯義:p2226,citation_to_node_unique,{},0.885,pending,
REL_04106,SHL_SONGBEN_0210,clause,SHSRC0033,CR_JIYI_0195,commentary,SHSRC0041,commentary_support,丹波元簡《傷寒論輯義》對本條有注（對齊相似度0.88）。,傷寒論輯義:p2242,citation_to_node_unique,{},0.877,pending,
REL_04107,SHL_SONGBEN_0211,clause,SHSRC0033,CR_JIYI_0196,commentary,SHSRC0041,commentary_support,丹波元簡《傷寒論輯義》對本條有注（對齊相似度1.00）。,傷寒論輯義:p2256,citation_to_node_unique,{},1.0,pending,
REL_04108,SHL_SONGBEN_0213,clause,SHSRC0033,CR_JIYI_0197,commentary,SHSRC0041,commentary_support,丹波元簡《傷寒論輯義》對本條有注（對齊相似度0.92）。,傷寒論輯義:p2272,citation_to_node_unique,{},0.921,pending,
REL_04109,SHL_SONGBEN_0214,clause,SHSRC0033,CR_JIYI_0198,commentary,SHSRC0041,commentary_support,丹波元簡《傷寒論輯義》對本條有注（對齊相似度0.70）。,傷寒論輯義:p2275,citation_to_node_unique,{},0.701,pending,
REL_04110,SHL_SONGBEN_0215,clause,SHSRC0033,CR_JIYI_0199,commentary,SHSRC0041,commentary_support,丹波元簡《傷寒論輯義》對本條有注（對齊相似度0.91）。,傷寒論輯義:p2282,citation_to_node_unique,{},0.912,pending,
REL_04111,SHL_SONGBEN_0218,clause,SHSRC0033,CR_JIYI_0200,commentary,SHSRC0041,commentary_support,丹波元簡《傷寒論輯義》對本條有注（對齊相似度0.88）。,傷寒論輯義:p2306,citation_to_node_unique,{},0.882,pending,
REL_04112,SHL_SONGBEN_0219,clause,SHSRC0033,CR_JIYI_0201,commentary,SHSRC0041,commentary_support,丹波元簡《傷寒論輯義》對本條有注（對齊相似度0.70）。,傷寒論輯義:p2310,citation_to_node_unique,{},0.696,pending,
REL_04113,SHL_SONGBEN_0220,clause,SHSRC0033,CR_JIYI_0202,commentary,SHSRC0041,commentary_support,丹波元簡《傷寒論輯義》對本條有注（對齊相似度0.84）。,傷寒論輯義:p2319,citation_to_node_unique,{},0.844,pending,
REL_04114,SHL_SONGBEN_0221,clause,SHSRC0033,CR_JIYI_0203,commentary,SHSRC0041,commentary_support,丹波元簡《傷寒論輯義》對本條有注（對齊相似度0.82）。,傷寒論輯義:p2322,citation_to_node_unique,{},0.825,pending,
REL_04115,SHL_SONGBEN_0223,clause,SHSRC0033,CR_JIYI_0204,commentary,SHSRC0041,commentary_support,丹波元簡《傷寒論輯義》對本條有注（對齊相似度0.77）。,傷寒論輯義:p2334,citation_to_node_unique,{},0.773,pending,
REL_04116,SHL_SONGBEN_0224,clause,SHSRC0033,CR_JIYI_0205,commentary,SHSRC0041,commentary_support,丹波元簡《傷寒論輯義》對本條有注（對齊相似度1.00）。,傷寒論輯義:p2339,citation_to_node_unique,{},1.0,pending,
REL_04117,SHL_SONGBEN_0225,clause,SHSRC0033,CR_JIYI_0206,commentary,SHSRC0041,commentary_support,丹波元簡《傷寒論輯義》對本條有注（對齊相似度0.88）。,傷寒論輯義:p2344,citation_to_node_unique,{},0.882,pending,
REL_04118,SHL_SONGBEN_0227,clause,SHSRC0033,CR_JIYI_0207,commentary,SHSRC0041,commentary_support,丹波元簡《傷寒論輯義》對本條有注（對齊相似度1.00）。,傷寒論輯義:p2352,citation_to_node_unique,{},1.0,pending,
REL_04119,SHL_SONGBEN_0228,clause,SHSRC0033,CR_JIYI_0208,commentary,SHSRC0041,commentary_support,丹波元簡《傷寒論輯義》對本條有注（對齊相似度0.95）。,傷寒論輯義:p2357,citation_to_node_unique,{},0.954,pending,
REL_04120,SHL_SONGBEN_0229,clause,SHSRC0033,CR_JIYI_0209,commentary,SHSRC0041,commentary_support,丹波元簡《傷寒論輯義》對本條有注（對齊相似度0.72）。,傷寒論輯義:p2360,citation_to_node_unique,{},0.724,pending,
REL_04121,SHL_SONGBEN_0230,clause,SHSRC0033,CR_JIYI_0210,commentary,SHSRC0041,commentary_support,丹波元簡《傷寒論輯義》對本條有注（對齊相似度0.81）。,傷寒論輯義:p2365,citation_to_node_unique,{},0.815,pending,
REL_04122,SHL_SONGBEN_0231,clause,SHSRC0033,CR_JIYI_0211,commentary,SHSRC0041,commentary_support,丹波元簡《傷寒論輯義》對本條有注（對齊相似度0.62）。,傷寒論輯義:p2369,citation_to_node_unique,{},0.617,pending,
REL_04123,SHL_SONGBEN_0233,clause,SHSRC0033,CR_JIYI_0212,commentary,SHSRC0041,commentary_support,丹波元簡《傷寒論輯義》對本條有注（對齊相似度0.81）。,傷寒論輯義:p2378,citation_to_node_unique,{},0.809,pending,
REL_04124,SHL_SONGBEN_0234,clause,SHSRC0033,CR_JIYI_0213,commentary,SHSRC0041,commentary_support,丹波元簡《傷寒論輯義》對本條有注（對齊相似度1.00）。,傷寒論輯義:p2410,citation_to_node_unique,{},1.0,pending,
REL_04125,SHL_SONGBEN_0235,clause,SHSRC0033,CR_JIYI_0214,commentary,SHSRC0041,commentary_support,丹波元簡《傷寒論輯義》對本條有注（對齊相似度1.00）。,傷寒論輯義:p2414,citation_to_node_unique,{},1.0,pending,
REL_04126,SHL_SONGBEN_0236,clause,SHSRC0033,CR_JIYI_0215,commentary,SHSRC0041,commentary_support,丹波元簡《傷寒論輯義》對本條有注（對齊相似度0.84）。,傷寒論輯義:p2417,citation_to_node_unique,{},0.843,pending,
REL_04127,SHL_SONGBEN_0237,clause,SHSRC0033,CR_JIYI_0216,commentary,SHSRC0041,commentary_support,丹波元簡《傷寒論輯義》對本條有注（對齊相似度0.82）。,傷寒論輯義:p2432,citation_to_node_unique,{},0.816,pending,
REL_04128,SHL_SONGBEN_0238,clause,SHSRC0033,CR_JIYI_0217,commentary,SHSRC0041,commentary_support,丹波元簡《傷寒論輯義》對本條有注（對齊相似度0.82）。,傷寒論輯義:p2439,citation_to_node_unique,{},0.824,pending,
REL_04129,SHL_SONGBEN_0239,clause,SHSRC0033,CR_JIYI_0218,commentary,SHSRC0041,commentary_support,丹波元簡《傷寒論輯義》對本條有注（對齊相似度0.92）。,傷寒論輯義:p2443,citation_to_node_unique,{},0.92,pending,
REL_04130,SHL_SONGBEN_0240,clause,SHSRC0033,CR_JIYI_0219,commentary,SHSRC0041,commentary_support,丹波元簡《傷寒論輯義》對本條有注（對齊相似度0.95）。,傷寒論輯義:p2446,citation_to_node_unique,{},0.955,pending,
REL_04131,SHL_SONGBEN_0241,clause,SHSRC0033,CR_JIYI_0220,commentary,SHSRC0041,commentary_support,丹波元簡《傷寒論輯義》對本條有注（對齊相似度1.00）。,傷寒論輯義:p2449,citation_to_node_unique,{},1.0,pending,
REL_04132,SHL_SONGBEN_0242,clause,SHSRC0033,CR_JIYI_0221,commentary,SHSRC0041,commentary_support,丹波元簡《傷寒論輯義》對本條有注（對齊相似度0.93）。,傷寒論輯義:p2457,citation_to_node_unique,{},0.933,pending,
REL_04133,SHL_SONGBEN_0243,clause,SHSRC0033,CR_JIYI_0222,commentary,SHSRC0041,commentary_support,丹波元簡《傷寒論輯義》對本條有注（對齊相似度1.00）。,傷寒論輯義:p2462,citation_to_node_unique,{},1.0,pending,
REL_04134,SHL_SONGBEN_0244,clause,SHSRC0033,CR_JIYI_0223,commentary,SHSRC0041,commentary_support,丹波元簡《傷寒論輯義》對本條有注（對齊相似度0.98）。,傷寒論輯義:p2478,citation_to_node_unique,{},0.976,pending,
REL_04135,SHL_SONGBEN_0245,clause,SHSRC0033,CR_JIYI_0224,commentary,SHSRC0041,commentary_support,丹波元簡《傷寒論輯義》對本條有注（對齊相似度0.72）。,傷寒論輯義:p2483,citation_to_node_unique,{},0.717,pending,
REL_04136,SHL_SONGBEN_0246,clause,SHSRC0033,CR_JIYI_0225,commentary,SHSRC0041,commentary_support,丹波元簡《傷寒論輯義》對本條有注（對齊相似度1.00）。,傷寒論輯義:p2488,citation_to_node_unique,{},1.0,pending,
REL_04137,SHL_SONGBEN_0247,clause,SHSRC0033,CR_JIYI_0226,commentary,SHSRC0041,commentary_support,丹波元簡《傷寒論輯義》對本條有注（對齊相似度0.76）。,傷寒論輯義:p2491,citation_to_node_unique,{},0.758,pending,
REL_04138,SHL_SONGBEN_0248,clause,SHSRC0033,CR_JIYI_0227,commentary,SHSRC0041,commentary_support,丹波元簡《傷寒論輯義》對本條有注（對齊相似度1.00）。,傷寒論輯義:p2508,citation_to_node_unique,{},1.0,pending,
REL_04139,SHL_SONGBEN_0249,clause,SHSRC0033,CR_JIYI_0228,commentary,SHSRC0041,commentary_support,丹波元簡《傷寒論輯義》對本條有注（對齊相似度1.00）。,傷寒論輯義:p2511,citation_to_node_unique,{},1.0,pending,
REL_04140,SHL_SONGBEN_0251,clause,SHSRC0033,CR_JIYI_0229,commentary,SHSRC0041,commentary_support,丹波元簡《傷寒論輯義》對本條有注（對齊相似度0.87）。,傷寒論輯義:p2516,citation_to_node_unique,{},0.872,pending,
REL_04141,SHL_SONGBEN_0252,clause,SHSRC0033,CR_JIYI_0230,commentary,SHSRC0041,commentary_support,丹波元簡《傷寒論輯義》對本條有注（對齊相似度0.94）。,傷寒論輯義:p2523,citation_to_node_unique,{},0.943,pending,
REL_04142,SHL_SONGBEN_0253,clause,SHSRC0033,CR_JIYI_0231,commentary,SHSRC0041,commentary_support,丹波元簡《傷寒論輯義》對本條有注（對齊相似度1.00）。,傷寒論輯義:p2530,citation_to_node_unique,{},1.0,pending,
REL_04143,SHL_SONGBEN_0254,clause,SHSRC0033,CR_JIYI_0232,commentary,SHSRC0041,commentary_support,丹波元簡《傷寒論輯義》對本條有注（對齊相似度1.00）。,傷寒論輯義:p2532,citation_to_node_unique,{},1.0,pending,
REL_04144,SHL_SONGBEN_0255,clause,SHSRC0033,CR_JIYI_0233,commentary,SHSRC0041,commentary_support,丹波元簡《傷寒論輯義》對本條有注（對齊相似度1.00）。,傷寒論輯義:p2536,citation_to_node_unique,{},1.0,pending,
REL_04145,SHL_SONGBEN_0256,clause,SHSRC0033,CR_JIYI_0234,commentary,SHSRC0041,commentary_support,丹波元簡《傷寒論輯義》對本條有注（對齊相似度0.71）。,傷寒論輯義:p2542,citation_to_node_unique,{},0.706,pending,
REL_04146,SHL_SONGBEN_0259,clause,SHSRC0033,CR_JIYI_0235,commentary,SHSRC0041,commentary_support,丹波元簡《傷寒論輯義》對本條有注（對齊相似度0.94）。,傷寒論輯義:p2554,citation_to_node_unique,{},0.938,pending,
REL_04147,SHL_SONGBEN_0260,clause,SHSRC0033,CR_JIYI_0236,commentary,SHSRC0041,commentary_support,丹波元簡《傷寒論輯義》對本條有注（對齊相似度1.00）。,傷寒論輯義:p2556,citation_to_node_unique,{},1.0,pending,
REL_04148,SHL_SONGBEN_0261,clause,SHSRC0033,CR_JIYI_0237,commentary,SHSRC0041,commentary_support,丹波元簡《傷寒論輯義》對本條有注（對齊相似度1.00）。,傷寒論輯義:p2559,citation_to_node_unique,{},1.0,pending,
REL_04149,SHL_SONGBEN_0262,clause,SHSRC0033,CR_JIYI_0238,commentary,SHSRC0041,commentary_support,丹波元簡《傷寒論輯義》對本條有注（對齊相似度0.89）。,傷寒論輯義:p2566,citation_to_node_unique,{},0.889,pending,
REL_04150,SHL_SONGBEN_0263,clause,SHSRC0033,CR_JIYI_0239,commentary,SHSRC0041,commentary_support,丹波元簡《傷寒論輯義》對本條有注（對齊相似度1.00）。,傷寒論輯義:p2579,citation_to_node_unique,{},1.0,pending,
REL_04151,SHL_SONGBEN_0264,clause,SHSRC0033,CR_JIYI_0240,commentary,SHSRC0041,commentary_support,丹波元簡《傷寒論輯義》對本條有注（對齊相似度1.00）。,傷寒論輯義:p2585,citation_to_node_unique,{},1.0,pending,
REL_04152,SHL_SONGBEN_0265,clause,SHSRC0033,CR_JIYI_0241,commentary,SHSRC0041,commentary_support,丹波元簡《傷寒論輯義》對本條有注（對齊相似度1.00）。,傷寒論輯義:p2587,citation_to_node_unique,{},1.0,pending,
REL_04153,SHL_SONGBEN_0267,clause,SHSRC0033,CR_JIYI_0242,commentary,SHSRC0041,commentary_support,丹波元簡《傷寒論輯義》對本條有注（對齊相似度0.85）。,傷寒論輯義:p2594,citation_to_node_unique,{},0.852,pending,
REL_04154,SHL_SONGBEN_0269,clause,SHSRC0033,CR_JIYI_0243,commentary,SHSRC0041,commentary_support,丹波元簡《傷寒論輯義》對本條有注（對齊相似度1.00）。,傷寒論輯義:p2603,citation_to_node_unique,{},1.0,pending,
REL_04155,SHL_SONGBEN_0270,clause,SHSRC0033,CR_JIYI_0244,commentary,SHSRC0041,commentary_support,丹波元簡《傷寒論輯義》對本條有注（對齊相似度1.00）。,傷寒論輯義:p2609,citation_to_node_unique,{},1.0,pending,
REL_04156,SHL_SONGBEN_0271,clause,SHSRC0033,CR_JIYI_0245,commentary,SHSRC0041,commentary_support,丹波元簡《傷寒論輯義》對本條有注（對齊相似度1.00）。,傷寒論輯義:p2611,citation_to_node_unique,{},1.0,pending,
REL_04157,SHL_SONGBEN_0272,clause,SHSRC0033,CR_JIYI_0246,commentary,SHSRC0041,commentary_support,丹波元簡《傷寒論輯義》對本條有注（對齊相似度1.00）。,傷寒論輯義:p2614,citation_to_node_unique,{},1.0,pending,
REL_04158,SHL_SONGBEN_0273,clause,SHSRC0033,CR_JIYI_0247,commentary,SHSRC0041,commentary_support,丹波元簡《傷寒論輯義》對本條有注（對齊相似度0.87）。,傷寒論輯義:p2616,citation_to_node_unique,{},0.867,pending,
REL_04159,SHL_SONGBEN_0274,clause,SHSRC0033,CR_JIYI_0248,commentary,SHSRC0041,commentary_support,丹波元簡《傷寒論輯義》對本條有注（對齊相似度0.80）。,傷寒論輯義:p2626,citation_to_node_unique,{},0.8,pending,
REL_04160,SHL_SONGBEN_0275,clause,SHSRC0033,CR_JIYI_0249,commentary,SHSRC0041,commentary_support,丹波元簡《傷寒論輯義》對本條有注（對齊相似度1.00）。,傷寒論輯義:p2630,citation_to_node_unique,{},1.0,pending,
REL_04161,SHL_SONGBEN_0276,clause,SHSRC0033,CR_JIYI_0250,commentary,SHSRC0041,commentary_support,丹波元簡《傷寒論輯義》對本條有注（對齊相似度1.00）。,傷寒論輯義:p2633,citation_to_node_unique,{},1.0,pending,
REL_04162,SHL_SONGBEN_0277,clause,SHSRC0033,CR_JIYI_0251,commentary,SHSRC0041,commentary_support,丹波元簡《傷寒論輯義》對本條有注（對齊相似度1.00）。,傷寒論輯義:p2638,citation_to_node_unique,{},1.0,pending,
REL_04163,SHL_SONGBEN_0278,clause,SHSRC0033,CR_JIYI_0173,commentary,SHSRC0041,commentary_support,丹波元簡《傷寒論輯義》對本條有注（對齊相似度0.75）。,傷寒論輯義:p2642,citation_to_node_first_of_multiple,{},0.747,pending,
REL_04164,SHL_SONGBEN_0279,clause,SHSRC0033,CR_JIYI_0253,commentary,SHSRC0041,commentary_support,丹波元簡《傷寒論輯義》對本條有注（對齊相似度1.00）。,傷寒論輯義:p2648,citation_to_node_unique,{},1.0,pending,
REL_04165,SHL_SONGBEN_0280,clause,SHSRC0033,CR_JIYI_0254,commentary,SHSRC0041,commentary_support,丹波元簡《傷寒論輯義》對本條有注（對齊相似度1.00）。,傷寒論輯義:p2671,citation_to_node_unique,{},1.0,pending,
REL_04166,SHL_SONGBEN_0281,clause,SHSRC0033,CR_JIYI_0255,commentary,SHSRC0041,commentary_support,丹波元簡《傷寒論輯義》對本條有注（對齊相似度1.00）。,傷寒論輯義:p2676,citation_to_node_unique,{},1.0,pending,
REL_04167,SHL_SONGBEN_0282,clause,SHSRC0033,CR_JIYI_0256,commentary,SHSRC0041,commentary_support,丹波元簡《傷寒論輯義》對本條有注（對齊相似度0.90）。,傷寒論輯義:p2680,citation_to_node_first_of_multiple,{},0.9,pending,
REL_04168,SHL_SONGBEN_0283,clause,SHSRC0033,CR_JIYI_0257,commentary,SHSRC0041,commentary_support,丹波元簡《傷寒論輯義》對本條有注（對齊相似度0.92）。,傷寒論輯義:p2690,citation_to_node_unique,{},0.92,pending,
REL_04169,SHL_SONGBEN_0284,clause,SHSRC0033,CR_JIYI_0258,commentary,SHSRC0041,commentary_support,丹波元簡《傷寒論輯義》對本條有注（對齊相似度0.77）。,傷寒論輯義:p2697,citation_to_node_unique,{},0.773,pending,
REL_04170,SHL_SONGBEN_0285,clause,SHSRC0033,CR_JIYI_0259,commentary,SHSRC0041,commentary_support,丹波元簡《傷寒論輯義》對本條有注（對齊相似度0.86）。,傷寒論輯義:p2702,citation_to_node_unique,{},0.857,pending,
REL_04171,SHL_SONGBEN_0286,clause,SHSRC0033,CR_JIYI_0260,commentary,SHSRC0041,commentary_support,丹波元簡《傷寒論輯義》對本條有注（對齊相似度0.79）。,傷寒論輯義:p2705,citation_to_node_unique,{},0.786,pending,
REL_04172,SHL_SONGBEN_0287,clause,SHSRC0033,CR_JIYI_0261,commentary,SHSRC0041,commentary_support,丹波元簡《傷寒論輯義》對本條有注（對齊相似度1.00）。,傷寒論輯義:p2709,citation_to_node_unique,{},1.0,pending,
REL_04173,SHL_SONGBEN_0288,clause,SHSRC0033,CR_JIYI_0262,commentary,SHSRC0041,commentary_support,丹波元簡《傷寒論輯義》對本條有注（對齊相似度0.89）。,傷寒論輯義:p2713,citation_to_node_unique,{},0.895,pending,
REL_04174,SHL_SONGBEN_0289,clause,SHSRC0033,CR_JIYI_0263,commentary,SHSRC0041,commentary_support,丹波元簡《傷寒論輯義》對本條有注（對齊相似度0.88）。,傷寒論輯義:p2718,citation_to_node_unique,{},0.875,pending,
REL_04175,SHL_SONGBEN_0290,clause,SHSRC0033,CR_JIYI_0264,commentary,SHSRC0041,commentary_support,丹波元簡《傷寒論輯義》對本條有注（對齊相似度1.00）。,傷寒論輯義:p2722,citation_to_node_unique,{},1.0,pending,
REL_04176,SHL_SONGBEN_0291,clause,SHSRC0033,CR_JIYI_0265,commentary,SHSRC0041,commentary_support,丹波元簡《傷寒論輯義》對本條有注（對齊相似度1.00）。,傷寒論輯義:p2725,citation_to_node_unique,{},1.0,pending,
REL_04177,SHL_SONGBEN_0292,clause,SHSRC0033,CR_JIYI_0266,commentary,SHSRC0041,commentary_support,丹波元簡《傷寒論輯義》對本條有注（對齊相似度1.00）。,傷寒論輯義:p2727,citation_to_node_unique,{},1.0,pending,
REL_04178,SHL_SONGBEN_0293,clause,SHSRC0033,CR_JIYI_0267,commentary,SHSRC0041,commentary_support,丹波元簡《傷寒論輯義》對本條有注（對齊相似度1.00）。,傷寒論輯義:p2731,citation_to_node_unique,{},1.0,pending,
REL_04179,SHL_SONGBEN_0294,clause,SHSRC0033,CR_JIYI_0268,commentary,SHSRC0041,commentary_support,丹波元簡《傷寒論輯義》對本條有注（對齊相似度1.00）。,傷寒論輯義:p2734,citation_to_node_unique,{},1.0,pending,
REL_04180,SHL_SONGBEN_0295,clause,SHSRC0033,CR_JIYI_0269,commentary,SHSRC0041,commentary_support,丹波元簡《傷寒論輯義》對本條有注（對齊相似度0.87）。,傷寒論輯義:p2739,citation_to_node_unique,{},0.867,pending,
REL_04181,SHL_SONGBEN_0296,clause,SHSRC0033,CR_JIYI_0270,commentary,SHSRC0041,commentary_support,丹波元簡《傷寒論輯義》對本條有注（對齊相似度1.00）。,傷寒論輯義:p2741,citation_to_node_unique,{},1.0,pending,
REL_04182,SHL_SONGBEN_0297,clause,SHSRC0033,CR_JIYI_0271,commentary,SHSRC0041,commentary_support,丹波元簡《傷寒論輯義》對本條有注（對齊相似度1.00）。,傷寒論輯義:p2745,citation_to_node_unique,{},1.0,pending,
REL_04183,SHL_SONGBEN_0298,clause,SHSRC0033,CR_JIYI_0272,commentary,SHSRC0041,commentary_support,丹波元簡《傷寒論輯義》對本條有注（對齊相似度0.89）。,傷寒論輯義:p2748,citation_to_node_unique,{},0.889,pending,
REL_04184,SHL_SONGBEN_0299,clause,SHSRC0033,CR_JIYI_0273,commentary,SHSRC0041,commentary_support,丹波元簡《傷寒論輯義》對本條有注（對齊相似度1.00）。,傷寒論輯義:p2750,citation_to_node_unique,{},1.0,pending,
REL_04185,SHL_SONGBEN_0300,clause,SHSRC0033,CR_JIYI_0274,commentary,SHSRC0041,commentary_support,丹波元簡《傷寒論輯義》對本條有注（對齊相似度1.00）。,傷寒論輯義:p2752,citation_to_node_unique,{},1.0,pending,
REL_04186,SHL_SONGBEN_0301,clause,SHSRC0033,CR_JIYI_0275,commentary,SHSRC0041,commentary_support,丹波元簡《傷寒論輯義》對本條有注（對齊相似度1.00）。,傷寒論輯義:p2755,citation_to_node_unique,{},1.0,pending,
REL_04187,SHL_SONGBEN_0302,clause,SHSRC0033,CR_JIYI_0276,commentary,SHSRC0041,commentary_support,丹波元簡《傷寒論輯義》對本條有注（對齊相似度1.00）。,傷寒論輯義:p2770,citation_to_node_unique,{},1.0,pending,
REL_04188,SHL_SONGBEN_0303,clause,SHSRC0033,CR_JIYI_0277,commentary,SHSRC0041,commentary_support,丹波元簡《傷寒論輯義》對本條有注（對齊相似度1.00）。,傷寒論輯義:p2779,citation_to_node_unique,{},1.0,pending,
REL_04189,SHL_SONGBEN_0304,clause,SHSRC0033,CR_JIYI_0278,commentary,SHSRC0041,commentary_support,丹波元簡《傷寒論輯義》對本條有注（對齊相似度1.00）。,傷寒論輯義:p2789,citation_to_node_unique,{},1.0,pending,
REL_04190,SHL_SONGBEN_0305,clause,SHSRC0033,CR_JIYI_0279,commentary,SHSRC0041,commentary_support,丹波元簡《傷寒論輯義》對本條有注（對齊相似度1.00）。,傷寒論輯義:p2801,citation_to_node_unique,{},1.0,pending,
REL_04191,SHL_SONGBEN_0306,clause,SHSRC0033,CR_JIYI_0280,commentary,SHSRC0041,commentary_support,丹波元簡《傷寒論輯義》對本條有注（對齊相似度1.00）。,傷寒論輯義:p2805,citation_to_node_first_of_multiple,{},1.0,pending,
REL_04192,SHL_SONGBEN_0306,clause,SHSRC0033,CR_JIYI_0280,commentary,SHSRC0041,commentary_support,丹波元簡《傷寒論輯義》對本條有注（對齊相似度0.74）。,傷寒論輯義:p2815,citation_to_node_first_of_multiple,{},0.741,pending,
REL_04193,SHL_SONGBEN_0307,clause,SHSRC0033,CR_JIYI_0282,commentary,SHSRC0041,commentary_support,丹波元簡《傷寒論輯義》對本條有注（對齊相似度1.00）。,傷寒論輯義:p2824,citation_to_node_unique,{},1.0,pending,
REL_04194,SHL_SONGBEN_0308,clause,SHSRC0033,CR_JIYI_0283,commentary,SHSRC0041,commentary_support,丹波元簡《傷寒論輯義》對本條有注（對齊相似度1.00）。,傷寒論輯義:p2829,citation_to_node_unique,{},1.0,pending,
REL_04195,SHL_SONGBEN_0309,clause,SHSRC0033,CR_JIYI_0284,commentary,SHSRC0041,commentary_support,丹波元簡《傷寒論輯義》對本條有注（對齊相似度1.00）。,傷寒論輯義:p2833,citation_to_node_unique,{},1.0,pending,
REL_04196,SHL_SONGBEN_0310,clause,SHSRC0033,CR_JIYI_0285,commentary,SHSRC0041,commentary_support,丹波元簡《傷寒論輯義》對本條有注（對齊相似度1.00）。,傷寒論輯義:p2838,citation_to_node_unique,{},1.0,pending,
REL_04197,SHL_SONGBEN_0311,clause,SHSRC0033,CR_JIYI_0286,commentary,SHSRC0041,commentary_support,丹波元簡《傷寒論輯義》對本條有注（對齊相似度0.87）。,傷寒論輯義:p2852,citation_to_node_unique,{},0.872,pending,
REL_04198,SHL_SONGBEN_0312,clause,SHSRC0033,CR_JIYI_0287,commentary,SHSRC0041,commentary_support,丹波元簡《傷寒論輯義》對本條有注（對齊相似度1.00）。,傷寒論輯義:p2891,citation_to_node_unique,{},1.0,pending,
REL_04199,SHL_SONGBEN_0313,clause,SHSRC0033,CR_JIYI_0288,commentary,SHSRC0041,commentary_support,丹波元簡《傷寒論輯義》對本條有注（對齊相似度1.00）。,傷寒論輯義:p2903,citation_to_node_unique,{},1.0,pending,
REL_04200,SHL_SONGBEN_0314,clause,SHSRC0033,CR_JIYI_0289,commentary,SHSRC0041,commentary_support,丹波元簡《傷寒論輯義》對本條有注（對齊相似度1.00）。,傷寒論輯義:p2912,citation_to_node_unique,{},1.0,pending,
REL_04201,SHL_SONGBEN_0315,clause,SHSRC0033,CR_JIYI_0290,commentary,SHSRC0041,commentary_support,丹波元簡《傷寒論輯義》對本條有注（對齊相似度1.00）。,傷寒論輯義:p2923,citation_to_node_unique,{},1.0,pending,
REL_04202,SHL_SONGBEN_0316,clause,SHSRC0033,CR_JIYI_0291,commentary,SHSRC0041,commentary_support,丹波元簡《傷寒論輯義》對本條有注（對齊相似度0.81）。,傷寒論輯義:p2936,citation_to_node_unique,{},0.807,pending,
REL_04203,SHL_SONGBEN_0317,clause,SHSRC0033,CR_JIYI_0292,commentary,SHSRC0041,commentary_support,丹波元簡《傷寒論輯義》對本條有注（對齊相似度0.80）。,傷寒論輯義:p2956,citation_to_node_unique,{},0.805,pending,
REL_04204,SHL_SONGBEN_0318,clause,SHSRC0033,CR_JIYI_0293,commentary,SHSRC0041,commentary_support,丹波元簡《傷寒論輯義》對本條有注（對齊相似度0.93）。,傷寒論輯義:p2972,citation_to_node_unique,{},0.931,pending,
REL_04205,SHL_SONGBEN_0319,clause,SHSRC0033,CR_JIYI_0294,commentary,SHSRC0041,commentary_support,丹波元簡《傷寒論輯義》對本條有注（對齊相似度0.91）。,傷寒論輯義:p2986,citation_to_node_unique,{},0.909,pending,
REL_04206,SHL_SONGBEN_0282,clause,SHSRC0033,CR_JIYI_0256,commentary,SHSRC0041,commentary_support,丹波元簡《傷寒論輯義》對本條有注（對齊相似度0.83）。,傷寒論輯義:p2989,citation_to_node_first_of_multiple,{},0.826,pending,
REL_04207,SHL_SONGBEN_0320,clause,SHSRC0033,CR_JIYI_0296,commentary,SHSRC0041,commentary_support,丹波元簡《傷寒論輯義》對本條有注（對齊相似度1.00）。,傷寒論輯義:p2991,citation_to_node_unique,{},1.0,pending,
REL_04208,SHL_SONGBEN_0321,clause,SHSRC0033,CR_JIYI_0297,commentary,SHSRC0041,commentary_support,丹波元簡《傷寒論輯義》對本條有注（對齊相似度0.86）。,傷寒論輯義:p2995,citation_to_node_first_of_multiple,{},0.862,pending,
REL_04209,SHL_SONGBEN_0322,clause,SHSRC0033,CR_JIYI_0298,commentary,SHSRC0041,commentary_support,丹波元簡《傷寒論輯義》對本條有注（對齊相似度1.00）。,傷寒論輯義:p3005,citation_to_node_unique,{},1.0,pending,
REL_04210,SHL_SONGBEN_0323,clause,SHSRC0033,CR_JIYI_0299,commentary,SHSRC0041,commentary_support,丹波元簡《傷寒論輯義》對本條有注（對齊相似度1.00）。,傷寒論輯義:p3008,citation_to_node_unique,{},1.0,pending,
REL_04211,SHL_SONGBEN_0324,clause,SHSRC0033,CR_JIYI_0300,commentary,SHSRC0041,commentary_support,丹波元簡《傷寒論輯義》對本條有注（對齊相似度1.00）。,傷寒論輯義:p3010,citation_to_node_unique,{},1.0,pending,
REL_04212,SHL_SONGBEN_0325,clause,SHSRC0033,CR_JIYI_0301,commentary,SHSRC0041,commentary_support,丹波元簡《傷寒論輯義》對本條有注（對齊相似度0.76）。,傷寒論輯義:p3016,citation_to_node_unique,{},0.762,pending,
REL_04213,SHL_SONGBEN_0326,clause,SHSRC0033,CR_JIYI_0302,commentary,SHSRC0041,commentary_support,丹波元簡《傷寒論輯義》對本條有注（對齊相似度0.93）。,傷寒論輯義:p3025,citation_to_node_unique,{},0.929,pending,
REL_04214,SHL_SONGBEN_0327,clause,SHSRC0033,CR_JIYI_0303,commentary,SHSRC0041,commentary_support,丹波元簡《傷寒論輯義》對本條有注（對齊相似度1.00）。,傷寒論輯義:p3032,citation_to_node_unique,{},1.0,pending,
REL_04215,SHL_SONGBEN_0328,clause,SHSRC0033,CR_JIYI_0304,commentary,SHSRC0041,commentary_support,丹波元簡《傷寒論輯義》對本條有注（對齊相似度1.00）。,傷寒論輯義:p3034,citation_to_node_unique,{},1.0,pending,
REL_04216,SHL_SONGBEN_0329,clause,SHSRC0033,CR_JIYI_0305,commentary,SHSRC0041,commentary_support,丹波元簡《傷寒論輯義》對本條有注（對齊相似度1.00）。,傷寒論輯義:p3036,citation_to_node_unique,{},1.0,pending,
REL_04217,SHL_SONGBEN_0330,clause,SHSRC0033,CR_JIYI_0306,commentary,SHSRC0041,commentary_support,丹波元簡《傷寒論輯義》對本條有注（對齊相似度1.00）。,傷寒論輯義:p3040,citation_to_node_unique,{},1.0,pending,
REL_04218,SHL_SONGBEN_0331,clause,SHSRC0033,CR_JIYI_0307,commentary,SHSRC0041,commentary_support,丹波元簡《傷寒論輯義》對本條有注（對齊相似度1.00）。,傷寒論輯義:p3045,citation_to_node_unique,{},1.0,pending,
REL_04219,SHL_SONGBEN_0332,clause,SHSRC0033,CR_JIYI_0308,commentary,SHSRC0041,commentary_support,丹波元簡《傷寒論輯義》對本條有注（對齊相似度0.73）。,傷寒論輯義:p3049,citation_to_node_unique,{},0.731,pending,
REL_04220,SHL_SONGBEN_0333,clause,SHSRC0033,CR_JIYI_0309,commentary,SHSRC0041,commentary_support,丹波元簡《傷寒論輯義》對本條有注（對齊相似度1.00）。,傷寒論輯義:p3060,citation_to_node_unique,{},1.0,pending,
REL_04221,SHL_SONGBEN_0334,clause,SHSRC0033,CR_JIYI_0310,commentary,SHSRC0041,commentary_support,丹波元簡《傷寒論輯義》對本條有注（對齊相似度1.00）。,傷寒論輯義:p3065,citation_to_node_unique,{},1.0,pending,
REL_04222,SHL_SONGBEN_0335,clause,SHSRC0033,CR_JIYI_0311,commentary,SHSRC0041,commentary_support,丹波元簡《傷寒論輯義》對本條有注（對齊相似度1.00）。,傷寒論輯義:p3072,citation_to_node_unique,{},1.0,pending,
REL_04223,SHL_SONGBEN_0336,clause,SHSRC0033,CR_JIYI_0312,commentary,SHSRC0041,commentary_support,丹波元簡《傷寒論輯義》對本條有注（對齊相似度1.00）。,傷寒論輯義:p3078,citation_to_node_unique,{},1.0,pending,
REL_04224,SHL_SONGBEN_0337,clause,SHSRC0033,CR_JIYI_0313,commentary,SHSRC0041,commentary_support,丹波元簡《傷寒論輯義》對本條有注（對齊相似度1.00）。,傷寒論輯義:p3081,citation_to_node_unique,{},1.0,pending,
REL_04225,SHL_SONGBEN_0338,clause,SHSRC0033,CR_JIYI_0314,commentary,SHSRC0041,commentary_support,丹波元簡《傷寒論輯義》對本條有注（對齊相似度0.75）。,傷寒論輯義:p3083,citation_to_node_unique,{},0.748,pending,
REL_04226,SHL_SONGBEN_0339,clause,SHSRC0033,CR_JIYI_0315,commentary,SHSRC0041,commentary_support,丹波元簡《傷寒論輯義》對本條有注（對齊相似度0.96）。,傷寒論輯義:p3100,citation_to_node_unique,{},0.958,pending,
REL_04227,SHL_SONGBEN_0340,clause,SHSRC0033,CR_JIYI_0316,commentary,SHSRC0041,commentary_support,丹波元簡《傷寒論輯義》對本條有注（對齊相似度1.00）。,傷寒論輯義:p3105,citation_to_node_unique,{},1.0,pending,
REL_04228,SHL_SONGBEN_0341,clause,SHSRC0033,CR_JIYI_0317,commentary,SHSRC0041,commentary_support,丹波元簡《傷寒論輯義》對本條有注（對齊相似度1.00）。,傷寒論輯義:p3112,citation_to_node_unique,{},1.0,pending,
REL_04229,SHL_SONGBEN_0342,clause,SHSRC0033,CR_JIYI_0318,commentary,SHSRC0041,commentary_support,丹波元簡《傷寒論輯義》對本條有注（對齊相似度1.00）。,傷寒論輯義:p3117,citation_to_node_unique,{},1.0,pending,
REL_04230,SHL_SONGBEN_0343,clause,SHSRC0033,CR_JIYI_0319,commentary,SHSRC0041,commentary_support,丹波元簡《傷寒論輯義》對本條有注（對齊相似度1.00）。,傷寒論輯義:p3121,citation_to_node_unique,{},1.0,pending,
REL_04231,SHL_SONGBEN_0344,clause,SHSRC0033,CR_JIYI_0320,commentary,SHSRC0041,commentary_support,丹波元簡《傷寒論輯義》對本條有注（對齊相似度1.00）。,傷寒論輯義:p3127,citation_to_node_unique,{},1.0,pending,
REL_04232,SHL_SONGBEN_0345,clause,SHSRC0033,CR_JIYI_0321,commentary,SHSRC0041,commentary_support,丹波元簡《傷寒論輯義》對本條有注（對齊相似度1.00）。,傷寒論輯義:p3129,citation_to_node_unique,{},1.0,pending,
REL_04233,SHL_SONGBEN_0346,clause,SHSRC0033,CR_JIYI_0322,commentary,SHSRC0041,commentary_support,丹波元簡《傷寒論輯義》對本條有注（對齊相似度1.00）。,傷寒論輯義:p3132,citation_to_node_unique,{},1.0,pending,
REL_04234,SHL_SONGBEN_0347,clause,SHSRC0033,CR_JIYI_0323,commentary,SHSRC0041,commentary_support,丹波元簡《傷寒論輯義》對本條有注（對齊相似度1.00）。,傷寒論輯義:p3135,citation_to_node_unique,{},1.0,pending,
REL_04235,SHL_SONGBEN_0348,clause,SHSRC0033,CR_JIYI_0324,commentary,SHSRC0041,commentary_support,丹波元簡《傷寒論輯義》對本條有注（對齊相似度1.00）。,傷寒論輯義:p3138,citation_to_node_unique,{},1.0,pending,
REL_04236,SHL_SONGBEN_0349,clause,SHSRC0033,CR_JIYI_0325,commentary,SHSRC0041,commentary_support,丹波元簡《傷寒論輯義》對本條有注（對齊相似度1.00）。,傷寒論輯義:p3143,citation_to_node_unique,{},1.0,pending,
REL_04237,SHL_SONGBEN_0350,clause,SHSRC0033,CR_JIYI_0326,commentary,SHSRC0041,commentary_support,丹波元簡《傷寒論輯義》對本條有注（對齊相似度0.86）。,傷寒論輯義:p3146,citation_to_node_unique,{},0.857,pending,
REL_04238,SHL_SONGBEN_0351,clause,SHSRC0033,CR_JIYI_0327,commentary,SHSRC0041,commentary_support,丹波元簡《傷寒論輯義》對本條有注（對齊相似度1.00）。,傷寒論輯義:p3152,citation_to_node_unique,{},1.0,pending,
REL_04239,SHL_SONGBEN_0352,clause,SHSRC0033,CR_JIYI_0328,commentary,SHSRC0041,commentary_support,丹波元簡《傷寒論輯義》對本條有注（對齊相似度1.00）。,傷寒論輯義:p3161,citation_to_node_unique,{},1.0,pending,
REL_04240,SHL_SONGBEN_0353,clause,SHSRC0033,CR_JIYI_0329,commentary,SHSRC0041,commentary_support,丹波元簡《傷寒論輯義》對本條有注（對齊相似度1.00）。,傷寒論輯義:p3171,citation_to_node_unique,{},1.0,pending,
REL_04241,SHL_SONGBEN_0354,clause,SHSRC0033,CR_JIYI_0330,commentary,SHSRC0041,commentary_support,丹波元簡《傷寒論輯義》對本條有注（對齊相似度1.00）。,傷寒論輯義:p3174,citation_to_node_unique,{},1.0,pending,
REL_04242,SHL_SONGBEN_0355,clause,SHSRC0033,CR_JIYI_0331,commentary,SHSRC0041,commentary_support,丹波元簡《傷寒論輯義》對本條有注（對齊相似度0.94）。,傷寒論輯義:p3177,citation_to_node_unique,{},0.941,pending,
REL_04243,SHL_SONGBEN_0356,clause,SHSRC0033,CR_JIYI_0332,commentary,SHSRC0041,commentary_support,丹波元簡《傷寒論輯義》對本條有注（對齊相似度0.94）。,傷寒論輯義:p3181,citation_to_node_unique,{},0.939,pending,
REL_04244,SHL_SONGBEN_0357,clause,SHSRC0033,CR_JIYI_0333,commentary,SHSRC0041,commentary_support,丹波元簡《傷寒論輯義》對本條有注（對齊相似度0.91）。,傷寒論輯義:p3186,citation_to_node_unique,{},0.911,pending,
REL_04245,SHL_SONGBEN_0358,clause,SHSRC0033,CR_JIYI_0334,commentary,SHSRC0041,commentary_support,丹波元簡《傷寒論輯義》對本條有注（對齊相似度1.00）。,傷寒論輯義:p3194,citation_to_node_unique,{},1.0,pending,
REL_04246,SHL_SONGBEN_0359,clause,SHSRC0033,CR_JIYI_0335,commentary,SHSRC0041,commentary_support,丹波元簡《傷寒論輯義》對本條有注（對齊相似度0.98）。,傷寒論輯義:p3197,citation_to_node_unique,{},0.985,pending,
REL_04247,SHL_SONGBEN_0360,clause,SHSRC0033,CR_JIYI_0336,commentary,SHSRC0041,commentary_support,丹波元簡《傷寒論輯義》對本條有注（對齊相似度0.83）。,傷寒論輯義:p3208,citation_to_node_unique,{},0.833,pending,
REL_04248,SHL_SONGBEN_0361,clause,SHSRC0033,CR_JIYI_0337,commentary,SHSRC0041,commentary_support,丹波元簡《傷寒論輯義》對本條有注（對齊相似度0.62）。,傷寒論輯義:p3212,citation_to_node_unique,{},0.625,pending,
REL_04249,SHL_SONGBEN_0362,clause,SHSRC0033,CR_JIYI_0338,commentary,SHSRC0041,commentary_support,丹波元簡《傷寒論輯義》對本條有注（對齊相似度0.82）。,傷寒論輯義:p3216,citation_to_node_unique,{},0.824,pending,
REL_04250,SHL_SONGBEN_0363,clause,SHSRC0033,CR_JIYI_0339,commentary,SHSRC0041,commentary_support,丹波元簡《傷寒論輯義》對本條有注（對齊相似度0.87）。,傷寒論輯義:p3223,citation_to_node_unique,{},0.867,pending,
REL_04251,SHL_SONGBEN_0364,clause,SHSRC0033,CR_JIYI_0340,commentary,SHSRC0041,commentary_support,丹波元簡《傷寒論輯義》對本條有注（對齊相似度1.00）。,傷寒論輯義:p3227,citation_to_node_unique,{},1.0,pending,
REL_04252,SHL_SONGBEN_0365,clause,SHSRC0033,CR_JIYI_0341,commentary,SHSRC0041,commentary_support,丹波元簡《傷寒論輯義》對本條有注（對齊相似度1.00）。,傷寒論輯義:p3229,citation_to_node_unique,{},1.0,pending,
REL_04253,SHL_SONGBEN_0366,clause,SHSRC0033,CR_JIYI_0342,commentary,SHSRC0041,commentary_support,丹波元簡《傷寒論輯義》對本條有注（對齊相似度0.95）。,傷寒論輯義:p3231,citation_to_node_unique,{},0.952,pending,
REL_04254,SHL_SONGBEN_0367,clause,SHSRC0033,CR_JIYI_0343,commentary,SHSRC0041,commentary_support,丹波元簡《傷寒論輯義》對本條有注（對齊相似度0.90）。,傷寒論輯義:p3241,citation_to_node_unique,{},0.905,pending,
REL_04255,SHL_SONGBEN_0368,clause,SHSRC0033,CR_JIYI_0344,commentary,SHSRC0041,commentary_support,丹波元簡《傷寒論輯義》對本條有注（對齊相似度0.72）。,傷寒論輯義:p3244,citation_to_node_unique,{},0.717,pending,
REL_04256,SHL_SONGBEN_0369,clause,SHSRC0033,CR_JIYI_0345,commentary,SHSRC0041,commentary_support,丹波元簡《傷寒論輯義》對本條有注（對齊相似度0.83）。,傷寒論輯義:p3249,citation_to_node_unique,{},0.833,pending,
REL_04257,SHL_SONGBEN_0370,clause,SHSRC0033,CR_JIYI_0346,commentary,SHSRC0041,commentary_support,丹波元簡《傷寒論輯義》對本條有注（對齊相似度0.89）。,傷寒論輯義:p3253,citation_to_node_unique,{},0.895,pending,
REL_04258,SHL_SONGBEN_0371,clause,SHSRC0033,CR_JIYI_0347,commentary,SHSRC0041,commentary_support,丹波元簡《傷寒論輯義》對本條有注（對齊相似度1.00）。,傷寒論輯義:p3257,citation_to_node_unique,{},1.0,pending,
REL_04259,SHL_SONGBEN_0372,clause,SHSRC0033,CR_JIYI_0348,commentary,SHSRC0041,commentary_support,丹波元簡《傷寒論輯義》對本條有注（對齊相似度0.86）。,傷寒論輯義:p3263,citation_to_node_unique,{},0.862,pending,
REL_04260,SHL_SONGBEN_0373,clause,SHSRC0033,CR_JIYI_0349,commentary,SHSRC0041,commentary_support,丹波元簡《傷寒論輯義》對本條有注（對齊相似度1.00）。,傷寒論輯義:p3265,citation_to_node_unique,{},1.0,pending,
REL_04261,SHL_SONGBEN_0374,clause,SHSRC0033,CR_JIYI_0350,commentary,SHSRC0041,commentary_support,丹波元簡《傷寒論輯義》對本條有注（對齊相似度1.00）。,傷寒論輯義:p3268,citation_to_node_unique,{},1.0,pending,
REL_04262,SHL_SONGBEN_0321,clause,SHSRC0033,CR_JIYI_0297,commentary,SHSRC0041,commentary_support,丹波元簡《傷寒論輯義》對本條有注（對齊相似度0.81）。,傷寒論輯義:p3271,citation_to_node_first_of_multiple,{},0.814,pending,
REL_04263,SHL_SONGBEN_0375,clause,SHSRC0033,CR_JIYI_0352,commentary,SHSRC0041,commentary_support,丹波元簡《傷寒論輯義》對本條有注（對齊相似度1.00）。,傷寒論輯義:p3274,citation_to_node_unique,{},1.0,pending,
REL_04264,SHL_SONGBEN_0376,clause,SHSRC0033,CR_JIYI_0353,commentary,SHSRC0041,commentary_support,丹波元簡《傷寒論輯義》對本條有注（對齊相似度1.00）。,傷寒論輯義:p3277,citation_to_node_unique,{},1.0,pending,
REL_04265,SHL_SONGBEN_0377,clause,SHSRC0033,CR_JIYI_0354,commentary,SHSRC0041,commentary_support,丹波元簡《傷寒論輯義》對本條有注（對齊相似度1.00）。,傷寒論輯義:p3280,citation_to_node_unique,{},1.0,pending,
REL_04266,SHL_SONGBEN_0378,clause,SHSRC0033,CR_JIYI_0355,commentary,SHSRC0041,commentary_support,丹波元簡《傷寒論輯義》對本條有注（對齊相似度1.00）。,傷寒論輯義:p3283,citation_to_node_unique,{},1.0,pending,
REL_04267,SHL_SONGBEN_0379,clause,SHSRC0033,CR_JIYI_0356,commentary,SHSRC0041,commentary_support,丹波元簡《傷寒論輯義》對本條有注（對齊相似度1.00）。,傷寒論輯義:p3288,citation_to_node_unique,{},1.0,pending,
REL_04268,SHL_SONGBEN_0380,clause,SHSRC0033,CR_JIYI_0357,commentary,SHSRC0041,commentary_support,丹波元簡《傷寒論輯義》對本條有注（對齊相似度1.00）。,傷寒論輯義:p3290,citation_to_node_unique,{},1.0,pending,
REL_04269,SHL_SONGBEN_0381,clause,SHSRC0033,CR_JIYI_0358,commentary,SHSRC0041,commentary_support,丹波元簡《傷寒論輯義》對本條有注（對齊相似度1.00）。,傷寒論輯義:p3295,citation_to_node_unique,{},1.0,pending,
REL_04270,SHL_SONGBEN_0382,clause,SHSRC0033,CR_JIYI_0359,commentary,SHSRC0041,commentary_support,丹波元簡《傷寒論輯義》對本條有注（對齊相似度1.00）。,傷寒論輯義:p3302,citation_to_node_unique,{},1.0,pending,
REL_04271,SHL_SONGBEN_0383,clause,SHSRC0033,CR_JIYI_0360,commentary,SHSRC0041,commentary_support,丹波元簡《傷寒論輯義》對本條有注（對齊相似度1.00）。,傷寒論輯義:p3315,citation_to_node_unique,{},1.0,pending,
REL_04272,SHL_SONGBEN_0384,clause,SHSRC0033,CR_JIYI_0361,commentary,SHSRC0041,commentary_support,丹波元簡《傷寒論輯義》對本條有注（對齊相似度0.74）。,傷寒論輯義:p3319,citation_to_node_unique,{},0.74,pending,
REL_04273,SHL_SONGBEN_0385,clause,SHSRC0033,CR_JIYI_0362,commentary,SHSRC0041,commentary_support,丹波元簡《傷寒論輯義》對本條有注（對齊相似度1.00）。,傷寒論輯義:p3324,citation_to_node_unique,{},1.0,pending,
REL_04274,SHL_SONGBEN_0386,clause,SHSRC0033,CR_JIYI_0363,commentary,SHSRC0041,commentary_support,丹波元簡《傷寒論輯義》對本條有注（對齊相似度1.00）。,傷寒論輯義:p3333,citation_to_node_unique,{},1.0,pending,
REL_04275,SHL_SONGBEN_0387,clause,SHSRC0033,CR_JIYI_0364,commentary,SHSRC0041,commentary_support,丹波元簡《傷寒論輯義》對本條有注（對齊相似度1.00）。,傷寒論輯義:p3384,citation_to_node_unique,{},1.0,pending,
REL_04276,SHL_SONGBEN_0388,clause,SHSRC0033,CR_JIYI_0365,commentary,SHSRC0041,commentary_support,丹波元簡《傷寒論輯義》對本條有注（對齊相似度1.00）。,傷寒論輯義:p3387,citation_to_node_unique,{},1.0,pending,
REL_04277,SHL_SONGBEN_0389,clause,SHSRC0033,CR_JIYI_0366,commentary,SHSRC0041,commentary_support,丹波元簡《傷寒論輯義》對本條有注（對齊相似度1.00）。,傷寒論輯義:p3390,citation_to_node_unique,{},1.0,pending,
REL_04278,SHL_SONGBEN_0390,clause,SHSRC0033,CR_JIYI_0367,commentary,SHSRC0041,commentary_support,丹波元簡《傷寒論輯義》對本條有注（對齊相似度0.95）。,傷寒論輯義:p3393,citation_to_node_unique,{},0.947,pending,
REL_04279,SHL_SONGBEN_0391,clause,SHSRC0033,CR_JIYI_0368,commentary,SHSRC0041,commentary_support,丹波元簡《傷寒論輯義》對本條有注（對齊相似度1.00）。,傷寒論輯義:p3403,citation_to_node_unique,{},1.0,pending,
REL_04280,SHL_SONGBEN_0392,clause,SHSRC0033,CR_JIYI_0369,commentary,SHSRC0041,commentary_support,丹波元簡《傷寒論輯義》對本條有注（對齊相似度0.83）。,傷寒論輯義:p3406,citation_to_node_unique,{},0.833,pending,
REL_04281,SHL_SONGBEN_0393,clause,SHSRC0033,CR_JIYI_0370,commentary,SHSRC0041,commentary_support,丹波元簡《傷寒論輯義》對本條有注（對齊相似度0.74）。,傷寒論輯義:p3425,citation_to_node_unique,{},0.741,pending,
REL_04282,SHL_SONGBEN_0394,clause,SHSRC0033,CR_JIYI_0371,commentary,SHSRC0041,commentary_support,丹波元簡《傷寒論輯義》對本條有注（對齊相似度0.92）。,傷寒論輯義:p3439,citation_to_node_unique,{},0.92,pending,
REL_04283,SHL_SONGBEN_0395,clause,SHSRC0033,CR_JIYI_0372,commentary,SHSRC0041,commentary_support,丹波元簡《傷寒論輯義》對本條有注（對齊相似度0.89）。,傷寒論輯義:p3446,citation_to_node_unique,{},0.889,pending,
REL_04284,SHL_SONGBEN_0396,clause,SHSRC0033,CR_JIYI_0373,commentary,SHSRC0041,commentary_support,丹波元簡《傷寒論輯義》對本條有注（對齊相似度0.76）。,傷寒論輯義:p3452,citation_to_node_unique,{},0.764,pending,
REL_04285,SHL_SONGBEN_0397,clause,SHSRC0033,CR_JIYI_0374,commentary,SHSRC0041,commentary_support,丹波元簡《傷寒論輯義》對本條有注（對齊相似度1.00）。,傷寒論輯義:p3456,citation_to_node_unique,{},1.0,pending,
REL_04286,SHL_SONGBEN_0398,clause,SHSRC0033,CR_JIYI_0375,commentary,SHSRC0041,commentary_support,丹波元簡《傷寒論輯義》對本條有注（對齊相似度0.87）。,傷寒論輯義:p3486,citation_to_node_unique,{},0.866,pending,
