clause_id,source_id,book_title,version,canonical_clause_no,chapter,six_channel,text_type,clause_layer,original_text,normalized_text,contains_formula,formula_names,formula_blocks,symptoms,negated_findings,pulse,disease_patterns,therapy_terms,contraindication_terms,mistreatment_terms,transformation_terms,prognosis_terms,herbs,time_course,collation_notes,logic_words,sha256,review_status,reviewer_id,source_resolution
SHL_SONGBEN_0001,SHSRC0033,傷寒論（宋本）,songben,1.0,辨太陽病脈證並治上,太陽病,original_clause,A,太陽之為病，脈浮，頭項強痛而惡寒。,太陽之為病，脈浮，頭項強痛而惡寒。,False,[],[],"[""頭項強痛"", ""惡寒""]",[],"[""浮""]",[],[],[],[],[],[],[],[],[],[],acd49a29dd42c211859b47cd778071a5c7294d8a354fb04d97d63aa584c64392,pending,,text_match_multi
SHL_SONGBEN_0002,SHSRC0033,傷寒論（宋本）,songben,2.0,辨太陽病脈證並治上,太陽病,original_clause,A,太陽病，發熱，汗出，惡風，脈緩者，名為中風。,太陽病，發熱，汗出，惡風，脈緩者，名為中風。,False,[],[],"[""發熱"", ""汗出"", ""惡風""]",[],"[""緩""]","[""太陽病"", ""中風""]",[],[],[],[],[],[],[],[],[],b2c0aea1569ad064aa1ed9c5a6252ed4bd541c5606b91b08490e6728b3ea5e86,pending,,text_match_multi
SHL_SONGBEN_0003,SHSRC0033,傷寒論（宋本）,songben,3.0,辨太陽病脈證並治上,太陽病,original_clause,A,太陽病，或已發熱，或未發熱，必惡寒，體痛，嘔逆，脈陰陽俱緊者，名為傷寒。,太陽病，或已發熱，或未發熱，必惡寒，體痛，嘔逆，脈陰陽俱緊者，名為傷寒。,False,[],[],"[""發熱"", ""惡寒"", ""體痛"", ""嘔逆""]","[""不發熱""]","[""陰陽俱緊""]","[""太陽病"", ""傷寒""]",[],[],[],[],[],[],[],[],"[""或"", ""必""]",4bcbd6257419caf894f33fc8ac161ab9825eb7bdeef6c8e4460758e29d312610,pending,,text_match_multi
SHL_SONGBEN_0004,SHSRC0033,傷寒論（宋本）,songben,4.0,辨太陽病脈證並治上,太陽病,original_clause,A,傷寒一日，太陽受之，脈若靜者，為不傳。頗欲吐，若躁煩，脈數急者，為傳也。,傷寒一日，太陽受之，脈若靜者，為不傳。頗欲吐，若躁煩，脈數急者，為傳也。,False,[],[],"[""躁煩""]",[],"[""數"", ""靜"", ""數急""]","[""傷寒""]",[],[],[],[],[],[],"[""一日""]",[],"[""若"", ""急""]",cc28cc0586c1184ffe93e05f44dbfdcc22589eb5628b8b188a699683e83e5aa2,pending,,text_match_multi
SHL_SONGBEN_0005,SHSRC0033,傷寒論（宋本）,songben,5.0,辨太陽病脈證並治上,太陽病,original_clause,A,傷寒二三日，陽明、少陽證不見者，為不傳也。,傷寒二三日，陽明、少陽證不見者，為不傳也。,False,[],[],[],[],[],"[""傷寒""]",[],[],[],[],[],[],"[""二三日""]",[],[],10f3b6e00fadf5c809969e43409105c7de328cc55a8e4358898ad7de5b49941c,pending,,text_match_multi
SHL_SONGBEN_0006,SHSRC0033,傷寒論（宋本）,songben,6.0,辨太陽病脈證並治上,太陽病,original_clause,A,太陽病，發熱而渴，不惡寒者，為溫病。若發汗已，身灼熱者，名風溫。風溫為病，脈陰陽俱浮，自汗出，身重，多眠睡，鼻息必鼾，語言難出。若被下者，小便不利，直視失溲，若被火者，微發黃色，劇則如驚癇，時瘈瘲，若火熏之，一逆尚引日，再逆促命期。,太陽病，發熱而渴，不惡寒者，為溫病。若發汗已，身灼熱者，名風溫。風溫為病，脈陰陽俱浮，自汗出，身重，多眠睡，鼻息必鼾，語言難出。若被下者，小便不利，直視失溲，若被火者，微發黃色，劇則如驚癇，時瘈瘲，若火熏之，一逆尚引日，再逆促命期。,False,[],[],"[""發熱"", ""渴"", ""不惡寒"", ""身灼熱"", ""自汗出"", ""身重"", ""多眠睡"", ""語言難出"", ""小便不利"", ""直視"", ""失溲"", ""發黃"", ""驚癇"", ""瘈瘲""]",[],"[""陰陽俱浮""]","[""太陽病"", ""溫病"", ""風溫""]","[""發汗""]",[],"[""火熏之""]","[""發黃""]",[],[],[],[],"[""若"", ""必""]",c876043e54691a226aabdbe4f808e0efc25d1a77cd6a614f61b7616020035982,pending,,text_match_multi
SHL_SONGBEN_0007,SHSRC0033,傷寒論（宋本）,songben,7.0,辨太陽病脈證並治上,太陽病,original_clause,A,病有發熱惡寒者，發於陽也；無熱惡寒者，發於陰也。發於陽，七日愈；發於陰，六日愈。以陽數七，陰數六故也。,病有發熱惡寒者，發於陽也；無熱惡寒者，發於陰也。發於陽，七日愈；發於陰，六日愈。以陽數七，陰數六故也。,False,[],[],"[""發熱"", ""惡寒""]",[],[],[],[],[],[],[],"[""愈""]",[],"[""七日"", ""六日""]",[],[],1b4f8f9283f50ae7293c0882f282294d7efef92462b27f47acd410e586c5654f,pending,,text_match_multi
SHL_SONGBEN_0008,SHSRC0033,傷寒論（宋本）,songben,8.0,辨太陽病脈證並治上,太陽病,original_clause,A,太陽病，頭痛至七日以上自愈者，以行其經盡故也。若欲作再經者，針足陽明，使經不傳則愈。,太陽病，頭痛至七日以上自愈者，以行其經盡故也。若欲作再經者，針足陽明，使經不傳則愈。,False,[],[],"[""頭痛""]",[],[],"[""太陽病""]",[],[],[],[],"[""自愈""]",[],"[""七日""]",[],"[""若""]",56e4581be9835b49d53fdd1a2ce89af8f031d81c45607274c44e0e93f13cf0e9,pending,,text_match_multi
SHL_SONGBEN_0009,SHSRC0033,傷寒論（宋本）,songben,9.0,辨太陽病脈證並治上,太陽病,original_clause,A,太陽病，欲解時，從巳至未上。,太陽病，欲解時，從巳至未上。,False,[],[],[],[],[],"[""太陽病""]",[],[],[],[],"[""解"", ""欲解時""]",[],[],[],[],e6097189ddc4d8f0914da5bb6443f17602d01d9bd16a3db93a0f00b7ba5a1401,pending,,text_match_multi
SHL_SONGBEN_0010,SHSRC0033,傷寒論（宋本）,songben,10.0,辨太陽病脈證並治上,太陽病,original_clause,A,風家，表解而不了了者，十二日愈。,風家，表解而不了了者，十二日愈。,False,[],[],[],[],[],"[""風家""]",[],[],[],[],"[""愈""]",[],"[""十二日""]",[],[],27013c3a71795c2e18a6e842832988bb6c4c9a84a70def63d172782acb9b31f3,pending,,text_match_multi
SHL_SONGBEN_0011,SHSRC0033,傷寒論（宋本）,songben,11.0,辨太陽病脈證並治上,太陽病,original_clause,A,病人身大熱，反欲得衣者，熱在皮膚，寒在骨髓也；身大寒，反不欲近衣者，寒在皮膚，熱在骨髓也。,病人身大熱，反欲得衣者，熱在皮膚，寒在骨髓也；身大寒，反不欲近衣者，寒在皮膚，熱在骨髓也。,False,[],[],"[""身大熱""]",[],[],[],[],[],[],[],[],[],[],[],"[""反""]",3707cd5d696d50d2c8b86b6dd33b88531827b87451c663ab0a7848b0a33398a8,pending,,text_match_multi
SHL_SONGBEN_0012,SHSRC0033,傷寒論（宋本）,songben,12.0,辨太陽病脈證並治上,太陽病,original_clause,A,太陽中風，陽浮而陰弱，陽浮者，熱自發，陰弱者，汗自出。嗇嗇惡寒，淅淅惡風，翕翕發熱，鼻鳴乾嘔者，桂枝湯主之。,太陽中風，陽浮而陰弱，陽浮者，熱自發，陰弱者，汗自出。嗇嗇惡寒，淅淅惡風，翕翕發熱，鼻鳴乾嘔者，桂枝湯主之。,True,"[""桂枝湯""]","[{""formula_name"": ""桂枝湯"", ""composition"": [{""herb"": ""桂枝"", ""dose_processing"": ""三兩，去皮""}, {""herb"": ""芍藥"", ""dose_processing"": ""三兩""}, {""herb"": ""甘草"", ""dose_processing"": ""二兩，炙""}, {""herb"": ""生薑"", ""dose_processing"": ""三兩，切""}, {""herb"": ""大棗"", ""dose_processing"": ""十二枚，擘""}], ""preparation"": ""右五味，㕮咀三味，以水七升，微火煮取三升，去滓，適寒溫，"", ""administration"": ""服一升。服已須臾，歠熱稀粥一升餘，以助藥力。溫覆令一時許，遍身漐漐微似有汗者益佳，不可令如水流漓，病必不除。若一服汗出病差，停後服，不必盡劑。若不汗，更服依前法。又不汗，後服小促其間，半日許令三服盡。若病重者，一日一夜服，周時觀之，服一劑盡，病證猶在者，更作服，若不汗出，乃服至二、三劑。禁生冷、黏滑、肉麵、五辛、酒酪、臭惡等物。"", ""post_notes"": [], ""raw_text"": ""**桂枝湯方**\n\n桂枝<l>三兩，去皮</l>　芍藥<l>三兩</l>　甘草<l>二兩，炙</l>　生薑<l>三兩，切</l>　大棗<l>十二枚，擘</l>\n\n右五味，㕮咀三味，以水七升，微火煮取三升，去滓，適寒溫，服一升。服已須臾，歠熱稀粥一升餘，以助藥力。溫覆令一時許，遍身漐漐微似有汗者益佳，不可令如水流漓，病必不除。若一服汗出病差，停後服，不必盡劑。若不汗，更服依前法。又不汗，後服小促其間，半日許令三服盡。若病重者，一日一夜服，周時觀之，服一劑盡，病證猶在者，更作服，若不汗出，乃服至二、三劑。禁生冷、黏滑、肉麵、五辛、酒酪、臭惡等物。""}]","[""嗇嗇惡寒"", ""淅淅惡風"", ""翕翕發熱"", ""鼻鳴"", ""乾嘔""]",[],"[""陽浮而陰弱""]","[""太陽中風""]",[],[],[],[],[],"[""大棗"", ""桂枝"", ""甘草"", ""生薑"", ""芍藥""]",[],[],"[""主之""]",63f1ee3501521b84d9e2cb98d151998ec9847a3b954c6b5ea4317e5b9ab4c671,pending,,text_match_multi
SHL_SONGBEN_0013,SHSRC0033,傷寒論（宋本）,songben,13.0,辨太陽病脈證並治上,太陽病,original_clause,A,太陽病，頭痛，發熱，汗出，惡風，桂枝湯主之。,太陽病，頭痛，發熱，汗出，惡風，桂枝湯主之。,True,"[""桂枝湯""]",[],"[""頭痛"", ""發熱"", ""汗出"", ""惡風""]",[],[],"[""太陽病""]",[],[],[],[],[],[],[],[],"[""主之""]",ae2cf8140a31114dd2ad15ed81673a89865c1015fd6f3b53b87d260d61ef2fa3,pending,,text_match_multi
SHL_SONGBEN_0014,SHSRC0033,傷寒論（宋本）,songben,14.0,辨太陽病脈證並治上,太陽病,original_clause,A,太陽病，項背強几几，反汗出惡風者，桂枝加葛根湯主之。,太陽病，項背強几几，反汗出惡風者，桂枝加葛根湯主之。,True,"[""桂枝加葛根湯""]","[{""formula_name"": ""桂枝加葛根湯"", ""composition"": [{""herb"": ""葛根"", ""dose_processing"": ""四兩""}, {""herb"": ""桂枝"", ""dose_processing"": ""二兩，去皮""}, {""herb"": ""芍藥"", ""dose_processing"": ""二兩""}, {""herb"": ""生薑"", ""dose_processing"": ""三兩，切""}, {""herb"": ""甘草"", ""dose_processing"": ""二兩，炙""}, {""herb"": ""大棗"", ""dose_processing"": ""十二枚，擘""}, {""herb"": ""麻黃"", ""dose_processing"": ""三兩，去節""}], ""preparation"": ""右七味，以水一斗，先煮麻黃、葛根，減二升，去上沫，內諸藥，煮取三升，去滓。"", ""administration"": ""溫服一升。覆取微似汗，不須啜粥，餘如桂枝法將息及禁忌。"", ""post_notes"": [], ""raw_text"": ""**桂枝加葛根湯方**\n\n葛根<l>四兩</l>　桂枝<l>二兩，去皮</l>　芍藥<l>二兩</l>　生薑<l>三兩，切</l>　甘草<l>二兩，炙</l>　大棗<l>十二枚，擘</l>　麻黃<l>三兩，去節</l>\n\n右七味，以水一斗，先煮麻黃、葛根，減二升，去上沫，內諸藥，煮取三升，去滓。溫服一升。覆取微似汗，不須啜粥，餘如桂枝法將息及禁忌。""}]","[""項背強几几"", ""反汗出"", ""惡風""]",[],[],"[""太陽病""]",[],[],[],[],[],"[""大棗"", ""桂枝"", ""甘草"", ""生薑"", ""芍藥"", ""葛根"", ""麻黃""]",[],[],"[""反"", ""主之""]",c59dc93fcc80a1ef9ddc77b9c8dcf6c3e959503892d73719fddcd3898c93fc52,pending,,text_match_multi
SHL_SONGBEN_0015,SHSRC0033,傷寒論（宋本）,songben,15.0,辨太陽病脈證並治上,太陽病,original_clause,A,太陽病，下之後，其氣上衝者，可與桂枝湯，方用前法；若不上衝者，不得與之。,太陽病，下之後，其氣上衝者，可與桂枝湯，方用前法；若不上衝者，不得與之。,True,"[""桂枝湯""]",[],"[""氣上衝""]",[],[],"[""太陽病""]","[""下之""]",[],"[""下之後""]",[],[],[],[],[],"[""可與"", ""若""]",7098115ba1120c7d057efbb55e76b79d8bba75190a591a1ee41578a242ce2be2,pending,,text_match_multi
SHL_SONGBEN_0016,SHSRC0033,傷寒論（宋本）,songben,16.0,辨太陽病脈證並治上,太陽病,original_clause,A,太陽病三日，已發汗，若吐、若下、若溫針，仍不解者，此為壞病，桂枝不中與之也。觀其脈證，知犯何逆，隨證治之。桂枝本為解肌，若其人脈浮緊，發熱汗不出者，不可與之也。常須識此，勿令誤也。,太陽病三日，已發汗，若吐、若下、若溫針，仍不解者，此為壞病，桂枝不中與之也。觀其脈證，知犯何逆，隨證治之。桂枝本為解肌，若其人脈浮緊，發熱汗不出者，不可與之也。常須識此，勿令誤也。,False,[],[],"[""發熱"", ""汗不出""]",[],"[""浮緊""]","[""太陽病"", ""壞病""]","[""發汗""]","[""不中與"", ""不可與""]","[""若吐"", ""溫針""]","[""壞病""]","[""解""]",[],"[""三日""]",[],"[""不可"", ""可與"", ""勿"", ""若"", ""誤""]",fecd917d53f35be91994f779b95343b74003f18f94009ee19daf560af9a61311,pending,,text_match_multi
SHL_SONGBEN_0017,SHSRC0033,傷寒論（宋本）,songben,17.0,辨太陽病脈證並治上,太陽病,original_clause,A,若酒客病，不可與桂枝湯，得之則嘔，以酒客不喜甘故也。,若酒客病，不可與桂枝湯，得之則嘔，以酒客不喜甘故也。,False,[],[],"[""嘔""]",[],[],"[""酒客""]",[],"[""不可與""]",[],[],[],[],[],[],"[""不可"", ""可與"", ""若"", ""得之""]",c29b8694702d4a9ee6274d20c084d86bfeadaed65c8a179bd67e51b63ad2641e,pending,,text_match_multi
SHL_SONGBEN_0018,SHSRC0033,傷寒論（宋本）,songben,18.0,辨太陽病脈證並治上,太陽病,original_clause,A,喘家作，桂枝湯加厚朴、杏子佳。,喘家作，桂枝湯加厚朴、杏子佳。,True,"[""桂枝湯""]",[],[],[],[],"[""喘家""]",[],[],[],[],[],[],[],[],[],f4af10025589d11ac74f8312241502e8a9d7c11584b335f7ce7f7e6efc507fc4,pending,,text_match_multi
SHL_SONGBEN_0019,SHSRC0033,傷寒論（宋本）,songben,19.0,辨太陽病脈證並治上,太陽病,original_clause,A,凡服桂枝湯吐者，其後必吐膿血也。,凡服桂枝湯吐者，其後必吐膿血也。,True,"[""桂枝湯""]",[],"[""吐膿血""]",[],[],[],[],[],[],[],[],[],[],[],"[""必""]",5ccad223bea3b820e340a3d2b92845259bd2dd2c0fee945dbfce7bc9bfddcdef,pending,,text_match_multi
SHL_SONGBEN_0020,SHSRC0033,傷寒論（宋本）,songben,20.0,辨太陽病脈證並治上,太陽病,original_clause,A,太陽病，發汗，遂漏不止，其人惡風，小便難，四肢微急，難以屈伸者，桂枝加附子湯主之。,太陽病，發汗，遂漏不止，其人惡風，小便難，四肢微急，難以屈伸者，桂枝加附子湯主之。,True,"[""桂枝加附子湯""]","[{""formula_name"": ""桂枝加附子湯"", ""composition"": [{""herb"": ""桂枝"", ""dose_processing"": ""三兩，去皮""}, {""herb"": ""芍藥"", ""dose_processing"": ""三兩""}, {""herb"": ""甘草"", ""dose_processing"": ""三兩，炙""}, {""herb"": ""生薑"", ""dose_processing"": ""三兩，切""}, {""herb"": ""大棗"", ""dose_processing"": ""十二枚，擘""}, {""herb"": ""附子"", ""dose_processing"": ""一枚，炮，去皮，破八片""}], ""preparation"": ""右六味，以水七升，煮取三升，去滓，"", ""administration"": ""溫服一升。本云（注：《玉函經》作“本方”。）：桂枝湯，今加附子。將息如前法。"", ""post_notes"": [], ""raw_text"": ""**桂枝加附子湯方**\n\n桂枝<l>三兩，去皮</l>　芍藥<l>三兩</l>　甘草<l>三兩，炙</l>　生薑<l>三兩，切</l>　大棗<l>十二枚，擘</l>　附子<l>一枚，炮，去皮，破八片</l>\n\n右六味，以水七升，煮取三升，去滓，溫服一升。本云<j>《玉函經》作“本方”。</j>：桂枝湯，今加附子。將息如前法。""}]","[""遂漏不止"", ""惡風"", ""小便難""]",[],[],"[""太陽病""]","[""發汗""]",[],[],[],[],"[""大棗"", ""桂枝"", ""甘草"", ""生薑"", ""芍藥"", ""附子""]",[],[],"[""急"", ""主之""]",6719eb5b952d6e14306761757fb77171c9ce66e48669c875c55a8af8d187bf21,pending,,text_match_multi
SHL_SONGBEN_0021,SHSRC0033,傷寒論（宋本）,songben,21.0,辨太陽病脈證並治上,太陽病,original_clause,A,太陽病，下之後，脈促胸滿者，桂枝去芍藥湯主之。,太陽病，下之後，脈促胸滿者，桂枝去芍藥湯主之。,True,"[""桂枝去芍藥湯""]","[{""formula_name"": ""桂枝去芍藥湯"", ""composition"": [{""herb"": ""桂枝"", ""dose_processing"": ""三兩，去皮""}, {""herb"": ""甘草"", ""dose_processing"": ""二兩，炙""}, {""herb"": ""生薑"", ""dose_processing"": ""三兩，切""}, {""herb"": ""大棗"", ""dose_processing"": ""十二枚，擘""}], ""preparation"": ""右四味，以水七升，煮取三升，去滓，"", ""administration"": ""溫服一升。本云：桂枝湯，今去芍藥。將息如前法。"", ""post_notes"": [], ""raw_text"": ""**桂枝去芍藥湯方**\n\n桂枝<l>三兩，去皮</l>　甘草<l>二兩，炙</l>　生薑<l>三兩，切</l>　大棗<l>十二枚，擘</l>\n\n右四味，以水七升，煮取三升，去滓，溫服一升。本云：桂枝湯，今去芍藥。將息如前法。""}]","[""胸滿""]",[],"[""促""]","[""太陽病""]","[""下之""]",[],"[""下之後""]",[],[],"[""大棗"", ""桂枝"", ""甘草"", ""生薑""]",[],[],"[""主之""]",f84b631ee06638ce49e9138c6ee196b239b95598d4b97ecc8f2fa965a037ba5e,pending,,text_match_multi
SHL_SONGBEN_0022,SHSRC0033,傷寒論（宋本）,songben,22.0,辨太陽病脈證並治上,太陽病,original_clause,A,若微寒者，桂枝去芍藥加附子湯主之。,若微寒者，桂枝去芍藥加附子湯主之。,True,"[""桂枝去芍藥加附子湯""]","[{""formula_name"": ""桂枝去芍藥加附子湯"", ""composition"": [{""herb"": ""桂枝"", ""dose_processing"": ""三兩，去皮""}, {""herb"": ""甘草"", ""dose_processing"": ""二兩，炙""}, {""herb"": ""生薑"", ""dose_processing"": ""三兩，切""}, {""herb"": ""大棗"", ""dose_processing"": ""十二枚，擘""}, {""herb"": ""附子"", ""dose_processing"": ""一枚，炮，去皮，破八片""}], ""preparation"": ""右五味，以水七升，煮取三升，去滓，"", ""administration"": ""溫服一升。本云：桂枝湯，今去芍藥加附子。將息如前法。"", ""post_notes"": [], ""raw_text"": ""**桂枝去芍藥加附子湯方**\n\n桂枝<l>三兩，去皮</l>　甘草<l>二兩，炙</l>　生薑<l>三兩，切</l>　大棗<l>十二枚，擘</l>　附子<l>一枚，炮，去皮，破八片</l>\n\n右五味，以水七升，煮取三升，去滓，溫服一升。本云：桂枝湯，今去芍藥加附子。將息如前法。""}]",[],[],[],[],[],[],[],[],[],"[""大棗"", ""桂枝"", ""甘草"", ""生薑"", ""附子""]",[],[],"[""若"", ""主之""]",d57f946e1ece20cb2027b5fc8ced0175086126de41898d85a75f431868445461,pending,,text_match_multi
SHL_SONGBEN_0023,SHSRC0033,傷寒論（宋本）,songben,23.0,辨太陽病脈證並治上,太陽病,original_clause,A,太陽病，得之八九日，如瘧狀，發熱惡寒，熱多寒少，其人不嘔，清便欲自可，一日二三度發。脈微緩者，為欲愈也；脈微而惡寒者，此陰陽俱虛，不可更發汗、更下、更吐也；面色反有熱色者，未欲解也，以其不能得小汗出，身必癢，宜桂枝麻黃各半湯。,太陽病，得之八九日，如瘧狀，發熱惡寒，熱多寒少，其人不嘔，清便欲自可，一日二三度發。脈微緩者，為欲愈也；脈微而惡寒者，此陰陽俱虛，不可更發汗、更下、更吐也；面色反有熱色者，未欲解也，以其不能得小汗出，身必癢，宜桂枝麻黃各半湯。,True,"[""桂枝麻黃各半湯""]","[{""formula_name"": ""桂枝麻黃各半湯"", ""composition"": [{""herb"": ""桂枝"", ""dose_processing"": ""一兩十六銖，去皮""}, {""herb"": ""芍藥"", ""dose_processing"": """"}, {""herb"": ""生薑"", ""dose_processing"": ""切""}, {""herb"": ""甘草"", ""dose_processing"": ""炙""}, {""herb"": ""麻黃"", ""dose_processing"": ""去節，各一兩""}, {""herb"": ""大棗"", ""dose_processing"": ""四枚，擘""}, {""herb"": ""杏仁"", ""dose_processing"": ""二十四枚，湯浸，去皮尖及兩仁者""}], ""preparation"": ""右七味，以水五升，先煮麻黃一二沸，去上沫，內諸藥，煮取一升八合，去滓，"", ""administration"": ""溫服六合。本云：桂枝湯三合，麻黃湯三合，併為六合，頓服。將息如上法。"", ""post_notes"": [], ""raw_text"": ""**桂枝麻黃各半湯方**\n\n桂枝<l>一兩十六銖，去皮</l>　芍藥　生薑<l>切</l>　甘草<l>炙</l>　麻黃<l>去節，各一兩</l>　大棗<l>四枚，擘</l>　杏仁<l>二十四枚，湯浸，去皮尖及兩仁者</l>\n\n右七味，以水五升，先煮麻黃一二沸，去上沫，內諸藥，煮取一升八合，去滓，溫服六合。本云：桂枝湯三合，麻黃湯三合，併為六合，頓服。將息如上法。""}]","[""如瘧狀"", ""發熱"", ""惡寒"", ""面色反有熱色"", ""汗出""]","[""不嘔""]","[""微"", ""陰陽俱虛"", ""緩微""]","[""太陽病""]","[""發汗""]","[""不可更發汗""]",[],[],"[""欲愈"", ""欲解""]","[""大棗"", ""杏仁"", ""桂枝"", ""甘草"", ""生薑"", ""芍藥"", ""麻黃""]","[""八九日"", ""一日""]",[],"[""不可"", ""反"", ""必"", ""得之"", ""宜""]",99c230a77bed0c4706b78d32446b90f2c113d35d7043bf38b656cadccf158418,pending,,text_match_multi
SHL_SONGBEN_0024,SHSRC0033,傷寒論（宋本）,songben,24.0,辨太陽病脈證並治上,太陽病,original_clause,A,太陽病，初服桂枝湯，反煩不解者，先刺風池、風府，卻與桂枝湯則愈。,太陽病，初服桂枝湯，反煩不解者，先刺風池、風府，卻與桂枝湯則愈。,True,"[""桂枝湯""]",[],"[""反煩不解""]",[],[],"[""太陽病""]",[],[],[],[],"[""愈""]",[],[],[],"[""反""]",4ea5f5ab0e81634d2cb662c083e24235e9453fc1b56e25fa42039390e4b149f9,pending,,text_match_multi
SHL_SONGBEN_0025,SHSRC0033,傷寒論（宋本）,songben,25.0,辨太陽病脈證並治上,太陽病,original_clause,A,服桂枝湯，大汗出，脈洪大者，與桂枝湯，如前法。若形似瘧，一日再發者，汗出必解，宜桂枝二麻黃一湯。,服桂枝湯，大汗出，脈洪大者，與桂枝湯，如前法。若形似瘧，一日再發者，汗出必解，宜桂枝二麻黃一湯。,True,"[""桂枝二麻黃一湯"", ""桂枝湯""]","[{""formula_name"": ""桂枝二麻黃一湯"", ""composition"": [{""herb"": ""桂枝"", ""dose_processing"": ""一兩十七銖，去皮""}, {""herb"": ""芍藥"", ""dose_processing"": ""一兩六銖""}, {""herb"": ""麻黃"", ""dose_processing"": ""十六銖，去節""}, {""herb"": ""生薑"", ""dose_processing"": ""一兩六銖，切""}, {""herb"": ""杏仁"", ""dose_processing"": ""十六個，去皮尖""}, {""herb"": ""甘草"", ""dose_processing"": ""一兩二銖，炙""}, {""herb"": ""大棗"", ""dose_processing"": ""五枚，擘""}], ""preparation"": ""右七味，以水五升，先煮麻黃一二沸，去上沫，內諸藥，煮取二升，去滓，"", ""administration"": ""溫服一升，日再服。本云：桂枝湯二分，麻黃湯一分，合為二升，分再服。今後合為一方。將息如前法。"", ""post_notes"": [], ""raw_text"": ""**桂枝二麻黃一湯方**\n\n桂枝<l>一兩十七銖，去皮</l>　芍藥<l>一兩六銖</l>　麻黃<l>十六銖，去節</l>　生薑<l>一兩六銖，切</l>　杏仁<l>十六個，去皮尖</l>　甘草<l>一兩二銖，炙</l>　大棗<l>五枚，擘</l>\n\n右七味，以水五升，先煮麻黃一二沸，去上沫，內諸藥，煮取二升，去滓，溫服一升，日再服。本云：桂枝湯二分，麻黃湯一分，合為二升，分再服。今後合為一方。將息如前法。""}]","[""大汗出"", ""汗出""]",[],"[""洪大""]",[],[],[],[],[],"[""解""]","[""大棗"", ""杏仁"", ""桂枝"", ""甘草"", ""生薑"", ""芍藥"", ""麻黃""]","[""一日""]",[],"[""若"", ""必"", ""宜""]",e2b1147a295f437324a1d194282821a5ec29ca6609d0bad5d15032302292b39f,pending,,text_match_multi
SHL_SONGBEN_0026,SHSRC0033,傷寒論（宋本）,songben,26.0,辨太陽病脈證並治上,太陽病,original_clause,A,服桂枝湯，大汗出後，大煩渴不解，脈洪大者，白虎加人參湯主之。,服桂枝湯，大汗出後，大煩渴不解，脈洪大者，白虎加人參湯主之。,True,"[""白虎加人參湯"", ""桂枝湯""]","[{""formula_name"": ""白虎加人參湯"", ""composition"": [{""herb"": ""知母"", ""dose_processing"": ""六兩""}, {""herb"": ""石膏"", ""dose_processing"": ""一斤，碎，綿裹""}, {""herb"": ""甘草"", ""dose_processing"": ""二兩，炙""}, {""herb"": ""粳米"", ""dose_processing"": ""六合""}, {""herb"": ""人參"", ""dose_processing"": ""三兩""}], ""preparation"": ""右五味，以水一斗，煮米熟，湯成，去滓，"", ""administration"": ""溫服一升，日三服。"", ""post_notes"": [], ""raw_text"": ""**白虎加人參湯方**\n\n知母<l>六兩</l>　石膏<l>一斤，碎，綿裹</l>　甘草<l>二兩，炙</l>　粳米<l>六合</l>　人參<l>三兩</l>\n\n右五味，以水一斗，煮米熟，湯成，去滓，溫服一升，日三服。""}]","[""大汗出"", ""大煩渴不解""]",[],"[""洪大""]",[],[],[],[],[],"[""解""]","[""人參"", ""甘草"", ""知母"", ""石膏"", ""粳米""]",[],[],"[""主之""]",b960fc39e46d67e13c90541475c24ea7ff3f4a8c479ab3c6abe85bddf13d8451,pending,,text_match_multi
SHL_SONGBEN_0027,SHSRC0033,傷寒論（宋本）,songben,27.0,辨太陽病脈證並治上,太陽病,original_clause,A,太陽病，發熱惡寒，熱多寒少，脈微弱者，此無陽也，不可發汗，宜桂枝二越婢一湯。,太陽病，發熱惡寒，熱多寒少，脈微弱者，此無陽也，不可發汗，宜桂枝二越婢一湯。,True,"[""桂枝二越婢一湯""]","[{""formula_name"": ""桂枝二越婢一湯"", ""composition"": [{""herb"": ""桂枝"", ""dose_processing"": ""去皮""}, {""herb"": ""芍藥"", ""dose_processing"": """"}, {""herb"": ""麻黃"", ""dose_processing"": """"}, {""herb"": ""甘草"", ""dose_processing"": ""炙，各十八銖""}, {""herb"": ""大棗"", ""dose_processing"": ""四枚，擘""}, {""herb"": ""生薑"", ""dose_processing"": ""一兩二銖，切""}, {""herb"": ""石膏"", ""dose_processing"": ""二十四銖，碎，綿裹""}], ""preparation"": ""右七味，以水五升，煮麻黃一二沸，去上沫，內諸藥，煮取二升，去滓，"", ""administration"": ""溫服一升。本云：當裁為越婢湯、桂枝湯，合之飲一升，今合為一方，桂枝二分，越婢湯一分。"", ""post_notes"": [], ""raw_text"": ""**桂枝二越婢一湯方**\n\n桂枝<l>去皮</l>　芍藥　麻黃　甘草<l>炙，各十八銖</l>　大棗<l>四枚，擘</l>　生薑<l>一兩二銖，切</l>　石膏<l>二十四銖，碎，綿裹</l>\n\n右七味，以水五升，煮麻黃一二沸，去上沫，內諸藥，煮取二升，去滓，溫服一升。本云：當裁為越婢湯、桂枝湯，合之飲一升，今合為一方，桂枝二分，越婢湯一分。""}]","[""發熱"", ""惡寒""]",[],"[""微弱""]","[""太陽病""]","[""可發汗""]","[""不可發汗""]",[],[],[],"[""大棗"", ""桂枝"", ""甘草"", ""生薑"", ""石膏"", ""芍藥"", ""麻黃""]",[],[],"[""不可"", ""宜""]",ffaa052e88f5f7dbe8debcd60cd9e6b34a69d496fbb68b6f6c66126019f71b4d,pending,,text_match_multi
SHL_SONGBEN_0028,SHSRC0033,傷寒論（宋本）,songben,28.0,辨太陽病脈證並治上,太陽病,original_clause,A,服桂枝湯，或下之，仍頭項強痛，翕翕發熱，無汗，心下滿微痛，小便不利者，桂枝去桂加茯苓白朮湯主之。,服桂枝湯，或下之，仍頭項強痛，翕翕發熱，無汗，心下滿微痛，小便不利者，桂枝去桂加茯苓白朮湯主之。,True,"[""桂枝去桂加茯苓白朮湯"", ""桂枝湯""]","[{""formula_name"": ""桂枝去桂加茯苓白朮湯"", ""composition"": [{""herb"": ""芍藥"", ""dose_processing"": ""三兩""}, {""herb"": ""甘草"", ""dose_processing"": ""二兩，炙""}, {""herb"": ""生薑"", ""dose_processing"": ""三兩，切""}, {""herb"": ""白朮"", ""dose_processing"": """"}, {""herb"": ""茯苓"", ""dose_processing"": ""各三兩""}, {""herb"": ""大棗"", ""dose_processing"": ""十二枚，擘""}], ""preparation"": ""右六味，以水八升，煮取三升，去滓，"", ""administration"": ""溫服一升。小便利則愈。本云：桂枝湯，今去桂枝加茯苓、白朮。"", ""post_notes"": [], ""raw_text"": ""**桂枝去桂加茯苓白朮湯方**\n\n芍藥<l>三兩</l>　甘草<l>二兩，炙</l>　生薑<l>三兩，切</l>　白朮　茯苓<l>各三兩</l>　大棗<l>十二枚，擘</l>\n\n右六味，以水八升，煮取三升，去滓，溫服一升。小便利則愈。本云：桂枝湯，今去桂枝加茯苓、白朮。""}]","[""頭項強痛"", ""翕翕發熱"", ""無汗"", ""心下滿微痛"", ""小便不利""]",[],[],[],"[""下之""]",[],"[""下之""]",[],[],"[""大棗"", ""甘草"", ""生薑"", ""白朮"", ""芍藥"", ""茯苓""]",[],[],"[""或"", ""主之""]",31a359183d6803d9383ad8b8d249d02509439fc48a111e5ae44816e4689d937b,pending,,text_match_multi
SHL_SONGBEN_0029,SHSRC0033,傷寒論（宋本）,songben,29.0,辨太陽病脈證並治上,太陽病,original_clause,A,傷寒，脈浮，自汗出，小便數，心煩，微惡寒，腳攣急，反與桂枝欲攻其表，此誤也。得之便厥，咽中乾，煩躁吐逆者，作甘草乾薑湯與之，以復其陽。若厥愈足溫者，更作芍藥甘草湯與之，其腳即伸。若胃氣不和，譫語者，少與調胃承氣湯。若重發汗，復加燒針者，四逆湯主之。,傷寒，脈浮，自汗出，小便數，心煩，微惡寒，腳攣急，反與桂枝欲攻其表，此誤也。得之便厥，咽中乾，煩躁吐逆者，作甘草乾薑湯與之，以復其陽。若厥愈足溫者，更作芍藥甘草湯與之，其腳即伸。若胃氣不和，譫語者，少與調胃承氣湯。若重發汗，復加燒針者，四逆湯主之。,True,"[""甘草乾薑湯"", ""芍藥甘草湯"", ""調胃承氣湯"", ""四逆湯""]","[{""formula_name"": ""甘草乾薑湯"", ""composition"": [{""herb"": ""甘草"", ""dose_processing"": ""四兩，炙""}, {""herb"": ""乾薑"", ""dose_processing"": ""二兩""}], ""preparation"": ""右二味，以水三升，煮取一升五合，去滓，"", ""administration"": ""分溫再服。"", ""post_notes"": [], ""raw_text"": ""**甘草乾薑湯方**\n\n甘草<l>四兩，炙</l>　乾薑<l>二兩</l>\n\n右二味，以水三升，煮取一升五合，去滓，分溫再服。""}, {""formula_name"": ""芍藥甘草湯"", ""composition"": [{""herb"": ""芍藥"", ""dose_processing"": """"}, {""herb"": ""甘草"", ""dose_processing"": ""炙，各四兩""}], ""preparation"": ""右二味，以水三升，煮取一升五合，去滓，"", ""administration"": ""分溫再服。"", ""post_notes"": [], ""raw_text"": ""**芍藥甘草湯方**\n\n芍藥　甘草<l>炙，各四兩</l>\n\n右二味，以水三升，煮取一升五合，去滓，分溫再服。""}, {""formula_name"": ""調胃承氣湯"", ""composition"": [{""herb"": ""甘草"", ""dose_processing"": ""二兩，炙""}, {""herb"": ""芒硝"", ""dose_processing"": ""半升""}, {""herb"": ""大黃"", ""dose_processing"": ""四兩，清酒洗""}], ""preparation"": ""右三味，以水三升，煮取一升，去滓，內芒硝，更上火微煮令沸，少少"", ""administration"": ""溫服之。"", ""post_notes"": [], ""raw_text"": ""**調胃承氣湯方**\n\n甘草<l>二兩，炙</l>　芒硝<l>半升</l>　大黃<l>四兩，清酒洗</l>\n\n右三味，以水三升，煮取一升，去滓，內芒硝，更上火微煮令沸，少少溫服之。""}, {""formula_name"": ""四逆湯"", ""composition"": [{""herb"": ""甘草"", ""dose_processing"": ""二兩，炙""}, {""herb"": ""乾薑"", ""dose_processing"": ""一兩半""}, {""herb"": ""附子"", ""dose_processing"": ""一枚，生用，去皮，破八片""}], ""preparation"": ""右三味，以水三升，煮取一升二合，去滓，"", ""administration"": ""分溫再服。強人可大附子一枚、乾薑三兩。"", ""post_notes"": [], ""raw_text"": ""**四逆湯方**\n\n甘草<l>二兩，炙</l>　乾薑<l>一兩半</l>　附子<l>一枚，生用，去皮，破八片</l>\n\n右三味，以水三升，煮取一升二合，去滓，分溫再服。強人可大附子一枚、乾薑三兩。""}]","[""自汗出"", ""小便數"", ""心煩"", ""微惡寒"", ""腳攣急"", ""厥"", ""咽中乾"", ""煩躁"", ""譫語""]",[],"[""浮""]","[""傷寒""]","[""發汗""]",[],"[""重發汗"", ""燒針""]","[""吐逆"", ""煩躁"", ""譫語"", ""厥""]","[""愈""]","[""乾薑"", ""大黃"", ""甘草"", ""芍藥"", ""芒硝"", ""附子""]",[],[],"[""若"", ""反"", ""誤"", ""急"", ""得之"", ""主之""]",a6225855fb8c702bb5a03de3409b9271a5c10ce3b0d92ab5897e5f01eeb31da4,pending,,text_match_multi
SHL_SONGBEN_0030,SHSRC0033,傷寒論（宋本）,songben,30.0,辨太陽病脈證並治上,太陽病,original_clause,A,問曰：證象陽旦，按法治之而增劇，厥逆，咽中乾，兩脛拘急而譫語。師曰：言夜半手足當溫，兩腳當伸。後如師言。何以知此？答曰：寸口脈浮而大，浮為風，大為虛，風則生微熱，虛則兩脛攣，病形象桂枝，因加附子參其間，增桂令汗出，附子溫經，亡陽故也。厥逆，咽中乾，煩躁，陽明內結，譫語煩亂，更飲甘草乾薑湯，夜半陽氣還，兩足當熱，脛尚微拘急，重與芍藥甘草湯，爾乃脛伸。以承氣湯微溏，則止其譫語，故知病可愈。,問曰：證象陽旦，按法治之而增劇，厥逆，咽中乾，兩脛拘急而譫語。師曰：言夜半手足當溫，兩腳當伸。後如師言。何以知此？答曰：寸口脈浮而大，浮為風，大為虛，風則生微熱，虛則兩脛攣，病形象桂枝，因加附子參其間，增桂令汗出，附子溫經，亡陽故也。厥逆，咽中乾，煩躁，陽明內結，譫語煩亂，更飲甘草乾薑湯，夜半陽氣還，兩足當熱，脛尚微拘急，重與芍藥甘草湯，爾乃脛伸。以承氣湯微溏，則止其譫語，故知病可愈。,True,"[""甘草乾薑湯"", ""芍藥甘草湯""]",[],"[""厥逆"", ""咽中乾"", ""譫語"", ""微熱"", ""汗出"", ""煩躁""]",[],"[""浮"", ""浮大""]",[],"[""當溫""]",[],[],"[""亡陽"", ""厥逆"", ""煩躁"", ""譫語"", ""厥""]","[""愈""]",[],[],[],"[""急""]",caf39e27dd935eb69931a35b598b7b175f73c08a0cb78b62c7a923808069c99b,pending,,text_match_multi
SHL_SONGBEN_0031,SHSRC0033,傷寒論（宋本）,songben,31.0,辨太陽病脈證並治中,太陽病,original_clause,A,太陽病，項背強几几，無汗惡風，葛根湯主之。,太陽病，項背強几几，無汗惡風，葛根湯主之。,True,"[""葛根湯""]","[{""formula_name"": ""葛根湯"", ""composition"": [{""herb"": ""葛根"", ""dose_processing"": ""四兩""}, {""herb"": ""麻黃"", ""dose_processing"": ""三兩，去節""}, {""herb"": ""桂枝"", ""dose_processing"": ""二兩，去皮""}, {""herb"": ""生薑"", ""dose_processing"": ""三兩，切""}, {""herb"": ""甘草"", ""dose_processing"": ""二兩，炙""}, {""herb"": ""芍藥"", ""dose_processing"": ""二兩""}, {""herb"": ""大棗"", ""dose_processing"": ""十二枚，擘""}], ""preparation"": ""右七味，以水一斗，先煮麻黃、葛根，減二升，去白沫，內諸藥，煮取三升，去滓，"", ""administration"": ""溫服一升。覆取微似汗。餘如桂枝法將息及禁忌，諸湯皆仿此。"", ""post_notes"": [], ""raw_text"": ""**葛根湯方**\n\n葛根<l>四兩</l>　麻黃<l>三兩，去節</l>　桂枝<l>二兩，去皮</l>　生薑<l>三兩，切</l>　甘草<l>二兩，炙</l>　芍藥<l>二兩</l>　大棗<l>十二枚，擘</l>\n\n右七味，以水一斗，先煮麻黃、葛根，減二升，去白沫，內諸藥，煮取三升，去滓，溫服一升。覆取微似汗。餘如桂枝法將息及禁忌，諸湯皆仿此。""}]","[""項背強几几"", ""無汗"", ""惡風""]",[],[],"[""太陽病""]",[],[],[],[],[],"[""大棗"", ""桂枝"", ""甘草"", ""生薑"", ""芍藥"", ""葛根"", ""麻黃""]",[],[],"[""主之""]",6ff2141d8a2f2e3b7e08fd584f49581d0dffb3f0e67f784cc0663c5bfb2feea4,pending,,text_match_multi
SHL_SONGBEN_0032,SHSRC0033,傷寒論（宋本）,songben,32.0,辨太陽病脈證並治中,太陽病,original_clause,A,太陽與陽明合病者，必自下利，葛根湯主之。,太陽與陽明合病者，必自下利，葛根湯主之。,True,"[""葛根湯""]",[],"[""自下利""]",[],[],"[""太陽與陽明合病""]",[],[],[],[],[],[],[],[],"[""必"", ""主之""]",ae5c5c1e4f3b2887c3bfcce0b2515a4619e5aed2c36cfb0fbafd0640e9fb53f9,pending,,text_match_multi
SHL_SONGBEN_0033,SHSRC0033,傷寒論（宋本）,songben,33.0,辨太陽病脈證並治中,太陽病,original_clause,A,太陽與陽明合病，不下利，但嘔者，葛根加半夏湯主之。,太陽與陽明合病，不下利，但嘔者，葛根加半夏湯主之。,True,"[""葛根加半夏湯""]","[{""formula_name"": ""葛根加半夏湯"", ""composition"": [{""herb"": ""葛根"", ""dose_processing"": ""四兩""}, {""herb"": ""麻黃"", ""dose_processing"": ""三兩，去節""}, {""herb"": ""甘草"", ""dose_processing"": ""二兩，炙""}, {""herb"": ""芍藥"", ""dose_processing"": ""二兩""}, {""herb"": ""桂枝"", ""dose_processing"": ""二兩，去皮""}, {""herb"": ""生薑"", ""dose_processing"": ""二兩，切""}, {""herb"": ""半夏"", ""dose_processing"": ""半升，洗""}, {""herb"": ""大棗"", ""dose_processing"": ""十二枚，擘""}], ""preparation"": ""右八味，以水一斗，先煮葛根、麻黃，減二升，去白沫，內諸藥，煮取三升，去滓，"", ""administration"": ""溫服一升。覆取微似汗。"", ""post_notes"": [], ""raw_text"": ""**葛根加半夏湯方**\n\n葛根<l>四兩</l>　麻黃<l>三兩，去節</l>　甘草<l>二兩，炙</l>　芍藥<l>二兩</l>　桂枝<l>二兩，去皮</l>　生薑<l>二兩，切</l>　半夏<l>半升，洗</l>　大棗<l>十二枚，擘</l>\n\n右八味，以水一斗，先煮葛根、麻黃，減二升，去白沫，內諸藥，煮取三升，去滓，溫服一升。覆取微似汗。""}]","[""嘔""]","[""不下利""]",[],"[""太陽與陽明合病""]",[],[],[],[],[],"[""半夏"", ""大棗"", ""桂枝"", ""甘草"", ""生薑"", ""芍藥"", ""葛根"", ""麻黃""]",[],[],"[""但"", ""主之""]",13db629cc5cd6fa798eb19cab1e1aacc2f3caf608fc136dc7db0d0fa641a6a72,pending,,text_match_multi
SHL_SONGBEN_0034,SHSRC0033,傷寒論（宋本）,songben,34.0,辨太陽病脈證並治中,太陽病,original_clause,A,太陽病，桂枝證，醫反下之，利遂不止。脈促者，表未解也。喘而汗出者，葛根黃芩黃連湯主之。,太陽病，桂枝證，醫反下之，利遂不止。脈促者，表未解也。喘而汗出者，葛根黃芩黃連湯主之。,True,"[""葛根黃芩黃連湯""]","[{""formula_name"": ""葛根黃芩黃連湯"", ""composition"": [{""herb"": ""葛根"", ""dose_processing"": ""半斤""}, {""herb"": ""甘草"", ""dose_processing"": ""二兩，炙""}, {""herb"": ""黃芩"", ""dose_processing"": ""三兩""}, {""herb"": ""黃連"", ""dose_processing"": ""三兩""}], ""preparation"": ""右四味，以水八升，先煮葛根，減二升，內諸藥，煮取二升，去滓，"", ""administration"": ""分溫再服。"", ""post_notes"": [], ""raw_text"": ""**葛根黃芩黃連湯方**\n\n葛根<l>半斤</l>　甘草<l>二兩，炙</l>　黃芩<l>三兩</l>　黃連<l>三兩</l>\n\n右四味，以水八升，先煮葛根，減二升，內諸藥，煮取二升，去滓，分溫再服。""}]","[""喘而汗出""]",[],"[""促""]","[""太陽病""]","[""下之""]",[],"[""醫反下之""]","[""利遂不止""]","[""解""]","[""甘草"", ""葛根"", ""黃芩"", ""黃連""]",[],[],"[""反"", ""主之""]",00d3b2ea9151068d6f25a3cf51f3968f056099ac629cba1b3c01b5664f8986b2,pending,,text_match_multi
SHL_SONGBEN_0035,SHSRC0033,傷寒論（宋本）,songben,35.0,辨太陽病脈證並治中,太陽病,original_clause,A,太陽病，頭痛，發熱，身疼，腰痛，骨節疼痛，惡風，無汗而喘者，麻黃湯主之。,太陽病，頭痛，發熱，身疼，腰痛，骨節疼痛，惡風，無汗而喘者，麻黃湯主之。,True,"[""麻黃湯""]","[{""formula_name"": ""麻黃湯"", ""composition"": [{""herb"": ""麻黃"", ""dose_processing"": ""三兩，去節""}, {""herb"": ""桂枝"", ""dose_processing"": ""二兩，去皮""}, {""herb"": ""甘草"", ""dose_processing"": ""一兩，炙""}, {""herb"": ""杏仁"", ""dose_processing"": ""七十個，去皮尖""}], ""preparation"": ""右四味，以水九升，先煮麻黃，減二升，去上沫，內諸藥，煮取二升半，去滓，"", ""administration"": ""溫服八合。覆取微似汗，不須啜粥。餘如桂枝法將息。"", ""post_notes"": [], ""raw_text"": ""**麻黃湯方**\n\n麻黃<l>三兩，去節</l>　桂枝<l>二兩，去皮</l>　甘草<l>一兩，炙</l>　杏仁<l>七十個，去皮尖</l>\n\n右四味，以水九升，先煮麻黃，減二升，去上沫，內諸藥，煮取二升半，去滓，溫服八合。覆取微似汗，不須啜粥。餘如桂枝法將息。""}]","[""頭痛"", ""發熱"", ""身疼"", ""腰痛"", ""骨節疼痛"", ""惡風"", ""無汗而喘""]",[],[],"[""太陽病""]",[],[],[],[],[],"[""杏仁"", ""桂枝"", ""甘草"", ""麻黃""]",[],[],"[""主之""]",22224df991c36ec39d2795e65bd18ba3bb210db6bed984fb9e90bd393b38faf9,pending,,text_match_multi
SHL_SONGBEN_0036,SHSRC0033,傷寒論（宋本）,songben,36.0,辨太陽病脈證並治中,太陽病,original_clause,A,太陽與陽明合病，喘而胸滿者，不可下，宜麻黃湯。,太陽與陽明合病，喘而胸滿者，不可下，宜麻黃湯。,True,"[""麻黃湯""]",[],"[""喘"", ""胸滿""]",[],[],"[""太陽與陽明合病""]","[""可下""]","[""不可下""]",[],[],[],[],[],[],"[""不可"", ""宜""]",a29ee3ff7a86eb86d355737ac5c5e38c9111e3edea5cdfeb14453be28029a49b,pending,,text_match_multi
SHL_SONGBEN_0037,SHSRC0033,傷寒論（宋本）,songben,37.0,辨太陽病脈證並治中,太陽病,original_clause,A,太陽病，十日已去，脈浮細而嗜臥者，外已解也。設胸滿脇痛者，與小柴胡湯；脈但浮者，與麻黃湯。,太陽病，十日已去，脈浮細而嗜臥者，外已解也。設胸滿脇痛者，與小柴胡湯；脈但浮者，與麻黃湯。,True,"[""小柴胡湯"", ""麻黃湯""]",[],"[""嗜臥"", ""胸滿"", ""脅痛""]",[],"[""浮"", ""浮細""]","[""太陽病""]",[],[],[],[],"[""解""]",[],"[""十日""]",[],"[""但""]",78598722208db69cbe2f92d1496b95a8ef87403e7ed41bb9131be754c28e3ad0,pending,,text_match_multi
SHL_SONGBEN_0038,SHSRC0033,傷寒論（宋本）,songben,38.0,辨太陽病脈證並治中,太陽病,original_clause,A,太陽中風，脈浮緊，發熱惡寒，身疼痛，不汗出而煩躁者，大青龍湯主之。若脈微弱，汗出惡風者，不可服之，服之則厥逆，筋惕肉瞤，此為逆也。,太陽中風，脈浮緊，發熱惡寒，身疼痛，不汗出而煩躁者，大青龍湯主之。若脈微弱，汗出惡風者，不可服之，服之則厥逆，筋惕肉瞤，此為逆也。,True,"[""大青龍湯""]","[{""formula_name"": ""大青龍湯"", ""composition"": [{""herb"": ""麻黃"", ""dose_processing"": ""六兩，去節""}, {""herb"": ""桂枝"", ""dose_processing"": ""二兩，去皮""}, {""herb"": ""甘草"", ""dose_processing"": ""二兩，炙""}, {""herb"": ""杏仁"", ""dose_processing"": ""四十枚，去皮尖""}, {""herb"": ""生薑"", ""dose_processing"": ""三兩，切""}, {""herb"": ""大棗"", ""dose_processing"": ""十枚，擘""}, {""herb"": ""石膏"", ""dose_processing"": ""如雞子大，碎""}], ""preparation"": ""右七味，以水九升，先煮麻黃，減二升，去上沫，內諸藥，煮取三升，去滓，"", ""administration"": ""溫服一升，取微似汗。汗出多者，溫粉撲之。一服汗者，停後服。若復服，汗多亡陽，遂虛，惡風、煩躁、不得眠也。"", ""post_notes"": [], ""raw_text"": ""**大青龍湯方**\n\n麻黃<l>六兩，去節</l>　桂枝<l>二兩，去皮</l>　甘草<l>二兩，炙</l>　杏仁<l>四十枚，去皮尖</l>　生薑<l>三兩，切</l>　大棗<l>十枚，擘</l>　石膏<l>如雞子大，碎</l>\n\n右七味，以水九升，先煮麻黃，減二升，去上沫，內諸藥，煮取三升，去滓，溫服一升，取微似汗。汗出多者，溫粉撲之。一服汗者，停後服。若復服，汗多亡陽，遂虛，惡風、煩躁、不得眠也。""}]","[""發熱"", ""惡寒"", ""身疼痛"", ""煩躁"", ""汗出"", ""惡風"", ""厥逆"", ""筋惕肉瞤""]","[""不汗出""]","[""浮緊"", ""微弱""]","[""太陽中風""]",[],"[""不可服""]",[],"[""筋惕肉瞤"", ""厥逆"", ""煩躁"", ""厥""]",[],"[""大棗"", ""杏仁"", ""桂枝"", ""甘草"", ""生薑"", ""石膏"", ""麻黃""]",[],[],"[""不可"", ""若"", ""主之""]",737520914c4967feb47cb8a845abec1ef4c7926ddccd47a451a8b5e02ce8581e,pending,,text_match_multi
SHL_SONGBEN_0039,SHSRC0033,傷寒論（宋本）,songben,39.0,辨太陽病脈證並治中,太陽病,original_clause,A,傷寒脈浮緩，身不疼，但重，乍有輕時，無少陰證者，大青龍湯發之。,傷寒脈浮緩，身不疼，但重，乍有輕時，無少陰證者，大青龍湯發之。,True,"[""大青龍湯""]",[],[],[],"[""浮緩""]","[""傷寒""]",[],[],[],[],[],[],[],[],"[""但""]",508c6dd4da41af70da404e9bd44cf4e7474e35efa8981556d4135daa1e77daf7,pending,,text_match_multi
SHL_SONGBEN_0040,SHSRC0033,傷寒論（宋本）,songben,40.0,辨太陽病脈證並治中,太陽病,original_clause,A,傷寒表不解，心下有水氣，乾嘔，發熱而欬，或渴，或利，或噎，或小便不利，少腹滿，或喘者，小青龍湯主之。,傷寒表不解，心下有水氣，乾嘔，發熱而欬，或渴，或利，或噎，或小便不利，少腹滿，或喘者，小青龍湯主之。,True,"[""小青龍湯""]","[{""formula_name"": ""小青龍湯"", ""composition"": [{""herb"": ""麻黃"", ""dose_processing"": ""去節""}, {""herb"": ""芍藥"", ""dose_processing"": """"}, {""herb"": ""細辛"", ""dose_processing"": """"}, {""herb"": ""乾薑"", ""dose_processing"": """"}, {""herb"": ""甘草"", ""dose_processing"": ""炙""}, {""herb"": ""桂枝"", ""dose_processing"": ""去皮，各三兩""}, {""herb"": ""五味子"", ""dose_processing"": ""半升""}, {""herb"": ""半夏"", ""dose_processing"": ""半升，洗""}], ""preparation"": ""右八味，以水一斗，先煮麻黃，減二升，去上沫，內諸藥，煮取三升，去滓，"", ""administration"": ""溫服一升。若渴，去半夏，加栝樓根三兩。若微利，去麻黃，加蕘花，如一雞子，熬令赤色。若噎者，去麻黃，加附子一枚，炮。若小便不利，少腹滿者，去麻黃，加茯苓四兩。若喘，去麻黃，加杏仁半升，去皮尖。且蕘花不治利，麻黃主喘，今此語反之，疑非仲景意。"", ""post_notes"": [], ""raw_text"": ""**小青龍湯方**\n\n麻黃<l>去節</l>　芍藥　細辛　乾薑　甘草<l>炙</l>　桂枝<l>去皮，各三兩</l>　五味子<l>半升</l>　半夏<l>半升，洗</l>\n\n右八味，以水一斗，先煮麻黃，減二升，去上沫，內諸藥，煮取三升，去滓，溫服一升。\n\n若渴，去半夏，加栝樓根三兩。若微利，去麻黃，加蕘花，如一雞子，熬令赤色。若噎者，去麻黃，加附子一枚，炮。若小便不利，少腹滿者，去麻黃，加茯苓四兩。若喘，去麻黃，加杏仁半升，去皮尖。且蕘花不治利，麻黃主喘，今此語反之，疑非仲景意。""}]","[""乾嘔"", ""發熱"", ""咳"", ""渴"", ""小便不利"", ""少腹滿"", ""喘""]",[],[],"[""傷寒""]",[],[],[],[],"[""解""]","[""乾薑"", ""五味子"", ""半夏"", ""桂枝"", ""甘草"", ""細辛"", ""芍藥"", ""麻黃""]",[],[],"[""或"", ""主之""]",14f0217c608fcfd2c57af2de433415f6228430b0604c28d33c2a1305d9f40ed7,pending,,text_match_multi
SHL_SONGBEN_0041,SHSRC0033,傷寒論（宋本）,songben,41.0,辨太陽病脈證並治中,太陽病,original_clause,A,傷寒心下有水氣，欬而微喘，發熱不渴。服湯已，渴者，此寒去欲解也。小青龍湯主之。,傷寒心下有水氣，欬而微喘，發熱不渴。服湯已，渴者，此寒去欲解也。小青龍湯主之。,True,"[""小青龍湯""]",[],"[""咳"", ""微喘"", ""發熱"", ""不渴"", ""渴""]",[],[],"[""傷寒""]",[],[],[],[],"[""解"", ""欲解""]",[],[],[],"[""主之""]",7267c319cea7d614846620231612c8b8084406f6f4f42ab42873782a2181d00e,pending,,text_match_multi
SHL_SONGBEN_0042,SHSRC0033,傷寒論（宋本）,songben,42.0,辨太陽病脈證並治中,太陽病,original_clause,A,太陽病，外證未解，脈浮弱者，當以汗解，宜桂枝湯。,太陽病，外證未解，脈浮弱者，當以汗解，宜桂枝湯。,True,"[""桂枝湯""]",[],[],[],"[""浮弱""]","[""太陽病""]","[""汗解""]",[],[],[],"[""解""]",[],[],[],"[""宜""]",4417fd61a98b501dfed184f294d4059090f6b025a1c1cd2bbfc21cf995a13154,pending,,text_match_multi
SHL_SONGBEN_0043,SHSRC0033,傷寒論（宋本）,songben,43.0,辨太陽病脈證並治中,太陽病,original_clause,A,太陽病，下之微喘者，表未解故也，桂枝加厚朴杏子湯主之。,太陽病，下之微喘者，表未解故也，桂枝加厚朴杏子湯主之。,True,"[""桂枝加厚朴杏子湯""]","[{""formula_name"": ""桂枝加厚朴杏子湯"", ""composition"": [{""herb"": ""桂枝"", ""dose_processing"": ""三兩，去皮""}, {""herb"": ""甘草"", ""dose_processing"": ""二兩，炙""}, {""herb"": ""生薑"", ""dose_processing"": ""三兩，切""}, {""herb"": ""芍藥"", ""dose_processing"": ""三兩""}, {""herb"": ""大棗"", ""dose_processing"": ""十二枚，擘""}, {""herb"": ""厚朴"", ""dose_processing"": ""二兩，炙，去皮""}, {""herb"": ""杏仁"", ""dose_processing"": ""五十枚，去皮尖""}], ""preparation"": ""右七味，以水七升，微火煮取三升，去滓。"", ""administration"": ""溫服一升，覆取微似汗。"", ""post_notes"": [], ""raw_text"": ""**桂枝加厚朴杏子湯方**\n\n桂枝<l>三兩，去皮</l>　甘草<l>二兩，炙</l>　生薑<l>三兩，切</l>　芍藥<l>三兩</l>　大棗<l>十二枚，擘</l>　厚朴<l>二兩，炙，去皮</l>　杏仁<l>五十枚，去皮尖</l>\n\n右七味，以水七升，微火煮取三升，去滓。溫服一升，覆取微似汗。""}]","[""微喘""]",[],[],"[""太陽病""]","[""下之""]",[],"[""下之""]",[],"[""解""]","[""厚朴"", ""大棗"", ""杏仁"", ""桂枝"", ""甘草"", ""生薑"", ""芍藥""]",[],[],"[""主之""]",11248a95a07b3c0cee449fb7aeb52c8dd61bad2e605caf5b69fe634f36b0f073,pending,,text_match_multi
SHL_SONGBEN_0044,SHSRC0033,傷寒論（宋本）,songben,44.0,辨太陽病脈證並治中,太陽病,original_clause,A,太陽病，外證未解，不可下也，下之為逆。欲解外者，宜桂枝湯。,太陽病，外證未解，不可下也，下之為逆。欲解外者，宜桂枝湯。,True,"[""桂枝湯""]",[],[],[],[],"[""太陽病""]","[""下之""]","[""不可下""]","[""下之""]",[],"[""解"", ""欲解""]",[],[],[],"[""不可"", ""宜""]",138fa66a291210ebb907ed7ebdda838f81006951d9576cab29d0fbee7aedfb77,pending,,text_match_multi
SHL_SONGBEN_0045,SHSRC0033,傷寒論（宋本）,songben,45.0,辨太陽病脈證並治中,太陽病,original_clause,A,太陽病，先發汗不解，而復下之，脈浮者不愈。浮為在外，而反下之，故令不愈。今脈浮，故在外，當須解外則愈，宜桂枝湯。,太陽病，先發汗不解，而復下之，脈浮者不愈。浮為在外，而反下之，故令不愈。今脈浮，故在外，當須解外則愈，宜桂枝湯。,True,"[""桂枝湯""]",[],[],[],"[""浮""]","[""太陽病""]","[""發汗"", ""下之""]",[],"[""而反下之""]",[],"[""愈""]",[],[],[],"[""反"", ""宜""]",4392f471124b8a9a67642abfcbac27d0920911098b21b6500da3b2cb24c24378,pending,,text_match_multi
SHL_SONGBEN_0046,SHSRC0033,傷寒論（宋本）,songben,46.0,辨太陽病脈證並治中,太陽病,original_clause,A,太陽病，脈浮緊，無汗，發熱，身疼痛，八九日不解，表證仍在，此當發其汗。服藥已微除，其人發煩目瞑，劇者必衄，衄乃解。所以然者，陽氣重故也，麻黃湯主之。,太陽病，脈浮緊，無汗，發熱，身疼痛，八九日不解，表證仍在，此當發其汗。服藥已微除，其人發煩目瞑，劇者必衄，衄乃解。所以然者，陽氣重故也，麻黃湯主之。,True,"[""麻黃湯""]",[],"[""無汗"", ""發熱"", ""身疼痛"", ""目瞑"", ""衄""]",[],"[""浮緊""]","[""太陽病""]","[""發其汗""]",[],[],"[""衄""]","[""解""]",[],"[""八九日""]",[],"[""必"", ""主之""]",05e51a57d44c7ad522d26c7a841d523a17af1b671a0dae3eef8f465aeadadd43,pending,,text_match_multi
SHL_SONGBEN_0047,SHSRC0033,傷寒論（宋本）,songben,47.0,辨太陽病脈證並治中,太陽病,original_clause,A,太陽病，脈浮緊，發熱，身無汗，自衄者愈。,太陽病，脈浮緊，發熱，身無汗，自衄者愈。,False,[],[],"[""發熱"", ""無汗"", ""衄""]",[],"[""浮緊""]","[""太陽病""]",[],[],[],"[""衄""]","[""愈""]",[],[],[],[],56a1a58621563ae3d893bbccabf5424c3602044c75d39829a5dbf5507e7f0fb0,pending,,text_match_multi
SHL_SONGBEN_0048,SHSRC0033,傷寒論（宋本）,songben,48.0,辨太陽病脈證並治中,太陽病,original_clause,A,二陽併病，太陽初得病時，發其汗，汗先出不徹，因轉屬陽明，續自微汗出，不惡寒。若太陽病證不罷者，不可下，下之為逆，如此可小發汗。設面色緣緣正赤者，陽氣怫鬱在表，當解之，熏之。若發汗不徹，不足言，陽氣怫鬱不得越，當汗不汗，其人躁煩，不知痛處，乍在腹中，乍在四肢，按之不可得，其人短氣但坐，以汗出不徹故也。更發汗則愈，何以知汗出不徹？以脈濇故知也。,二陽併病，太陽初得病時，發其汗，汗先出不徹，因轉屬陽明，續自微汗出，不惡寒。若太陽病證不罷者，不可下，下之為逆，如此可小發汗。設面色緣緣正赤者，陽氣怫鬱在表，當解之，熏之。若發汗不徹，不足言，陽氣怫鬱不得越，當汗不汗，其人躁煩，不知痛處，乍在腹中，乍在四肢，按之不可得，其人短氣但坐，以汗出不徹故也。更發汗則愈，何以知汗出不徹？以脈濇故知也。,False,[],[],"[""汗出"", ""不惡寒"", ""躁煩"", ""短氣""]",[],"[""澀""]","[""二陽併病"", ""太陽病""]","[""發其汗"", ""下之""]","[""不可下""]","[""下之""]",[],"[""愈""]",[],[],[],"[""不可"", ""若"", ""但"", ""屬""]",45facb40640c8119afbdb85c6665797c6ebd956fae9b03284301d6fd0c564ed0,pending,,text_match_multi
SHL_SONGBEN_0049,SHSRC0033,傷寒論（宋本）,songben,49.0,辨太陽病脈證並治中,太陽病,original_clause,A,脈浮數者，法當汗出而愈。若下之，身重心悸者，不可發汗，當自汗出乃解。所以然者，尺中脈微，此裏虛。須表裏實，津液自和，便自汗出愈。,脈浮數者，法當汗出而愈。若下之，身重心悸者，不可發汗，當自汗出乃解。所以然者，尺中脈微，此裏虛。須表裏實，津液自和，便自汗出愈。,False,[],[],"[""汗出"", ""身重"", ""自汗出""]",[],"[""浮數"", ""微""]",[],"[""可發汗"", ""下之""]","[""不可發汗""]","[""若下之""]",[],"[""愈""]",[],[],[],"[""不可"", ""若""]",48a78d91f97e9b5a50edd8cc80b35e4934af360307c6495b78fe37c6e014b2e2,pending,,text_match_multi
SHL_SONGBEN_0050,SHSRC0033,傷寒論（宋本）,songben,50.0,辨太陽病脈證並治中,太陽病,original_clause,A,脈浮緊者，法當身疼痛，宜以汗解之，假令尺中遲者，不可發汗，何以知然？以榮氣不足，血少故也。,脈浮緊者，法當身疼痛，宜以汗解之，假令尺中遲者，不可發汗，何以知然？以榮氣不足，血少故也。,False,[],[],"[""身疼痛""]",[],"[""浮緊"", ""尺中遲""]",[],"[""可發汗""]","[""不可發汗""]",[],[],"[""解""]",[],[],[],"[""不可"", ""宜""]",345281f7bdbc50501d6bc7e0b67307558127052135b05169227c60aa24fbc825,pending,,text_match_multi
SHL_SONGBEN_0051,SHSRC0033,傷寒論（宋本）,songben,51.0,辨太陽病脈證並治中,太陽病,original_clause,A,脈浮者，病在表，可發汗，宜麻黃湯。,脈浮者，病在表，可發汗，宜麻黃湯。,True,"[""麻黃湯""]",[],[],[],"[""浮""]",[],"[""可發汗""]",[],[],[],[],[],[],[],"[""宜""]",24602ecee78de44b1f0a93f2e0bc9a731d44e6d5f2ba1209d5027c3147a6384a,pending,,text_match_multi
SHL_SONGBEN_0052,SHSRC0033,傷寒論（宋本）,songben,52.0,辨太陽病脈證並治中,太陽病,original_clause,A,脈浮而數者，可發汗，宜麻黃湯。,脈浮而數者，可發汗，宜麻黃湯。,True,"[""麻黃湯""]",[],[],[],"[""浮而數"", ""浮數""]",[],"[""可發汗""]",[],[],[],[],[],[],[],"[""宜""]",095fee45a1e409e5d96319a625c6797d581984571f5142e0da0cd80745cf1f0f,pending,,text_match_multi
SHL_SONGBEN_0053,SHSRC0033,傷寒論（宋本）,songben,53.0,辨太陽病脈證並治中,太陽病,original_clause,A,病常自汗出者，此為榮氣和，榮氣和者，外不諧，以衛氣不共榮氣諧和故爾。以榮行脈中，衛行脈外，復發其汗，榮衛和則愈，宜桂枝湯。,病常自汗出者，此為榮氣和，榮氣和者，外不諧，以衛氣不共榮氣諧和故爾。以榮行脈中，衛行脈外，復發其汗，榮衛和則愈，宜桂枝湯。,True,"[""桂枝湯""]",[],"[""自汗出""]",[],[],[],"[""發其汗""]",[],[],[],"[""愈""]",[],[],[],"[""宜""]",e598d48ab7d58dc9d0d98a6e575c2019377c18c8d08127dbe60be40c795164eb,pending,,text_match_multi
SHL_SONGBEN_0054,SHSRC0033,傷寒論（宋本）,songben,54.0,辨太陽病脈證並治中,太陽病,original_clause,A,病人藏無他病，時發熱、自汗出而不愈者，此衛氣不和也。先其時發汗則愈，宜桂枝湯。,病人藏無他病，時發熱、自汗出而不愈者，此衛氣不和也。先其時發汗則愈，宜桂枝湯。,True,"[""桂枝湯""]",[],"[""發熱"", ""自汗出""]",[],[],[],"[""發汗""]",[],[],[],"[""愈""]",[],[],[],"[""宜""]",5ec823ac7a8f584623d00a1baefd2a635d8ce529a2c8f6b1f0938549eda9be9a,pending,,text_match_multi
SHL_SONGBEN_0055,SHSRC0033,傷寒論（宋本）,songben,55.0,辨太陽病脈證並治中,太陽病,original_clause,A,傷寒脈浮緊，不發汗，因致衄者，麻黃湯主之。,傷寒脈浮緊，不發汗，因致衄者，麻黃湯主之。,True,"[""麻黃湯""]",[],"[""衄""]",[],"[""浮緊""]","[""傷寒""]","[""發汗""]",[],[],"[""衄""]",[],[],[],[],"[""主之""]",533cf1bfb6e43d71b66a39784662cf31dcb919274d865499da7da99fc3bf03d6,pending,,text_match_multi
SHL_SONGBEN_0056,SHSRC0033,傷寒論（宋本）,songben,56.0,辨太陽病脈證並治中,太陽病,original_clause,A,傷寒不大便六七日，頭痛有熱者，與承氣湯；其小便清者，知不在裏，仍在表也，當須發汗，若頭痛者，必衄，宜桂枝湯。,傷寒不大便六七日，頭痛有熱者，與承氣湯；其小便清者，知不在裏，仍在表也，當須發汗，若頭痛者，必衄，宜桂枝湯。,True,"[""桂枝湯""]",[],"[""不大便"", ""頭痛"", ""衄""]",[],[],"[""傷寒""]","[""發汗""]",[],[],"[""衄""]",[],[],"[""六七日""]",[],"[""若"", ""必"", ""宜""]",b024922b194fd4ea38cb85abb9e2d5c31426dab12d4551317856a305c0d13b91,pending,,text_match_multi
SHL_SONGBEN_0057,SHSRC0033,傷寒論（宋本）,songben,57.0,辨太陽病脈證並治中,太陽病,original_clause,A,傷寒發汗已解，半日許復煩，脈浮數者，可更發汗，宜桂枝湯。,傷寒發汗已解，半日許復煩，脈浮數者，可更發汗，宜桂枝湯。,True,"[""桂枝湯""]",[],[],[],"[""浮數""]","[""傷寒""]","[""發汗""]",[],[],[],"[""解""]",[],[],[],"[""宜""]",d5112e31e5472796dd044882cd37555d98fa54566a6253f141cf437f6be73bbe,pending,,text_match_multi
SHL_SONGBEN_0058,SHSRC0033,傷寒論（宋本）,songben,58.0,辨太陽病脈證並治中,太陽病,original_clause,A,凡病，若發汗，若吐，若下，若亡血，亡津液，陰陽自和者，必自愈。,凡病，若發汗，若吐，若下，若亡血，亡津液，陰陽自和者，必自愈。,False,[],[],[],[],[],[],"[""發汗""]",[],"[""若吐""]",[],"[""必自愈"", ""愈""]",[],[],[],"[""若"", ""必""]",cf45a9177553635da14b6c8a30548c4bfac5b7bace340476a3b071f02f7836f1,pending,,text_match_multi
SHL_SONGBEN_0059,SHSRC0033,傷寒論（宋本）,songben,59.0,辨太陽病脈證並治中,太陽病,original_clause,A,大下之後，復發汗，小便不利者，亡津液故也。勿治之，得小便利，必自愈。,大下之後，復發汗，小便不利者，亡津液故也。勿治之，得小便利，必自愈。,False,[],[],"[""小便不利"", ""小便利""]",[],[],[],"[""發汗"", ""下之""]",[],"[""大下之後"", ""復發汗""]",[],"[""必自愈"", ""愈""]",[],[],[],"[""勿"", ""必""]",67ea8fbe4ab2d819c24d9a853c2e2047a88b545187804801c0c4ab9235c9c0b7,pending,,text_match_multi
SHL_SONGBEN_0060,SHSRC0033,傷寒論（宋本）,songben,60.0,辨太陽病脈證並治中,太陽病,original_clause,A,下之後，復發汗，必振寒，脈微細。所以然者，以內外俱虛故也。,下之後，復發汗，必振寒，脈微細。所以然者，以內外俱虛故也。,False,[],[],"[""振寒""]",[],"[""微細""]",[],"[""發汗"", ""下之""]",[],"[""下之後"", ""復發汗""]",[],[],[],[],[],"[""必""]",2eb5fb177178654617485aaae7399c103d6779ce97abc59f99740d2b77647c1b,pending,,text_match_multi
SHL_SONGBEN_0061,SHSRC0033,傷寒論（宋本）,songben,61.0,辨太陽病脈證並治中,太陽病,original_clause,A,下之後，復發汗，晝日煩躁不得眠，夜而安靜，不嘔不渴，無表證，脈沉微，身無大熱者，乾薑附子湯主之。,下之後，復發汗，晝日煩躁不得眠，夜而安靜，不嘔不渴，無表證，脈沉微，身無大熱者，乾薑附子湯主之。,True,"[""乾薑附子湯""]","[{""formula_name"": ""乾薑附子湯"", ""composition"": [{""herb"": ""乾薑"", ""dose_processing"": ""一兩""}, {""herb"": ""附子"", ""dose_processing"": ""一枚，生用，去皮，切八片""}], ""preparation"": ""右二味，以水三升，煮取一升，去滓，"", ""administration"": ""頓服。"", ""post_notes"": [], ""raw_text"": ""**乾薑附子湯方**\n\n乾薑<l>一兩</l>　附子<l>一枚，生用，去皮，切八片</l>\n\n右二味，以水三升，煮取一升，去滓，頓服。""}]","[""晝日煩躁不得眠"", ""夜而安靜"", ""不渴"", ""無大熱""]","[""不嘔""]","[""沉微""]",[],"[""發汗"", ""下之""]",[],"[""下之後"", ""復發汗""]","[""煩躁""]",[],"[""乾薑"", ""附子""]",[],[],"[""主之""]",978f9d13b81f73a235742267aa3b4046463b1953f4edcae425a67762faac0282,pending,,text_match_multi
SHL_SONGBEN_0062,SHSRC0033,傷寒論（宋本）,songben,62.0,辨太陽病脈證並治中,太陽病,original_clause,A,發汗後，身疼痛，脈沉遲者，桂枝加芍藥生薑各一兩，人參三兩新加湯主之。,發汗後，身疼痛，脈沉遲者，桂枝加芍藥生薑各一兩，人參三兩新加湯主之。,True,"[""桂枝加芍藥生薑各一兩人參三兩新加湯""]","[{""formula_name"": ""桂枝加芍藥生薑各一兩人參三兩新加湯"", ""composition"": [{""herb"": ""桂枝"", ""dose_processing"": ""三兩，去皮""}, {""herb"": ""芍藥"", ""dose_processing"": ""四兩""}, {""herb"": ""甘草"", ""dose_processing"": ""二兩，炙""}, {""herb"": ""人參"", ""dose_processing"": ""三兩""}, {""herb"": ""大棗"", ""dose_processing"": ""十二枚，擘""}, {""herb"": ""生薑"", ""dose_processing"": ""四兩""}], ""preparation"": ""右六味，以水一斗二升，煮取三升，去滓，"", ""administration"": ""溫服一升。本云：桂枝湯，今加芍藥、生薑、人參。"", ""post_notes"": [], ""raw_text"": ""**桂枝加芍藥生薑各一兩人參三兩新加湯方**\n\n桂枝<l>三兩，去皮</l>　芍藥<l>四兩</l>　甘草<l>二兩，炙</l>　人參<l>三兩</l>　大棗<l>十二枚，擘</l>　生薑<l>四兩</l>\n\n右六味，以水一斗二升，煮取三升，去滓，溫服一升。本云：桂枝湯，今加芍藥、生薑、人參。""}]","[""身疼痛""]",[],"[""沉遲""]",[],"[""發汗""]",[],"[""發汗後""]",[],[],"[""人參"", ""大棗"", ""桂枝"", ""甘草"", ""生薑"", ""芍藥""]",[],[],"[""主之""]",349800184e5716057a1f83874e4579d66149edbab1d2bfc146216559f1c3e4f6,pending,,text_match_multi
SHL_SONGBEN_0063,SHSRC0033,傷寒論（宋本）,songben,63.0,辨太陽病脈證並治中,太陽病,original_clause,A,發汗後，不可更行桂枝湯，汗出而喘，無大熱者，可與麻黃杏仁甘草石膏湯。,發汗後，不可更行桂枝湯，汗出而喘，無大熱者，可與麻黃杏仁甘草石膏湯。,True,"[""麻黃杏仁甘草石膏湯"", ""桂枝湯""]","[{""formula_name"": ""麻黃杏仁甘草石膏湯"", ""composition"": [{""herb"": ""麻黃"", ""dose_processing"": ""四兩，去節""}, {""herb"": ""杏仁"", ""dose_processing"": ""五十個，去皮尖""}, {""herb"": ""甘草"", ""dose_processing"": ""二兩，炙""}, {""herb"": ""石膏"", ""dose_processing"": ""半斤，碎、綿裹""}], ""preparation"": ""右四味，以水七升，煮麻黃，減二升，去上沫，內諸藥，煮取二升，去滓，"", ""administration"": ""溫服一升。"", ""post_notes"": [], ""raw_text"": ""**麻黃杏仁甘草石膏湯方**\n\n麻黃<l>四兩，去節</l>　杏仁<l>五十個，去皮尖</l>　甘草<l>二兩，炙</l>　石膏<l>半斤，碎、綿裹</l>\n\n右四味，以水七升，煮麻黃，減二升，去上沫，內諸藥，煮取二升，去滓，溫服一升。""}]","[""汗出"", ""喘"", ""無大熱""]",[],[],[],"[""發汗""]","[""不可更行""]","[""發汗後""]",[],[],"[""杏仁"", ""甘草"", ""石膏"", ""麻黃""]",[],[],"[""不可"", ""可與""]",af09551203bde56b0feff0ba2ce3be0af4c1594f0adb85a90e90da536a92306c,pending,,text_match_multi
SHL_SONGBEN_0064,SHSRC0033,傷寒論（宋本）,songben,64.0,辨太陽病脈證並治中,太陽病,original_clause,A,發汗過多，其人叉手自冒心，心下悸，欲得按者，桂枝甘草湯主之。,發汗過多，其人叉手自冒心，心下悸，欲得按者，桂枝甘草湯主之。,True,"[""桂技甘草湯"", ""桂枝甘草湯""]","[{""formula_name"": ""桂技甘草湯"", ""composition"": [{""herb"": ""桂枝"", ""dose_processing"": ""四兩，去皮""}, {""herb"": ""甘草"", ""dose_processing"": ""二兩，炙""}], ""preparation"": ""右二味，以水三升，煮取一升，去滓，"", ""administration"": ""頓服。"", ""post_notes"": [], ""raw_text"": ""**桂技甘草湯方**\n\n桂枝<l>四兩，去皮</l>　甘草<l>二兩，炙</l>\n\n右二味，以水三升，煮取一升，去滓，頓服。""}]","[""心下悸""]",[],[],[],"[""發汗""]",[],"[""發汗過多""]",[],[],"[""桂枝"", ""甘草""]",[],[],"[""主之""]",a5d0686f8908d8fe03de486ad388f114af63c9b54b3275898cb46f0fdc6fed36,pending,,text_match_multi
SHL_SONGBEN_0065,SHSRC0033,傷寒論（宋本）,songben,65.0,辨太陽病脈證並治中,太陽病,original_clause,A,發汗後，其人臍下悸者，欲作奔豚，茯苓桂枝甘草大棗湯主之。,發汗後，其人臍下悸者，欲作奔豚，茯苓桂枝甘草大棗湯主之。,True,"[""茯苓桂枝甘草大棗湯""]","[{""formula_name"": ""茯苓桂枝甘草大棗湯"", ""composition"": [{""herb"": ""茯苓"", ""dose_processing"": ""半斤""}, {""herb"": ""桂枝"", ""dose_processing"": ""四兩，去皮""}, {""herb"": ""甘草"", ""dose_processing"": ""二兩，炙""}, {""herb"": ""大棗"", ""dose_processing"": ""十五枚，擘""}], ""preparation"": ""右四味，以甘瀾水一斗，先煮茯苓，減二升，內諸藥，煮取三升，去滓，"", ""administration"": ""溫服一升，日三服。作甘瀾水法：取水二斗，置大盆內，以杓揚之，水上有珠子五六千顆相逐，取用之。"", ""post_notes"": [], ""raw_text"": ""**茯苓桂枝甘草大棗湯方**\n\n茯苓<l>半斤</l>　桂枝<l>四兩，去皮</l>　甘草<l>二兩，炙</l>　大棗<l>十五枚，擘</l>\n\n右四味，以甘瀾水一斗，先煮茯苓，減二升，內諸藥，煮取三升，去滓，溫服一升，日三服。作甘瀾水法：取水二斗，置大盆內，以杓揚之，水上有珠子五六千顆相逐，取用之。""}]","[""臍下悸""]",[],[],"[""奔豚""]","[""發汗""]",[],"[""發汗後""]","[""奔豚""]",[],"[""大棗"", ""桂枝"", ""甘草"", ""茯苓""]",[],[],"[""主之""]",1ce86e29e30b08c092e521bd49ce33bc01321929b53da88636a0c5ec76396b70,pending,,text_match_multi
SHL_SONGBEN_0066,SHSRC0033,傷寒論（宋本）,songben,66.0,辨太陽病脈證並治中,太陽病,original_clause,A,發汗後，腹脹滿者，厚朴生薑半夏甘草人參湯主之。,發汗後，腹脹滿者，厚朴生薑半夏甘草人參湯主之。,True,"[""厚朴生薑半夏甘草人參湯""]","[{""formula_name"": ""厚朴生薑半夏甘草人參湯"", ""composition"": [{""herb"": ""厚朴"", ""dose_processing"": ""半斤，炙，去皮""}, {""herb"": ""生薑"", ""dose_processing"": ""半斤，切""}, {""herb"": ""半夏"", ""dose_processing"": ""半升，洗""}, {""herb"": ""甘草"", ""dose_processing"": ""二兩，炙""}, {""herb"": ""人參"", ""dose_processing"": ""一兩""}], ""preparation"": ""右五味，以水一斗，煮取三升，去滓，"", ""administration"": ""溫服一升，日三服。"", ""post_notes"": [], ""raw_text"": ""**厚朴生薑半夏甘草人參湯方**\n\n厚朴<l>半斤，炙，去皮</l>　生薑<l>半斤，切</l>　半夏<l>半升，洗</l>　甘草<l>二兩，炙</l>　人參<l>一兩</l>\n\n右五味，以水一斗，煮取三升，去滓，溫服一升，日三服。""}]","[""腹脹滿""]",[],[],[],"[""發汗""]",[],"[""發汗後""]",[],[],"[""人參"", ""半夏"", ""厚朴"", ""甘草"", ""生薑""]",[],[],"[""主之""]",bbaf557b33291063305ffe6bfcfbb48633941ed34808d6ffbcb2cb935b16df9c,pending,,text_match_multi
SHL_SONGBEN_0067,SHSRC0033,傷寒論（宋本）,songben,67.0,辨太陽病脈證並治中,太陽病,original_clause,A,傷寒，若吐若下後，心下逆滿，氣上衝胸，起則頭眩，脈沉緊，發汗則動經，身為振振搖者，茯苓桂枝白朮甘草湯主之。,傷寒，若吐若下後，心下逆滿，氣上衝胸，起則頭眩，脈沉緊，發汗則動經，身為振振搖者，茯苓桂枝白朮甘草湯主之。,True,"[""茯苓桂枝白朮甘草湯""]","[{""formula_name"": ""茯苓桂枝白朮甘草湯"", ""composition"": [{""herb"": ""茯苓"", ""dose_processing"": ""四兩""}, {""herb"": ""桂枝"", ""dose_processing"": ""三兩，去皮""}, {""herb"": ""白朮"", ""dose_processing"": """"}, {""herb"": ""甘草"", ""dose_processing"": ""炙，各二兩""}], ""preparation"": ""右四味，以水六升，煮取三升，去滓，"", ""administration"": ""分溫三服。"", ""post_notes"": [], ""raw_text"": ""**茯苓桂枝白朮甘草湯方**\n\n茯苓<l>四兩</l>　桂枝<l>三兩，去皮</l>　白朮　甘草<l>炙，各二兩</l>\n\n右四味，以水六升，煮取三升，去滓，分溫三服。""}]","[""心下逆滿"", ""氣上衝"", ""起則頭眩""]",[],"[""沉緊""]","[""傷寒""]","[""發汗""]",[],"[""下後"", ""若吐""]",[],[],"[""桂枝"", ""甘草"", ""白朮"", ""茯苓""]",[],[],"[""若"", ""主之""]",017d425a5b76671eb090f76824c6275ef69711928f2bfe08fcbaaad3ebfb98af,pending,,text_match_multi
SHL_SONGBEN_0068,SHSRC0033,傷寒論（宋本）,songben,68.0,辨太陽病脈證並治中,太陽病,original_clause,A,發汗，病不解，反惡寒者，虛故也，芍藥甘草附子湯主之。,發汗，病不解，反惡寒者，虛故也，芍藥甘草附子湯主之。,True,"[""芍藥甘草附子湯""]","[{""formula_name"": ""芍藥甘草附子湯"", ""composition"": [{""herb"": ""芍藥"", ""dose_processing"": """"}, {""herb"": ""甘草"", ""dose_processing"": ""各三兩，炙""}, {""herb"": ""附子"", ""dose_processing"": ""一枚，炮，去皮，破八片""}], ""preparation"": ""右三味，以水五升，煮取一升五合，去滓，"", ""administration"": ""分溫三服。"", ""post_notes"": [], ""raw_text"": ""**芍藥甘草附子湯方**\n\n芍藥　甘草<l>各三兩，炙</l>　附子<l>一枚，炮，去皮，破八片</l>\n\n右三味，以水五升，煮取一升五合，去滓，分溫三服。""}]","[""反惡寒""]",[],[],[],"[""發汗""]",[],[],[],"[""解""]","[""甘草"", ""芍藥"", ""附子""]",[],[],"[""反"", ""主之""]",e866dc5b3ac143251ec3a1dc2064661bd47ed1a50b9bf9245466e27a183d9aa8,pending,,text_match_multi
SHL_SONGBEN_0069,SHSRC0033,傷寒論（宋本）,songben,69.0,辨太陽病脈證並治中,太陽病,original_clause,A,發汗，若下之，病仍不解，煩躁者，茯苓四逆湯主之。,發汗，若下之，病仍不解，煩躁者，茯苓四逆湯主之。,True,"[""茯苓四逆湯""]","[{""formula_name"": ""茯苓四逆湯"", ""composition"": [{""herb"": ""茯苓"", ""dose_processing"": ""四兩""}, {""herb"": ""人參"", ""dose_processing"": ""一兩""}, {""herb"": ""附子"", ""dose_processing"": ""一枚，生用，去皮，破八片""}, {""herb"": ""甘草"", ""dose_processing"": ""二兩，炙""}, {""herb"": ""乾薑"", ""dose_processing"": ""一兩半""}], ""preparation"": ""右五味，以水五升，煮取三升，去滓，"", ""administration"": ""溫服七合，日二服。"", ""post_notes"": [], ""raw_text"": ""**茯苓四逆湯方**\n\n茯苓<l>四兩</l>　人參<l>一兩</l>　附子<l>一枚，生用，去皮，破八片</l>　甘草<l>二兩，炙</l>　乾薑<l>一兩半</l>\n\n右五味，以水五升，煮取三升，去滓，溫服七合，日二服。""}]","[""煩躁""]",[],[],[],"[""發汗"", ""下之""]",[],"[""若下之""]","[""煩躁""]","[""解""]","[""乾薑"", ""人參"", ""甘草"", ""茯苓"", ""附子""]",[],[],"[""若"", ""主之""]",9a872f1dda570626044200626b39899129f662fb22675213a1f0b864f5704dae,pending,,text_match_multi
SHL_SONGBEN_0070,SHSRC0033,傷寒論（宋本）,songben,70.0,辨太陽病脈證並治中,太陽病,original_clause,A,發汗後惡寒者，虛故也。不惡寒但熱者，實也。當和胃氣，與調胃承氣湯。,發汗後惡寒者，虛故也。不惡寒但熱者，實也。當和胃氣，與調胃承氣湯。,True,"[""調胃承氣湯""]",[],"[""惡寒"", ""不惡寒""]",[],[],[],"[""發汗"", ""和胃氣""]",[],"[""發汗後""]",[],[],[],[],[],"[""但""]",82493444b21ed2a7bf8ff1dd9f7db36a1181330bc6717bf3a22ed68c4fcb4138,pending,,text_match_multi
SHL_SONGBEN_0071,SHSRC0033,傷寒論（宋本）,songben,71.0,辨太陽病脈證並治中,太陽病,original_clause,A,太陽病，發汗後，大汗出，胃中乾，煩躁不得眠，欲得飲水者，少少與飲之，令胃氣和則愈。若脈浮，小便不利，微熱消渴者，五苓散主之。,太陽病，發汗後，大汗出，胃中乾，煩躁不得眠，欲得飲水者，少少與飲之，令胃氣和則愈。若脈浮，小便不利，微熱消渴者，五苓散主之。,True,"[""五苓散""]","[{""formula_name"": ""五苓散"", ""composition"": [{""herb"": ""豬苓"", ""dose_processing"": ""十八銖，去皮""}, {""herb"": ""澤瀉"", ""dose_processing"": ""一兩六銖""}, {""herb"": ""白朮"", ""dose_processing"": ""十八銖""}, {""herb"": ""茯苓"", ""dose_processing"": ""十八銖""}, {""herb"": ""桂枝"", ""dose_processing"": ""半兩，去皮""}], ""preparation"": ""右五味，搗爲散，以"", ""administration"": ""白飲和服方寸匕，日三服。多飲暖水，汗出愈。如法將息。"", ""post_notes"": [], ""raw_text"": ""**五苓散方**\n\n豬苓<l>十八銖，去皮</l>　澤瀉<l>一兩六銖</l>　白朮<l>十八銖</l>　茯苓<l>十八銖</l>　桂枝<l>半兩，去皮</l>\n\n右五味，搗爲散，以白飲和服方寸匕，日三服。多飲暖水，汗出愈。如法將息。""}]","[""大汗出"", ""煩躁不得眠"", ""小便不利"", ""微熱"", ""消渴""]",[],"[""浮""]","[""太陽病""]","[""發汗""]",[],"[""發汗後""]","[""煩躁""]","[""愈""]","[""桂枝"", ""澤瀉"", ""白朮"", ""茯苓"", ""豬苓""]",[],[],"[""若"", ""主之""]",cfe9ca42319801c1b9046629862c34307e7d1f03b61775399b0f1c442f5666c7,pending,,text_match_multi
SHL_SONGBEN_0072,SHSRC0033,傷寒論（宋本）,songben,72.0,辨太陽病脈證並治中,太陽病,original_clause,A,發汗已，脈浮數，煩渴者，五苓散主之。,發汗已，脈浮數，煩渴者，五苓散主之。,True,"[""五苓散""]",[],"[""煩渴""]",[],"[""浮數""]",[],"[""發汗""]",[],[],[],[],[],[],[],"[""主之""]",d9daef1bee08172ce050a94eaf09c35ad4a5c7ed5f73113419fe9855f203d271,pending,,text_match_multi
SHL_SONGBEN_0073,SHSRC0033,傷寒論（宋本）,songben,73.0,辨太陽病脈證並治中,太陽病,original_clause,A,傷寒汗出而渴者，五苓散主之；不渴者，茯苓甘草湯主之。,傷寒汗出而渴者，五苓散主之；不渴者，茯苓甘草湯主之。,True,"[""茯苓甘草湯"", ""五苓散""]","[{""formula_name"": ""茯苓甘草湯"", ""composition"": [{""herb"": ""茯苓"", ""dose_processing"": ""二兩""}, {""herb"": ""桂枝"", ""dose_processing"": ""二兩，去皮""}, {""herb"": ""甘草"", ""dose_processing"": ""一兩，炙""}, {""herb"": ""生薑"", ""dose_processing"": ""三兩，切""}], ""preparation"": ""右四味，以水四升，煮取二升，去滓，"", ""administration"": ""分溫三服。"", ""post_notes"": [], ""raw_text"": ""**茯苓甘草湯方**\n\n茯苓<l>二兩</l>　桂枝<l>二兩，去皮</l>　甘草<l>一兩，炙</l>　生薑<l>三兩，切</l>\n\n右四味，以水四升，煮取二升，去滓，分溫三服。""}]","[""汗出"", ""渴"", ""不渴""]",[],[],"[""傷寒""]",[],[],[],[],[],"[""桂枝"", ""甘草"", ""生薑"", ""茯苓""]",[],[],"[""主之""]",3941f74a06a7079cb0a218ebedd25efa59635f3071d7b8135869a760d5e3982b,pending,,text_match_multi
SHL_SONGBEN_0074,SHSRC0033,傷寒論（宋本）,songben,74.0,辨太陽病脈證並治中,太陽病,original_clause,A,中風發熱，六七日不解而煩，有表裏證，渴欲飲水，水入則吐者，名曰水逆，五苓散主之。,中風發熱，六七日不解而煩，有表裏證，渴欲飲水，水入則吐者，名曰水逆，五苓散主之。,True,"[""五苓散""]",[],"[""發熱"", ""渴欲飲水"", ""水入則吐""]",[],[],"[""中風""]",[],[],[],[],"[""解""]",[],"[""六七日""]",[],"[""主之""]",f208761fc7e2705dc69f5876a86ea717b9ba18ea90ae2ddca8a7e02a61acf1f8,pending,,text_match_multi
SHL_SONGBEN_0075,SHSRC0033,傷寒論（宋本）,songben,75.0,辨太陽病脈證並治中,太陽病,original_clause,A,未持脈時，病人手叉自冒心，師因教試令欬，而不欬者，此必兩耳聾無聞也。所以然者，以重發汗，虛，故如此。發汗後，飲水多，必喘；以水灌之，亦喘。,未持脈時，病人手叉自冒心，師因教試令欬，而不欬者，此必兩耳聾無聞也。所以然者，以重發汗，虛，故如此。發汗後，飲水多，必喘；以水灌之，亦喘。,False,[],[],"[""咳"", ""耳聾"", ""喘""]","[""不咳""]",[],[],"[""發汗""]",[],"[""發汗後""]",[],[],[],[],[],"[""必""]",b5d862148b63f772844045b8f700a45e7456947144846fdc6afcfbf1ffd8c66a,pending,,text_match_multi
SHL_SONGBEN_0076,SHSRC0033,傷寒論（宋本）,songben,76.0,辨太陽病脈證並治中,太陽病,original_clause,A,發汗後，水藥不得入口，爲逆；若更發汗，必吐下不止。發汗吐下後，虛煩不得眠，若劇者，必反復顛倒，心中懊憹，梔子豉湯主之。若少氣者，梔子甘草豉湯主之；若嘔者，梔子生薑豉湯主之。,發汗後，水藥不得入口，爲逆；若更發汗，必吐下不止。發汗吐下後，虛煩不得眠，若劇者，必反復顛倒，心中懊憹，梔子豉湯主之。若少氣者，梔子甘草豉湯主之；若嘔者，梔子生薑豉湯主之。,True,"[""梔子豉湯"", ""梔子甘草豉湯"", ""梔子生薑豉湯""]","[{""formula_name"": ""梔子豉湯"", ""composition"": [{""herb"": ""梔子"", ""dose_processing"": ""十四個，擘""}, {""herb"": ""香豉"", ""dose_processing"": ""四合，綿裹""}], ""preparation"": ""右二味，以水四升，先煮梔子得二升半，內豉，煮取一升半，去滓，分爲二服，溫進一服。得吐者，止後服。"", ""administration"": """", ""post_notes"": [], ""raw_text"": ""**梔子豉湯方**\n\n梔子<l>十四個，擘</l>　香豉<l>四合，綿裹</l>\n\n右二味，以水四升，先煮梔子得二升半，內豉，煮取一升半，去滓，分爲二服，溫進一服。得吐者，止後服。""}, {""formula_name"": ""梔子甘草豉湯"", ""composition"": [{""herb"": ""梔子"", ""dose_processing"": ""十四個，擘""}, {""herb"": ""甘草"", ""dose_processing"": ""二兩，炙""}, {""herb"": ""香豉"", ""dose_processing"": ""四合，綿裹""}], ""preparation"": ""右三味，以水四升，先煮梔子、甘草取二升半，內豉，煮取一升半，去滓，分二服，溫進一服。得吐者，止後服。"", ""administration"": """", ""post_notes"": [], ""raw_text"": ""**梔子甘草豉湯方**\n\n梔子<l>十四個，擘</l>　甘草<l>二兩，炙</l>　香豉<l>四合，綿裹</l>\n\n右三味，以水四升，先煮梔子、甘草取二升半，內豉，煮取一升半，去滓，分二服，溫進一服。得吐者，止後服。""}, {""formula_name"": ""梔子生薑豉湯"", ""composition"": [{""herb"": ""梔子"", ""dose_processing"": ""十四個，擘""}, {""herb"": ""生薑"", ""dose_processing"": ""五兩，切""}, {""herb"": ""香豉"", ""dose_processing"": ""四合，綿裹""}], ""preparation"": ""右三味，以水四升，先煮梔子、生薑取二升半，內豉，煮取一升半，去滓，分二服，溫進一服。得吐者，止後服。"", ""administration"": """", ""post_notes"": [], ""raw_text"": ""**梔子生薑豉湯方**\n\n梔子<l>十四個，擘</l>　生薑<l>五兩，切</l>　香豉<l>四合，綿裹</l>\n\n右三味，以水四升，先煮梔子、生薑取二升半，內豉，煮取一升半，去滓，分二服，溫進一服。得吐者，止後服。""}]","[""虛煩不得眠"", ""心中懊憹"", ""嘔""]",[],[],[],"[""發汗""]",[],"[""下後"", ""發汗後"", ""吐下後""]","[""心中懊憹"", ""懊憹"", ""虛煩""]",[],"[""梔子"", ""甘草"", ""生薑"", ""香豉""]",[],[],"[""若"", ""反"", ""必"", ""主之""]",f3ca3a54a4b4f48c58e3d17d8eb40dc020bbcdf9b4e9df23e67c3cc643655047,pending,,text_match_multi
SHL_SONGBEN_0077,SHSRC0033,傷寒論（宋本）,songben,77.0,辨太陽病脈證並治中,太陽病,original_clause,A,發汗，若下之，而煩熱，胸中窒者，梔子豉湯主之。,發汗，若下之，而煩熱，胸中窒者，梔子豉湯主之。,True,"[""梔子豉湯""]",[],"[""胸中窒""]",[],[],[],"[""發汗"", ""下之""]",[],"[""若下之""]",[],[],[],[],[],"[""若"", ""主之""]",d313275258075a8ca2515eaec6208aff0de10c288026d08466e71c5e7aba6739,pending,,text_match_multi
SHL_SONGBEN_0078,SHSRC0033,傷寒論（宋本）,songben,78.0,辨太陽病脈證並治中,太陽病,original_clause,A,傷寒五六日，大下之後，身熱不去，心中結痛者，未欲解也，梔子豉湯主之。,傷寒五六日，大下之後，身熱不去，心中結痛者，未欲解也，梔子豉湯主之。,True,"[""梔子豉湯""]",[],"[""身熱"", ""心中結痛""]",[],[],"[""傷寒""]","[""下之""]",[],"[""大下之後""]",[],"[""解"", ""欲解""]",[],"[""五六日""]",[],"[""主之""]",d71de0c783646e1bac65f65cca1bd3c39c5555006992e28bab41d5bb4c04d6de,pending,,text_match_multi
SHL_SONGBEN_0079,SHSRC0033,傷寒論（宋本）,songben,79.0,辨太陽病脈證並治中,太陽病,original_clause,A,傷寒下後，心煩腹滿，臥起不安者，梔子厚朴湯主之。,傷寒下後，心煩腹滿，臥起不安者，梔子厚朴湯主之。,True,"[""梔子厚朴湯""]","[{""formula_name"": ""梔子厚朴湯"", ""composition"": [{""herb"": ""梔子"", ""dose_processing"": ""十四個，擘""}, {""herb"": ""厚朴"", ""dose_processing"": ""四兩，炙，去皮""}, {""herb"": ""枳實"", ""dose_processing"": ""四枚，水浸，炙令黃""}], ""preparation"": ""右三味，以水三升半，煮取一升半，去滓，分二服，溫進一服。得吐者，止後服。"", ""administration"": """", ""post_notes"": [], ""raw_text"": ""**梔子厚朴湯方**\n\n梔子<l>十四個，擘</l>　厚朴<l>四兩，炙，去皮</l>　枳實<l>四枚，水浸，炙令黃</l>\n\n右三味，以水三升半，煮取一升半，去滓，分二服，溫進一服。得吐者，止後服。""}]","[""心煩"", ""腹滿"", ""臥起不安""]",[],[],"[""傷寒""]",[],[],"[""下後""]",[],[],"[""厚朴"", ""枳實"", ""梔子""]",[],[],"[""主之""]",c6ff12999d52f84bb2801f6c9841d2a013e93f5b1a0e2e54ac72a06f57340fbf,pending,,text_match_multi
SHL_SONGBEN_0080,SHSRC0033,傷寒論（宋本）,songben,80.0,辨太陽病脈證並治中,太陽病,original_clause,A,傷寒，醫以丸藥大下之，身熱不去，微煩者，梔子乾薑湯主之。,傷寒，醫以丸藥大下之，身熱不去，微煩者，梔子乾薑湯主之。,True,"[""梔子乾薑湯""]","[{""formula_name"": ""梔子乾薑湯"", ""composition"": [{""herb"": ""梔子"", ""dose_processing"": ""十四個，擘""}, {""herb"": ""乾薑"", ""dose_processing"": ""二兩""}], ""preparation"": ""右二味，以水三升半，煮取一升半，去滓，分二服，溫進一服。得吐者，止後服。"", ""administration"": """", ""post_notes"": [], ""raw_text"": ""**梔子乾薑湯方**\n\n梔子<l>十四個，擘</l>　乾薑<l>二兩</l>\n\n右二味，以水三升半，煮取一升半，去滓，分二服，溫進一服。得吐者，止後服。""}]","[""身熱"", ""微煩""]",[],[],"[""傷寒""]","[""下之""]",[],"[""下之""]",[],[],"[""乾薑"", ""梔子""]",[],[],"[""主之""]",0391519554a2b1edff117454922ca192dee283bcb368879fb2f2c0c7bf0ca932,pending,,text_match_multi
SHL_SONGBEN_0081,SHSRC0033,傷寒論（宋本）,songben,81.0,辨太陽病脈證並治中,太陽病,original_clause,A,凡用梔子湯，病人舊微溏者，不可與服之。,凡用梔子湯，病人舊微溏者，不可與服之。,False,[],[],[],[],[],[],[],"[""不可與""]",[],[],[],[],[],[],"[""不可"", ""可與""]",6d9c9ae9ea71573d3c5c007e461363b08d5849ed87ed7c869d2070e668ee1684,pending,,text_match_multi
SHL_SONGBEN_0082,SHSRC0033,傷寒論（宋本）,songben,82.0,辨太陽病脈證並治中,太陽病,original_clause,A,太陽病發汗，汗出不解，其人仍發熱，心下悸，頭眩，身瞤動，振振欲擗地者，真武湯主之。,太陽病發汗，汗出不解，其人仍發熱，心下悸，頭眩，身瞤動，振振欲擗地者，真武湯主之。,True,"[""真武湯""]","[{""formula_name"": ""真武湯"", ""composition"": [{""herb"": ""茯苓"", ""dose_processing"": """"}, {""herb"": ""芍藥"", ""dose_processing"": """"}, {""herb"": ""生薑"", ""dose_processing"": ""切，各三兩""}, {""herb"": ""白朮"", ""dose_processing"": ""二兩""}, {""herb"": ""附子"", ""dose_processing"": ""一枚，炮，去皮，破八片""}], ""preparation"": ""右五味，以水八升，煮取三升，去滓，"", ""administration"": ""溫服七合，日三服。"", ""post_notes"": [], ""raw_text"": ""**真武湯方**\n\n茯苓　芍藥　生薑<l>切，各三兩</l>　白朮<l>二兩</l>　附子<l>一枚，炮，去皮，破八片</l>\n\n右五味，以水八升，煮取三升，去滓，溫服七合，日三服。""}]","[""汗出"", ""發熱"", ""心下悸"", ""頭眩"", ""身瞤動"", ""振振欲擗地""]",[],[],"[""太陽病""]","[""發汗""]",[],[],"[""振振欲擗地""]","[""解""]","[""生薑"", ""白朮"", ""芍藥"", ""茯苓"", ""附子""]",[],[],"[""主之""]",f0e80c3050d1245ac679268082bb0866457f91825abed2b8109f5cf4caa089de,pending,,text_match_multi
SHL_SONGBEN_0083,SHSRC0033,傷寒論（宋本）,songben,83.0,辨太陽病脈證並治中,太陽病,original_clause,A,咽喉乾燥者，不可發汗。,咽喉乾燥者，不可發汗。,False,[],[],"[""咽喉乾燥""]",[],[],[],"[""可發汗""]","[""不可發汗""]",[],[],[],[],[],[],"[""不可""]",de21c41be8a3daaad41a78f2a360eedef1e8b780a03351da5b6d0581c2977f4f,pending,,text_match_multi
SHL_SONGBEN_0084,SHSRC0033,傷寒論（宋本）,songben,84.0,辨太陽病脈證並治中,太陽病,original_clause,A,淋家，不可發汗，發汗必便血。,淋家，不可發汗，發汗必便血。,False,[],[],[],[],[],"[""淋家""]","[""可發汗""]","[""不可發汗""]",[],[],[],[],[],[],"[""不可"", ""必""]",73fc21709ad4a21c40c4b5fd7f58df14336511ebaa8417f0c126daf12876b66c,pending,,text_match_multi
SHL_SONGBEN_0085,SHSRC0033,傷寒論（宋本）,songben,85.0,辨太陽病脈證並治中,太陽病,original_clause,A,瘡家，雖身疼痛，不可發汗，汗出則痙。,瘡家，雖身疼痛，不可發汗，汗出則痙。,False,[],[],"[""身疼痛"", ""汗出""]",[],[],"[""瘡家"", ""痙""]","[""可發汗""]","[""不可發汗""]",[],"[""痙""]",[],[],[],[],"[""不可""]",efbe2ded20fad4e0b7257d3391b771ad2413f52a3ddf9d3e8e75365b1051a736,pending,,text_match_multi
SHL_SONGBEN_0086,SHSRC0033,傷寒論（宋本）,songben,86.0,辨太陽病脈證並治中,太陽病,original_clause,A,衄家，不可發汗，汗出必額上陷，脈急緊，直視不能眴，不得眠。,衄家，不可發汗，汗出必額上陷，脈急緊，直視不能眴，不得眠。,False,[],[],"[""汗出"", ""直視"", ""不得眠""]",[],"[""緊急""]","[""衄家""]","[""可發汗""]","[""不可發汗""]",[],"[""衄""]",[],[],[],[],"[""不可"", ""必"", ""急""]",0f8620b42495e3e57d901203a42419610ef18a0f359b53dd820e0527388c3da1,pending,,text_match_multi
SHL_SONGBEN_0087,SHSRC0033,傷寒論（宋本）,songben,87.0,辨太陽病脈證並治中,太陽病,original_clause,A,亡血家，不可發汗，發汗則寒慄而振。,亡血家，不可發汗，發汗則寒慄而振。,False,[],[],[],[],[],"[""亡血家""]","[""可發汗""]","[""不可發汗""]",[],[],[],[],[],[],"[""不可""]",5a425d2d106225a4b593cffa09608d1540fc52f66faaaee698cd53c24cf8dbdd,pending,,text_match_multi
SHL_SONGBEN_0088,SHSRC0033,傷寒論（宋本）,songben,88.0,辨太陽病脈證並治中,太陽病,original_clause,A,汗家，重發汗，必恍惚心亂，小便已陰疼，與禹餘糧丸。,汗家，重發汗，必恍惚心亂，小便已陰疼，與禹餘糧丸。,True,"[""禹餘糧方闕"", ""禹餘糧丸""]","[{""formula_name"": ""禹餘糧方闕"", ""composition"": [], ""preparation"": """", ""administration"": """", ""post_notes"": [], ""raw_text"": ""**禹餘糧方闕**""}]",[],[],[],"[""汗家""]","[""發汗""]",[],"[""重發汗""]",[],[],[],[],[],"[""必""]",d44aba2fbc16911d72a036e68e28d00f5e0d7a1ce34db9a4f18f6b576198f05f,pending,,text_match_multi
SHL_SONGBEN_0089,SHSRC0033,傷寒論（宋本）,songben,89.0,辨太陽病脈證並治中,太陽病,original_clause,A,病人有寒，復發汗，胃中冷，必吐蚘。,病人有寒，復發汗，胃中冷，必吐蚘。,False,[],[],"[""吐蚘""]",[],[],[],"[""發汗""]",[],"[""復發汗""]",[],[],[],[],[],"[""必""]",51be15b5456ac60a8b1689f315828ed7ab13a927427ee079d80839812c84473e,pending,,text_match_multi
SHL_SONGBEN_0090,SHSRC0033,傷寒論（宋本）,songben,90.0,辨太陽病脈證並治中,太陽病,original_clause,A,本發汗，而復下之，此為逆也；若先發汗，治不為逆。本先下之，而反汗之，為逆；若先下之，治不為逆。,本發汗，而復下之，此為逆也；若先發汗，治不為逆。本先下之，而反汗之，為逆；若先下之，治不為逆。,False,[],[],[],[],[],[],"[""發汗"", ""下之""]",[],"[""復下之""]",[],[],[],[],[],"[""若"", ""反""]",6d63f850d26df82bca87f020dad27c22eb2344f8608c51ea9b8ffa8c743f2238,pending,,text_match_multi
SHL_SONGBEN_0091,SHSRC0033,傷寒論（宋本）,songben,91.0,辨太陽病脈證並治中,太陽病,original_clause,A,傷寒，醫下之，續得下利清穀不止，身疼痛者，急當救裏；後身疼痛，清便自調者，急當救表。救裏宜四逆湯，救表宜桂枝湯。,傷寒，醫下之，續得下利清穀不止，身疼痛者，急當救裏；後身疼痛，清便自調者，急當救表。救裏宜四逆湯，救表宜桂枝湯。,True,"[""四逆湯"", ""桂枝湯""]",[],"[""下利清穀"", ""身疼痛""]",[],[],"[""傷寒""]","[""救表"", ""下之"", ""救裏""]",[],"[""醫下之""]",[],[],[],[],[],"[""急"", ""宜""]",7b3d430da649daed0c2454d3f9246cbe459f38ba14fe1859a8a7e01d8f642217,pending,,text_match_multi
SHL_SONGBEN_0092,SHSRC0033,傷寒論（宋本）,songben,92.0,辨太陽病脈證並治中,太陽病,original_clause,A,病發熱，頭痛，脈反沉，若不差，身體疼痛，當救其裏，宜四逆湯。,病發熱，頭痛，脈反沉，若不差，身體疼痛，當救其裏，宜四逆湯。,True,"[""四逆湯""]",[],"[""發熱"", ""頭痛""]",[],"[""反沉""]",[],[],[],[],[],[],[],[],[],"[""若"", ""反"", ""宜""]",f0fc33bd8c2910c281a4bc3b59c9ee22ddf2df81ace2b21363614602b8117c05,pending,,text_match_multi
SHL_SONGBEN_0093,SHSRC0033,傷寒論（宋本）,songben,93.0,辨太陽病脈證並治中,太陽病,original_clause,A,太陽病，先下而不愈，因復發汗，以此表裏俱虛，其人因致冒。冒家汗出自愈。所以然者，汗出表和故也。裏未和，然後復下之。,太陽病，先下而不愈，因復發汗，以此表裏俱虛，其人因致冒。冒家汗出自愈。所以然者，汗出表和故也。裏未和，然後復下之。,False,[],[],"[""汗出""]",[],[],"[""太陽病""]","[""發汗"", ""下之""]",[],"[""復下之"", ""復發汗""]",[],"[""自愈""]",[],[],[],[],d19f26f2812296f3db85485a32003f2a6c07dd5b3980ba9a56a823f88f69b45a,pending,,text_match_multi
SHL_SONGBEN_0094,SHSRC0033,傷寒論（宋本）,songben,94.0,辨太陽病脈證並治中,太陽病,original_clause,A,太陽病未解，脈陰陽俱停，必先振慄汗出而解。但陽脈微者，先汗出而解；但陰脈微者，下之而解。若欲下之，宜調胃承氣湯。,太陽病未解，脈陰陽俱停，必先振慄汗出而解。但陽脈微者，先汗出而解；但陰脈微者，下之而解。若欲下之，宜調胃承氣湯。,True,"[""調胃承氣湯""]",[],"[""振慄"", ""汗出""]",[],"[""陰陽俱停"", ""微""]","[""太陽病""]","[""下之""]",[],"[""下之""]",[],"[""解""]",[],[],[],"[""若"", ""必"", ""但"", ""宜""]",64420866ee6532a2af1647228b209ee7ff62466ea8a3ea4fc9bf29ed4cd7ed2c,pending,,text_match_multi
SHL_SONGBEN_0095,SHSRC0033,傷寒論（宋本）,songben,95.0,辨太陽病脈證並治中,太陽病,original_clause,A,太陽病，發熱汗出者，此為榮弱衛強，故使汗出。欲救邪風者，宜桂枝湯。,太陽病，發熱汗出者，此為榮弱衛強，故使汗出。欲救邪風者，宜桂枝湯。,True,"[""桂枝湯""]",[],"[""發熱"", ""汗出""]",[],[],"[""太陽病""]",[],[],[],[],[],[],[],[],"[""宜""]",6ffd54d78c1323bfe578903f1489799a0b3375b1079152f6e6468b684cb7ad61,pending,,text_match_multi
SHL_SONGBEN_0096,SHSRC0033,傷寒論（宋本）,songben,96.0,辨太陽病脈證並治中,太陽病,original_clause,A,傷寒五六日，中風，往來寒熱，胸脇苦滿，嘿嘿不欲飲食，心煩喜嘔。或胸中煩而不嘔，或渴，或腹中痛，或脇下痞鞕，或心下悸、小便不利，或不渴、身有微熱，或欬者，小柴胡湯主之。,傷寒五六日，中風，往來寒熱，胸脇苦滿，嘿嘿不欲飲食，心煩喜嘔。或胸中煩而不嘔，或渴，或腹中痛，或脇下痞鞕，或心下悸、小便不利，或不渴、身有微熱，或欬者，小柴胡湯主之。,True,"[""小柴胡湯""]","[{""formula_name"": ""小柴胡湯"", ""composition"": [{""herb"": ""柴胡"", ""dose_processing"": ""半斤""}, {""herb"": ""黃芩"", ""dose_processing"": ""三兩""}, {""herb"": ""人參"", ""dose_processing"": ""三兩""}, {""herb"": ""半夏"", ""dose_processing"": ""半升，洗""}, {""herb"": ""甘草"", ""dose_processing"": ""炙""}, {""herb"": ""生薑"", ""dose_processing"": ""切，各三兩""}, {""herb"": ""大棗"", ""dose_processing"": ""十二枚，擘""}], ""preparation"": ""右七味，以水一斗二升，煮取六升，去滓，再煎取三升，"", ""administration"": ""溫服一升，日三服。若胸中煩而不嘔者，去半夏、人參，加栝蔞實一枚。若渴，去半夏，加人參合前成四兩半、栝蔞根四兩。若腹中痛者，去黃芩，加芍藥三兩。若脇下痞鞕，去大棗，加牡蠣四兩。若心下悸、小便不利者，去黃芩，加茯苓四兩。若不渴、外有微熱者，去人參，加桂枝三兩，溫服微汗愈。若咳者，去人參、大棗、生薑，加五味子半升、乾薑二兩。"", ""post_notes"": [], ""raw_text"": ""**小柴胡湯方**\n\n柴胡<l>半斤</l>　黃芩<l>三兩</l>　人參<l>三兩</l>　半夏<l>半升，洗</l>　甘草<l>炙</l>　生薑<l>切，各三兩</l>　大棗<l>十二枚，擘</l>\n\n右七味，以水一斗二升，煮取六升，去滓，再煎取三升，溫服一升，日三服。若胸中煩而不嘔者，去半夏、人參，加栝蔞實一枚。若渴，去半夏，加人參合前成四兩半、栝蔞根四兩。若腹中痛者，去黃芩，加芍藥三兩。若脇下痞鞕，去大棗，加牡蠣四兩。若心下悸、小便不利者，去黃芩，加茯苓四兩。若不渴、外有微熱者，去人參，加桂枝三兩，溫服微汗愈。若咳者，去人參、大棗、生薑，加五味子半升、乾薑二兩。""}]","[""往來寒熱"", ""胸脅苦滿"", ""不欲飲食"", ""心煩喜嘔"", ""渴"", ""腹中痛"", ""脅下痞硬"", ""心下悸"", ""小便不利"", ""不渴"", ""微熱"", ""咳""]","[""不嘔""]",[],"[""傷寒"", ""中風""]",[],[],[],"[""痞""]",[],"[""人參"", ""半夏"", ""大棗"", ""柴胡"", ""甘草"", ""生薑"", ""黃芩""]","[""五六日""]",[],"[""或"", ""主之""]",2a8e563cc49dd86f8a38bcc82f1ae072af3ca2f71390fe619caf8958be77c181,pending,,text_match_multi
SHL_SONGBEN_0097,SHSRC0033,傷寒論（宋本）,songben,97.0,辨太陽病脈證並治中,太陽病,original_clause,A,血弱氣盡，腠理開，邪氣因入，與正氣相搏，結於脇下，正邪分爭，往來寒熱，休作有時，嘿嘿不欲飲食，藏府相連，其痛必下，邪高痛下，故使嘔也，小柴胡湯主之。服柴胡湯已，渴者屬陽明，以法治之。,血弱氣盡，腠理開，邪氣因入，與正氣相搏，結於脇下，正邪分爭，往來寒熱，休作有時，嘿嘿不欲飲食，藏府相連，其痛必下，邪高痛下，故使嘔也，小柴胡湯主之。服柴胡湯已，渴者屬陽明，以法治之。,True,"[""小柴胡湯""]",[],"[""往來寒熱"", ""不欲飲食"", ""嘔"", ""渴""]",[],[],[],[],[],[],[],[],[],[],[],"[""必"", ""屬"", ""主之""]",ad28fcc2b42af410dc2ed6e051fdb26e97ef5ea1c0380801b2ee2c5b1f25c970,pending,,text_match_multi
SHL_SONGBEN_0098,SHSRC0033,傷寒論（宋本）,songben,98.0,辨太陽病脈證並治中,太陽病,original_clause,A,得病六七日，脈遲浮弱，惡風寒，手足溫，醫二三下之，不能食而脇下滿痛，面目及身黃，頸項強，小便難者，與柴胡湯，後必下重。本渴飲水而嘔者，柴胡不中與也，食穀者噦。,得病六七日，脈遲浮弱，惡風寒，手足溫，醫二三下之，不能食而脇下滿痛，面目及身黃，頸項強，小便難者，與柴胡湯，後必下重。本渴飲水而嘔者，柴胡不中與也，食穀者噦。,True,"[""小柴胡湯""]",[],"[""惡風"", ""手足溫"", ""不能食"", ""脅下滿"", ""身黃"", ""頸項強"", ""小便難"", ""下重"", ""渴"", ""嘔"", ""噦""]",[],"[""遲浮弱"", ""浮遲弱""]",[],"[""下之""]","[""不中與""]","[""下之""]","[""噦""]",[],[],"[""六七日""]",[],"[""必""]",edb05fff7df9fa1f6aa8dbec41025182e0f0b07ccee8f1cf4277b47bf17cafbc,pending,,text_match_multi
SHL_SONGBEN_0099,SHSRC0033,傷寒論（宋本）,songben,99.0,辨太陽病脈證並治中,太陽病,original_clause,A,傷寒四五日，身熱，惡風，頸項強，脇下滿，手足溫而渴者，小柴胡湯主之。,傷寒四五日，身熱，惡風，頸項強，脇下滿，手足溫而渴者，小柴胡湯主之。,True,"[""小柴胡湯""]",[],"[""身熱"", ""惡風"", ""頸項強"", ""脅下滿"", ""手足溫"", ""渴""]",[],[],"[""傷寒""]",[],[],[],[],[],[],"[""四五日""]",[],"[""主之""]",5540b1d9ba8a08eef2a80e81ad599e978a73f6a62f5ab49b17ce0120759489c9,pending,,text_match_multi
SHL_SONGBEN_0100,SHSRC0033,傷寒論（宋本）,songben,100.0,辨太陽病脈證並治中,太陽病,original_clause,A,傷寒，陽脈濇，陰脈弦，法當腹中急痛，先與小建中湯，不差者，與小柴胡湯主之。,傷寒，陽脈濇，陰脈弦，法當腹中急痛，先與小建中湯，不差者，與小柴胡湯主之。,True,"[""小建中湯"", ""小柴胡湯""]","[{""formula_name"": ""小建中湯"", ""composition"": [{""herb"": ""桂枝"", ""dose_processing"": ""三兩，去皮""}, {""herb"": ""甘草"", ""dose_processing"": ""二兩，炙""}, {""herb"": ""大棗"", ""dose_processing"": ""二十枚，擘""}, {""herb"": ""芍藥"", ""dose_processing"": ""六兩""}, {""herb"": ""生薑"", ""dose_processing"": ""三兩，切""}, {""herb"": ""膠飴"", ""dose_processing"": ""一升""}], ""preparation"": ""右六味，以水七升，煮取三升，去滓，內飴，更上微火消解，"", ""administration"": ""溫服一升，日三服。嘔家不可用建中湯，以甜故也。"", ""post_notes"": [], ""raw_text"": ""**小建中湯方**\n\n桂枝<l>三兩，去皮</l>　甘草<l>二兩，炙</l>　大棗<l>二十枚，擘</l>　芍藥<l>六兩</l>　生薑<l>三兩，切</l>　膠飴<l>一升</l>\n\n右六味，以水七升，煮取三升，去滓，內飴，更上微火消解，溫服一升，日三服。嘔家不可用建中湯，以甜故也。""}]","[""腹中急痛""]",[],"[""澀"", ""弦""]","[""傷寒""]","[""建中""]",[],[],[],[],"[""大棗"", ""桂枝"", ""甘草"", ""生薑"", ""膠飴"", ""芍藥""]",[],[],"[""急"", ""主之""]",886c10c1695be1e0021bc9c052a5830924e71570eff263dcf7aa19bb3e1bcef9,pending,,text_match_multi
SHL_SONGBEN_0101,SHSRC0033,傷寒論（宋本）,songben,101.0,辨太陽病脈證並治中,太陽病,original_clause,A,傷寒中風，有柴胡證，但見一證便是，不必悉具。凡柴胡湯病證而下之，若柴胡證不罷者，復與柴胡湯，必蒸蒸而振，卻復發熱汗出而解。,傷寒中風，有柴胡證，但見一證便是，不必悉具。凡柴胡湯病證而下之，若柴胡證不罷者，復與柴胡湯，必蒸蒸而振，卻復發熱汗出而解。,True,"[""小柴胡湯""]",[],"[""發熱"", ""汗出""]",[],[],"[""傷寒"", ""中風""]","[""下之""]",[],"[""下之""]",[],"[""解""]",[],[],[],"[""若"", ""必"", ""但""]",75a93f5cc927b600faa93df9f3f5e3a3dc01be97773dd904ff4dd3f078e95ad2,pending,,text_match_multi
SHL_SONGBEN_0102,SHSRC0033,傷寒論（宋本）,songben,102.0,辨太陽病脈證並治中,太陽病,original_clause,A,傷寒二三日，心中悸而煩者，小建中湯主之。,傷寒二三日，心中悸而煩者，小建中湯主之。,True,"[""小建中湯""]",[],"[""心中悸""]",[],[],"[""傷寒""]","[""建中""]",[],[],[],[],[],"[""二三日""]",[],"[""主之""]",da86f5ae0dda72699cb8b9605da1708709f1924a4b894104d0aab20bb6d0a68d,pending,,text_match_multi
SHL_SONGBEN_0103,SHSRC0033,傷寒論（宋本）,songben,103.0,辨太陽病脈證並治中,太陽病,original_clause,A,太陽病，過經十餘日，反二三下之。後四五日，柴胡證仍在者，先與小柴胡湯；嘔不止，心下急，鬱鬱微煩者，為未解也，與大柴胡湯下之則愈。,太陽病，過經十餘日，反二三下之。後四五日，柴胡證仍在者，先與小柴胡湯；嘔不止，心下急，鬱鬱微煩者，為未解也，與大柴胡湯下之則愈。,True,"[""大柴胡湯"", ""小柴胡湯""]","[{""formula_name"": ""大柴胡湯"", ""composition"": [{""herb"": ""柴胡"", ""dose_processing"": ""半斤""}, {""herb"": ""黃芩"", ""dose_processing"": ""三兩""}, {""herb"": ""芍藥"", ""dose_processing"": ""三兩""}, {""herb"": ""半夏"", ""dose_processing"": ""半升，洗""}, {""herb"": ""生薑"", ""dose_processing"": ""五兩，切""}, {""herb"": ""枳實"", ""dose_processing"": ""四枚，炙""}, {""herb"": ""大棗"", ""dose_processing"": ""十二枚，擘""}], ""preparation"": ""右七味，以水一斗二升，煮取六升，去滓，再煎，"", ""administration"": ""溫服一升，日三服。一方加大黃二兩，若不加，恐不爲大柴胡湯。"", ""post_notes"": [], ""raw_text"": ""**大柴胡湯方**\n\n柴胡<l>半斤</l>　黃芩<l>三兩</l>　芍藥<l>三兩</l>　半夏<l>半升，洗</l>　生薑<l>五兩，切</l>　枳實<l>四枚，炙</l>　大棗<l>十二枚，擘</l>\n\n右七味，以水一斗二升，煮取六升，去滓，再煎，溫服一升，日三服。一方加大黃二兩，若不加，恐不爲大柴胡湯。""}]","[""嘔不止"", ""心下急"", ""微煩""]",[],[],"[""太陽病""]","[""下之""]",[],"[""下之""]",[],"[""愈""]","[""半夏"", ""大棗"", ""枳實"", ""柴胡"", ""生薑"", ""芍藥"", ""黃芩""]","[""四五日""]",[],"[""反"", ""急""]",018d51d5d3bf03b26b9c36b777aa3d47f066057c846370fb9bc19e10412bc56a,pending,,text_match_multi
SHL_SONGBEN_0104,SHSRC0033,傷寒論（宋本）,songben,104.0,辨太陽病脈證並治中,太陽病,original_clause,A,傷寒十三日不解，胸脇滿而嘔，日晡所發潮熱，已而微利。此本柴胡證，下之以不得利，今反利者，知醫以丸藥下之，此非其治也。潮熱者，實也。先宜服小柴胡湯以解外，後以柴胡加芒硝湯主之。,傷寒十三日不解，胸脇滿而嘔，日晡所發潮熱，已而微利。此本柴胡證，下之以不得利，今反利者，知醫以丸藥下之，此非其治也。潮熱者，實也。先宜服小柴胡湯以解外，後以柴胡加芒硝湯主之。,True,"[""柴胡加芒消湯"", ""小柴胡湯""]","[{""formula_name"": ""柴胡加芒消湯"", ""composition"": [{""herb"": ""柴胡"", ""dose_processing"": ""二兩十六銖""}, {""herb"": ""黃芩"", ""dose_processing"": ""一兩""}, {""herb"": ""人參"", ""dose_processing"": ""一兩""}, {""herb"": ""甘草"", ""dose_processing"": ""一兩，炙""}, {""herb"": ""生薑"", ""dose_processing"": ""一兩，切""}, {""herb"": ""半夏"", ""dose_processing"": ""二十銖，本云五枚，洗""}, {""herb"": ""大棗"", ""dose_processing"": ""四枚，擘""}, {""herb"": ""芒硝"", ""dose_processing"": ""二兩""}], ""preparation"": ""右八味，以水四升，煮取二升，去滓，內芒硝，更煮微沸，"", ""administration"": ""分溫再服。不解，更作。"", ""post_notes"": [], ""raw_text"": ""**柴胡加芒硝湯方**\n\n柴胡<l>二兩十六銖</l>　黃芩<l>一兩</l>　人參<l>一兩</l>　甘草<l>一兩，炙</l>　生薑<l>一兩，切</l>　半夏<l>二十銖，本云五枚，洗</l>　大棗<l>四枚，擘</l>　芒硝<l>二兩</l>\n\n右八味，以水四升，煮取二升，去滓，內芒硝，更煮微沸，分溫再服。不解，更作。""}]","[""胸脅滿"", ""嘔"", ""日晡所發潮熱"", ""潮熱""]",[],[],"[""傷寒""]","[""下之""]",[],"[""下之""]",[],"[""解""]","[""人參"", ""半夏"", ""大棗"", ""柴胡"", ""甘草"", ""生薑"", ""芒硝"", ""黃芩""]","[""十三日""]",[],"[""反"", ""宜"", ""主之""]",0a43a03e7b15df8d284b85d7f1857cb7eb0c911def5b6563a3b8f34199db5b6e,pending,,text_match_multi
SHL_SONGBEN_0105,SHSRC0033,傷寒論（宋本）,songben,105.0,辨太陽病脈證並治中,太陽病,original_clause,A,傷寒十三日，過經，譫語者，以有熱也，當以湯下之。若小便利者，大便當鞕，而反下利，脈調和者，知醫以丸藥下之，非其治也。若自下利者，脈當微厥，今反和者，此為內實也，調胃承氣湯主之。,傷寒十三日，過經，譫語者，以有熱也，當以湯下之。若小便利者，大便當鞕，而反下利，脈調和者，知醫以丸藥下之，非其治也。若自下利者，脈當微厥，今反和者，此為內實也，調胃承氣湯主之。,True,"[""調胃承氣湯""]",[],"[""譫語"", ""小便利"", ""反下利"", ""自下利"", ""厥""]",[],"[""微""]","[""傷寒""]","[""下之""]",[],"[""下之""]","[""譫語"", ""厥""]",[],[],"[""十三日""]",[],"[""若"", ""反"", ""主之""]",8471a873b5d3f2b2a8d5adeaaea6a01e286ff38898aaf98434f10acfb6f3b4d1,pending,,text_match_multi
SHL_SONGBEN_0106,SHSRC0033,傷寒論（宋本）,songben,106.0,辨太陽病脈證並治中,太陽病,original_clause,A,太陽病不解，熱結膀胱，其人如狂，血自下，下者愈。其外不解者，尚未可攻，當先解其外。外解已，但少腹急結者，乃可攻之，宜桃核承氣湯。,太陽病不解，熱結膀胱，其人如狂，血自下，下者愈。其外不解者，尚未可攻，當先解其外。外解已，但少腹急結者，乃可攻之，宜桃核承氣湯。,True,"[""桃核承氣湯""]","[{""formula_name"": ""桃核承氣湯"", ""composition"": [{""herb"": ""桃仁"", ""dose_processing"": ""五十個，去皮尖""}, {""herb"": ""大黃"", ""dose_processing"": ""四兩""}, {""herb"": ""桂枝"", ""dose_processing"": ""二兩，去皮""}, {""herb"": ""甘草"", ""dose_processing"": ""二兩，炙""}, {""herb"": ""芒硝"", ""dose_processing"": ""二兩""}], ""preparation"": ""右五味，以水七升，煮取二升半，去滓，內芒硝，更上火微沸，下火，先食"", ""administration"": ""溫服五合，日三服，當微利。"", ""post_notes"": [], ""raw_text"": ""**桃核承氣湯方**\n\n桃仁<l>五十個，去皮尖</l>　大黃<l>四兩</l>　桂枝<l>二兩，去皮</l>　甘草<l>二兩，炙</l>　芒硝<l>二兩</l>\n\n右五味，以水七升，煮取二升半，去滓，內芒硝，更上火微沸，下火，先食溫服五合，日三服，當微利。""}]","[""少腹急結""]",[],[],"[""太陽病""]","[""攻之""]",[],[],"[""其人如狂"", ""如狂""]","[""愈""]","[""大黃"", ""桂枝"", ""桃仁"", ""甘草"", ""芒硝""]",[],[],"[""但"", ""急"", ""宜""]",bd9a4576250b6b2de009e735e08b9dd29aa9a3fbd9c061726b145ef28bbfe477,pending,,text_match_multi
SHL_SONGBEN_0107,SHSRC0033,傷寒論（宋本）,songben,107.0,辨太陽病脈證並治中,太陽病,original_clause,A,傷寒八九日，下之，胸滿煩驚，小便不利，譫語，一身盡重，不可轉側者，柴胡加龍骨牡蠣湯主之。,傷寒八九日，下之，胸滿煩驚，小便不利，譫語，一身盡重，不可轉側者，柴胡加龍骨牡蠣湯主之。,True,"[""柴胡加龍骨牡蠣湯""]","[{""formula_name"": ""柴胡加龍骨牡蠣湯"", ""composition"": [{""herb"": ""柴胡"", ""dose_processing"": ""四兩""}, {""herb"": ""龍骨"", ""dose_processing"": """"}, {""herb"": ""黃芩"", ""dose_processing"": """"}, {""herb"": ""生薑"", ""dose_processing"": ""切""}, {""herb"": ""鉛丹"", ""dose_processing"": """"}, {""herb"": ""人參"", ""dose_processing"": """"}, {""herb"": ""桂枝"", ""dose_processing"": ""去皮""}, {""herb"": ""茯苓"", ""dose_processing"": ""各一兩半""}, {""herb"": ""半夏"", ""dose_processing"": ""二合半，洗""}, {""herb"": ""大黃"", ""dose_processing"": ""二兩""}, {""herb"": ""牡蠣"", ""dose_processing"": ""一兩半，熬""}, {""herb"": ""大棗"", ""dose_processing"": ""六枚，擘""}], ""preparation"": ""右十二味，以水八升，煮取四升，內大黃，切如棋子，更煮一兩沸，去滓，"", ""administration"": ""溫服一升。本云：柴胡湯，今加龍骨等。"", ""post_notes"": [], ""raw_text"": ""**柴胡加龍骨牡蠣湯方**\n\n柴胡<l>四兩</l>　龍骨　黃芩　生薑<l>切</l>　鉛丹　人參　桂枝<l>去皮</l>　茯苓<l>各一兩半</l>　半夏<l>二合半，洗</l>　大黃<l>二兩</l>　牡蠣<l>一兩半，熬</l>　大棗<l>六枚，擘</l>\n\n右十二味，以水八升，煮取四升，內大黃，切如棋子，更煮一兩沸，去滓，溫服一升。本云：柴胡湯，今加龍骨等。""}]","[""胸滿"", ""煩驚"", ""小便不利"", ""譫語"", ""一身盡重"", ""不可轉側""]",[],[],"[""傷寒""]","[""下之""]",[],"[""下之""]","[""譫語""]",[],"[""人參"", ""半夏"", ""大棗"", ""大黃"", ""柴胡"", ""桂枝"", ""牡蠣"", ""生薑"", ""茯苓"", ""鉛丹"", ""黃芩"", ""龍骨""]","[""八九日""]",[],"[""不可"", ""主之""]",802a8124605f01cd360d0a20723f5f80e17da53243b4d04ff628d74e0dea3455,pending,,text_match_multi
SHL_SONGBEN_0108,SHSRC0033,傷寒論（宋本）,songben,108.0,辨太陽病脈證並治中,太陽病,original_clause,A,傷寒，腹滿，譫語，寸口脈浮而緊，此肝乘脾也，名曰縱。刺期門。,傷寒，腹滿，譫語，寸口脈浮而緊，此肝乘脾也，名曰縱。刺期門。,False,[],[],"[""腹滿"", ""譫語""]",[],"[""浮而緊"", ""浮緊""]","[""傷寒""]",[],[],[],"[""譫語""]",[],[],[],[],[],c667c5e6f2bb14f761ba7c57abb1d962f994d6c87e81093c1ae64d9c7013bcf4,pending,,text_match_multi
SHL_SONGBEN_0109,SHSRC0033,傷寒論（宋本）,songben,109.0,辨太陽病脈證並治中,太陽病,original_clause,A,傷寒發熱，嗇嗇惡寒，大渴欲飲水，其腹必滿，自汗出，小便利，其病欲解，此肝乘肺也，名曰橫。刺期門。,傷寒發熱，嗇嗇惡寒，大渴欲飲水，其腹必滿，自汗出，小便利，其病欲解，此肝乘肺也，名曰橫。刺期門。,False,[],[],"[""發熱"", ""嗇嗇惡寒"", ""渴欲飲水"", ""自汗出"", ""小便利""]",[],[],"[""傷寒""]",[],[],[],[],"[""解"", ""欲解""]",[],[],[],"[""必""]",9e30fc6519337829f2d8747e6a4309018daf7b4eb5f07a69d4bcffb61f01e5c6,pending,,text_match_multi
SHL_SONGBEN_0110,SHSRC0033,傷寒論（宋本）,songben,110.0,辨太陽病脈證並治中,太陽病,original_clause,A,太陽病二日，反躁，凡熨其背而大汗出，大熱入胃，胃中水竭，躁煩，必發譫語。十餘日，振慄，自下利者，此為欲解也。故其汗從腰以下不得汗，欲小便不得，反嘔，欲失溲，足下惡風，大便鞕，小便當數而反不數及不多，大便已，頭卓然而痛，其人足心必熱，穀氣下流故也。,太陽病二日，反躁，凡熨其背而大汗出，大熱入胃，胃中水竭，躁煩，必發譫語。十餘日，振慄，自下利者，此為欲解也。故其汗從腰以下不得汗，欲小便不得，反嘔，欲失溲，足下惡風，大便鞕，小便當數而反不數及不多，大便已，頭卓然而痛，其人足心必熱，穀氣下流故也。,False,[],[],"[""大汗出"", ""躁煩"", ""譫語"", ""振慄"", ""自下利"", ""反嘔"", ""失溲"", ""惡風"", ""大便硬""]",[],[],"[""太陽病""]",[],[],[],"[""譫語""]","[""解"", ""為欲解""]",[],"[""二日""]",[],"[""反"", ""必""]",df406d956babf213dda2d29780d2146e4bc3bb04936c3f929bec814a883ef30a,pending,,text_match_multi
SHL_SONGBEN_0111,SHSRC0033,傷寒論（宋本）,songben,111.0,辨太陽病脈證並治中,太陽病,original_clause,A,太陽病中風，以火劫發汗，邪風被火熱，血氣流溢，失其常度。兩陽相熏灼，其身發黃。陽盛則欲衄，陰虛小便難。陰陽俱虛竭，身體則枯燥，但頭汗出，劑頸而還，腹滿，微喘，口乾咽爛，或不大便，久則譫語，甚者至噦，手足躁擾，捻衣摸床，小便利者，其人可治。,太陽病中風，以火劫發汗，邪風被火熱，血氣流溢，失其常度。兩陽相熏灼，其身發黃。陽盛則欲衄，陰虛小便難。陰陽俱虛竭，身體則枯燥，但頭汗出，劑頸而還，腹滿，微喘，口乾咽爛，或不大便，久則譫語，甚者至噦，手足躁擾，捻衣摸床，小便利者，其人可治。,False,[],[],"[""發黃"", ""衄"", ""小便難"", ""頭汗出"", ""腹滿"", ""微喘"", ""口乾"", ""不大便"", ""譫語"", ""噦"", ""手足躁擾"", ""小便利""]",[],"[""陰陽俱虛""]","[""太陽病"", ""中風""]","[""發汗""]",[],"[""以火劫""]","[""發黃"", ""譫語"", ""噦"", ""衄""]","[""可治""]",[],"[""久""]",[],"[""或"", ""但""]",7874802823bf610931757216ee2d23262cbc95032bdc7d5e442826f64202b2c0,pending,,text_match_multi
SHL_SONGBEN_0112,SHSRC0033,傷寒論（宋本）,songben,112.0,辨太陽病脈證並治中,太陽病,original_clause,A,傷寒，脈浮，醫以火迫劫之，亡陽，必驚狂，臥起不安者，桂枝去芍藥加蜀漆牡蠣龍骨救逆湯主之。,傷寒，脈浮，醫以火迫劫之，亡陽，必驚狂，臥起不安者，桂枝去芍藥加蜀漆牡蠣龍骨救逆湯主之。,True,"[""桂枝去芍藥加蜀漆牡蠣龍骨救逆湯""]","[{""formula_name"": ""桂枝去芍藥加蜀漆牡蠣龍骨救逆湯"", ""composition"": [{""herb"": ""桂枝"", ""dose_processing"": ""三兩，去皮""}, {""herb"": ""甘草"", ""dose_processing"": ""二兩，炙""}, {""herb"": ""生薑"", ""dose_processing"": ""三兩，切""}, {""herb"": ""大棗"", ""dose_processing"": ""十二枚，擘""}, {""herb"": ""牡蠣"", ""dose_processing"": ""五兩，熬""}, {""herb"": ""蜀漆"", ""dose_processing"": ""三兩，洗去腥""}, {""herb"": ""龍骨"", ""dose_processing"": ""四兩""}], ""preparation"": ""右七味，以水一斗二升，先煮蜀漆減二升，內諸藥，煮取三升，去滓，"", ""administration"": ""溫服一升。本云：桂枝湯，今去芍藥，加蜀漆、牡蠣、龍骨。"", ""post_notes"": [], ""raw_text"": ""**桂枝去芍藥加蜀漆牡蠣龍骨救逆湯方**\n\n桂枝<l>三兩，去皮</l>　甘草<l>二兩，炙</l>　生薑<l>三兩，切</l>　大棗<l>十二枚，擘</l>　牡蠣<l>五兩，熬</l>　蜀漆<l>三兩，洗去腥</l>　龍骨<l>四兩</l>\n\n右七味，以水一斗二升，先煮蜀漆減二升，內諸藥，煮取三升，去滓，溫服一升。本云：桂枝湯，今去芍藥，加蜀漆、牡蠣、龍骨。""}]","[""驚狂"", ""臥起不安""]",[],"[""浮""]","[""傷寒""]","[""救逆""]",[],"[""火迫劫之""]","[""亡陽"", ""驚狂""]",[],"[""大棗"", ""桂枝"", ""牡蠣"", ""甘草"", ""生薑"", ""蜀漆"", ""龍骨""]",[],[],"[""必"", ""主之""]",4bc83f3526864e0e93387bfca9bc9cd12412740bdb23cd24bb94e52533902720,pending,,text_match_multi
SHL_SONGBEN_0113,SHSRC0033,傷寒論（宋本）,songben,113.0,辨太陽病脈證並治中,太陽病,original_clause,A,形作傷寒，其脈不弦緊而弱，弱者必渴，被火必譫語，弱者發熱脈浮，解之當汗出愈。,形作傷寒，其脈不弦緊而弱，弱者必渴，被火必譫語，弱者發熱脈浮，解之當汗出愈。,False,[],[],"[""形作傷寒"", ""渴"", ""譫語"", ""發熱"", ""汗出""]",[],"[""浮"", ""緊弦弱""]",[],[],[],"[""被火""]","[""譫語""]","[""愈""]",[],[],[],"[""必""]",ad0dbe4a887daee41ef7a77f6a24952a3d5db15a27f220b3aa539ebdaa634d42,pending,,text_match_multi
SHL_SONGBEN_0114,SHSRC0033,傷寒論（宋本）,songben,114.0,辨太陽病脈證並治中,太陽病,original_clause,A,太陽病，以火熏之，不得汗，其人必躁。到經不解，必清血，名爲火邪。,太陽病，以火熏之，不得汗，其人必躁。到經不解，必清血，名爲火邪。,False,[],[],[],[],[],"[""太陽病""]",[],[],"[""火熏之""]",[],"[""解""]",[],[],[],"[""必""]",9fbec9855104b4d00303ad0b01c370b60b1562d15150e841a0713cf50da6070c,pending,,text_match_multi
SHL_SONGBEN_0115,SHSRC0033,傷寒論（宋本）,songben,115.0,辨太陽病脈證並治中,太陽病,original_clause,A,脈浮，熱甚，而反灸之，此為實，實以虛治，因火而動，必咽燥，吐血。,脈浮，熱甚，而反灸之，此為實，實以虛治，因火而動，必咽燥，吐血。,False,[],[],"[""吐血""]",[],"[""浮""]",[],[],[],"[""灸之""]",[],[],[],[],[],"[""反"", ""必""]",8b42714a94ad08de9300e0e930fec1205c411699eeda1a420f5d413bf63fc0a9,pending,,text_match_multi
SHL_SONGBEN_0116,SHSRC0033,傷寒論（宋本）,songben,116.0,辨太陽病脈證並治中,太陽病,original_clause,A,微數之脈，慎不可灸。因火為邪，則為煩逆，追虛逐實，血散脈中，火氣雖微，內攻有力，焦骨傷筋，血難復也。脈浮，宜以汗解。用火灸之，邪無從出，因火而盛，病從腰以下必重而痹，名火逆也。欲自解者，必當先煩，煩乃有汗而解。何以知之？脈浮，故知汗出解。,微數之脈，慎不可灸。因火為邪，則為煩逆，追虛逐實，血散脈中，火氣雖微，內攻有力，焦骨傷筋，血難復也。脈浮，宜以汗解。用火灸之，邪無從出，因火而盛，病從腰以下必重而痹，名火逆也。欲自解者，必當先煩，煩乃有汗而解。何以知之？脈浮，故知汗出解。,False,[],[],"[""汗出""]",[],"[""浮""]",[],"[""汗解""]","[""慎不可灸""]","[""火逆""]",[],"[""解""]",[],[],[],"[""不可"", ""必"", ""慎"", ""宜""]",9cbc4d8d67d55cca34607fefcf89bf531117ca8638ee875016daf6337ce43395,pending,,text_match_multi
SHL_SONGBEN_0117,SHSRC0033,傷寒論（宋本）,songben,117.0,辨太陽病脈證並治中,太陽病,original_clause,A,燒針令其汗，針處被寒，核起而赤者，必發奔豚。氣從少腹上衝心者，灸其核上各一壯，與桂枝加桂湯，更加桂二兩也。,燒針令其汗，針處被寒，核起而赤者，必發奔豚。氣從少腹上衝心者，灸其核上各一壯，與桂枝加桂湯，更加桂二兩也。,True,"[""桂枝加桂湯""]","[{""formula_name"": ""桂枝加桂湯"", ""composition"": [{""herb"": ""桂枝"", ""dose_processing"": ""五兩，去皮""}, {""herb"": ""芍藥"", ""dose_processing"": ""三兩""}, {""herb"": ""生薑"", ""dose_processing"": ""三兩，切""}, {""herb"": ""甘草"", ""dose_processing"": ""二兩，炙""}, {""herb"": ""大棗"", ""dose_processing"": ""十二枚，擘""}], ""preparation"": ""右五味，以水七升，煮取三升，去滓，"", ""administration"": ""溫服一升。本云：桂枝湯，今加桂滿五兩。所以加桂者，以泄奔豚氣也。"", ""post_notes"": [], ""raw_text"": ""**桂枝加桂湯方**\n\n桂枝<l>五兩，去皮</l>　芍藥<l>三兩</l>　生薑<l>三兩，切</l>　甘草<l>二兩，炙</l>　大棗<l>十二枚，擘</l>\n\n右五味，以水七升，煮取三升，去滓，溫服一升。本云：桂枝湯，今加桂滿五兩。所以加桂者，以泄奔豚氣也。""}]",[],[],[],"[""奔豚""]",[],[],"[""燒針""]","[""奔豚""]",[],"[""大棗"", ""桂枝"", ""甘草"", ""生薑"", ""芍藥""]",[],[],"[""必""]",bbbf2f203bdf6fac4bd18b0b64babf0a92189899f8faf2255f5003866c80a74d,pending,,text_match_multi
SHL_SONGBEN_0118,SHSRC0033,傷寒論（宋本）,songben,118.0,辨太陽病脈證並治中,太陽病,original_clause,A,火逆下之，因燒針煩躁者，桂枝甘草龍骨牡蠣湯主之。,火逆下之，因燒針煩躁者，桂枝甘草龍骨牡蠣湯主之。,True,"[""桂枝甘草龍骨牡蠣湯""]","[{""formula_name"": ""桂枝甘草龍骨牡蠣湯"", ""composition"": [{""herb"": ""桂枝"", ""dose_processing"": ""一兩，去皮""}, {""herb"": ""甘草"", ""dose_processing"": ""二兩，炙""}, {""herb"": ""牡蠣"", ""dose_processing"": ""二兩，熬""}, {""herb"": ""龍骨"", ""dose_processing"": ""二兩""}], ""preparation"": ""右四味，以水五升，煮取二升半，去滓，"", ""administration"": ""溫服八合，日三服。"", ""post_notes"": [], ""raw_text"": ""**桂枝甘草龍骨牡蠣湯方**\n\n桂枝<l>一兩，去皮</l>　甘草<l>二兩，炙</l>　牡蠣<l>二兩，熬</l>　龍骨<l>二兩</l>\n\n右四味，以水五升，煮取二升半，去滓，溫服八合，日三服。""}]","[""煩躁""]",[],[],[],"[""下之""]",[],"[""下之"", ""火逆""]","[""煩躁""]",[],"[""桂枝"", ""牡蠣"", ""甘草"", ""龍骨""]",[],[],"[""主之""]",866fa503ad7b7d41e81c2971ec83d05461cdf06d365a0195d7c1b22911a870de,pending,,text_match_multi
SHL_SONGBEN_0119,SHSRC0033,傷寒論（宋本）,songben,119.0,辨太陽病脈證並治中,太陽病,original_clause,A,太陽傷寒者，加溫針，必驚也。,太陽傷寒者，加溫針，必驚也。,False,[],[],[],[],[],"[""太陽傷寒""]",[],[],"[""加溫針""]",[],[],[],[],[],"[""必""]",b42c38d66c2dfbc1657100ae6920f5f84556d08cf96a34ed7a52fb52449c26e1,pending,,text_match_multi
SHL_SONGBEN_0120,SHSRC0033,傷寒論（宋本）,songben,120.0,辨太陽病脈證並治中,太陽病,original_clause,A,太陽病，當惡寒發熱，今自汗出，反不惡寒發熱，關上脈細數者，以醫吐之過也。一二日吐之者，腹中飢，口不能食；三四日吐之者，不喜糜粥，欲食冷食，朝食暮吐，以醫吐之所致也，此為小逆。,太陽病，當惡寒發熱，今自汗出，反不惡寒發熱，關上脈細數者，以醫吐之過也。一二日吐之者，腹中飢，口不能食；三四日吐之者，不喜糜粥，欲食冷食，朝食暮吐，以醫吐之所致也，此為小逆。,False,[],[],"[""惡寒"", ""發熱"", ""自汗出"", ""反不惡寒"", ""不能食""]",[],"[""細數"", ""數細""]","[""太陽病""]","[""吐之""]",[],[],[],[],[],"[""一二日"", ""三四日""]",[],"[""反""]",94c19390a4f03f14e2f003a13f33454a741b34d0c72f08e752bb161dfa509236,pending,,text_match_multi
SHL_SONGBEN_0121,SHSRC0033,傷寒論（宋本）,songben,121.0,辨太陽病脈證並治中,太陽病,original_clause,A,太陽病吐之，但太陽病當惡寒，今反不惡寒，不欲近衣，此為吐之內煩也。,太陽病吐之，但太陽病當惡寒，今反不惡寒，不欲近衣，此為吐之內煩也。,False,[],[],"[""惡寒"", ""反不惡寒""]",[],[],"[""太陽病""]","[""吐之""]",[],[],[],[],[],[],[],"[""反"", ""但""]",18dd12a707075fa9946d109b93794b14d138081dbe65f1d499cf05ad5ccee37d,pending,,text_match_multi
SHL_SONGBEN_0122,SHSRC0033,傷寒論（宋本）,songben,122.0,辨太陽病脈證並治中,太陽病,original_clause,A,病人脈數，數為熱，當消穀引食，而反吐者，此以發汗，令陽氣微，膈氣虛，脈乃數也。數為客熱，不能消穀，以胃中虛冷，故吐也。,病人脈數，數為熱，當消穀引食，而反吐者，此以發汗，令陽氣微，膈氣虛，脈乃數也。數為客熱，不能消穀，以胃中虛冷，故吐也。,False,[],[],[],[],"[""數""]",[],"[""發汗""]",[],[],[],[],[],[],[],"[""反""]",191d794de4405850b5ed280716e3c1319eee866b9259fe8f681f9491f5828505,pending,,text_match_multi
SHL_SONGBEN_0123,SHSRC0033,傷寒論（宋本）,songben,123.0,辨太陽病脈證並治中,太陽病,original_clause,A,太陽病，過經十餘日，心下溫溫欲吐，而胸中痛，大便反溏，腹微滿，鬱鬱微煩，先此時自極吐下者，與調胃承氣湯。若不爾者，不可與。但欲嘔，胸中痛，微溏者，此非柴胡湯證，以嘔，故知極吐下也。調胃承氣湯。,太陽病，過經十餘日，心下溫溫欲吐，而胸中痛，大便反溏，腹微滿，鬱鬱微煩，先此時自極吐下者，與調胃承氣湯。若不爾者，不可與。但欲嘔，胸中痛，微溏者，此非柴胡湯證，以嘔，故知極吐下也。調胃承氣湯。,True,"[""調胃承氣湯"", ""小柴胡湯""]",[],"[""溫溫欲吐"", ""微煩"", ""欲嘔"", ""嘔""]",[],[],"[""太陽病""]",[],"[""不可與""]",[],[],[],[],[],[],"[""不可"", ""可與"", ""若"", ""反"", ""但""]",fcc555df9b647f1560b6939556e6c3502c188c534713643d1a5d2d7f2c92531b,pending,,text_match_multi
SHL_SONGBEN_0124,SHSRC0033,傷寒論（宋本）,songben,124.0,辨太陽病脈證並治中,太陽病,original_clause,A,太陽病，六七日表證仍在，脈微而沉，反不結胸，其人發狂者，以熱在下焦，少腹當鞕滿，小便自利者，下血乃愈。所以然者，以太陽隨經，瘀熱在裏故也。抵當湯主之。,太陽病，六七日表證仍在，脈微而沉，反不結胸，其人發狂者，以熱在下焦，少腹當鞕滿，小便自利者，下血乃愈。所以然者，以太陽隨經，瘀熱在裏故也。抵當湯主之。,True,"[""抵當湯""]","[{""formula_name"": ""抵當湯"", ""composition"": [{""herb"": ""水蛭"", ""dose_processing"": ""熬""}, {""herb"": ""虻蟲"", ""dose_processing"": ""各三十個，去翅足，熬""}, {""herb"": ""桃仁"", ""dose_processing"": ""二十個，去皮尖""}, {""herb"": ""大黃"", ""dose_processing"": ""三兩，酒洗""}], ""preparation"": ""右四味，以水五升，煮取三升，去滓，"", ""administration"": ""溫服一升。不下，更服。"", ""post_notes"": [], ""raw_text"": ""**抵當湯方**\n\n水蛭<l>熬</l>　虻蟲<l>各三十個，去翅足，熬</l>　桃仁<l>二十個，去皮尖</l>　大黃<l>三兩，酒洗</l>\n\n右四味，以水五升，煮取三升，去滓，溫服一升。不下，更服。""}]","[""小便自利"", ""下血"", ""瘀熱在裏""]",[],"[""微而沉"", ""沉微""]","[""太陽病""]",[],[],[],"[""發狂"", ""結胸""]","[""愈""]","[""大黃"", ""桃仁"", ""水蛭"", ""虻蟲""]","[""六七日""]",[],"[""反"", ""主之""]",e4855af9bfca3af2fc6c90e1a4a49a2557cb1e022f793e21fdbb148d3e362625,pending,,text_match_multi
SHL_SONGBEN_0125,SHSRC0033,傷寒論（宋本）,songben,125.0,辨太陽病脈證並治中,太陽病,original_clause,A,太陽病，身黃，脈沉結，少腹鞕，小便不利者，為無血也。小便自利，其人如狂者，血證諦也，抵當湯主之。,太陽病，身黃，脈沉結，少腹鞕，小便不利者，為無血也。小便自利，其人如狂者，血證諦也，抵當湯主之。,True,"[""抵當湯""]",[],"[""身黃"", ""少腹硬"", ""小便不利"", ""小便自利""]",[],"[""沉結""]","[""太陽病""]",[],[],[],"[""其人如狂"", ""如狂""]",[],[],[],[],"[""主之""]",4ac1df4b60cf3a4b725aa86aa36ccf2505aeed29dec044396e2b6a803b8c22c0,pending,,text_match_multi
SHL_SONGBEN_0126,SHSRC0033,傷寒論（宋本）,songben,126.0,辨太陽病脈證並治中,太陽病,original_clause,A,傷寒有熱，少腹滿，應小便不利，今反利者，為有血也，當下之，不可餘藥，宜抵當丸。,傷寒有熱，少腹滿，應小便不利，今反利者，為有血也，當下之，不可餘藥，宜抵當丸。,True,"[""抵當丸""]","[{""formula_name"": ""抵當丸"", ""composition"": [{""herb"": ""水蛭"", ""dose_processing"": ""二十個，熬""}, {""herb"": ""虻蟲"", ""dose_processing"": ""二十個，去翅足，熬""}, {""herb"": ""桃仁"", ""dose_processing"": ""二十五個，去皮尖""}, {""herb"": ""大黃"", ""dose_processing"": ""三兩""}], ""preparation"": ""右四味，搗分四丸，以水一升煮一丸，取七合服之。晬時當下血，若不下者，更服。"", ""administration"": """", ""post_notes"": [], ""raw_text"": ""**抵當丸方**\n\n水蛭<l>二十個，熬</l>　虻蟲<l>二十個，去翅足，熬</l>　桃仁<l>二十五個，去皮尖</l>　大黃<l>三兩</l>\n\n右四味，搗分四丸，以水一升煮一丸，取七合服之。晬時當下血，若不下者，更服。""}]","[""少腹滿"", ""小便不利""]",[],[],"[""傷寒""]","[""下之""]","[""不可餘藥""]","[""下之""]",[],[],"[""大黃"", ""桃仁"", ""水蛭"", ""虻蟲""]",[],[],"[""不可"", ""反"", ""宜""]",24b4ba546d9b731a16398e3314def8e214a10404046242dccf60057e00566c98,pending,,text_match_multi
SHL_SONGBEN_0127,SHSRC0033,傷寒論（宋本）,songben,127.0,辨太陽病脈證並治中,太陽病,original_clause,A,太陽病，小便利者，以飲水多，必心下悸，小便少者，必苦裏急也。,太陽病，小便利者，以飲水多，必心下悸，小便少者，必苦裏急也。,False,[],[],"[""小便利"", ""心下悸"", ""小便少""]",[],[],"[""太陽病""]",[],[],[],[],[],[],[],[],"[""必"", ""急""]",1bd43c50bf74a70f2281486fe9580948aa949c5d989b871ef78ab83ed973fd37,pending,,text_match_multi
SHL_SONGBEN_0128,SHSRC0033,傷寒論（宋本）,songben,128.0,辨太陽病脈證並治下,太陽病,original_clause,A,問曰：病有結胸，有藏結，其狀如何？按之痛，寸脈浮，關脈沉，名曰結胸也。,問曰：病有結胸，有藏結，其狀如何？按之痛，寸脈浮，關脈沉，名曰結胸也。,False,[],[],[],[],"[""浮"", ""沉""]","[""結胸"", ""藏結""]",[],[],[],"[""結胸""]",[],[],[],[],[],0c44277237281d1ae135f2ecb5c9be746de1992ca7510b986bf98171324c7533,pending,,text_match_multi
SHL_SONGBEN_0129,SHSRC0033,傷寒論（宋本）,songben,129.0,辨太陽病脈證並治下,太陽病,original_clause,A,何謂藏結？答曰：如結胸狀，飲食如故，時時下利，寸脈浮，關脈小細沉緊，名曰藏結。舌上白胎滑者，難治。,何謂藏結？答曰：如結胸狀，飲食如故，時時下利，寸脈浮，關脈小細沉緊，名曰藏結。舌上白胎滑者，難治。,False,[],[],"[""下利""]",[],"[""浮"", ""沉緊細""]","[""藏結"", ""結胸""]",[],[],[],"[""結胸""]","[""難治""]",[],[],[],[],3a2829d8a80c7ef70ab4c03f3a5ef0953691e7102a70492572acc4433fdd8892,pending,,text_match_multi
SHL_SONGBEN_0130,SHSRC0033,傷寒論（宋本）,songben,130.0,辨太陽病脈證並治下,太陽病,original_clause,A,藏結無陽證，不往來寒熱，其人反靜，舌上胎滑者，不可攻也。,藏結無陽證，不往來寒熱，其人反靜，舌上胎滑者，不可攻也。,False,[],[],[],"[""不往來寒熱""]",[],"[""藏結""]",[],"[""不可攻""]",[],[],[],[],[],[],"[""不可"", ""反""]",26bfb3fe172512256b81d1790b0d06b36ff5adac6985f6c20a5eb20e0deba5dc,pending,,text_match_multi
SHL_SONGBEN_0131,SHSRC0033,傷寒論（宋本）,songben,131.0,辨太陽病脈證並治下,太陽病,original_clause,A,病發於陽，而反下之，熱入因作結胸；病發於陰，而反下之，因作痞也。所以成結胸者，以下之太早故也。結胸者，項亦強，如柔痙狀，下之則和，宜大陷胸丸。,病發於陽，而反下之，熱入因作結胸；病發於陰，而反下之，因作痞也。所以成結胸者，以下之太早故也。結胸者，項亦強，如柔痙狀，下之則和，宜大陷胸丸。,True,"[""大陷胸丸""]","[{""formula_name"": ""大陷胸丸"", ""composition"": [{""herb"": ""大黃"", ""dose_processing"": ""半斤""}, {""herb"": ""葶藶子"", ""dose_processing"": ""半升，熬""}, {""herb"": ""芒硝"", ""dose_processing"": ""半升""}, {""herb"": ""杏仁"", ""dose_processing"": ""半升，去皮尖，熬黑""}], ""preparation"": ""右四味，搗篩二味，內杏仁、芒硝，合研如脂，和散，取如彈丸一枚；別搗甘遂末一錢匕，白蜜二合，水二升，煮取一升，溫，"", ""administration"": ""頓服之。一宿乃下。如不下，更服，取下為效。禁如藥法。"", ""post_notes"": [], ""raw_text"": ""**大陷胸丸方**\n\n大黃<l>半斤</l>　葶藶子<l>半升，熬</l>　芒硝<l>半升</l>　杏仁<l>半升，去皮尖，熬黑</l>\n\n右四味，搗篩二味，內杏仁、芒硝，合研如脂，和散，取如彈丸一枚；別搗甘遂末一錢匕，白蜜二合，水二升，煮取一升，溫，頓服之。一宿乃下。如不下，更服，取下為效。禁如藥法。""}]",[],[],[],"[""結胸"", ""痞"", ""柔痙""]","[""下之""]",[],"[""而反下之""]","[""結胸"", ""痙"", ""痞""]",[],"[""大黃"", ""杏仁"", ""芒硝"", ""葶藶子""]",[],[],"[""反"", ""宜""]",7caa8aa52fd816be6c61519ee6ecbf5acca6d66c19d6a6704e37f05b7d81dc67,pending,,text_match_multi
SHL_SONGBEN_0132,SHSRC0033,傷寒論（宋本）,songben,132.0,辨太陽病脈證並治下,太陽病,original_clause,A,結胸證，其脈浮大者，不可下，下之則死。,結胸證，其脈浮大者，不可下，下之則死。,False,[],[],[],[],"[""浮"", ""浮大""]","[""結胸""]","[""下之""]","[""不可下""]","[""下之""]","[""結胸""]","[""死""]",[],[],[],"[""不可""]",db6ef69633e8ad0bf804cbedbd2cd452d53129acfd55f209f63cdfefc25b2ba6,pending,,text_match_multi
SHL_SONGBEN_0133,SHSRC0033,傷寒論（宋本）,songben,133.0,辨太陽病脈證並治下,太陽病,original_clause,A,結胸證悉具，煩躁者亦死。,結胸證悉具，煩躁者亦死。,False,[],[],"[""煩躁""]",[],[],"[""結胸""]",[],[],[],"[""煩躁"", ""結胸""]","[""死""]",[],[],[],[],aca44e107466c87c2534bd252a91bf521df89501fcf3b4303780cc0a34624a52,pending,,text_match_multi
SHL_SONGBEN_0134,SHSRC0033,傷寒論（宋本）,songben,134.0,辨太陽病脈證並治下,太陽病,original_clause,A,太陽病，脈浮而動數，浮則為風，數則為熱，動則為痛，數則為虛。頭痛發熱，微盜汗出，而反惡寒者，表未解也，醫反下之，動數變遲，膈內拒痛，胃中空虛，客氣動膈，短氣躁煩，心中懊憹，陽氣內陷，心下因鞕，則為結胸，大陷胸湯主之。若不結胸，但頭汗出，餘處無汗，劑頸而還，小便不利，身必發黃。,太陽病，脈浮而動數，浮則為風，數則為熱，動則為痛，數則為虛。頭痛發熱，微盜汗出，而反惡寒者，表未解也，醫反下之，動數變遲，膈內拒痛，胃中空虛，客氣動膈，短氣躁煩，心中懊憹，陽氣內陷，心下因鞕，則為結胸，大陷胸湯主之。若不結胸，但頭汗出，餘處無汗，劑頸而還，小便不利，身必發黃。,True,"[""大陷胸湯""]","[{""formula_name"": ""大陷胸湯"", ""composition"": [{""herb"": ""大黃"", ""dose_processing"": ""六兩，去皮""}, {""herb"": ""芒硝"", ""dose_processing"": ""一升""}, {""herb"": ""甘遂"", ""dose_processing"": ""一錢匕""}], ""preparation"": ""右三味，以水六升，先煮大黃，取二升，去滓，內芒硝，煮一兩沸，內甘遂末，"", ""administration"": ""溫服一升。得快利，止後服。"", ""post_notes"": [], ""raw_text"": ""**大陷胸湯方**\n\n大黃<l>六兩，去皮</l>　芒硝<l>一升</l>　甘遂<l>一錢匕</l>\n\n右三味，以水六升，先煮大黃，取二升，去滓，內芒硝，煮一兩沸，內甘遂末，溫服一升。得快利，止後服。""}]","[""頭痛"", ""發熱"", ""微盜汗出"", ""反惡寒"", ""短氣"", ""躁煩"", ""心中懊憹"", ""心下因硬"", ""頭汗出"", ""無汗"", ""小便不利"", ""發黃""]",[],"[""浮"", ""浮數動""]","[""太陽病"", ""結胸""]","[""下之""]",[],"[""醫反下之""]","[""客氣動膈"", ""心中懊憹"", ""短氣躁煩"", ""胃中空虛"", ""懊憹"", ""發黃"", ""結胸""]","[""解""]","[""大黃"", ""甘遂"", ""芒硝""]",[],[],"[""若"", ""反"", ""必"", ""但"", ""主之""]",cb32ec92bec8c7f5291bb9409020eea2591f8136d4ad10bcb402811e50e31b2c,pending,,text_match_multi
SHL_SONGBEN_0135,SHSRC0033,傷寒論（宋本）,songben,135.0,辨太陽病脈證並治下,太陽病,original_clause,A,傷寒六七日，結胸熱實，脈沉而緊，心下痛，按之石鞕者，大陷胸湯主之。,傷寒六七日，結胸熱實，脈沉而緊，心下痛，按之石鞕者，大陷胸湯主之。,True,"[""大陷胸湯""]",[],[],[],"[""沉而緊"", ""沉緊""]","[""傷寒"", ""結胸""]",[],[],[],"[""結胸""]",[],[],"[""六七日""]",[],"[""主之""]",ad4da79a3c0df53d31cc4ea34100e6f14b4d86caf22e32c95d7200e77993aa67,pending,,text_match_multi
SHL_SONGBEN_0136,SHSRC0033,傷寒論（宋本）,songben,136.0,辨太陽病脈證並治下,太陽病,original_clause,A,傷寒十餘日，熱結在裏，復往來寒熱者，與大柴胡湯；但結胸，無大熱者，此為水結在胸脇也，但頭微汗出者，大陷胸湯主之。,傷寒十餘日，熱結在裏，復往來寒熱者，與大柴胡湯；但結胸，無大熱者，此為水結在胸脇也，但頭微汗出者，大陷胸湯主之。,True,"[""大柴胡湯"", ""大陷胸湯""]",[],"[""往來寒熱"", ""無大熱"", ""汗出""]",[],[],"[""傷寒"", ""結胸""]",[],[],[],"[""結胸""]",[],[],[],[],"[""但"", ""主之""]",1237650f4e86bd700c8427804c8f196effdc53ecce45135f079cc2138c3244e7,pending,,text_match_multi
SHL_SONGBEN_0137,SHSRC0033,傷寒論（宋本）,songben,137.0,辨太陽病脈證並治下,太陽病,original_clause,A,太陽病，重發汗而復下之，不大便五六日，舌上燥而渴，日晡所小有潮熱，從心下至少腹鞕滿而痛，不可近者，大陷胸湯主之。,太陽病，重發汗而復下之，不大便五六日，舌上燥而渴，日晡所小有潮熱，從心下至少腹鞕滿而痛，不可近者，大陷胸湯主之。,True,"[""大陷胸湯""]",[],"[""不大便"", ""舌上燥"", ""渴"", ""潮熱"", ""少腹硬滿""]",[],[],"[""太陽病""]","[""發汗"", ""下之""]",[],"[""復下之"", ""重發汗""]",[],[],[],"[""五六日""]",[],"[""不可"", ""主之""]",85ec0bac0d64a0cebd28a15053971504df4aa3c2bf2373888687488170b3c7e2,pending,,text_match_multi
SHL_SONGBEN_0138,SHSRC0033,傷寒論（宋本）,songben,138.0,辨太陽病脈證並治下,太陽病,original_clause,A,小結胸病，正在心下，按之則痛，脈浮滑者，小陷胸湯主之。,小結胸病，正在心下，按之則痛，脈浮滑者，小陷胸湯主之。,True,"[""小陷胸湯""]","[{""formula_name"": ""小陷胸湯"", ""composition"": [{""herb"": ""黃連"", ""dose_processing"": ""一兩""}, {""herb"": ""半夏"", ""dose_processing"": ""半升，洗""}, {""herb"": ""栝蔞實"", ""dose_processing"": ""大者一枚""}], ""preparation"": ""右三味，以水六升，先煮栝蔞，取三升，去滓，內諸藥，煮取二升，去滓，"", ""administration"": ""分溫三服。"", ""post_notes"": [], ""raw_text"": ""**小陷胸湯方**\n\n黃連<l>一兩</l>　半夏<l>半升，洗</l>　栝蔞實<l>大者一枚</l>\n\n右三味，以水六升，先煮栝蔞，取三升，去滓，內諸藥，煮取二升，去滓，分溫三服。""}]",[],[],"[""浮滑""]","[""結胸""]",[],[],[],"[""結胸""]",[],"[""半夏"", ""栝蔞實"", ""黃連""]",[],[],"[""主之""]",e0f86158d9335e1548d84c3ce2eec19909c479f21f9cbe789a0f3cebb61acba7,pending,,text_match_multi
SHL_SONGBEN_0139,SHSRC0033,傷寒論（宋本）,songben,139.0,辨太陽病脈證並治下,太陽病,original_clause,A,太陽病，二三日，不能臥，但欲起，心下必結，脈微弱者，此本有寒分也。反下之，若利止，必作結胸；未止者，四日復下之，此作協熱利也。,太陽病，二三日，不能臥，但欲起，心下必結，脈微弱者，此本有寒分也。反下之，若利止，必作結胸；未止者，四日復下之，此作協熱利也。,False,[],[],[],[],"[""微弱""]","[""太陽病"", ""結胸""]","[""下之""]",[],"[""反下之""]","[""協熱利"", ""結胸""]",[],[],"[""二三日"", ""四日""]",[],"[""若"", ""反"", ""必"", ""但""]",7711d1c92256f975f50a849650286f6fd28ce6c9f7faeb25f8db04a09bdf67cd,pending,,text_match_multi
SHL_SONGBEN_0140,SHSRC0033,傷寒論（宋本）,songben,140.0,辨太陽病脈證並治下,太陽病,original_clause,A,太陽病，下之，其脈促，不結胸者，此為欲解也；脈浮者，必結胸；脈緊者，必咽痛；脈弦者，必兩脇拘急；脈細數者，頭痛未止；脈沉緊者，必欲嘔；脈沉滑者，協熱利；脈浮滑者，必下血。,太陽病，下之，其脈促，不結胸者，此為欲解也；脈浮者，必結胸；脈緊者，必咽痛；脈弦者，必兩脇拘急；脈細數者，頭痛未止；脈沉緊者，必欲嘔；脈沉滑者，協熱利；脈浮滑者，必下血。,False,[],[],"[""咽痛"", ""頭痛"", ""欲嘔"", ""下血""]",[],"[""促"", ""浮"", ""緊"", ""弦"", ""細數"", ""沉緊"", ""沉"", ""浮滑"", ""數細"", ""沉滑""]","[""太陽病"", ""結胸""]","[""下之""]",[],"[""下之""]","[""協熱利"", ""結胸""]","[""解"", ""為欲解""]",[],[],[],"[""必"", ""急""]",7a878b8cf2c588f2f8ff7449a897d0eba61edbf86e1a454f1374931c4a3892a6,pending,,text_match_multi
SHL_SONGBEN_0141,SHSRC0033,傷寒論（宋本）,songben,141.0,辨太陽病脈證並治下,太陽病,original_clause,A,病在陽，應以汗解之，反以冷水潠之，若灌之，其熱被劫，不得去，彌更益煩，肉上粟起，意欲飲水，反不渴者，服文蛤散；若不差者，與五苓散。<j>本條前段參別本加入。</j>寒實結胸，無熱證者，與三物小陷胸湯，白散亦可服<j>考《金匱玉函經》、《千金翼方》均無“陷胸湯”及“亦可服”六字。</j>。,病在陽，應以汗解之，反以冷水潠之，若灌之，其熱被劫，不得去，彌更益煩，肉上粟起，意欲飲水，反不渴者，服文蛤散；若不差者，與五苓散。寒實結胸，無熱證者，與三物小陷胸湯，白散亦可服。,True,"[""文蛤散"", ""三物白散"", ""五苓散"", ""小陷胸湯"", ""三物小白散""]","[{""formula_name"": ""文蛤散"", ""composition"": [{""herb"": ""文蛤"", ""dose_processing"": ""五兩""}], ""preparation"": ""右一味，為散，以沸湯和一方寸匕服，湯用五合。（注：本方參別本加入。）"", ""administration"": """", ""post_notes"": [], ""raw_text"": ""**文蛤散方**\n\n文蛤<l>五兩</l>\n\n右一味，為散，以沸湯和一方寸匕服，湯用五合。<j>本方參別本加入。</j>""}, {""formula_name"": ""三物白散"", ""composition"": [{""herb"": ""桔梗"", ""dose_processing"": ""三分""}, {""herb"": ""巴豆"", ""dose_processing"": ""一分，去皮心，熬黑，研如脂""}, {""herb"": ""貝母"", ""dose_processing"": ""三分""}], ""preparation"": ""右三味，為散，內巴豆更於臼中杵之，以"", ""administration"": ""白飲和服。強人半錢匕，羸者減之。病在膈上必吐，在膈下必利。不利，進熱粥一杯；利過不止，進冷粥一杯。"", ""post_notes"": [], ""raw_text"": ""**三物白散方**\n\n桔梗<l>三分</l>　巴豆<l>一分，去皮心，熬黑，研如脂</l>　貝母<l>三分</l>\n\n右三味，為散，內巴豆更於臼中杵之，以白飲和服。強人半錢匕，羸者減之。病在膈上必吐，在膈下必利。不利，進熱粥一杯；利過不止，進冷粥一杯。""}]","[""意欲飲水"", ""反不渴""]",[],[],"[""結胸""]","[""汗解""]",[],[],"[""結胸""]","[""解""]","[""巴豆"", ""文蛤"", ""桔梗"", ""貝母""]",[],"[""本條前段參別本加入。"", ""考《金匱玉函經》、《千金翼方》均無“陷胸湯”及“亦可服”六字。""]","[""若"", ""反""]",f483aaea3c4f6fd211c86b5773e58f5c0c84b6152726b141a7d6c4e0072dfac6,pending,,text_match_multi
SHL_SONGBEN_0142,SHSRC0033,傷寒論（宋本）,songben,142.0,辨太陽病脈證並治下,太陽病,original_clause,A,太陽與少陽并病，頭項強痛，或眩冒，時如結胸，心下痞鞕者，當刺大椎第一間、肺俞、肝俞，慎不可發汗，發汗則譫語、脈弦，五日譫語不止，當刺期門。,太陽與少陽并病，頭項強痛，或眩冒，時如結胸，心下痞鞕者，當刺大椎第一間、肺俞、肝俞，慎不可發汗，發汗則譫語、脈弦，五日譫語不止，當刺期門。,False,[],[],"[""頭項強痛"", ""眩冒"", ""心下痞硬"", ""譫語""]",[],"[""弦""]","[""結胸""]","[""可發汗""]","[""慎不可發汗""]",[],"[""心下痞"", ""結胸"", ""譫語"", ""痞""]",[],[],"[""五日""]",[],"[""不可"", ""或"", ""慎""]",e3defd2fdc14dae2dc270cda8f710cbd9f51a8fff49b8c1a13bdfee376226b06,pending,,text_match_multi
SHL_SONGBEN_0143,SHSRC0033,傷寒論（宋本）,songben,143.0,辨太陽病脈證並治下,太陽病,original_clause,A,婦人中風，發熱惡寒，經水適來，得之七八日，熱除而脈遲身涼，胸脇下滿，如結胸狀，譫語者，此為熱入血室也。當刺期門，隨其實而取之。,婦人中風，發熱惡寒，經水適來，得之七八日，熱除而脈遲身涼，胸脇下滿，如結胸狀，譫語者，此為熱入血室也。當刺期門，隨其實而取之。,False,[],[],"[""發熱"", ""惡寒"", ""胸脅下滿"", ""譫語""]",[],"[""遲""]","[""中風"", ""結胸"", ""熱入血室""]",[],[],[],"[""結胸"", ""譫語""]",[],[],"[""七八日""]",[],"[""得之""]",b5eadfc3e1aca9b175a3b9e33aebd3e067d2c947f820cd9dafbbb7e52da10af3,pending,,text_match_multi
SHL_SONGBEN_0144,SHSRC0033,傷寒論（宋本）,songben,144.0,辨太陽病脈證並治下,太陽病,original_clause,A,婦人中風，七八日續得寒熱，發作有時，經水適斷者，此為熱入血室，其血必結，故使如瘧狀，發作有時，小柴胡湯主之。,婦人中風，七八日續得寒熱，發作有時，經水適斷者，此為熱入血室，其血必結，故使如瘧狀，發作有時，小柴胡湯主之。,True,"[""小柴胡湯""]",[],"[""如瘧狀""]",[],[],"[""中風"", ""熱入血室""]",[],[],[],[],[],[],"[""七八日""]",[],"[""必"", ""主之""]",81cc283e92fa4c999ecd2a1ebc729a0c41667213f252b1b6faf2aa154d8de3b1,pending,,text_match_multi
SHL_SONGBEN_0145,SHSRC0033,傷寒論（宋本）,songben,145.0,辨太陽病脈證並治下,太陽病,original_clause,A,婦人傷寒，發熱，經水適來，晝日明了，暮則譫語，如見鬼狀，此為熱入血室，無犯胃氣及上二焦，必自愈。,婦人傷寒，發熱，經水適來，晝日明了，暮則譫語，如見鬼狀，此為熱入血室，無犯胃氣及上二焦，必自愈。,False,[],[],"[""發熱"", ""譫語"", ""如見鬼狀""]",[],[],"[""傷寒"", ""熱入血室""]",[],[],[],"[""譫語""]","[""必自愈"", ""愈""]",[],[],[],"[""必""]",f0e9d6b46e7903df6d5344c35263452e49bc7a21660018dd61e03fe1e58b0322,pending,,text_match_multi
SHL_SONGBEN_0146,SHSRC0033,傷寒論（宋本）,songben,146.0,辨太陽病脈證並治下,太陽病,original_clause,A,傷寒六七日，發熱，微惡寒，支節煩疼，微嘔，心下支結，外證未去者，柴胡桂枝湯主之。,傷寒六七日，發熱，微惡寒，支節煩疼，微嘔，心下支結，外證未去者，柴胡桂枝湯主之。,True,"[""柴胡桂枝湯""]","[{""formula_name"": ""柴胡桂枝湯"", ""composition"": [{""herb"": ""桂枝"", ""dose_processing"": ""一兩半，去皮""}, {""herb"": ""黃芩"", ""dose_processing"": ""一兩半""}, {""herb"": ""人參"", ""dose_processing"": ""一兩半""}, {""herb"": ""甘草"", ""dose_processing"": ""一兩，炙""}, {""herb"": ""半夏"", ""dose_processing"": ""二合半，洗""}, {""herb"": ""芍藥"", ""dose_processing"": ""一兩半""}, {""herb"": ""大棗"", ""dose_processing"": ""六枚，擘""}, {""herb"": ""生薑"", ""dose_processing"": ""一兩半，切""}, {""herb"": ""柴胡"", ""dose_processing"": ""四兩""}], ""preparation"": ""右九味，以水七升，煮取三升，去滓，"", ""administration"": ""溫服一升。（注：某版下有「本云：人參湯，作如桂枝法，加半夏、柴胡、黃芩；復如柴胡法，今用人參，作半劑。」）"", ""post_notes"": [], ""raw_text"": ""**柴胡桂枝湯方**\n\n桂枝<l>一兩半，去皮</l>　黃芩<l>一兩半</l>　人參<l>一兩半</l>　甘草<l>一兩，炙</l>　半夏<l>二合半，洗</l>　芍藥<l>一兩半</l>　大棗<l>六枚，擘</l>　生薑<l>一兩半，切</l>　柴胡<l>四兩</l>\n\n右九味，以水七升，煮取三升，去滓，溫服一升。<j>某版下有「本云：人參湯，作如桂枝法，加半夏、柴胡、黃芩；復如柴胡法，今用人參，作半劑。」</j>""}]","[""發熱"", ""微惡寒"", ""嘔"", ""心下支結""]",[],[],"[""傷寒""]",[],[],[],[],[],"[""人參"", ""半夏"", ""大棗"", ""柴胡"", ""桂枝"", ""甘草"", ""生薑"", ""芍藥"", ""黃芩""]","[""六七日""]",[],"[""主之""]",659eef7651ee1c0297fad9b637c7700a79222a0c23b5482cb9c916cebaae76c9,pending,,text_match_multi
SHL_SONGBEN_0147,SHSRC0033,傷寒論（宋本）,songben,147.0,辨太陽病脈證並治下,太陽病,original_clause,A,傷寒五六日，已發汗而復下之，胸脇滿微結，小便不利，渴而不嘔，但頭汗出，往來寒熱，心煩者，此為未解也，柴胡桂枝乾薑湯主之。,傷寒五六日，已發汗而復下之，胸脇滿微結，小便不利，渴而不嘔，但頭汗出，往來寒熱，心煩者，此為未解也，柴胡桂枝乾薑湯主之。,True,"[""柴胡桂枝乾薑湯""]","[{""formula_name"": ""柴胡桂枝乾薑湯"", ""composition"": [{""herb"": ""柴胡"", ""dose_processing"": ""半斤""}, {""herb"": ""桂枝"", ""dose_processing"": ""三兩，去皮""}, {""herb"": ""乾薑"", ""dose_processing"": ""二兩""}, {""herb"": ""栝蔞根"", ""dose_processing"": ""四兩""}, {""herb"": ""黃芩"", ""dose_processing"": ""三兩""}, {""herb"": ""牡蠣"", ""dose_processing"": ""二兩，熬""}, {""herb"": ""甘草"", ""dose_processing"": ""二兩，炙""}], ""preparation"": ""右七味，以水一斗二升，煮取六升，去滓，再煎取三升，"", ""administration"": ""溫服一升，日三服。初服微煩，復服，汗出便愈。"", ""post_notes"": [], ""raw_text"": ""**柴胡桂枝乾薑湯方**\n\n柴胡<l>半斤</l>　桂枝<l>三兩，去皮</l>　乾薑<l>二兩</l>　栝蔞根<l>四兩</l>　黃芩<l>三兩</l>　牡蠣<l>二兩，熬</l>　甘草<l>二兩，炙</l>\n\n右七味，以水一斗二升，煮取六升，去滓，再煎取三升，溫服一升，日三服。初服微煩，復服，汗出便愈。""}]","[""胸脅滿"", ""小便不利"", ""渴"", ""頭汗出"", ""往來寒熱"", ""心煩""]","[""不嘔""]",[],"[""傷寒""]","[""發汗"", ""下之""]",[],"[""復下之""]",[],"[""解""]","[""乾薑"", ""柴胡"", ""栝蔞根"", ""桂枝"", ""牡蠣"", ""甘草"", ""黃芩""]","[""五六日""]",[],"[""但"", ""主之""]",749de9fd7b0c47c9af1c4f2262ad74d7381841a8368b0c08b092a719054cff02,pending,,text_match_multi
SHL_SONGBEN_0148,SHSRC0033,傷寒論（宋本）,songben,148.0,辨太陽病脈證並治下,太陽病,original_clause,A,傷寒五六日，頭汗出，微惡寒，手足冷，心下滿，口不欲食，大便鞕，脈細者，此為陽微結，必有表，復有裏也。脈沉，亦在裏也。汗出，為陽微。假令純陰結，不得復有外證，悉入在裏，此為半在裏半在外也。脈雖沉緊，不得為少陰病。所以然者，陰不得有汗，今頭汗出，故知非少陰也。可與小柴胡湯，設不了了者，得屎而解。,傷寒五六日，頭汗出，微惡寒，手足冷，心下滿，口不欲食，大便鞕，脈細者，此為陽微結，必有表，復有裏也。脈沉，亦在裏也。汗出，為陽微。假令純陰結，不得復有外證，悉入在裏，此為半在裏半在外也。脈雖沉緊，不得為少陰病。所以然者，陰不得有汗，今頭汗出，故知非少陰也。可與小柴胡湯，設不了了者，得屎而解。,True,"[""小柴胡湯""]",[],"[""頭汗出"", ""微惡寒"", ""大便硬"", ""汗出""]",[],"[""細"", ""沉"", ""沉緊""]","[""傷寒"", ""少陰病""]",[],[],[],[],"[""解""]",[],"[""五六日""]",[],"[""可與"", ""必""]",e28f2bec524d09ff1b1edd509e55ace865c61f66878f9e1d7037703910c62870,pending,,text_match_multi
SHL_SONGBEN_0149,SHSRC0033,傷寒論（宋本）,songben,149.0,辨太陽病脈證並治下,太陽病,original_clause,A,傷寒五六日，嘔而發熱者，柴胡湯證具，而以他藥下之，柴胡證仍在者，復與柴胡湯。此雖已下之，不為逆，必蒸蒸而振，卻發熱汗出而解。若心下滿而鞕痛者，此為結胸也，大陷胸湯主之。但滿而不痛者，此為痞，柴胡不中與之，宜半夏瀉心湯。,傷寒五六日，嘔而發熱者，柴胡湯證具，而以他藥下之，柴胡證仍在者，復與柴胡湯。此雖已下之，不為逆，必蒸蒸而振，卻發熱汗出而解。若心下滿而鞕痛者，此為結胸也，大陷胸湯主之。但滿而不痛者，此為痞，柴胡不中與之，宜半夏瀉心湯。,True,"[""半夏瀉心湯"", ""小柴胡湯"", ""大陷胸湯""]","[{""formula_name"": ""半夏瀉心湯"", ""composition"": [{""herb"": ""半夏"", ""dose_processing"": ""半升，洗""}, {""herb"": ""黃芩"", ""dose_processing"": """"}, {""herb"": ""乾薑"", ""dose_processing"": """"}, {""herb"": ""人參"", ""dose_processing"": """"}, {""herb"": ""甘草"", ""dose_processing"": ""炙，各三兩""}, {""herb"": ""黃連"", ""dose_processing"": ""一兩""}, {""herb"": ""大棗"", ""dose_processing"": ""十二枚，擘""}], ""preparation"": ""右七味，以水一斗，煮取六升，去滓，再煎取三升，"", ""administration"": ""溫服一升，日三服。"", ""post_notes"": [], ""raw_text"": ""**半夏瀉心湯方**\n\n半夏<l>半升，洗</l>　黃芩　乾薑　人參　甘草<l>炙，各三兩</l>　黃連<l>一兩</l>　大棗<l>十二枚，擘</l>\n\n右七味，以水一斗，煮取六升，去滓，再煎取三升，溫服一升，日三服。""}]","[""嘔"", ""發熱"", ""汗出""]",[],[],"[""傷寒"", ""結胸"", ""痞""]","[""下之""]","[""不中與""]","[""下之""]","[""結胸"", ""痞""]","[""解""]","[""乾薑"", ""人參"", ""半夏"", ""大棗"", ""甘草"", ""黃芩"", ""黃連""]","[""五六日""]",[],"[""若"", ""必"", ""但"", ""宜"", ""主之""]",d0c1c47c24f9727ba399cbff9fc77431017bb01161bab8c2edfea7d2829c4779,pending,,text_match_multi
SHL_SONGBEN_0150,SHSRC0033,傷寒論（宋本）,songben,150.0,辨太陽病脈證並治下,太陽病,original_clause,A,太陽少陽并病，而反下之，成結胸，心下鞕，下利不止，水漿不下，其人心煩。,太陽少陽并病，而反下之，成結胸，心下鞕，下利不止，水漿不下，其人心煩。,False,[],[],"[""心下硬"", ""下利不止"", ""心煩""]",[],[],"[""結胸""]","[""下之""]",[],"[""而反下之""]","[""下利不止"", ""結胸""]",[],[],[],[],"[""反""]",d347fc349a9c312661fd2eddf290b30615c912862c7a57a454cd91381652a402,pending,,text_match_multi
SHL_SONGBEN_0151,SHSRC0033,傷寒論（宋本）,songben,151.0,辨太陽病脈證並治下,太陽病,original_clause,A,脈浮而緊，而復下之，緊反入裏，則作痞，按之自濡，但氣痞耳。,脈浮而緊，而復下之，緊反入裏，則作痞，按之自濡，但氣痞耳。,False,[],[],[],[],"[""浮而緊"", ""浮緊""]","[""痞""]","[""下之""]",[],"[""復下之""]","[""痞""]",[],[],[],[],"[""反"", ""但""]",d7fb818b285addf6348837481c6ff57faf093d50a4f613b1a324e116d94255a2,pending,,text_match_multi
SHL_SONGBEN_0152,SHSRC0033,傷寒論（宋本）,songben,152.0,辨太陽病脈證並治下,太陽病,original_clause,A,太陽中風，下利，嘔逆，表解者，乃可攻之。其人漐漐汗出，發作有時，頭痛，心下痞鞕滿，引脇下痛，乾嘔，短氣，汗出不惡寒者，此表解裏未和也，十棗湯主之。,太陽中風，下利，嘔逆，表解者，乃可攻之。其人漐漐汗出，發作有時，頭痛，心下痞鞕滿，引脇下痛，乾嘔，短氣，汗出不惡寒者，此表解裏未和也，十棗湯主之。,True,"[""十棗湯""]","[{""formula_name"": ""十棗湯"", ""composition"": [{""herb"": ""芫花"", ""dose_processing"": ""熬""}, {""herb"": ""甘遂"", ""dose_processing"": """"}, {""herb"": ""大戟"", ""dose_processing"": """"}], ""preparation"": ""右三味，等分，各別搗為散，以水一升半，先煮大棗肥者十枚，取八合，去滓，內藥末。強人服一錢匕，羸人服半錢。"", ""administration"": ""溫服之，平旦服。若下後病不除者，明日更服加半錢，得快下利後，糜粥自養。"", ""post_notes"": [], ""raw_text"": ""**十棗湯方**\n\n芫花<l>熬</l>　甘遂　大戟\n\n右三味，等分，各別搗為散，以水一升半，先煮大棗肥者十枚，取八合，去滓，內藥末。強人服一錢匕，羸人服半錢。溫服之，平旦服。若下後病不除者，明日更服加半錢，得快下利後，糜粥自養。""}]","[""下利"", ""嘔逆"", ""漐漐汗出"", ""頭痛"", ""心下痞硬"", ""乾嘔"", ""短氣"", ""汗出"", ""不惡寒""]",[],[],"[""太陽中風""]","[""攻之""]",[],[],"[""心下痞"", ""痞""]","[""解""]","[""大戟"", ""甘遂"", ""芫花""]",[],[],"[""主之""]",b60bbbe305a59c2a212c6471c75f449b061a418a5aaa07313168158d3c901ae7,pending,,text_match_multi
SHL_SONGBEN_0153,SHSRC0033,傷寒論（宋本）,songben,153.0,辨太陽病脈證並治下,太陽病,original_clause,A,太陽病，醫發汗，遂發熱惡寒，因復下之，心下痞，表裏俱虛，陰陽氣并竭，無陽則陰獨，復加燒針，因胸煩。面色青黃，膚瞤者，難治。今色微黃，手足溫者，易愈。,太陽病，醫發汗，遂發熱惡寒，因復下之，心下痞，表裏俱虛，陰陽氣并竭，無陽則陰獨，復加燒針，因胸煩。面色青黃，膚瞤者，難治。今色微黃，手足溫者，易愈。,False,[],[],"[""發熱"", ""惡寒"", ""心下痞"", ""面色青黃"", ""手足溫""]",[],[],"[""太陽病""]","[""發汗"", ""下之""]",[],"[""復下之"", ""燒針""]","[""心下痞"", ""痞""]","[""愈"", ""難治""]",[],[],[],[],d12cc3aa472e6b3aab00a8895ede5985f1eec3aa0c4d612d4a809cb0c7a2acf1,pending,,text_match_multi
SHL_SONGBEN_0154,SHSRC0033,傷寒論（宋本）,songben,154.0,辨太陽病脈證並治下,太陽病,original_clause,A,心下痞，按之濡，其脈關上浮者，大黃黃連瀉心湯主之。,心下痞，按之濡，其脈關上浮者，大黃黃連瀉心湯主之。,True,"[""大黃黃連瀉心湯""]","[{""formula_name"": ""大黃黃連瀉心湯"", ""composition"": [{""herb"": ""大黃"", ""dose_processing"": ""二兩""}, {""herb"": ""黃連"", ""dose_processing"": ""一兩""}], ""preparation"": ""右二味，以麻沸湯二升漬之，須臾，絞去滓，"", ""administration"": ""分溫再服。"", ""post_notes"": [], ""raw_text"": ""**大黃黃連瀉心湯方**\n\n大黃<l>二兩</l>　黃連<l>一兩</l>\n\n右二味，以麻沸湯二升漬之，須臾，絞去滓，分溫再服。""}]","[""心下痞""]",[],"[""浮""]",[],[],[],[],"[""心下痞"", ""痞""]",[],"[""大黃"", ""黃連""]",[],[],"[""主之""]",a611d81826b0600bfd081d549b02cb0f19a9a9717860e22651a396d7403c5569,pending,,text_match_multi
SHL_SONGBEN_0155,SHSRC0033,傷寒論（宋本）,songben,155.0,辨太陽病脈證並治下,太陽病,original_clause,A,心下痞，而復惡寒汗出者，附子瀉心湯主之。,心下痞，而復惡寒汗出者，附子瀉心湯主之。,True,"[""附子瀉心湯""]","[{""formula_name"": ""附子瀉心湯"", ""composition"": [{""herb"": ""大黃"", ""dose_processing"": ""二兩""}, {""herb"": ""黃連"", ""dose_processing"": ""一兩""}, {""herb"": ""黃芩"", ""dose_processing"": ""一兩""}, {""herb"": ""附子"", ""dose_processing"": ""一枚，炮，去皮，破，別煮取汁""}], ""preparation"": ""右四味，切三味，以麻沸湯二升漬之，須臾，絞去滓，內附子汁，"", ""administration"": ""分溫再服。"", ""post_notes"": [], ""raw_text"": ""**附子瀉心湯方**\n\n大黃<l>二兩</l>　黃連<l>一兩</l>　黃芩<l>一兩</l>　附子<l>一枚，炮，去皮，破，別煮取汁</l>\n\n右四味，切三味，以麻沸湯二升漬之，須臾，絞去滓，內附子汁，分溫再服。""}]","[""心下痞"", ""惡寒"", ""汗出""]",[],[],[],[],[],[],"[""心下痞"", ""痞""]",[],"[""大黃"", ""附子"", ""黃芩"", ""黃連""]",[],[],"[""主之""]",e1124d68982c2a7467155bd22e2780786397fee936be126f195ee964a87f3929,pending,,text_match_multi
SHL_SONGBEN_0156,SHSRC0033,傷寒論（宋本）,songben,156.0,辨太陽病脈證並治下,太陽病,original_clause,A,本以下之，故心下痞，與瀉心湯，痞不解，其人渴而口燥，煩，小便不利者，五苓散主之。,本以下之，故心下痞，與瀉心湯，痞不解，其人渴而口燥，煩，小便不利者，五苓散主之。,True,"[""五苓散""]",[],"[""心下痞"", ""渴"", ""口燥"", ""小便不利""]",[],[],"[""痞""]","[""下之""]",[],"[""下之""]","[""心下痞"", ""痞""]","[""解""]",[],[],[],"[""主之""]",a915102224cbffe9b6b2d607849971e7e81a281575e19167541f2b462a17ecdb,pending,,text_match_multi
SHL_SONGBEN_0157,SHSRC0033,傷寒論（宋本）,songben,157.0,辨太陽病脈證並治下,太陽病,original_clause,A,"傷寒汗出，解之後，胃中不和，心下痞鞕，乾噫食臭，脇下有水氣，腹中雷鳴，下利者，生薑瀉心湯主之。
附子瀉心湯，本云：加附子。半夏瀉心湯、甘草瀉心湯，同體別名耳。生薑瀉心湯，本云：理中人參黃茶湯，去桂枝朮，加黃連，並瀉肝法。","傷寒汗出，解之後，胃中不和，心下痞鞕，乾噫食臭，脇下有水氣，腹中雷鳴，下利者，生薑瀉心湯主之。
附子瀉心湯，本云：加附子。半夏瀉心湯、甘草瀉心湯，同體別名耳。生薑瀉心湯，本云：理中人參黃茶湯，去桂枝朮，加黃連，並瀉肝法。",True,"[""生薑瀉心湯"", ""附子瀉心湯"", ""半夏瀉心湯"", ""甘草瀉心湯"", ""理中丸""]","[{""formula_name"": ""生薑瀉心湯"", ""composition"": [{""herb"": ""生薑"", ""dose_processing"": ""四兩，切""}, {""herb"": ""甘草"", ""dose_processing"": ""三兩，炙""}, {""herb"": ""人參"", ""dose_processing"": ""三兩""}, {""herb"": ""乾薑"", ""dose_processing"": ""一兩""}, {""herb"": ""黃芩"", ""dose_processing"": ""三兩""}, {""herb"": ""半夏"", ""dose_processing"": ""半升，洗""}, {""herb"": ""黃連"", ""dose_processing"": ""一兩""}, {""herb"": ""大棗"", ""dose_processing"": ""十二枚，擘""}], ""preparation"": ""右八味，以水一斗，煮取六升，去滓，再煎取三升，"", ""administration"": ""溫服一升，日三服。"", ""post_notes"": [], ""raw_text"": ""**生薑瀉心湯方**\n\n生薑<l>四兩，切</l>　甘草<l>三兩，炙</l>　人參<l>三兩</l>　乾薑<l>一兩</l>　黃芩<l>三兩</l>　半夏<l>半升，洗</l>　黃連<l>一兩</l>　大棗<l>十二枚，擘</l>\n\n右八味，以水一斗，煮取六升，去滓，再煎取三升，溫服一升，日三服。""}]","[""汗出"", ""胃中不和"", ""心下痞硬"", ""乾噫食臭"", ""腹中雷鳴"", ""下利""]",[],[],"[""傷寒""]",[],[],[],"[""心下痞"", ""痞""]","[""解""]","[""乾薑"", ""人參"", ""半夏"", ""大棗"", ""甘草"", ""生薑"", ""黃芩"", ""黃連""]",[],[],"[""主之""]",5acc0723617afb770e373266974d950648a28810897f72170845fffd5f40711b,pending,,text_match_multi
SHL_SONGBEN_0158,SHSRC0033,傷寒論（宋本）,songben,158.0,辨太陽病脈證並治下,太陽病,original_clause,A,傷寒中風，醫反下之，其人下利，日數十行，穀不化，腹中雷鳴，心下痞鞕而滿，乾嘔，心煩不得安。醫見心下痞，謂病不盡，復下之，其痞益甚，此非結熱，但以胃中虛，客氣上逆，故使鞕也，甘草瀉心湯主之。,傷寒中風，醫反下之，其人下利，日數十行，穀不化，腹中雷鳴，心下痞鞕而滿，乾嘔，心煩不得安。醫見心下痞，謂病不盡，復下之，其痞益甚，此非結熱，但以胃中虛，客氣上逆，故使鞕也，甘草瀉心湯主之。,True,"[""甘草瀉心湯""]","[{""formula_name"": ""甘草瀉心湯"", ""composition"": [{""herb"": ""甘草"", ""dose_processing"": ""四兩，炙""}, {""herb"": ""黃芩"", ""dose_processing"": ""三兩""}, {""herb"": ""半夏"", ""dose_processing"": ""半升，洗""}, {""herb"": ""大棗"", ""dose_processing"": ""十二枚，擘""}, {""herb"": ""黃連"", ""dose_processing"": ""一兩""}, {""herb"": ""乾薑"", ""dose_processing"": ""三兩""}], ""preparation"": ""右六味，以水一斗，煮取六升，去滓，再煎取三升，"", ""administration"": ""溫服一升，日三服。"", ""post_notes"": [], ""raw_text"": ""**甘草瀉心湯方**\n\n甘草<l>四兩，炙</l>　黃芩<l>三兩</l>　半夏<l>半升，洗</l>　大棗<l>十二枚，擘</l>　黃連<l>一兩</l>　乾薑<l>三兩</l>\n\n右六味，以水一斗，煮取六升，去滓，再煎取三升，溫服一升，日三服。""}]","[""下利"", ""穀不化"", ""腹中雷鳴"", ""心下痞硬"", ""乾嘔"", ""心煩"", ""心下痞""]",[],[],"[""傷寒"", ""中風"", ""痞""]","[""下之""]",[],"[""醫反下之""]","[""心下痞"", ""痞""]",[],"[""乾薑"", ""半夏"", ""大棗"", ""甘草"", ""黃芩"", ""黃連""]",[],[],"[""反"", ""但"", ""主之""]",efdcc0b1b68c92e990547bf7454e0e53f0c03835aa3df56a19e7229ca40d3ee9,pending,,text_match_multi
SHL_SONGBEN_0159,SHSRC0033,傷寒論（宋本）,songben,159.0,辨太陽病脈證並治下,太陽病,original_clause,A,傷寒，服湯藥，下利不止，心下痞鞕。服瀉心湯已，復以他藥下之，利不止。醫以理中與之，利益甚。理中者，理中焦，此利在下焦，赤石脂禹餘糧湯主之。復不止者，當利其小便。,傷寒，服湯藥，下利不止，心下痞鞕。服瀉心湯已，復以他藥下之，利不止。醫以理中與之，利益甚。理中者，理中焦，此利在下焦，赤石脂禹餘糧湯主之。復不止者，當利其小便。,True,"[""赤石脂禹餘糧湯"", ""理中丸""]","[{""formula_name"": ""赤石脂禹餘糧湯"", ""composition"": [{""herb"": ""赤石脂"", ""dose_processing"": ""一斤，碎""}, {""herb"": ""太一禹餘糧"", ""dose_processing"": ""一斤，碎""}], ""preparation"": ""右二味，以水六升，煮取二升，去滓，"", ""administration"": ""分溫三服。"", ""post_notes"": [], ""raw_text"": ""**赤石脂禹餘糧湯方**\n\n赤石脂<l>一斤，碎</l>　太一禹餘糧<l>一斤，碎</l>\n\n右二味，以水六升，煮取二升，去滓，分溫三服。""}]","[""下利不止"", ""心下痞硬"", ""利不止""]",[],[],"[""傷寒""]","[""下之"", ""利其小便""]",[],"[""下之""]","[""下利不止"", ""心下痞"", ""痞""]",[],"[""太一禹餘糧"", ""赤石脂""]",[],[],"[""主之""]",21d9fb7b865c15b7d140d75a93de84b3460fa20acaed8d7f784e5db8e892ee49,pending,,text_match_multi
SHL_SONGBEN_0160,SHSRC0033,傷寒論（宋本）,songben,160.0,辨太陽病脈證並治下,太陽病,original_clause,A,傷寒吐下後，發汗，虛煩，脈甚微，八九日心下痞鞕，脇下痛，氣上衝咽喉，眩冒，經脈動惕者，久而成痿。,傷寒吐下後，發汗，虛煩，脈甚微，八九日心下痞鞕，脇下痛，氣上衝咽喉，眩冒，經脈動惕者，久而成痿。,False,[],[],"[""虛煩"", ""心下痞硬"", ""氣上衝咽喉"", ""眩冒""]",[],"[""微"", ""動""]","[""傷寒""]","[""發汗""]",[],"[""下後"", ""吐下後""]","[""心下痞"", ""虛煩"", ""痞""]",[],[],"[""八九日"", ""久""]",[],[],b5c78e439d5bb318263294add9396632906d30d135d946f59d150200177882bc,pending,,text_match_multi
SHL_SONGBEN_0161,SHSRC0033,傷寒論（宋本）,songben,161.0,辨太陽病脈證並治下,太陽病,original_clause,A,傷寒發汗，若吐若下，解後，心下痞鞕，噫氣不除者，旋覆代赭湯主之。,傷寒發汗，若吐若下，解後，心下痞鞕，噫氣不除者，旋覆代赭湯主之。,True,"[""旋覆代赭湯""]","[{""formula_name"": ""旋覆代赭湯"", ""composition"": [{""herb"": ""旋覆花"", ""dose_processing"": ""三兩""}, {""herb"": ""人參"", ""dose_processing"": ""二兩""}, {""herb"": ""生薑"", ""dose_processing"": ""五兩""}, {""herb"": ""代赭"", ""dose_processing"": ""一兩""}, {""herb"": ""甘草"", ""dose_processing"": ""三兩，炙""}, {""herb"": ""半夏"", ""dose_processing"": ""半升，洗""}, {""herb"": ""大棗"", ""dose_processing"": ""十二枚，擘""}], ""preparation"": ""右七味，以水一斗，煮取六升，去滓，再煎取三升，"", ""administration"": ""溫服一升，日三服。"", ""post_notes"": [], ""raw_text"": ""**旋覆代赭湯方**\n\n旋覆花<l>三兩</l>　人參<l>二兩</l>　生薑<l>五兩</l>　代赭<l>一兩</l>　甘草<l>三兩，炙</l>　半夏<l>半升，洗</l>　大棗<l>十二枚，擘</l>\n\n右七味，以水一斗，煮取六升，去滓，再煎取三升，溫服一升，日三服。""}]","[""心下痞硬"", ""噫氣""]",[],[],"[""傷寒""]","[""發汗""]",[],"[""若吐""]","[""心下痞"", ""痞""]","[""解""]","[""人參"", ""代赭"", ""半夏"", ""大棗"", ""旋覆花"", ""甘草"", ""生薑""]",[],[],"[""若"", ""主之""]",bbd80fd8daaf36df7092f4dc283f449d0523eefe3d99fa50b3958fec4f1e25a4,pending,,text_match_multi
SHL_SONGBEN_0162,SHSRC0033,傷寒論（宋本）,songben,162.0,辨太陽病脈證並治下,太陽病,original_clause,A,下後，不可更行桂枝湯，若汗出而喘，無大熱者，可與麻黃杏仁甘草石膏湯。,下後，不可更行桂枝湯，若汗出而喘，無大熱者，可與麻黃杏仁甘草石膏湯。,True,"[""桂枝湯"", ""麻黃杏仁甘草石膏湯""]",[],"[""汗出"", ""喘"", ""無大熱""]",[],[],[],[],"[""不可更行""]","[""下後""]",[],[],[],[],[],"[""不可"", ""可與"", ""若""]",21beb3d29eb40f461a9bb9cf2902f76a1738f03d53ce93660750672e4e2784eb,pending,,text_match_multi
SHL_SONGBEN_0163,SHSRC0033,傷寒論（宋本）,songben,163.0,辨太陽病脈證並治下,太陽病,original_clause,A,太陽病，外證未除，而數下之，遂協熱而利，利下不止，心下痞鞕，表裏不解者，桂枝人參湯主之。,太陽病，外證未除，而數下之，遂協熱而利，利下不止，心下痞鞕，表裏不解者，桂枝人參湯主之。,True,"[""桂枝人參湯""]","[{""formula_name"": ""桂枝人參湯"", ""composition"": [{""herb"": ""桂枝"", ""dose_processing"": ""四兩，別切""}, {""herb"": ""甘草"", ""dose_processing"": ""四兩，炙""}, {""herb"": ""白朮"", ""dose_processing"": ""三兩""}, {""herb"": ""人參"", ""dose_processing"": ""三兩""}, {""herb"": ""乾薑"", ""dose_processing"": ""三兩""}], ""preparation"": ""右五味，以水九升，先煮四味，取五升，內桂，更煮取三升，去滓，"", ""administration"": ""溫服一升，日再夜一服。"", ""post_notes"": [], ""raw_text"": ""**桂枝人參湯方**\n\n桂枝<l>四兩，別切</l>　甘草<l>四兩，炙</l>　白朮<l>三兩</l>　人參<l>三兩</l>　乾薑<l>三兩</l>\n\n右五味，以水九升，先煮四味，取五升，內桂，更煮取三升，去滓，溫服一升，日再夜一服。""}]","[""心下痞硬""]",[],[],"[""太陽病""]","[""下之""]",[],"[""數下之""]","[""心下痞"", ""痞""]","[""解""]","[""乾薑"", ""人參"", ""桂枝"", ""甘草"", ""白朮""]",[],[],"[""主之""]",fa9c5f3b20a8ffdb0a353764e0570c626abebe4a970fb0ed4c6d73292dbc4dee,pending,,text_match_multi
SHL_SONGBEN_0164,SHSRC0033,傷寒論（宋本）,songben,164.0,辨太陽病脈證並治下,太陽病,original_clause,A,傷寒大下後，復發汗，心下痞，惡寒者，表未解也。不可攻痞，當先解表，表解乃可攻痞。解表宜桂枝湯，攻痞宜大黃黃連瀉心湯。,傷寒大下後，復發汗，心下痞，惡寒者，表未解也。不可攻痞，當先解表，表解乃可攻痞。解表宜桂枝湯，攻痞宜大黃黃連瀉心湯。,True,"[""桂枝湯"", ""大黃黃連瀉心湯""]",[],"[""心下痞"", ""惡寒""]",[],[],"[""傷寒"", ""痞""]","[""發汗""]","[""不可攻""]","[""大下後"", ""復發汗""]","[""心下痞"", ""痞""]","[""解""]",[],[],[],"[""不可"", ""宜""]",ff3675f80d72bc36007fc900b2f283d3f4b4dff6ed57ac42222e804087abccd1,pending,,text_match_multi
SHL_SONGBEN_0165,SHSRC0033,傷寒論（宋本）,songben,165.0,辨太陽病脈證並治下,太陽病,original_clause,A,傷寒發熱，汗出不解，心中痞鞕，嘔吐而下利者，大柴胡湯主之。,傷寒發熱，汗出不解，心中痞鞕，嘔吐而下利者，大柴胡湯主之。,True,"[""大柴胡湯""]",[],"[""發熱"", ""汗出"", ""嘔吐"", ""下利""]",[],[],"[""傷寒"", ""痞""]",[],[],[],"[""痞""]","[""解""]",[],[],[],"[""主之""]",583a2b4af5066be79f4dd1c827bff27cb4909c6bdd656cea03079e8ae670b5e2,pending,,text_match_multi
SHL_SONGBEN_0166,SHSRC0033,傷寒論（宋本）,songben,166.0,辨太陽病脈證並治下,太陽病,original_clause,A,病如桂枝證，頭不痛，項不強，寸脈微浮，胸中痞鞕，氣上衝喉咽不得息者，此為胸有寒也，當吐之，宜瓜蒂散。,病如桂枝證，頭不痛，項不強，寸脈微浮，胸中痞鞕，氣上衝喉咽不得息者，此為胸有寒也，當吐之，宜瓜蒂散。,True,"[""瓜蒂散""]","[{""formula_name"": ""瓜蒂散"", ""composition"": [{""herb"": ""瓜蒂"", ""dose_processing"": ""一分，熬黃""}, {""herb"": ""赤小豆"", ""dose_processing"": ""一分""}], ""preparation"": ""右二味，各別搗篩，為散已，合治之，取一錢匕。以香豉一合，用熱湯七合，煮作稀糜，去滓。取汁合散，溫，"", ""administration"": ""頓服之。不吐者，少少加；得快吐，乃止。諸亡血、虛家，不可與瓜蒂散。"", ""post_notes"": [], ""raw_text"": ""**瓜蒂散方**\n\n瓜蒂<l>一分，熬黃</l>　赤小豆<l>一分</l>\n\n右二味，各別搗篩，為散已，合治之，取一錢匕。以香豉一合，用熱湯七合，煮作稀糜，去滓。取汁合散，溫，頓服之。不吐者，少少加；得快吐，乃止。諸亡血、虛家，不可與瓜蒂散。""}]","[""胸中痞硬"", ""氣上衝"", ""胸有寒""]",[],"[""寸脈微浮"", ""浮微""]",[],"[""吐之""]",[],[],"[""痞""]",[],"[""瓜蒂"", ""赤小豆""]",[],[],"[""宜""]",fc314aba92f1090b18d8a295519d4cde8ae7a4f70253fc6b61384906d5a19287,pending,,text_match_multi
SHL_SONGBEN_0167,SHSRC0033,傷寒論（宋本）,songben,167.0,辨太陽病脈證並治下,太陽病,original_clause,A,病脇下素有痞，連在臍旁，痛引少腹，入陰筋者，此名藏結，死。,病脇下素有痞，連在臍旁，痛引少腹，入陰筋者，此名藏結，死。,False,[],[],[],[],[],"[""痞"", ""藏結""]",[],[],[],"[""痞""]","[""死""]",[],[],[],[],8161f06d0ca33adc9d568a30dc7e398c6ff997f1d70629b2025eaa506e127582,pending,,text_match_multi
SHL_SONGBEN_0168,SHSRC0033,傷寒論（宋本）,songben,168.0,辨太陽病脈證並治下,太陽病,original_clause,A,傷寒若吐若下後，七八日不解，熱結在裏，表裏俱熱，時時惡風，大渴，舌上乾燥而煩，欲飲水數升者，白虎加人參湯主之。,傷寒若吐若下後，七八日不解，熱結在裏，表裏俱熱，時時惡風，大渴，舌上乾燥而煩，欲飲水數升者，白虎加人參湯主之。,True,"[""白虎加人參湯""]",[],"[""惡風"", ""大渴"", ""舌上乾燥"", ""欲飲水""]",[],[],"[""傷寒""]",[],[],"[""下後"", ""若吐""]",[],"[""解""]",[],"[""七八日""]",[],"[""若"", ""主之""]",644b4e63a81d06faf324325b8d8c4ef2c3b6c47ff9daf1cb8e36084277edcb65,pending,,text_match_multi
SHL_SONGBEN_0169,SHSRC0033,傷寒論（宋本）,songben,169.0,辨太陽病脈證並治下,太陽病,original_clause,A,傷寒無大熱，口燥渴，心煩，背微惡寒者，白虎加人參湯主之。,傷寒無大熱，口燥渴，心煩，背微惡寒者，白虎加人參湯主之。,True,"[""白虎加人參湯""]",[],"[""無大熱"", ""口燥"", ""渴"", ""心煩"", ""微惡寒""]",[],[],"[""傷寒""]",[],[],[],[],[],[],[],[],"[""主之""]",5807600c7e72c50811ccd541b652a20ba7220750634c9b9c2b71dfaf4fe15f29,pending,,text_match_multi
SHL_SONGBEN_0170,SHSRC0033,傷寒論（宋本）,songben,170.0,辨太陽病脈證並治下,太陽病,original_clause,A,傷寒，脈浮，發熱無汗，其表不解，不可與白虎湯；渴欲飲水，無表證者，白虎加人參湯主之。,傷寒，脈浮，發熱無汗，其表不解，不可與白虎湯；渴欲飲水，無表證者，白虎加人參湯主之。,True,"[""白虎加人參湯""]",[],"[""發熱"", ""無汗"", ""渴欲飲水""]",[],"[""浮""]","[""傷寒""]",[],"[""不可與""]",[],[],"[""解""]",[],[],[],"[""不可"", ""可與"", ""主之""]",e31498e767d5e974a7b6fe579bfc6ee52041ac84bc748c2f9f2fa2df15289b7c,pending,,text_match_multi
SHL_SONGBEN_0171,SHSRC0033,傷寒論（宋本）,songben,171.0,辨太陽病脈證並治下,太陽病,original_clause,A,太陽少陽并病，心下鞕，頸項強而眩者，當刺大椎、肺俞、肝俞，慎勿下之。,太陽少陽并病，心下鞕，頸項強而眩者，當刺大椎、肺俞、肝俞，慎勿下之。,False,[],[],"[""心下硬"", ""頸項強""]",[],[],[],[],"[""勿下""]","[""下之""]",[],[],[],[],[],"[""勿"", ""慎""]",ee159ecf4c21e0183d3c1c328736526904c142fe1777ff16192f5b8642c070c3,pending,,text_match_multi
SHL_SONGBEN_0172,SHSRC0033,傷寒論（宋本）,songben,172.0,辨太陽病脈證並治下,太陽病,original_clause,A,太陽與少陽合病，自下利者，與黃芩湯；若嘔者，黃芩加半夏生薑湯主之。,太陽與少陽合病，自下利者，與黃芩湯；若嘔者，黃芩加半夏生薑湯主之。,True,"[""黃芩湯"", ""黃芩加半夏生薑湯""]","[{""formula_name"": ""黃芩湯"", ""composition"": [{""herb"": ""黃芩"", ""dose_processing"": ""三兩""}, {""herb"": ""芍藥"", ""dose_processing"": ""二兩""}, {""herb"": ""甘草"", ""dose_processing"": ""二兩，炙""}, {""herb"": ""大棗"", ""dose_processing"": ""十二枚，擘""}], ""preparation"": ""右四味，以水一斗，煮取三升，去滓，"", ""administration"": ""溫服一升，日再、夜一服。"", ""post_notes"": [], ""raw_text"": ""**黃芩湯方**\n\n黃芩<l>三兩</l>　芍藥<l>二兩</l>　甘草<l>二兩，炙</l>　大棗<l>十二枚，擘</l>\n\n右四味，以水一斗，煮取三升，去滓，溫服一升，日再、夜一服。""}, {""formula_name"": ""黃芩加半夏生薑湯"", ""composition"": [{""herb"": ""黃芩"", ""dose_processing"": ""三兩""}, {""herb"": ""芍藥"", ""dose_processing"": ""二兩""}, {""herb"": ""甘草"", ""dose_processing"": ""二兩，炙""}, {""herb"": ""大棗"", ""dose_processing"": ""十二枚，擘""}, {""herb"": ""半夏"", ""dose_processing"": ""半升，洗""}, {""herb"": ""生薑"", ""dose_processing"": ""一兩半，一方三兩，切""}], ""preparation"": ""右六味，以水一斗，煮取三升，去滓，"", ""administration"": ""溫服一升，日再、夜一服。"", ""post_notes"": [], ""raw_text"": ""**黃芩加半夏生薑湯方**\n\n黃芩<l>三兩</l>　芍藥<l>二兩</l>　甘草<l>二兩，炙</l>　大棗<l>十二枚，擘</l>　半夏<l>半升，洗</l>　生薑<l>一兩半，一方三兩，切</l>\n\n右六味，以水一斗，煮取三升，去滓，溫服一升，日再、夜一服。""}]","[""自下利"", ""嘔""]",[],[],"[""太陽與少陽合病""]",[],[],[],[],[],"[""半夏"", ""大棗"", ""甘草"", ""生薑"", ""芍藥"", ""黃芩""]",[],[],"[""若"", ""主之""]",55f4835ff9ddced7d870c99d30fa2c3811f4c443be6235717e4e2f1657be5914,pending,,text_match_multi
SHL_SONGBEN_0173,SHSRC0033,傷寒論（宋本）,songben,173.0,辨太陽病脈證並治下,太陽病,original_clause,A,傷寒胸中有熱，胃中有邪氣，腹中痛，欲嘔吐者，黃連湯主之。,傷寒胸中有熱，胃中有邪氣，腹中痛，欲嘔吐者，黃連湯主之。,True,"[""黃連湯""]","[{""formula_name"": ""黃連湯"", ""composition"": [{""herb"": ""黃連"", ""dose_processing"": ""三兩""}, {""herb"": ""甘草"", ""dose_processing"": ""三兩，炙""}, {""herb"": ""乾薑"", ""dose_processing"": ""三兩""}, {""herb"": ""桂枝"", ""dose_processing"": ""三兩，去皮""}, {""herb"": ""人參"", ""dose_processing"": ""二兩""}, {""herb"": ""半夏"", ""dose_processing"": ""半升，洗""}, {""herb"": ""大棗"", ""dose_processing"": ""十二枚，擘""}], ""preparation"": ""右七味，以水一斗，煮取六升，去滓，"", ""administration"": ""溫服，晝三夜二。"", ""post_notes"": [], ""raw_text"": ""**黃連湯方**\n\n黃連<l>三兩</l>　甘草<l>三兩，炙</l>　乾薑<l>三兩</l>　桂枝<l>三兩，去皮</l>　人參<l>二兩</l>　半夏<l>半升，洗</l>　大棗<l>十二枚，擘</l>\n\n右七味，以水一斗，煮取六升，去滓，溫服，晝三夜二。""}]","[""腹中痛"", ""嘔吐""]",[],[],"[""傷寒""]",[],[],[],[],[],"[""乾薑"", ""人參"", ""半夏"", ""大棗"", ""桂枝"", ""甘草"", ""黃連""]",[],[],"[""主之""]",4cb9f55d6d18add9af24ece85b78a8dbd63f5c125a658be2d48ce8fdb4d2f315,pending,,text_match_multi
SHL_SONGBEN_0174,SHSRC0033,傷寒論（宋本）,songben,174.0,辨太陽病脈證並治下,太陽病,original_clause,A,傷寒八九日，風濕相搏，身體疼煩，不能自轉側，不嘔不渴，脈浮虛而濇者，桂枝附子湯主之。若其人大便鞕，小便自利者，去桂加白朮湯主之。,傷寒八九日，風濕相搏，身體疼煩，不能自轉側，不嘔不渴，脈浮虛而濇者，桂枝附子湯主之。若其人大便鞕，小便自利者，去桂加白朮湯主之。,True,"[""桂枝附子湯"", ""去桂加白朮湯""]","[{""formula_name"": ""桂枝附子湯"", ""composition"": [{""herb"": ""桂枝"", ""dose_processing"": ""四兩，去皮""}, {""herb"": ""附子"", ""dose_processing"": ""三枚，炮，去皮，破""}, {""herb"": ""生薑"", ""dose_processing"": ""三兩，切""}, {""herb"": ""甘草"", ""dose_processing"": ""二兩，炙""}, {""herb"": ""大棗"", ""dose_processing"": ""十二枚，擘""}], ""preparation"": ""右五味，以水六升，煮取二升，去滓，"", ""administration"": ""分溫三服。"", ""post_notes"": [], ""raw_text"": ""**桂枝附子湯方**\n\n桂枝<l>四兩，去皮</l>　附子<l>三枚，炮，去皮，破</l>　生薑<l>三兩，切</l>　甘草<l>二兩，炙</l>　大棗<l>十二枚，擘</l>\n\n右五味，以水六升，煮取二升，去滓，分溫三服。""}, {""formula_name"": ""去桂加白朮湯"", ""composition"": [{""herb"": ""附子"", ""dose_processing"": ""三枚，炮，去皮，破""}, {""herb"": ""白朮"", ""dose_processing"": ""四兩""}, {""herb"": ""生薑"", ""dose_processing"": ""三兩，切""}, {""herb"": ""甘草"", ""dose_processing"": ""二兩，炙""}, {""herb"": ""大棗"", ""dose_processing"": ""十二枚，擘""}], ""preparation"": ""右五味，以水六升，煮取兩升，去滓，"", ""administration"": ""分溫三服。初一服，其人身如痹，半日許復服之，三服都盡，其人如冒狀，勿怪。此以附子、朮並走皮內，逐水氣未得除，故使之耳，法當加桂四兩。此本一方二法：以大便鞕、小便自利，去桂也；以大便不鞕、小便不利，當加桂。附子三枚，恐多也。虛弱家及產婦，宜減服之。"", ""post_notes"": [], ""raw_text"": ""**去桂加白朮湯方**\n\n附子<l>三枚，炮，去皮，破</l>　白朮<l>四兩</l>　生薑<l>三兩，切</l>　甘草<l>二兩，炙</l>　大棗<l>十二枚，擘</l>\n\n右五味，以水六升，煮取兩升，去滓，分溫三服。初一服，其人身如痹，半日許復服之，三服都盡，其人如冒狀，勿怪。此以附子、朮並走皮內，逐水氣未得除，故使之耳，法當加桂四兩。此本一方二法：以大便鞕、小便自利，去桂也；以大便不鞕、小便不利，當加桂。附子三枚，恐多也。虛弱家及產婦，宜減服之。""}]","[""身體疼煩"", ""不渴"", ""大便硬"", ""小便自利""]","[""不嘔""]","[""浮虛"", ""浮澀虛""]","[""傷寒"", ""風濕相搏""]",[],[],[],[],[],"[""大棗"", ""桂枝"", ""甘草"", ""生薑"", ""白朮"", ""附子""]","[""八九日""]",[],"[""若"", ""主之""]",fcda121537e0e8434887ea3feb52fb8c4ff3990c9e206d32065e2356f5d276e8,pending,,text_match_multi
SHL_SONGBEN_0175,SHSRC0033,傷寒論（宋本）,songben,175.0,辨太陽病脈證並治下,太陽病,original_clause,A,風濕相搏，骨節疼煩，掣痛不得屈伸，近之則痛劇，汗出短氣，小便不利，惡風不欲去衣，或身微腫者，甘草附子湯主之。,風濕相搏，骨節疼煩，掣痛不得屈伸，近之則痛劇，汗出短氣，小便不利，惡風不欲去衣，或身微腫者，甘草附子湯主之。,True,"[""甘草附子湯""]","[{""formula_name"": ""甘草附子湯"", ""composition"": [{""herb"": ""甘草"", ""dose_processing"": ""二兩，炙""}, {""herb"": ""附子"", ""dose_processing"": ""二枚，炮，去皮，破""}, {""herb"": ""白朮"", ""dose_processing"": ""二兩""}, {""herb"": ""桂枝"", ""dose_processing"": ""四兩，去皮""}], ""preparation"": ""右四味，以水六升，煮取三升，去滓，"", ""administration"": ""溫服一升，日三服。初取得微汗則解。能食汗止復煩者，將服五合，恐一升多者，宜服六七合為始。"", ""post_notes"": [], ""raw_text"": ""**甘草附子湯方**\n\n甘草<l>二兩，炙</l>　附子<l>二枚，炮，去皮，破</l>　白朮<l>二兩</l>　桂枝<l>四兩，去皮</l>\n\n右四味，以水六升，煮取三升，去滓，溫服一升，日三服。初取得微汗則解。能食汗止復煩者，將服五合，恐一升多者，宜服六七合為始。""}]","[""汗出"", ""短氣"", ""小便不利"", ""惡風""]",[],[],"[""風濕相搏""]",[],[],[],[],[],"[""桂枝"", ""甘草"", ""白朮"", ""附子""]",[],[],"[""或"", ""主之""]",2f997f186aa4563448edd91b397944537954d9845a0e88d88e5a643c777c5e47,pending,,text_match_multi
SHL_SONGBEN_0176,SHSRC0033,傷寒論（宋本）,songben,176.0,辨太陽病脈證並治下,太陽病,original_clause,A,傷寒，脈浮滑，此以表有熱，裏有寒，白虎湯主之。,傷寒，脈浮滑，此以表有熱，裏有寒，白虎湯主之。,True,"[""白虎湯""]","[{""formula_name"": ""白虎湯"", ""composition"": [{""herb"": ""知母"", ""dose_processing"": ""六兩""}, {""herb"": ""石膏"", ""dose_processing"": ""一斤，碎""}, {""herb"": ""甘草"", ""dose_processing"": ""二兩，炙""}, {""herb"": ""粳米"", ""dose_processing"": ""六合""}], ""preparation"": ""右四味，以水一斗，煮米熟，湯成，去滓，"", ""administration"": ""溫服一升，日三服。"", ""post_notes"": [], ""raw_text"": ""**白虎湯方**\n\n知母<l>六兩</l>　石膏<l>一斤，碎</l>　甘草<l>二兩，炙</l>　粳米<l>六合</l>\n\n右四味，以水一斗，煮米熟，湯成，去滓，溫服一升，日三服。""}]",[],[],"[""浮滑""]","[""傷寒""]",[],[],[],[],[],"[""甘草"", ""知母"", ""石膏"", ""粳米""]",[],[],"[""主之""]",3a6b8f44abf205f1d7fcfe0ebc8b9cebdccf8791982323b525595824f5c30eba,pending,,text_match_multi
SHL_SONGBEN_0177,SHSRC0033,傷寒論（宋本）,songben,177.0,辨太陽病脈證並治下,太陽病,original_clause,A,傷寒，脈結代，心動悸，炙甘草湯主之。,傷寒，脈結代，心動悸，炙甘草湯主之。,True,"[""炙甘草湯""]","[{""formula_name"": ""炙甘草湯"", ""composition"": [{""herb"": ""甘草"", ""dose_processing"": ""四兩，炙""}, {""herb"": ""生薑"", ""dose_processing"": ""三兩，切""}, {""herb"": ""人參"", ""dose_processing"": ""二兩""}, {""herb"": ""生地黃"", ""dose_processing"": ""一斤""}, {""herb"": ""桂枝"", ""dose_processing"": ""三兩，去皮""}, {""herb"": ""阿膠"", ""dose_processing"": ""二兩""}, {""herb"": ""麥門冬"", ""dose_processing"": ""半斤，去心""}, {""herb"": ""麻仁"", ""dose_processing"": ""半升""}, {""herb"": ""大棗"", ""dose_processing"": ""三十枚，擘""}], ""preparation"": ""右九味，以清酒七升，水八升，先煮八味，取三升，去滓，內膠烊消盡，"", ""administration"": ""溫服一升，日三服。一名復脈湯。"", ""post_notes"": [], ""raw_text"": ""**炙甘草湯方**\n\n甘草<l>四兩，炙</l>　生薑<l>三兩，切</l>　人參<l>二兩</l>　生地黃<l>一斤</l>　桂枝<l>三兩，去皮</l>　阿膠<l>二兩</l>　麥門冬<l>半斤，去心</l>　麻仁<l>半升</l>　大棗<l>三十枚，擘</l>\n\n右九味，以清酒七升，水八升，先煮八味，取三升，去滓，內膠烊消盡，溫服一升，日三服。一名復脈湯。""}]","[""心動悸""]",[],"[""結代""]","[""傷寒""]",[],[],[],[],[],"[""人參"", ""大棗"", ""桂枝"", ""甘草"", ""生地黃"", ""生薑"", ""阿膠"", ""麥門冬"", ""麻仁""]",[],[],"[""主之""]",413e4392326f13afa760efdf7586e3c33aad56c09dd5d12a561ff7969d5407c0,pending,,text_match_multi
SHL_SONGBEN_0178,SHSRC0033,傷寒論（宋本）,songben,178.0,辨太陽病脈證並治下,太陽病,original_clause,A,脈按之來緩，時一止復來者，名曰結。又脈來動而中止，更來小數，中有還者反動，名曰結，陰也。脈來動而中止，不能自還，因而復動者，名曰代，陰也。得此脈者，必難治。,脈按之來緩，時一止復來者，名曰結。又脈來動而中止，更來小數，中有還者反動，名曰結，陰也。脈來動而中止，不能自還，因而復動者，名曰代，陰也。得此脈者，必難治。,False,[],[],[],[],"[""緩"", ""動""]",[],[],[],[],[],"[""難治""]",[],[],[],"[""反"", ""必""]",58a60173f811a38148582f5d256f82372a86618a39e6858d6277fc06693ba274,pending,,text_match_multi
SHL_SONGBEN_0179,SHSRC0033,傷寒論（宋本）,songben,179.0,辨陽明病脈證並治,陽明病,original_clause,A,問曰：病有太陽陽明，有正陽陽明，有少陽陽明，何謂也？答曰：太陽陽明者，脾約是也；正陽陽明者，胃家實是也；少陽陽明者，發汗利小便已，胃中燥煩實，大便難是也。,問曰：病有太陽陽明，有正陽陽明，有少陽陽明，何謂也？答曰：太陽陽明者，脾約是也；正陽陽明者，胃家實是也；少陽陽明者，發汗利小便已，胃中燥煩實，大便難是也。,False,[],[],"[""大便難""]",[],[],[],"[""發汗"", ""利小便""]",[],[],[],[],[],[],[],[],0e8466a3f0c4367d598e4d52c6895c06233f879692922d0aba5a939be7461c39,pending,,text_match_multi
SHL_SONGBEN_0180,SHSRC0033,傷寒論（宋本）,songben,180.0,辨陽明病脈證並治,陽明病,original_clause,A,陽明之為病，胃家實是也。,陽明之為病，胃家實是也。,False,[],[],[],[],[],[],[],[],[],[],[],[],[],[],[],2b01b97d4aa01867a6b29c79780cd3d07448186aadba24855f123578e149e611,pending,,text_match_multi
SHL_SONGBEN_0181,SHSRC0033,傷寒論（宋本）,songben,181.0,辨陽明病脈證並治,陽明病,original_clause,A,問曰：何緣得陽明病？答曰：太陽病，若發汗，若下，若利小便，此亡津液，胃中乾燥，因轉屬陽明。不更衣，內實，大便難者，此名陽明也。,問曰：何緣得陽明病？答曰：太陽病，若發汗，若下，若利小便，此亡津液，胃中乾燥，因轉屬陽明。不更衣，內實，大便難者，此名陽明也。,False,[],[],"[""大便難""]",[],[],"[""陽明病"", ""太陽病""]","[""發汗"", ""利小便""]",[],[],[],[],[],[],[],"[""若"", ""屬""]",a7690d584bf3feae4782611e4ce03c4fefc4379fd20acffe3da4b95579de0a21,pending,,text_match_multi
SHL_SONGBEN_0182,SHSRC0033,傷寒論（宋本）,songben,182.0,辨陽明病脈證並治,陽明病,original_clause,A,問曰：陽明病外證云何？答曰：身熱，汗自出，不惡寒，反惡熱也。,問曰：陽明病外證云何？答曰：身熱，汗自出，不惡寒，反惡熱也。,False,[],[],"[""身熱"", ""不惡寒"", ""反惡熱""]",[],[],"[""陽明病""]",[],[],[],[],[],[],[],[],"[""反""]",6d1bb1c1c4262ea7f63b4a03f31a810c36e0f06b7920300b3327565a53bc8b09,pending,,text_match_multi
SHL_SONGBEN_0183,SHSRC0033,傷寒論（宋本）,songben,183.0,辨陽明病脈證並治,陽明病,original_clause,A,問曰：病有得之一日，不發熱而惡寒者，何也？答曰：雖得之一日，惡寒將自罷，即自汗出而惡熱也。,問曰：病有得之一日，不發熱而惡寒者，何也？答曰：雖得之一日，惡寒將自罷，即自汗出而惡熱也。,False,[],[],"[""不發熱"", ""惡寒"", ""自汗出"", ""惡熱""]",[],[],[],[],[],[],[],[],[],"[""一日""]",[],"[""得之""]",8a96bb606e0eb77a9d2acb762e35f0d75a7da68534914a3ad2143531bcec64f7,pending,,text_match_multi
SHL_SONGBEN_0184,SHSRC0033,傷寒論（宋本）,songben,184.0,辨陽明病脈證並治,陽明病,original_clause,A,問曰：惡寒何故自罷？答曰：陽明居中，主土也，萬物所歸，無所復傳，始雖惡寒，二日自止，此為陽明病也。,問曰：惡寒何故自罷？答曰：陽明居中，主土也，萬物所歸，無所復傳，始雖惡寒，二日自止，此為陽明病也。,False,[],[],"[""惡寒""]",[],[],"[""陽明病""]",[],[],[],[],[],[],"[""二日""]",[],[],b245eec8c630dd5e68ff0ed7921be7a564c341e45ddd9f1b4a764465411c3132,pending,,text_match_multi
SHL_SONGBEN_0185,SHSRC0033,傷寒論（宋本）,songben,185.0,辨陽明病脈證並治,陽明病,original_clause,A,本太陽，初得病時，發其汗，汗先出不徹，因轉屬陽明也。傷寒發熱，無汗，嘔不能食，而反汗出濈濈然者，是轉屬陽明也。,本太陽，初得病時，發其汗，汗先出不徹，因轉屬陽明也。傷寒發熱，無汗，嘔不能食，而反汗出濈濈然者，是轉屬陽明也。,False,[],[],"[""發熱"", ""無汗"", ""嘔"", ""不能食"", ""反汗出""]",[],[],"[""傷寒""]","[""發其汗""]",[],[],[],[],[],[],[],"[""反"", ""屬""]",63ba3793235681539e5557b1fa8e0383cfe3a5bd173d17d9c6f543b3413bdc68,pending,,text_match_multi
SHL_SONGBEN_0186,SHSRC0033,傷寒論（宋本）,songben,186.0,辨陽明病脈證並治,陽明病,original_clause,A,傷寒三日，陽明脈大。,傷寒三日，陽明脈大。,False,[],[],[],[],"[""大""]","[""傷寒""]",[],[],[],[],[],[],"[""三日""]",[],[],16bec2916ec4068df2d9c258d74d34c63ab3dcaf028fd111771de1aca1f6277d,pending,,text_match_multi
SHL_SONGBEN_0187,SHSRC0033,傷寒論（宋本）,songben,187.0,辨陽明病脈證並治,陽明病,original_clause,A,傷寒脈浮而緩，手足自溫者，是為繫在太陰。太陰者，身當發黃，若小便自利者，不能發黃；至七八日，大便鞕者，為陽明病也。,傷寒脈浮而緩，手足自溫者，是為繫在太陰。太陰者，身當發黃，若小便自利者，不能發黃；至七八日，大便鞕者，為陽明病也。,False,[],[],"[""手足自溫"", ""發黃"", ""小便自利"", ""大便硬""]",[],"[""浮而緩"", ""浮緩""]","[""傷寒"", ""陽明病""]",[],[],[],"[""發黃""]",[],[],"[""七八日""]",[],"[""若""]",277bfbcf987c1f05cff7b156d653edaa41eac1b60849bd9d78ad5b88e303dcf8,pending,,text_match_multi
SHL_SONGBEN_0188,SHSRC0033,傷寒論（宋本）,songben,188.0,辨陽明病脈證並治,陽明病,original_clause,A,傷寒轉繫陽明者，其人濈然微汗出也。,傷寒轉繫陽明者，其人濈然微汗出也。,False,[],[],"[""濈然微汗出""]",[],[],"[""傷寒""]",[],[],[],[],[],[],[],[],[],30fed33b45d2a182eabd987afdda6319d97902627c27d712c57f3a575b1303ba,pending,,text_match_multi
SHL_SONGBEN_0189,SHSRC0033,傷寒論（宋本）,songben,189.0,辨陽明病脈證並治,陽明病,original_clause,A,陽明中風，口苦咽乾，腹滿微喘，發熱惡寒，脈浮而緊。若下之，則腹滿，小便難也。,陽明中風，口苦咽乾，腹滿微喘，發熱惡寒，脈浮而緊。若下之，則腹滿，小便難也。,False,[],[],"[""口苦"", ""咽乾"", ""腹滿"", ""微喘"", ""發熱"", ""惡寒"", ""小便難""]",[],"[""浮而緊"", ""浮緊""]","[""陽明中風""]","[""下之""]",[],"[""若下之""]",[],[],[],[],[],"[""若""]",0a1d0508ffeebb896566c0b1f7970a8723b87d39375d86b44e9e0c8de6e1e57b,pending,,text_match_multi
SHL_SONGBEN_0190,SHSRC0033,傷寒論（宋本）,songben,190.0,辨陽明病脈證並治,陽明病,original_clause,A,陽明病，若能食，名中風；不能食，名中寒。,陽明病，若能食，名中風；不能食，名中寒。,False,[],[],"[""能食"", ""不能食""]",[],[],"[""陽明病"", ""中風""]",[],[],[],[],[],[],[],[],"[""若""]",f66dd96f43767a3ac4576d72b3f058f615b56eedc62d88cd08c6ee9acdebd276,pending,,text_match_multi
SHL_SONGBEN_0191,SHSRC0033,傷寒論（宋本）,songben,191.0,辨陽明病脈證並治,陽明病,original_clause,A,陽明病，若中寒者，不能食，小便不利，手足濈然汗出，此欲作固瘕，必大便初鞕後溏。所以然者，以胃中冷，水穀不別故也。,陽明病，若中寒者，不能食，小便不利，手足濈然汗出，此欲作固瘕，必大便初鞕後溏。所以然者，以胃中冷，水穀不別故也。,False,[],[],"[""不能食"", ""小便不利"", ""手足濈然汗出"", ""初硬後溏""]",[],[],"[""陽明病""]",[],[],[],[],[],[],[],[],"[""若"", ""必""]",a591360c8db023faeca78c1115155a05645bac7108362312f73c90d31a330226,pending,,text_match_multi
SHL_SONGBEN_0192,SHSRC0033,傷寒論（宋本）,songben,192.0,辨陽明病脈證並治,陽明病,original_clause,A,陽明病，初欲食，小便反不利，大便自調，其人骨節疼，翕翕如有熱狀，奄然發狂，濈然汗出而解者，此水不勝穀氣，與汗共并，脈緊則愈。,陽明病，初欲食，小便反不利，大便自調，其人骨節疼，翕翕如有熱狀，奄然發狂，濈然汗出而解者，此水不勝穀氣，與汗共并，脈緊則愈。,False,[],[],"[""汗出""]",[],"[""緊""]","[""陽明病""]",[],[],[],"[""發狂""]","[""愈""]",[],[],[],"[""反""]",6c4582c866f381efebc22f522b342a1550e4c8fa3cf2e1456f6c3e7d87f39e03,pending,,text_match_multi
SHL_SONGBEN_0193,SHSRC0033,傷寒論（宋本）,songben,193.0,辨陽明病脈證並治,陽明病,original_clause,A,陽明病，欲解時，從申至戌上。,陽明病，欲解時，從申至戌上。,False,[],[],[],[],[],"[""陽明病""]",[],[],[],[],"[""解"", ""欲解時""]",[],[],[],[],d1f90af68aa8624a33f2b5f5f70258b167121aa0c4244adf65d3b1c71d58adf1,pending,,text_match_multi
SHL_SONGBEN_0194,SHSRC0033,傷寒論（宋本）,songben,194.0,辨陽明病脈證並治,陽明病,original_clause,A,陽明病，不能食，攻其熱必噦，所以然者，胃中虛冷故也。以其人本虛，攻其熱必噦。,陽明病，不能食，攻其熱必噦，所以然者，胃中虛冷故也。以其人本虛，攻其熱必噦。,False,[],[],"[""不能食"", ""噦""]",[],[],"[""陽明病""]",[],[],[],"[""噦""]",[],[],[],[],"[""必""]",84d78438dfb56b9cb8f4743a9ed1a48131c7f9b3cb4f22068290c3095aaeb747,pending,,text_match_multi
SHL_SONGBEN_0195,SHSRC0033,傷寒論（宋本）,songben,195.0,辨陽明病脈證並治,陽明病,original_clause,A,陽明病，脈遲，食難用飽，飽則微煩頭眩，必小便難，此欲作穀癉，雖下之，腹滿如故，所以然者，脈遲故也。,陽明病，脈遲，食難用飽，飽則微煩頭眩，必小便難，此欲作穀癉，雖下之，腹滿如故，所以然者，脈遲故也。,False,[],[],"[""微煩"", ""頭眩"", ""小便難"", ""腹滿""]",[],"[""遲""]","[""陽明病""]","[""下之""]",[],"[""下之""]",[],[],[],[],[],"[""必""]",07cc734ce07f918775f2b76c18af6b7498e80763b0cd40ca7917ecd392ef7aa8,pending,,text_match_multi
SHL_SONGBEN_0196,SHSRC0033,傷寒論（宋本）,songben,196.0,辨陽明病脈證並治,陽明病,original_clause,A,陽明病，法多汗，反無汗，其身如蟲行皮中狀者，此以久虛故也。,陽明病，法多汗，反無汗，其身如蟲行皮中狀者，此以久虛故也。,False,[],[],"[""反無汗""]",[],[],"[""陽明病""]",[],[],[],[],[],[],"[""久""]",[],"[""反""]",90a28687a26bb60e28df9e7f433609bd5ba35c83f5df036488247f3f49606a48,pending,,text_match_multi
SHL_SONGBEN_0197,SHSRC0033,傷寒論（宋本）,songben,197.0,辨陽明病脈證並治,陽明病,original_clause,A,陽明病，反無汗而小便利，二三日嘔而欬，手足厥者，必苦頭痛；若不欬，不嘔，手足不厥者，頭不痛。,陽明病，反無汗而小便利，二三日嘔而欬，手足厥者，必苦頭痛；若不欬，不嘔，手足不厥者，頭不痛。,False,[],[],"[""反無汗"", ""小便利"", ""嘔"", ""咳"", ""厥"", ""頭痛""]","[""不咳"", ""不嘔"", ""不厥""]",[],"[""陽明病""]",[],[],[],"[""厥""]",[],[],"[""二三日""]",[],"[""若"", ""反"", ""必""]",d61dc0490105a454e47aeb7411335bd42f51b6b30909ed7dbd87ae13449f3e88,pending,,text_match_multi
SHL_SONGBEN_0198,SHSRC0033,傷寒論（宋本）,songben,198.0,辨陽明病脈證並治,陽明病,original_clause,A,陽明病，但頭眩，不惡寒，故能食而欬，其人咽必痛；若不欬者，咽不痛。,陽明病，但頭眩，不惡寒，故能食而欬，其人咽必痛；若不欬者，咽不痛。,False,[],[],"[""頭眩"", ""不惡寒"", ""能食"", ""咳""]","[""不咳""]",[],"[""陽明病""]",[],[],[],[],[],[],[],[],"[""若"", ""必"", ""但""]",94626442ac26abc7c66545c7a27feae128f84eea73fe624ef53aa3c8402969f2,pending,,text_match_multi
SHL_SONGBEN_0199,SHSRC0033,傷寒論（宋本）,songben,199.0,辨陽明病脈證並治,陽明病,original_clause,A,陽明病，無汗，小便不利，心中懊憹者，身必發黃。,陽明病，無汗，小便不利，心中懊憹者，身必發黃。,False,[],[],"[""無汗"", ""小便不利"", ""心中懊憹"", ""發黃""]",[],[],"[""陽明病""]",[],[],[],"[""心中懊憹"", ""懊憹"", ""發黃""]",[],[],[],[],"[""必""]",c2109f22e828c73907762302b39bb25b6f413252865c12a5d25854bb27df6302,pending,,text_match_multi
SHL_SONGBEN_0200,SHSRC0033,傷寒論（宋本）,songben,200.0,辨陽明病脈證並治,陽明病,original_clause,A,陽明病，被火，額上微汗出，而小便不利者，必發黃。,陽明病，被火，額上微汗出，而小便不利者，必發黃。,False,[],[],"[""額上微汗出"", ""小便不利"", ""發黃""]",[],[],"[""陽明病""]",[],[],"[""被火""]","[""發黃""]",[],[],[],[],"[""必""]",3830039cc72f8b0d4be0a3088090cccd39dac3698029281e4af593c90a509475,pending,,text_match_multi
SHL_SONGBEN_0201,SHSRC0033,傷寒論（宋本）,songben,201.0,辨陽明病脈證並治,陽明病,original_clause,A,陽明病，脈浮而緊者，必潮熱，發作有時，但浮者，必盜汗出。,陽明病，脈浮而緊者，必潮熱，發作有時，但浮者，必盜汗出。,False,[],[],"[""潮熱"", ""汗出""]",[],"[""浮而緊"", ""浮緊""]","[""陽明病""]",[],[],[],[],[],[],[],[],"[""必"", ""但""]",466dde5cc4a17e5376b3b25bf8a8d198e5f252f13989cd7c458d87affc2f9771,pending,,text_match_multi
SHL_SONGBEN_0202,SHSRC0033,傷寒論（宋本）,songben,202.0,辨陽明病脈證並治,陽明病,original_clause,A,陽明病，口燥，但欲漱水，不欲嚥者，此必衄。,陽明病，口燥，但欲漱水，不欲嚥者，此必衄。,False,[],[],"[""口燥"", ""衄""]",[],[],"[""陽明病""]",[],[],[],"[""衄""]",[],[],[],[],"[""必"", ""但""]",bc7e850a359d8d29e71675d95cffa628ab8abada9a2dcd93d8f95fbda4650947,pending,,text_match_multi
SHL_SONGBEN_0203,SHSRC0033,傷寒論（宋本）,songben,203.0,辨陽明病脈證並治,陽明病,original_clause,A,陽明病，本自汗出，醫更重發汗，病已差，尚微煩不了了者，此必大便鞕故也。以亡津液，胃中乾燥，故令大便鞕。當問其小便日幾行。若本小便日三四行，今日再行，故知大便不久出。今為小便數少，以津液當還入胃中，故知不久必大便也。,陽明病，本自汗出，醫更重發汗，病已差，尚微煩不了了者，此必大便鞕故也。以亡津液，胃中乾燥，故令大便鞕。當問其小便日幾行。若本小便日三四行，今日再行，故知大便不久出。今為小便數少，以津液當還入胃中，故知不久必大便也。,False,[],[],"[""自汗出"", ""微煩"", ""大便硬"", ""小便數""]",[],[],"[""陽明病""]","[""發汗""]",[],"[""重發汗""]",[],[],[],"[""久""]",[],"[""若"", ""必""]",52c742e2b27d2715b42af72e1b0358af1bb487a4850949b5790999a0bc763a78,pending,,text_match_multi
SHL_SONGBEN_0204,SHSRC0033,傷寒論（宋本）,songben,204.0,辨陽明病脈證並治,陽明病,original_clause,A,傷寒嘔多，雖有陽明證，不可攻之。,傷寒嘔多，雖有陽明證，不可攻之。,False,[],[],"[""嘔""]",[],[],"[""傷寒""]",[],"[""不可攻之""]",[],[],[],[],[],[],"[""不可""]",ed5d74ed4e81f079be6802b531eb1d36b8066cb5918febc4a05ef645c65f830b,pending,,text_match_multi
SHL_SONGBEN_0205,SHSRC0033,傷寒論（宋本）,songben,205.0,辨陽明病脈證並治,陽明病,original_clause,A,陽明病，心下鞕滿者，不可攻之。攻之，利遂不止者死，利止者愈。,陽明病，心下鞕滿者，不可攻之。攻之，利遂不止者死，利止者愈。,False,[],[],"[""心下硬""]",[],[],"[""陽明病""]",[],"[""不可攻之""]",[],"[""利遂不止""]","[""愈"", ""死""]",[],[],[],"[""不可""]",cdbf31d9d12c10bf60b5251ee2273bec25239d237a9cfbed802e3da5facf0c23,pending,,text_match_multi
SHL_SONGBEN_0206,SHSRC0033,傷寒論（宋本）,songben,206.0,辨陽明病脈證並治,陽明病,original_clause,A,陽明病，面合色赤，不可攻之，必發熱、色黃者，小便不利也。,陽明病，面合色赤，不可攻之，必發熱、色黃者，小便不利也。,False,[],[],"[""面合色赤"", ""發熱"", ""小便不利""]",[],[],"[""陽明病""]",[],"[""不可攻之""]",[],[],[],[],[],[],"[""不可"", ""必""]",5cd57ddb22c8b139c3ba19dd181f1066546ad1f021f2a0d4ab5dfc9013793c70,pending,,text_match_multi
SHL_SONGBEN_0207,SHSRC0033,傷寒論（宋本）,songben,207.0,辨陽明病脈證並治,陽明病,original_clause,A,陽明病，不吐不下，心煩者，可與調胃承氣湯。,陽明病，不吐不下，心煩者，可與調胃承氣湯。,True,"[""調胃承氣湯""]",[],"[""心煩""]",[],[],"[""陽明病""]",[],[],[],[],[],[],[],[],"[""可與""]",6a7fbd63f547d6948afadddcf9d50da1ef24269e76cd832d21154edddbd59543,pending,,text_match_multi
SHL_SONGBEN_0208,SHSRC0033,傷寒論（宋本）,songben,208.0,辨陽明病脈證並治,陽明病,original_clause,A,陽明病，脈遲，雖汗出不惡寒者，其身必重，短氣，腹滿而喘，有潮熱者，此外欲解，可攻裏也。手足濈然汗出者，此大便已鞕也，大承氣湯主之；若汗多，微發熱惡寒者，外未解也，其熱不潮，未可與承氣湯；若腹大滿不通者，可與小承氣湯，微和胃氣，勿令致大泄下。,陽明病，脈遲，雖汗出不惡寒者，其身必重，短氣，腹滿而喘，有潮熱者，此外欲解，可攻裏也。手足濈然汗出者，此大便已鞕也，大承氣湯主之；若汗多，微發熱惡寒者，外未解也，其熱不潮，未可與承氣湯；若腹大滿不通者，可與小承氣湯，微和胃氣，勿令致大泄下。,True,"[""大承氣湯"", ""小承氣湯""]","[{""formula_name"": ""大承氣湯"", ""composition"": [{""herb"": ""大黃"", ""dose_processing"": ""四兩，酒洗""}, {""herb"": ""厚朴"", ""dose_processing"": ""半斤，炙，去皮""}, {""herb"": ""枳實"", ""dose_processing"": ""五枚，炙""}, {""herb"": ""芒硝"", ""dose_processing"": ""三合""}], ""preparation"": ""右四味，以水一斗，先煮二物，取五升，去滓，內大黃，更煮取二升，去滓，內芒硝，更上微火一兩沸，"", ""administration"": ""分溫再服。得下，餘勿服。"", ""post_notes"": [], ""raw_text"": ""**大承氣湯方**\n\n大黃<l>四兩，酒洗</l>　厚朴<l>半斤，炙，去皮</l>　枳實<l>五枚，炙</l>　芒硝<l>三合</l>\n\n右四味，以水一斗，先煮二物，取五升，去滓，內大黃，更煮取二升，去滓，內芒硝，更上微火一兩沸，分溫再服。得下，餘勿服。""}, {""formula_name"": ""小承氣湯"", ""composition"": [{""herb"": ""大黃"", ""dose_processing"": ""四兩，酒洗""}, {""herb"": ""厚朴"", ""dose_processing"": ""二兩，炙，去皮""}, {""herb"": ""枳實"", ""dose_processing"": ""三枚，大者，炙""}], ""preparation"": ""右三味，以水四升，煮取一升二合，去滓，"", ""administration"": ""分溫二服。初服當更衣，不爾者盡飲之，若更衣者，勿服之。"", ""post_notes"": [], ""raw_text"": ""**小承氣湯方**\n\n大黃<l>四兩，酒洗</l>　厚朴<l>二兩，炙，去皮</l>　枳實<l>三枚，大者，炙</l>\n\n右三味，以水四升，煮取一升二合，去滓，分溫二服。初服當更衣，不爾者盡飲之，若更衣者，勿服之。""}]","[""汗出"", ""不惡寒"", ""短氣"", ""腹滿"", ""喘"", ""潮熱"", ""手足濈然汗出"", ""汗多"", ""發熱"", ""惡寒""]",[],"[""遲""]","[""陽明病""]","[""微和胃氣""]",[],[],[],"[""解"", ""欲解""]","[""厚朴"", ""大黃"", ""枳實"", ""芒硝""]",[],[],"[""可與"", ""勿"", ""若"", ""必"", ""主之""]",a19acd82c0de39ae8f005b0088dd43a64a05641a01028dad1885f4b4fa544f7c,pending,,text_match_multi
SHL_SONGBEN_0209,SHSRC0033,傷寒論（宋本）,songben,209.0,辨陽明病脈證並治,陽明病,original_clause,A,陽明病，潮熱，大便微鞕者，可與大承氣湯，不鞕者，不可與之。若不大便六七日，恐有燥屎，欲知之法，少與小承氣湯。湯入腹中，轉矢氣者，此有燥屎也，乃可攻之；若不轉矢氣者，此但初頭鞕，後必溏，不可攻之，攻之必脹滿不能食也。欲飲水者，與水則噦。其後發熱者，必大便復鞕而少也，以小承氣湯和之。不轉矢氣者，慎不可攻也。,陽明病，潮熱，大便微鞕者，可與大承氣湯，不鞕者，不可與之。若不大便六七日，恐有燥屎，欲知之法，少與小承氣湯。湯入腹中，轉矢氣者，此有燥屎也，乃可攻之；若不轉矢氣者，此但初頭鞕，後必溏，不可攻之，攻之必脹滿不能食也。欲飲水者，與水則噦。其後發熱者，必大便復鞕而少也，以小承氣湯和之。不轉矢氣者，慎不可攻也。,True,"[""大承氣湯"", ""小承氣湯""]",[],"[""潮熱"", ""不大便"", ""燥屎"", ""不能食"", ""欲飲水"", ""噦"", ""發熱""]",[],[],"[""陽明病""]","[""攻之"", ""和之""]","[""不可與"", ""不可攻之"", ""慎不可攻""]",[],"[""噦""]",[],[],"[""六七日""]",[],"[""不可"", ""可與"", ""若"", ""必"", ""但"", ""慎""]",057a56bf9d7f1077df46b9b11109eca057168cd89a52ffd19ba75cb6e003be41,pending,,text_match_multi
SHL_SONGBEN_0210,SHSRC0033,傷寒論（宋本）,songben,210.0,辨陽明病脈證並治,陽明病,original_clause,A,夫實則譫語，虛則鄭聲，鄭聲者，重語也。直視，譫語，喘滿者死，下利者亦死。,夫實則譫語，虛則鄭聲，鄭聲者，重語也。直視，譫語，喘滿者死，下利者亦死。,False,[],[],"[""譫語"", ""鄭聲"", ""直視"", ""喘"", ""下利""]",[],[],[],[],[],[],"[""譫語""]","[""死""]",[],[],[],[],bce31f09302b564bc48a043a25eb7753027b6ccb6eec02130165d89958983c0f,pending,,text_match_multi
SHL_SONGBEN_0211,SHSRC0033,傷寒論（宋本）,songben,211.0,辨陽明病脈證並治,陽明病,original_clause,A,發汗多，若重發汗者，亡其陽，譫語，脈短者死，脈自和者不死。,發汗多，若重發汗者，亡其陽，譫語，脈短者死，脈自和者不死。,False,[],[],"[""汗多"", ""譫語""]",[],"[""短""]",[],"[""發汗""]",[],"[""重發汗""]","[""譫語""]",[],[],[],[],"[""若""]",5df29295eacfe5f8e08e9138d689fbbd553c3f10a73aff45cf609ca8c47a2d02,pending,,text_match_multi
SHL_SONGBEN_0212,SHSRC0033,傷寒論（宋本）,songben,212.0,辨陽明病脈證並治,陽明病,original_clause,A,傷寒若吐若下後，不解，不大便五六日，上至十餘日。日晡所發潮熱，不惡寒，獨語如見鬼狀。若劇者，發則不識人，循衣摸床，惕而不安，微喘直視。脈弦者生，濇者死。微者，但發熱譫語者，大承氣湯主之。若一服利，則止後服。,傷寒若吐若下後，不解，不大便五六日，上至十餘日。日晡所發潮熱，不惡寒，獨語如見鬼狀。若劇者，發則不識人，循衣摸床，惕而不安，微喘直視。脈弦者生，濇者死。微者，但發熱譫語者，大承氣湯主之。若一服利，則止後服。,True,"[""大承氣湯""]",[],"[""不大便"", ""日晡所發潮熱"", ""不惡寒"", ""獨語如見鬼狀"", ""不識人"", ""微喘"", ""直視"", ""發熱"", ""譫語""]",[],"[""弦""]","[""傷寒""]",[],[],"[""下後"", ""若吐""]","[""譫語""]","[""解"", ""死""]",[],"[""五六日""]",[],"[""若"", ""但"", ""主之""]",fdb08e38823737c736312581dd5b05ff364af3c96065d84b58da49f7f4cb73e5,pending,,text_match_multi
SHL_SONGBEN_0213,SHSRC0033,傷寒論（宋本）,songben,213.0,辨陽明病脈證並治,陽明病,original_clause,A,陽明病，其人多汗，以津液外出，胃中燥，大便必鞕，鞕則譫語。小承氣湯主之。若一服譫語止者，更莫復服。,陽明病，其人多汗，以津液外出，胃中燥，大便必鞕，鞕則譫語。小承氣湯主之。若一服譫語止者，更莫復服。,True,"[""小承氣湯""]",[],"[""譫語""]",[],[],"[""陽明病""]",[],[],[],"[""譫語""]",[],[],[],[],"[""若"", ""必"", ""莫"", ""主之""]",38e315e2218462b153a2b1a2f7b4498bdd0ac83dfec48d6e83cf844c8ce4888b,pending,,text_match_multi
SHL_SONGBEN_0214,SHSRC0033,傷寒論（宋本）,songben,214.0,辨陽明病脈證並治,陽明病,original_clause,A,陽明病，譫語，發潮熱，脈滑而疾者，小承氣湯主之。因與承氣湯一升，腹中轉氣者，更服一升；若不轉氣者，勿更與之。明日又不大便，脈反微濇者，裏虛也，為難治，不可更與承氣湯也。,陽明病，譫語，發潮熱，脈滑而疾者，小承氣湯主之。因與承氣湯一升，腹中轉氣者，更服一升；若不轉氣者，勿更與之。明日又不大便，脈反微濇者，裏虛也，為難治，不可更與承氣湯也。,True,"[""小承氣湯""]",[],"[""譫語"", ""潮熱"", ""不大便""]",[],"[""滑而疾"", ""滑疾"", ""澀微""]","[""陽明病""]",[],"[""不可更與""]",[],"[""譫語""]","[""難治""]",[],[],[],"[""不可"", ""勿"", ""若"", ""反"", ""主之""]",1a6ae4ed71ac4a65e4e19879c648cd4bd684c6d85bda9fc23ef27e2cf66aa0e5,pending,,text_match_multi
SHL_SONGBEN_0215,SHSRC0033,傷寒論（宋本）,songben,215.0,辨陽明病脈證並治,陽明病,original_clause,A,陽明病，譫語，有潮熱，反不能食者，胃中必有燥屎五六枚也。若能食者，但鞕耳。宜大承氣湯下之。,陽明病，譫語，有潮熱，反不能食者，胃中必有燥屎五六枚也。若能食者，但鞕耳。宜大承氣湯下之。,True,"[""大承氣湯""]",[],"[""譫語"", ""潮熱"", ""反不能食"", ""燥屎"", ""能食""]",[],[],"[""陽明病""]","[""下之""]",[],"[""下之""]","[""譫語""]",[],[],[],[],"[""若"", ""反"", ""必"", ""但"", ""宜""]",3e6d0afb0b499042dbf5590b33d26989491a12b816db9910ca8cf14a4e6b0b2a,pending,,text_match_multi
SHL_SONGBEN_0216,SHSRC0033,傷寒論（宋本）,songben,216.0,辨陽明病脈證並治,陽明病,original_clause,A,陽明病，下血，譫語者，此為熱入血室。但頭汗出者，刺期門，隨其實而瀉之，濈然汗出則愈。,陽明病，下血，譫語者，此為熱入血室。但頭汗出者，刺期門，隨其實而瀉之，濈然汗出則愈。,False,[],[],"[""下血"", ""譫語"", ""頭汗出"", ""汗出""]",[],[],"[""陽明病"", ""熱入血室""]",[],[],[],"[""譫語""]","[""愈""]",[],[],[],"[""但""]",2d0713c890e718bf537bdd51275736c95afd5ebda47616a32170a4b11919ef27,pending,,text_match_multi
SHL_SONGBEN_0217,SHSRC0033,傷寒論（宋本）,songben,217.0,辨陽明病脈證並治,陽明病,original_clause,A,汗出，譫語者，以有燥屎在胃中，此為風也。須下者，過經乃可下之。下之若早，語言必亂，以表虛裏實故也。下之愈，宜大承氣湯。,汗出，譫語者，以有燥屎在胃中，此為風也。須下者，過經乃可下之。下之若早，語言必亂，以表虛裏實故也。下之愈，宜大承氣湯。,True,"[""大承氣湯""]",[],"[""汗出"", ""譫語"", ""燥屎""]",[],[],[],"[""下之""]",[],"[""下之""]","[""譫語""]","[""愈""]",[],[],[],"[""若"", ""必"", ""宜""]",f18d6a66f17a04c60a79cddce52d6d28b75331088a4b14967568034b102ae720,pending,,text_match_multi
SHL_SONGBEN_0218,SHSRC0033,傷寒論（宋本）,songben,218.0,辨陽明病脈證並治,陽明病,original_clause,A,傷寒四五日，脈沉而喘滿，沉為在裏，而反發其汗，津液越出，大便為難，表虛裏實，久則譫語。,傷寒四五日，脈沉而喘滿，沉為在裏，而反發其汗，津液越出，大便為難，表虛裏實，久則譫語。,False,[],[],"[""喘"", ""譫語""]",[],"[""沉""]","[""傷寒""]","[""發其汗""]",[],[],"[""譫語""]",[],[],"[""四五日"", ""久""]",[],"[""反""]",47d2d41141dde2aaf3fac30d167bf6a34b2d403b0578822b580c2fffda994dae,pending,,text_match_multi
SHL_SONGBEN_0219,SHSRC0033,傷寒論（宋本）,songben,219.0,辨陽明病脈證並治,陽明病,original_clause,A,三陽合病，腹滿，身重，難以轉側，口不仁，面垢，譫語，遺尿。發汗則譫語，下之則額上生汗，手足厥冷。若自汗出者，白虎湯主之。,三陽合病，腹滿，身重，難以轉側，口不仁，面垢，譫語，遺尿。發汗則譫語，下之則額上生汗，手足厥冷。若自汗出者，白虎湯主之。,True,"[""白虎湯""]",[],"[""腹滿"", ""身重"", ""口不仁"", ""面垢"", ""譫語"", ""遺尿"", ""手足厥冷"", ""自汗出""]",[],[],"[""三陽合病""]","[""發汗"", ""下之""]",[],"[""下之""]","[""譫語"", ""厥""]",[],[],[],[],"[""若"", ""主之""]",a9300916d9a2d416826348ec6d6cbbf23f30d952d78ce29cd6e0ff675c6a36a5,pending,,text_match_multi
SHL_SONGBEN_0220,SHSRC0033,傷寒論（宋本）,songben,220.0,辨陽明病脈證並治,陽明病,original_clause,A,二陽并病，太陽證罷，但發潮熱，手足漐漐汗出，大便難而譫語者，下之則愈，宜大承氣湯。,二陽并病，太陽證罷，但發潮熱，手足漐漐汗出，大便難而譫語者，下之則愈，宜大承氣湯。,True,"[""大承氣湯""]",[],"[""潮熱"", ""漐漐汗出"", ""大便難"", ""譫語""]",[],[],[],"[""下之""]",[],"[""下之""]","[""譫語""]","[""愈""]",[],[],[],"[""但"", ""宜""]",fd0f003c64bfbc092f9f200245e69072f33a3a620f286142e8637b2b368d62aa,pending,,text_match_multi
SHL_SONGBEN_0221,SHSRC0033,傷寒論（宋本）,songben,221.0,辨陽明病脈證並治,陽明病,original_clause,A,陽明病，脈浮而緊，咽燥，口苦，腹滿而喘，發熱汗出，不惡寒，反惡熱，身重。若發汗則躁，心憒憒，反譫語，若加溫針，必怵惕，煩躁不得眠。若下之，則胃中空虛，客氣動膈，心中懊憹，舌上胎者，梔子豉湯主之。,陽明病，脈浮而緊，咽燥，口苦，腹滿而喘，發熱汗出，不惡寒，反惡熱，身重。若發汗則躁，心憒憒，反譫語，若加溫針，必怵惕，煩躁不得眠。若下之，則胃中空虛，客氣動膈，心中懊憹，舌上胎者，梔子豉湯主之。,True,"[""梔子豉湯""]",[],"[""口苦"", ""腹滿"", ""喘"", ""發熱"", ""汗出"", ""不惡寒"", ""反惡熱"", ""身重"", ""心憒憒"", ""反譫語"", ""怵惕"", ""煩躁不得眠"", ""心中懊憹""]",[],"[""浮而緊"", ""浮緊""]","[""陽明病""]","[""發汗"", ""下之""]",[],"[""若下之"", ""加溫針""]","[""客氣動膈"", ""心中懊憹"", ""胃中空虛"", ""懊憹"", ""煩躁"", ""譫語""]",[],[],[],[],"[""若"", ""反"", ""必"", ""主之""]",c2d8d67a314b7151a1fcf444b9ef460db2c566ccf4f775dea6494179132d251a,pending,,text_match_multi
SHL_SONGBEN_0222,SHSRC0033,傷寒論（宋本）,songben,222.0,辨陽明病脈證並治,陽明病,original_clause,A,若渴欲飲水，口乾舌燥者，白虎加人參湯主之。,若渴欲飲水，口乾舌燥者，白虎加人參湯主之。,True,"[""白虎加人參湯""]",[],"[""渴欲飲水"", ""口乾""]",[],[],[],[],[],[],[],[],[],[],[],"[""若"", ""主之""]",206b297ffc4804b4021e412269612792a1984c79928fc7727caaf53fbe93c432,pending,,text_match_multi
SHL_SONGBEN_0223,SHSRC0033,傷寒論（宋本）,songben,223.0,辨陽明病脈證並治,陽明病,original_clause,A,若脈浮，發熱，渴欲飲水，小便不利者，豬苓湯主之。,若脈浮，發熱，渴欲飲水，小便不利者，豬苓湯主之。,True,"[""豬苓湯""]","[{""formula_name"": ""豬苓湯"", ""composition"": [{""herb"": ""豬苓"", ""dose_processing"": ""去皮""}, {""herb"": ""茯苓"", ""dose_processing"": """"}, {""herb"": ""澤瀉"", ""dose_processing"": """"}, {""herb"": ""阿膠"", ""dose_processing"": """"}, {""herb"": ""滑石"", ""dose_processing"": ""碎，各一兩""}], ""preparation"": ""右五味，以水四升，先煮四味，取二升，去滓，內阿膠烊消，"", ""administration"": ""溫服七合，日三服。"", ""post_notes"": [], ""raw_text"": ""**豬苓湯方**\n\n豬苓<l>去皮</l>　茯苓　澤瀉　阿膠　滑石<l>碎，各一兩</l>\n\n右五味，以水四升，先煮四味，取二升，去滓，內阿膠烊消，溫服七合，日三服。""}]","[""發熱"", ""渴欲飲水"", ""小便不利""]",[],"[""浮""]",[],[],[],[],[],[],"[""滑石"", ""澤瀉"", ""茯苓"", ""豬苓"", ""阿膠""]",[],[],"[""若"", ""主之""]",8e97baeb9411709c914506ed6ef18d6ef1cecfbd6593d7945ac7f341d1ffd877,pending,,text_match_multi
SHL_SONGBEN_0224,SHSRC0033,傷寒論（宋本）,songben,224.0,辨陽明病脈證並治,陽明病,original_clause,A,陽明病，汗出多而渴者，不可與豬苓湯，以汗多胃中燥，豬苓湯復利其小便故也。,陽明病，汗出多而渴者，不可與豬苓湯，以汗多胃中燥，豬苓湯復利其小便故也。,True,"[""豬苓湯""]",[],"[""汗出"", ""渴"", ""汗多""]",[],[],"[""陽明病""]","[""利其小便""]","[""不可與""]",[],[],[],[],[],[],"[""不可"", ""可與""]",ac75db8afd26c96ceeaf2affc713cddca5bcccd968ac40f04b081d3e027c4b4a,pending,,text_match_multi
SHL_SONGBEN_0225,SHSRC0033,傷寒論（宋本）,songben,225.0,辨陽明病脈證並治,陽明病,original_clause,A,脈浮而遲，表熱裏寒，下利清穀者，四逆湯主之。,脈浮而遲，表熱裏寒，下利清穀者，四逆湯主之。,True,"[""四逆湯""]",[],"[""下利清穀""]",[],"[""浮而遲"", ""浮遲""]",[],[],[],[],[],[],[],[],[],"[""主之""]",0675111477e7ed3ea77fd3603b38a7f2b19a3d9eb0a241802d83dbe4a31ba037,pending,,text_match_multi
SHL_SONGBEN_0226,SHSRC0033,傷寒論（宋本）,songben,226.0,辨陽明病脈證並治,陽明病,original_clause,A,若胃中虛冷，不能食者，飲水則噦。,若胃中虛冷，不能食者，飲水則噦。,False,[],[],"[""不能食"", ""噦""]",[],[],[],[],[],[],"[""噦""]",[],[],[],[],"[""若""]",f09bb3bfe789d5659c1786e828d842745e4525f8b2ee0cae5dbd1940e876e7a7,pending,,text_match_multi
SHL_SONGBEN_0227,SHSRC0033,傷寒論（宋本）,songben,227.0,辨陽明病脈證並治,陽明病,original_clause,A,脈浮，發熱，口乾，鼻燥，能食者則衄。,脈浮，發熱，口乾，鼻燥，能食者則衄。,False,[],[],"[""發熱"", ""口乾"", ""能食"", ""衄""]",[],"[""浮""]",[],[],[],[],"[""衄""]",[],[],[],[],[],4c56d3d6c7c79c54f0d48bf6cb049ce814c2f34395fd6827863003af87cb1807,pending,,text_match_multi
SHL_SONGBEN_0228,SHSRC0033,傷寒論（宋本）,songben,228.0,辨陽明病脈證並治,陽明病,original_clause,A,陽明病，下之，其外有熱，手足溫，不結胸，心中懊憹，飢不能食，但頭汗出者，梔子豉湯主之。,陽明病，下之，其外有熱，手足溫，不結胸，心中懊憹，飢不能食，但頭汗出者，梔子豉湯主之。,True,"[""梔子豉湯""]",[],"[""手足溫"", ""心中懊憹"", ""不能食"", ""頭汗出""]",[],[],"[""陽明病""]","[""下之""]",[],"[""下之""]","[""心中懊憹"", ""飢不能食"", ""懊憹"", ""結胸""]",[],[],[],[],"[""但"", ""主之""]",2c7acbd82192998365a00f83578c61e841c48136f7b906d3c34e6fc00e99d32a,pending,,text_match_multi
SHL_SONGBEN_0229,SHSRC0033,傷寒論（宋本）,songben,229.0,辨陽明病脈證並治,陽明病,original_clause,A,陽明病，發潮熱，大便溏，小便自可，胸脇滿不去者，與小柴胡湯。,陽明病，發潮熱，大便溏，小便自可，胸脇滿不去者，與小柴胡湯。,True,"[""小柴胡湯""]",[],"[""潮熱"", ""大便溏"", ""胸脅滿""]",[],[],"[""陽明病""]",[],[],[],[],[],[],[],[],[],df699b2012ba835a52aa3cccc4d4ac8c8e7ebc686d77161ae8d6639d1b9100de,pending,,text_match_multi
SHL_SONGBEN_0230,SHSRC0033,傷寒論（宋本）,songben,230.0,辨陽明病脈證並治,陽明病,original_clause,A,陽明病，脇下鞕滿，不大便，而嘔，舌上白胎者，可與小柴胡湯。上焦得通，津液得下，胃氣因和，身濈然汗出而解。,陽明病，脇下鞕滿，不大便，而嘔，舌上白胎者，可與小柴胡湯。上焦得通，津液得下，胃氣因和，身濈然汗出而解。,True,"[""小柴胡湯""]",[],"[""脅下硬滿"", ""不大便"", ""嘔"", ""汗出""]",[],[],"[""陽明病""]",[],[],[],[],"[""解""]",[],[],[],"[""可與""]",e5ff34d7b4561afa040d507bcf7af59edd17349f6dea096815986cf9984a2de1,pending,,text_match_multi
SHL_SONGBEN_0231,SHSRC0033,傷寒論（宋本）,songben,231.0,辨陽明病脈證並治,陽明病,original_clause,A,陽明中風，脈弦浮大而短氣，腹都滿，脇下及心痛，久按之氣不通，鼻乾，不得汗，嗜臥，一身及目悉黃，小便難，有潮熱，時時噦，耳前後腫。刺之小差，外不解，病過十日，脈續浮者，與小柴胡湯。,陽明中風，脈弦浮大而短氣，腹都滿，脇下及心痛，久按之氣不通，鼻乾，不得汗，嗜臥，一身及目悉黃，小便難，有潮熱，時時噦，耳前後腫。刺之小差，外不解，病過十日，脈續浮者，與小柴胡湯。,True,"[""小柴胡湯""]",[],"[""短氣"", ""鼻乾"", ""嗜臥"", ""小便難"", ""潮熱"", ""噦""]",[],"[""弦"", ""浮弦大短""]","[""陽明中風""]",[],[],[],"[""噦""]","[""解""]",[],"[""久"", ""十日""]",[],[],faba1c2ba0f063f28ed1e379d0684a0bbaab3854f1710d58360b0b463540c7b4,pending,,text_match_multi
SHL_SONGBEN_0232,SHSRC0033,傷寒論（宋本）,songben,232.0,辨陽明病脈證並治,陽明病,original_clause,A,脈但浮，無餘證者，與麻黃湯。若不尿，腹滿加噦者，不治。,脈但浮，無餘證者，與麻黃湯。若不尿，腹滿加噦者，不治。,True,"[""麻黃湯""]",[],"[""腹滿"", ""噦""]",[],"[""浮""]",[],[],[],[],"[""噦""]","[""不治""]",[],[],[],"[""若"", ""但""]",f8b71fa2960ec232c6015e83c9664f9e7d619ddfa022f9479a2e1ef14e875f39,pending,,text_match_multi
SHL_SONGBEN_0233,SHSRC0033,傷寒論（宋本）,songben,233.0,辨陽明病脈證並治,陽明病,original_clause,A,陽明病，自汗出，若發汗，小便自利者，此為津液內竭，雖鞕不可攻之，當須自欲大便，宜蜜煎導而通之，若土瓜根及大豬膽汁，皆可為導。,陽明病，自汗出，若發汗，小便自利者，此為津液內竭，雖鞕不可攻之，當須自欲大便，宜蜜煎導而通之，若土瓜根及大豬膽汁，皆可為導。,True,"[""蜜煎導"", ""土瓜根"", ""豬膽汁""]","[{""formula_name"": ""蜜煎導"", ""composition"": [{""herb"": ""食蜜"", ""dose_processing"": ""七合""}], ""preparation"": ""右一味。於銅器內，微火煎，當須凝如飴狀，攪之勿令焦著，欲可丸。並手捻作挺，令頭銳，大如指，長二寸許，當熱時急作，冷則鞕。以內穀道中，以手急抱，欲大便時乃去之。"", ""administration"": """", ""post_notes"": [], ""raw_text"": ""**蜜煎導方**\n\n食蜜<l>七合</l>\n\n右一味。於銅器內，微火煎，當須凝如飴狀，攪之勿令焦著，欲可丸。並手捻作挺，令頭銳，大如指，長二寸許，當熱時急作，冷則鞕。以內穀道中，以手急抱，欲大便時乃去之。""}, {""formula_name"": ""土瓜根"", ""composition"": [], ""preparation"": """", ""administration"": """", ""post_notes"": [""已佚""], ""raw_text"": ""**土瓜根方**\n\n已佚""}, {""formula_name"": ""豬膽汁"", ""composition"": [], ""preparation"": """", ""administration"": """", ""post_notes"": [""又大豬膽一枚，瀉汁，和少許法醋，以灌穀道內。如一食頃，當大便出宿食惡物，甚效。""], ""raw_text"": ""**豬膽汁方**\n\n又大豬膽一枚，瀉汁，和少許法醋，以灌穀道內。如一食頃，當大便出宿食惡物，甚效。""}]","[""自汗出"", ""小便自利""]",[],[],"[""陽明病""]","[""發汗""]","[""不可攻之""]",[],[],[],"[""食蜜""]",[],[],"[""不可"", ""若"", ""宜""]",4dbbe4beb8cf6f7a5987914071d02270636b271cc9b4dff525c9bd53a966bff3,pending,,text_match_multi
SHL_SONGBEN_0234,SHSRC0033,傷寒論（宋本）,songben,234.0,辨陽明病脈證並治,陽明病,original_clause,A,陽明病，脈遲，汗出多，微惡寒者，表未解也，可發汗，宜桂枝湯。,陽明病，脈遲，汗出多，微惡寒者，表未解也，可發汗，宜桂枝湯。,True,"[""桂枝湯""]",[],"[""汗出"", ""微惡寒""]",[],"[""遲""]","[""陽明病""]","[""可發汗""]",[],[],[],"[""解""]",[],[],[],"[""宜""]",bd3a6c04b1fd0c8348a8e47784c80961303a72217a406d383c81f8a7a7b4abca,pending,,text_match_multi
SHL_SONGBEN_0235,SHSRC0033,傷寒論（宋本）,songben,235.0,辨陽明病脈證並治,陽明病,original_clause,A,陽明病，脈浮，無汗而喘者，發汗則愈，宜麻黃湯。,陽明病，脈浮，無汗而喘者，發汗則愈，宜麻黃湯。,True,"[""麻黃湯""]",[],"[""無汗而喘""]",[],"[""浮""]","[""陽明病""]","[""發汗""]",[],[],[],"[""愈""]",[],[],[],"[""宜""]",958f0af5a73de21eb46a1d5ea78e279065ebcd0089db481058fe9a861e1948b8,pending,,text_match_multi
SHL_SONGBEN_0236,SHSRC0033,傷寒論（宋本）,songben,236.0,辨陽明病脈證並治,陽明病,original_clause,A,陽明病，發熱汗出者，此為熱越，不能發黃也；但頭汗出，身無汗，劑頸而還，小便不利，渴引水漿者，此為瘀熱在裏，身必發黃，茵陳蒿湯主之。,陽明病，發熱汗出者，此為熱越，不能發黃也；但頭汗出，身無汗，劑頸而還，小便不利，渴引水漿者，此為瘀熱在裏，身必發黃，茵陳蒿湯主之。,True,"[""茵陳蒿湯""]","[{""formula_name"": ""茵陳蒿湯"", ""composition"": [{""herb"": ""茵陳蒿"", ""dose_processing"": ""六兩""}, {""herb"": ""梔子"", ""dose_processing"": ""十四枚，擘""}, {""herb"": ""大黃"", ""dose_processing"": ""二兩，去皮""}], ""preparation"": ""右三味，以水一斗二升，先煮茵陳，減六升，內二味，煮取三升，去滓，分三服。小便當利，尿如皂莢汁狀，色正赤，一宿腹減，黃從小便去也。"", ""administration"": """", ""post_notes"": [], ""raw_text"": ""**茵陳蒿湯方**\n\n茵陳蒿<l>六兩</l>　梔子<l>十四枚，擘</l>　大黃<l>二兩，去皮</l>\n\n右三味，以水一斗二升，先煮茵陳，減六升，內二味，煮取三升，去滓，分三服。小便當利，尿如皂莢汁狀，色正赤，一宿腹減，黃從小便去也。""}]","[""發熱"", ""汗出"", ""發黃"", ""頭汗出"", ""無汗"", ""小便不利"", ""渴"", ""瘀熱在裏""]",[],[],"[""陽明病""]",[],[],[],"[""發黃""]",[],"[""大黃"", ""梔子"", ""茵陳蒿""]",[],[],"[""必"", ""但"", ""主之""]",9924bca6e6c40399a8d3ff3376fd7e5513c38ec85a4fa294107954deee8e5fa3,pending,,text_match_multi
SHL_SONGBEN_0237,SHSRC0033,傷寒論（宋本）,songben,237.0,辨陽明病脈證並治,陽明病,original_clause,A,陽明證，其人喜忘者，必有畜血。所以然者，本有久瘀血，故令喜忘，屎雖鞕，大便反易，其色必黑者，宜抵當湯下之。,陽明證，其人喜忘者，必有畜血。所以然者，本有久瘀血，故令喜忘，屎雖鞕，大便反易，其色必黑者，宜抵當湯下之。,True,"[""抵當湯""]",[],[],[],[],[],"[""下之""]",[],"[""下之""]",[],[],[],"[""久""]",[],"[""反"", ""必"", ""宜""]",3b6289e3a4ab70743feafed9aec5e5d6cbba63c1c8b1aba60a30ea8fcaf27bc0,pending,,text_match_multi
SHL_SONGBEN_0238,SHSRC0033,傷寒論（宋本）,songben,238.0,辨陽明病脈證並治,陽明病,original_clause,A,陽明病，下之，心中懊憹而煩，胃中有燥屎者，可攻。腹微滿，初頭鞕，後必溏，不可攻之。若有燥屎者，宜大承氣湯。,陽明病，下之，心中懊憹而煩，胃中有燥屎者，可攻。腹微滿，初頭鞕，後必溏，不可攻之。若有燥屎者，宜大承氣湯。,True,"[""大承氣湯""]",[],"[""心中懊憹"", ""燥屎""]",[],[],"[""陽明病""]","[""下之""]","[""不可攻之""]","[""下之""]","[""心中懊憹"", ""懊憹""]",[],[],[],[],"[""不可"", ""若"", ""必"", ""宜""]",0b35cbb0001e9d53977c342b3c52734d97f3f0ea91bf768207ac24634a7e8673,pending,,text_match_multi
SHL_SONGBEN_0239,SHSRC0033,傷寒論（宋本）,songben,239.0,辨陽明病脈證並治,陽明病,original_clause,A,病人不大便五六日，繞臍痛，煩躁，發作有時者，此有燥屎，故使不大便也。,病人不大便五六日，繞臍痛，煩躁，發作有時者，此有燥屎，故使不大便也。,False,[],[],"[""不大便"", ""繞臍痛"", ""煩躁"", ""燥屎""]",[],[],[],[],[],[],"[""煩躁""]",[],[],"[""五六日""]",[],[],80241349358b0ee62c008d6168cbcdf0fae5329937864ac8c98b71c02790c715,pending,,text_match_multi
SHL_SONGBEN_0240,SHSRC0033,傷寒論（宋本）,songben,240.0,辨陽明病脈證並治,陽明病,original_clause,A,病人煩熱，汗出則解，又如瘧狀，日晡所發熱者，屬陽明也。脈實者，宜下之；脈浮虛者，宜發汗。下之，與大承氣湯；發汗，宜桂枝湯。,病人煩熱，汗出則解，又如瘧狀，日晡所發熱者，屬陽明也。脈實者，宜下之；脈浮虛者，宜發汗。下之，與大承氣湯；發汗，宜桂枝湯。,True,"[""大承氣湯"", ""桂枝湯""]",[],"[""汗出"", ""如瘧狀"", ""發熱""]",[],"[""實"", ""浮虛""]",[],"[""發汗"", ""下之""]",[],"[""下之""]",[],"[""解""]",[],[],[],"[""屬"", ""宜""]",eea6128dae6a1c40d2f66d0d1099d2c7706dfc5d2a9cbb864100a30cf0a26152,pending,,text_match_multi
SHL_SONGBEN_0241,SHSRC0033,傷寒論（宋本）,songben,241.0,辨陽明病脈證並治,陽明病,original_clause,A,大下後，六七日不大便，煩不解，腹滿痛者，此有燥屎也。所以然者，本有宿食故也，宜大承氣湯。,大下後，六七日不大便，煩不解，腹滿痛者，此有燥屎也。所以然者，本有宿食故也，宜大承氣湯。,True,"[""大承氣湯""]",[],"[""不大便"", ""腹滿痛"", ""燥屎""]",[],[],[],[],[],"[""大下後""]",[],"[""解""]",[],"[""六七日""]",[],"[""宜""]",34c6bb73c2b75eb341aaefb169f45d1c989dcc7e273486c116d982051b64167d,pending,,text_match_multi
SHL_SONGBEN_0242,SHSRC0033,傷寒論（宋本）,songben,242.0,辨陽明病脈證並治,陽明病,original_clause,A,病人小便不利，大便乍難乍易，時有微熱，喘冒不能臥者，有燥屎也。宜大承氣湯。,病人小便不利，大便乍難乍易，時有微熱，喘冒不能臥者，有燥屎也。宜大承氣湯。,True,"[""大承氣湯""]",[],"[""小便不利"", ""微熱"", ""喘"", ""燥屎""]",[],[],[],[],[],[],[],[],[],[],[],"[""宜""]",5e33e2011f72ddb685fa886fe005b5c0f5dbdf7d9fa462fbef0733fb5cf8aa99,pending,,text_match_multi
SHL_SONGBEN_0243,SHSRC0033,傷寒論（宋本）,songben,243.0,辨陽明病脈證並治,陽明病,original_clause,A,食穀欲嘔，屬陽明也，吳茱萸湯主之；得湯反劇者，屬上焦也。,食穀欲嘔，屬陽明也，吳茱萸湯主之；得湯反劇者，屬上焦也。,True,"[""吳茱萸湯""]","[{""formula_name"": ""吳茱萸湯"", ""composition"": [{""herb"": ""吳茱萸"", ""dose_processing"": ""一升，洗""}, {""herb"": ""人參"", ""dose_processing"": ""三兩""}, {""herb"": ""生薑"", ""dose_processing"": ""六兩，切""}, {""herb"": ""大棗"", ""dose_processing"": ""十二枚，擘""}], ""preparation"": ""右四味，以水七升，煮取二升，去滓，"", ""administration"": ""溫服七合，日三服。"", ""post_notes"": [], ""raw_text"": ""**吳茱萸湯方**\n\n吳茱萸<l>一升，洗</l>　人參<l>三兩</l>　生薑<l>六兩，切</l>　大棗<l>十二枚，擘</l>\n\n右四味，以水七升，煮取二升，去滓，溫服七合，日三服。""}]","[""食穀欲嘔""]",[],[],[],[],[],[],[],[],"[""人參"", ""吳茱萸"", ""大棗"", ""生薑""]",[],[],"[""反"", ""屬"", ""主之""]",7a71f3d804beaf908d5af5208126134ccc50b0a3eb25603ae1c7f67b36bb21de,pending,,text_match_multi
SHL_SONGBEN_0244,SHSRC0033,傷寒論（宋本）,songben,244.0,辨陽明病脈證並治,陽明病,original_clause,A,太陽病，寸緩、關浮、尺弱，其人發熱汗出，復惡寒，不嘔，但心下痞者，此以醫下之也。如其不下者，病人不惡寒而渴者，此轉屬陽明也，小便數者，大便必鞕，不更衣十日，無所苦也。渴欲飲水，少少與之，但以法救之，渴者，宜五苓散。,太陽病，寸緩、關浮、尺弱，其人發熱汗出，復惡寒，不嘔，但心下痞者，此以醫下之也。如其不下者，病人不惡寒而渴者，此轉屬陽明也，小便數者，大便必鞕，不更衣十日，無所苦也。渴欲飲水，少少與之，但以法救之，渴者，宜五苓散。,True,"[""五苓散""]",[],"[""發熱"", ""汗出"", ""惡寒"", ""心下痞"", ""不惡寒"", ""渴"", ""小便數"", ""渴欲飲水""]","[""不嘔""]",[],"[""太陽病""]","[""下之""]",[],"[""醫下之""]","[""心下痞"", ""痞""]",[],[],"[""十日""]",[],"[""必"", ""但"", ""屬"", ""宜""]",288e8d990cafebc6b132d16088cd370d81471f4f37547c6d18ea461332df7869,pending,,text_match_multi
SHL_SONGBEN_0245,SHSRC0033,傷寒論（宋本）,songben,245.0,辨陽明病脈證並治,陽明病,original_clause,A,陽脈微而汗出少者，為自和也；汗出多者為太過，陽脈實。因發其汗，出多者，亦為太過，太過者，為陽絕於裏，亡津液，大便因鞕也。,陽脈微而汗出少者，為自和也；汗出多者為太過，陽脈實。因發其汗，出多者，亦為太過，太過者，為陽絕於裏，亡津液，大便因鞕也。,False,[],[],"[""汗出""]",[],"[""微"", ""實""]",[],"[""發其汗""]",[],[],[],[],[],[],[],[],fbab7440299d42c192f3133cf394fbee49bdf6323853d84a48c95cc51b2d3638,pending,,text_match_multi
SHL_SONGBEN_0246,SHSRC0033,傷寒論（宋本）,songben,246.0,辨陽明病脈證並治,陽明病,original_clause,A,脈浮而芤，浮為陽，芤為陰，浮芤相搏，胃氣生熱，其陽則絕。,脈浮而芤，浮為陽，芤為陰，浮芤相搏，胃氣生熱，其陽則絕。,False,[],[],[],[],"[""浮"", ""浮芤""]",[],[],[],[],[],[],[],[],[],[],45615c69c597fb5b1ebe3a6ceb0c7556267f57ec3176f3f820bd5b89212e6b7f,pending,,text_match_multi
SHL_SONGBEN_0247,SHSRC0033,傷寒論（宋本）,songben,247.0,辨陽明病脈證並治,陽明病,original_clause,A,趺陽脈浮而濇，浮則胃氣強，濇則小便數，浮濇相搏，大便則鞕，其脾為約，麻子仁丸主之。,趺陽脈浮而濇，浮則胃氣強，濇則小便數，浮濇相搏，大便則鞕，其脾為約，麻子仁丸主之。,True,"[""麻子仁丸""]","[{""formula_name"": ""麻子仁丸"", ""composition"": [{""herb"": ""麻子仁"", ""dose_processing"": ""二升""}, {""herb"": ""芍藥"", ""dose_processing"": ""半斤""}, {""herb"": ""枳實"", ""dose_processing"": ""半斤，炙""}, {""herb"": ""大黃"", ""dose_processing"": ""一斤，去皮""}, {""herb"": ""厚朴"", ""dose_processing"": ""一尺，炙，去皮""}, {""herb"": ""杏仁"", ""dose_processing"": ""一升，去皮尖，熬，別作脂""}], ""preparation"": ""右六味，蜜和丸，如梧桐子大，"", ""administration"": ""飲服十丸，日三服，漸加，以知為度。"", ""post_notes"": [], ""raw_text"": ""**麻子仁丸方**\n\n麻子仁<l>二升</l>　芍藥<l>半斤</l>　枳實<l>半斤，炙</l>　大黃<l>一斤，去皮</l>　厚朴<l>一尺，炙，去皮</l>　杏仁<l>一升，去皮尖，熬，別作脂</l>\n\n右六味，蜜和丸，如梧桐子大，飲服十丸，日三服，漸加，以知為度。""}]","[""小便數""]",[],"[""趺陽脈"", ""浮澀""]",[],[],[],[],[],[],"[""厚朴"", ""大黃"", ""杏仁"", ""枳實"", ""芍藥"", ""麻子仁""]",[],[],"[""主之""]",83e0c882ae7fbc8603f3a31e085769388f1ecdc6624385ad73225cd222d8dbb2,pending,,text_match_multi
SHL_SONGBEN_0248,SHSRC0033,傷寒論（宋本）,songben,248.0,辨陽明病脈證並治,陽明病,original_clause,A,太陽病三日，發汗不解，蒸蒸發熱者，屬胃也，調胃承氣湯主之。,太陽病三日，發汗不解，蒸蒸發熱者，屬胃也，調胃承氣湯主之。,True,"[""調胃承氣湯""]",[],"[""蒸蒸發熱""]",[],[],"[""太陽病""]","[""發汗""]",[],[],[],"[""解""]",[],"[""三日""]",[],"[""屬"", ""主之""]",ee801b6992ceb08188eb145709054cf54619e34517ce54fbe5a88250812b67ac,pending,,text_match_multi
SHL_SONGBEN_0249,SHSRC0033,傷寒論（宋本）,songben,249.0,辨陽明病脈證並治,陽明病,original_clause,A,傷寒吐後，腹脹滿者，與調胃承氣湯。,傷寒吐後，腹脹滿者，與調胃承氣湯。,True,"[""調胃承氣湯""]",[],"[""腹脹滿""]",[],[],"[""傷寒""]",[],[],"[""吐後""]",[],[],[],[],[],[],6b0d2828d6772eb6e521e36a22d4670faff4c7c2e82a99926639b17d912c4fa8,pending,,text_match_multi
SHL_SONGBEN_0250,SHSRC0033,傷寒論（宋本）,songben,250.0,辨陽明病脈證並治,陽明病,original_clause,A,太陽病，若吐、若下，若發汗後，微煩，小便數，大便因鞕者，與小承氣湯，和之愈。,太陽病，若吐、若下，若發汗後，微煩，小便數，大便因鞕者，與小承氣湯，和之愈。,True,"[""小承氣湯""]",[],"[""微煩"", ""小便數""]",[],[],"[""太陽病""]","[""發汗"", ""和之""]",[],"[""發汗後"", ""若吐""]",[],"[""愈""]",[],[],[],"[""若""]",fb24d96ccf0e6efc0ed9e51cb6441594376db66cfe5cd70d9daf936ca65ca6aa,pending,,text_match_multi
SHL_SONGBEN_0251,SHSRC0033,傷寒論（宋本）,songben,251.0,辨陽明病脈證並治,陽明病,original_clause,A,得病二三日，脈弱，無太陽柴胡證，煩躁，心下鞕，至四五日，雖能食，以小承氣湯少少與，微和之，令小安。至六日，與承氣湯一升。若不大便六七日，小便少者，雖不受食，但初頭鞕，後必溏，未定成鞕，攻之必溏，須小便利，屎定鞕，乃可攻之，宜大承氣湯。,得病二三日，脈弱，無太陽柴胡證，煩躁，心下鞕，至四五日，雖能食，以小承氣湯少少與，微和之，令小安。至六日，與承氣湯一升。若不大便六七日，小便少者，雖不受食，但初頭鞕，後必溏，未定成鞕，攻之必溏，須小便利，屎定鞕，乃可攻之，宜大承氣湯。,True,"[""小承氣湯"", ""大承氣湯""]",[],"[""煩躁"", ""心下硬"", ""能食"", ""不大便"", ""小便少"", ""小便利""]",[],"[""弱""]",[],"[""攻之"", ""和之""]",[],[],"[""煩躁""]",[],[],"[""二三日"", ""四五日"", ""六日"", ""六七日""]",[],"[""若"", ""必"", ""但"", ""宜""]",cfbd88e193972616a459b8e365457968833e9ddc01085ecfc81645c649132515,pending,,text_match_multi
SHL_SONGBEN_0252,SHSRC0033,傷寒論（宋本）,songben,252.0,辨陽明病脈證並治,陽明病,original_clause,A,傷寒六七日，目中不了了，睛不和，無表裏證，大便難，身微熱者，此為實也。急下之，宜大承氣湯。,傷寒六七日，目中不了了，睛不和，無表裏證，大便難，身微熱者，此為實也。急下之，宜大承氣湯。,True,"[""大承氣湯""]",[],"[""大便難"", ""微熱""]",[],[],"[""傷寒""]","[""下之""]",[],"[""下之""]",[],[],[],"[""六七日""]",[],"[""急"", ""宜""]",b6c0ddf2e5c9863e768eb304377e77b74c2f8026c605c97804c245441e037e44,pending,,text_match_multi
SHL_SONGBEN_0253,SHSRC0033,傷寒論（宋本）,songben,253.0,辨陽明病脈證並治,陽明病,original_clause,A,陽明病，發熱，汗多者，急下之，宜大承氣湯。,陽明病，發熱，汗多者，急下之，宜大承氣湯。,True,"[""大承氣湯""]",[],"[""發熱"", ""汗多""]",[],[],"[""陽明病""]","[""下之""]",[],"[""下之""]",[],[],[],[],[],"[""急"", ""宜""]",f3277f15968ed35a3ae57824b22427c3722fca9d877563afe9fcb2a5c727c9aa,pending,,text_match_multi
SHL_SONGBEN_0254,SHSRC0033,傷寒論（宋本）,songben,254.0,辨陽明病脈證並治,陽明病,original_clause,A,發汗不解，腹滿痛者，急下之，宜大承氣湯。,發汗不解，腹滿痛者，急下之，宜大承氣湯。,True,"[""大承氣湯""]",[],"[""腹滿痛""]",[],[],[],"[""發汗"", ""下之""]",[],"[""下之""]",[],"[""解""]",[],[],[],"[""急"", ""宜""]",c60abb8f38b1a584385d962c6faef98aa0c9e67461d93bec4c0a4831c263e83c,pending,,text_match_multi
SHL_SONGBEN_0255,SHSRC0033,傷寒論（宋本）,songben,255.0,辨陽明病脈證並治,陽明病,original_clause,A,腹滿不減，減不足言，當下之，宜大承氣湯。,腹滿不減，減不足言，當下之，宜大承氣湯。,True,"[""大承氣湯""]",[],"[""腹滿""]",[],[],[],"[""下之""]",[],"[""下之""]",[],[],[],[],[],"[""宜""]",763f2fd329054b7da791c777329a5d6ee8e54d63563c8f4daa5edc33a488bcd0,pending,,text_match_multi
SHL_SONGBEN_0256,SHSRC0033,傷寒論（宋本）,songben,256.0,辨陽明病脈證並治,陽明病,original_clause,A,陽明少陽合病，必下利，其脈不負者，為順也。負者，失也。互相剋賊，名為負也。脈滑而數者，有宿食也。當下之，宜大承氣湯。,陽明少陽合病，必下利，其脈不負者，為順也。負者，失也。互相剋賊，名為負也。脈滑而數者，有宿食也。當下之，宜大承氣湯。,True,"[""大承氣湯""]",[],"[""下利""]",[],"[""滑而數"", ""數滑""]","[""陽明少陽合病""]","[""下之""]",[],"[""下之""]",[],[],[],[],[],"[""必"", ""宜""]",f49167ae54b3dfce75563c436b6b49f8a776a114782257c1fc7ed5a607f0a5c9,pending,,text_match_multi
SHL_SONGBEN_0257,SHSRC0033,傷寒論（宋本）,songben,257.0,辨陽明病脈證並治,陽明病,original_clause,A,病人無表裏證，發熱七八日，雖脈浮數者，可下之。假令已下，脈數不解，合熱則消穀善飢，至六七日，不大便者，有瘀血，宜抵當湯。,病人無表裏證，發熱七八日，雖脈浮數者，可下之。假令已下，脈數不解，合熱則消穀善飢，至六七日，不大便者，有瘀血，宜抵當湯。,True,"[""抵當湯""]",[],"[""發熱"", ""不大便""]",[],"[""浮數"", ""數""]",[],"[""下之""]",[],"[""下之""]",[],"[""解""]",[],"[""七八日"", ""六七日""]",[],"[""宜""]",c964a9d9b7fe49534a5757f2b680b3ea5ce4e15332669d08dcc397515473b4f2,pending,,text_match_multi
SHL_SONGBEN_0258,SHSRC0033,傷寒論（宋本）,songben,258.0,辨陽明病脈證並治,陽明病,original_clause,A,若脈數不解，而下不止，必協熱便膿血也。,若脈數不解，而下不止，必協熱便膿血也。,False,[],[],"[""便膿血""]",[],"[""數""]",[],[],[],[],[],"[""解""]",[],[],[],"[""若"", ""必""]",5370edf0e85f9dad215940b3bb9708bde35af85eb9a9f15b78512fa37e9a674c,pending,,text_match_multi
SHL_SONGBEN_0259,SHSRC0033,傷寒論（宋本）,songben,259.0,辨陽明病脈證並治,陽明病,original_clause,A,傷寒發汗已，身目為黃，所以然者，以寒濕在裏不解故也，以為不可下也，於寒濕中求之。,傷寒發汗已，身目為黃，所以然者，以寒濕在裏不解故也，以為不可下也，於寒濕中求之。,False,[],[],[],[],[],"[""傷寒""]","[""發汗"", ""可下""]","[""不可下""]",[],[],"[""解""]",[],[],[],"[""不可""]",a5ec27c62f924633283f7337fb5e07395559408cf95ae964c739faff8e0c523d,pending,,text_match_multi
SHL_SONGBEN_0260,SHSRC0033,傷寒論（宋本）,songben,260.0,辨陽明病脈證並治,陽明病,original_clause,A,傷寒七八日，身黃如橘子色，小便不利，腹微滿者，茵陳蒿湯主之。,傷寒七八日，身黃如橘子色，小便不利，腹微滿者，茵陳蒿湯主之。,True,"[""茵陳蒿湯""]",[],"[""身黃如橘子色"", ""小便不利""]",[],[],"[""傷寒""]",[],[],[],[],[],[],"[""七八日""]",[],"[""主之""]",7c9a299c1debc95d80454d114ea65ce943be706e79ebd78c06f18be8406fe520,pending,,text_match_multi
SHL_SONGBEN_0261,SHSRC0033,傷寒論（宋本）,songben,261.0,辨陽明病脈證並治,陽明病,original_clause,A,傷寒，身黃，發熱，梔子柏皮湯主之。,傷寒，身黃，發熱，梔子柏皮湯主之。,True,"[""梔子檗皮湯""]","[{""formula_name"": ""梔子檗皮湯"", ""composition"": [{""herb"": ""肥梔子"", ""dose_processing"": ""十五個，擘""}, {""herb"": ""甘草"", ""dose_processing"": ""一兩，炙""}, {""herb"": ""黃柏"", ""dose_processing"": ""二兩""}], ""preparation"": ""右三味，以水四升，煮取一升半，去滓，"", ""administration"": ""分溫再服。"", ""post_notes"": [], ""raw_text"": ""**梔子柏皮湯方**\n\n肥梔子<l>十五個，擘</l>　甘草<l>一兩，炙</l>　黃柏<l>二兩</l>\n\n右三味，以水四升，煮取一升半，去滓，分溫再服。""}]","[""身黃"", ""發熱""]",[],[],"[""傷寒""]",[],[],[],[],[],"[""甘草"", ""肥梔子"", ""黃柏""]",[],[],"[""主之""]",9650d0b9f0b7b75ed7684276b945ece4dfb7917cf214b0f15402eadffe9269db,pending,,text_match_multi
SHL_SONGBEN_0262,SHSRC0033,傷寒論（宋本）,songben,262.0,辨陽明病脈證並治,陽明病,original_clause,A,傷寒瘀熱在裏，身必黃，麻黃連軺赤小豆湯主之。,傷寒瘀熱在裏，身必黃，麻黃連軺赤小豆湯主之。,True,"[""麻黃連軺赤小豆湯""]","[{""formula_name"": ""麻黃連軺赤小豆湯"", ""composition"": [{""herb"": ""麻黃"", ""dose_processing"": ""二兩，去節""}, {""herb"": ""連軺"", ""dose_processing"": ""二兩""}, {""herb"": ""杏仁"", ""dose_processing"": ""四十個，去皮尖""}, {""herb"": ""赤小豆"", ""dose_processing"": ""一升""}, {""herb"": ""大棗"", ""dose_processing"": ""十二枚，擘""}, {""herb"": ""生梓白皮"", ""dose_processing"": ""一升，切""}, {""herb"": ""生薑"", ""dose_processing"": ""二兩，切""}, {""herb"": ""甘草"", ""dose_processing"": ""二兩，炙""}], ""preparation"": ""右八味，以潦水一斗，先煮麻黃，再沸，去上沫，內諸藥，煮取三升，去滓，"", ""administration"": ""分溫三服，半日服盡。"", ""post_notes"": [], ""raw_text"": ""**麻黃連軺赤小豆湯方**\n\n麻黃<l>二兩，去節</l>　連軺<l>二兩</l>　杏仁<l>四十個，去皮尖</l>　赤小豆<l>一升</l>　大棗<l>十二枚，擘</l>　生梓白皮<l>一升，切</l>　生薑<l>二兩，切</l>　甘草<l>二兩，炙</l>\n\n右八味，以潦水一斗，先煮麻黃，再沸，去上沫，內諸藥，煮取三升，去滓，分溫三服，半日服盡。""}]","[""瘀熱在裏""]",[],[],"[""傷寒""]",[],[],[],[],[],"[""大棗"", ""杏仁"", ""甘草"", ""生梓白皮"", ""生薑"", ""赤小豆"", ""連軺"", ""麻黃""]",[],[],"[""必"", ""主之""]",2d76bd45f55fd797034e809e9c66e9bec4d77240d6d5a6536e65736fdfe93dd9,pending,,text_match_multi
SHL_SONGBEN_0263,SHSRC0033,傷寒論（宋本）,songben,263.0,辨少陽病脈證並治,少陽病,original_clause,A,少陽之為病，口苦，咽乾，目眩也。,少陽之為病，口苦，咽乾，目眩也。,False,[],[],"[""口苦"", ""咽乾"", ""目眩""]",[],[],[],[],[],[],[],[],[],[],[],[],496b0aa13afde3bf75735530b21ddd5a0709388acf6c7236babd7294b1a55397,pending,,text_match_multi
SHL_SONGBEN_0264,SHSRC0033,傷寒論（宋本）,songben,264.0,辨少陽病脈證並治,少陽病,original_clause,A,少陽中風，兩耳無所聞，目赤，胸中滿而煩者，不可吐下，吐下則悸而驚。,少陽中風，兩耳無所聞，目赤，胸中滿而煩者，不可吐下，吐下則悸而驚。,False,[],[],"[""目赤""]",[],[],"[""少陽中風""]","[""可吐""]","[""不可吐""]",[],[],[],[],[],[],"[""不可""]",c55ff4f1f61df6477b2d733c02d9b6d8464daa96e096fa3130bbfebf9a82af76,pending,,text_match_multi
SHL_SONGBEN_0265,SHSRC0033,傷寒論（宋本）,songben,265.0,辨少陽病脈證並治,少陽病,original_clause,A,傷寒，脈弦細，頭痛發熱者，屬少陽。少陽不可發汗，發汗則譫語，此屬胃，胃和則愈；胃不和，煩而悸。,傷寒，脈弦細，頭痛發熱者，屬少陽。少陽不可發汗，發汗則譫語，此屬胃，胃和則愈；胃不和，煩而悸。,False,[],[],"[""頭痛"", ""發熱"", ""譫語""]",[],"[""弦細""]","[""傷寒""]","[""可發汗""]","[""不可發汗""]",[],"[""譫語""]","[""愈""]",[],[],[],"[""不可"", ""屬""]",12a8886c5adc2eb475e6b45dc982ea6b963f4ac6af6096c25306a992609b6d15,pending,,text_match_multi
SHL_SONGBEN_0266,SHSRC0033,傷寒論（宋本）,songben,266.0,辨少陽病脈證並治,少陽病,original_clause,A,本太陽病不解，轉入少陽者，脇下鞕滿，乾嘔不能食，往來寒熱，尚未吐下，脈沉緊者，與小柴胡湯。,本太陽病不解，轉入少陽者，脇下鞕滿，乾嘔不能食，往來寒熱，尚未吐下，脈沉緊者，與小柴胡湯。,True,"[""小柴胡湯""]",[],"[""脅下硬滿"", ""乾嘔"", ""不能食"", ""往來寒熱""]",[],"[""沉緊""]","[""太陽病""]",[],[],[],[],"[""解""]",[],[],[],[],5b88573b264bb8bc3ded0f836bda039921a7f9a907c5ffc029959dbda16fa460,pending,,text_match_multi
SHL_SONGBEN_0267,SHSRC0033,傷寒論（宋本）,songben,267.0,辨少陽病脈證並治,少陽病,original_clause,A,若已吐、下、發汗、溫針，譫語，柴胡湯證罷，此為壞病，知犯何逆，以法治之。,若已吐、下、發汗、溫針，譫語，柴胡湯證罷，此為壞病，知犯何逆，以法治之。,True,"[""小柴胡湯""]",[],"[""譫語""]",[],[],"[""壞病""]","[""發汗""]",[],"[""溫針""]","[""壞病"", ""譫語""]",[],[],[],[],"[""若""]",ecfd2592bb5f0e116c62b123775ed47d5b7ebb05baf72522183495176f528cd5,pending,,text_match_multi
SHL_SONGBEN_0268,SHSRC0033,傷寒論（宋本）,songben,268.0,辨少陽病脈證並治,少陽病,original_clause,A,三陽合病，脈浮大，上關上，但欲眠睡，目合則汗。,三陽合病，脈浮大，上關上，但欲眠睡，目合則汗。,False,[],[],[],[],"[""浮"", ""浮大""]","[""三陽合病""]",[],[],[],[],[],[],[],[],"[""但""]",a26faa794c6190bb3ccafa458ac53843c84f5708145e3b4f56f9009c3bbd34c6,pending,,text_match_multi
SHL_SONGBEN_0269,SHSRC0033,傷寒論（宋本）,songben,269.0,辨少陽病脈證並治,少陽病,original_clause,A,傷寒六七日，無大熱，其人躁煩者，此為陽去入陰故也。,傷寒六七日，無大熱，其人躁煩者，此為陽去入陰故也。,False,[],[],"[""無大熱"", ""躁煩""]",[],[],"[""傷寒""]",[],[],[],[],[],[],"[""六七日""]",[],[],be6989d6d068282a8033022b29c6a84c7047f99df2c59abaa2c49133df72756f,pending,,text_match_multi
SHL_SONGBEN_0270,SHSRC0033,傷寒論（宋本）,songben,270.0,辨少陽病脈證並治,少陽病,original_clause,A,傷寒三日，三陽為盡，三陰當受邪，其人反能食而不嘔，此為三陰不受邪也。,傷寒三日，三陽為盡，三陰當受邪，其人反能食而不嘔，此為三陰不受邪也。,False,[],[],"[""反能食""]","[""不嘔""]",[],"[""傷寒""]",[],[],[],[],[],[],"[""三日""]",[],"[""反""]",db64f84ed340c36e6666fa71850cf84a52c359a2f76f2117d7b8c6e55bb7cdd7,pending,,text_match_multi
SHL_SONGBEN_0271,SHSRC0033,傷寒論（宋本）,songben,271.0,辨少陽病脈證並治,少陽病,original_clause,A,傷寒三日，少陽脈小者，欲已也。,傷寒三日，少陽脈小者，欲已也。,False,[],[],[],[],[],"[""傷寒""]",[],[],[],[],[],[],"[""三日""]",[],[],d033d159d71170595dba00ffea1dc74b08a976d66ed358127b8f0326e2b83f7b,pending,,text_match_multi
SHL_SONGBEN_0272,SHSRC0033,傷寒論（宋本）,songben,272.0,辨少陽病脈證並治,少陽病,original_clause,A,少陽病，欲解時，從寅至辰上。,少陽病，欲解時，從寅至辰上。,False,[],[],[],[],[],"[""少陽病""]",[],[],[],[],"[""解"", ""欲解時""]",[],[],[],[],ee98b32654ea40b640393d01722bf8e1960fc3560b13347521d644c7c62ffd3d,pending,,text_match_multi
SHL_SONGBEN_0273,SHSRC0033,傷寒論（宋本）,songben,273.0,辨太陰病脈證並治,太陰病,original_clause,A,太陰之為病，腹滿而吐，食不下，自利益甚，時腹自痛。若下之，必胸下結鞕。,太陰之為病，腹滿而吐，食不下，自利益甚，時腹自痛。若下之，必胸下結鞕。,False,[],[],"[""腹滿"", ""自利""]",[],[],[],"[""下之""]",[],"[""若下之""]",[],[],[],[],[],"[""若"", ""必""]",e29a37437bd6bda15acce87a6a2ec388698a8a5ca5a4f4902d8e3ba39952d785,pending,,text_match_multi
SHL_SONGBEN_0274,SHSRC0033,傷寒論（宋本）,songben,274.0,辨太陰病脈證並治,太陰病,original_clause,A,太陰中風，四肢煩疼，脈陽微陰濇而長者，為欲愈。,太陰中風，四肢煩疼，脈陽微陰濇而長者，為欲愈。,False,[],[],[],[],"[""澀微長""]","[""太陰中風""]",[],[],[],[],"[""欲愈""]",[],[],[],[],c2ad94c12fab9839f435b2744da6b8c14738bddbcbd705e6bd7fc0caac1d86b7,pending,,text_match_multi
SHL_SONGBEN_0275,SHSRC0033,傷寒論（宋本）,songben,275.0,辨太陰病脈證並治,太陰病,original_clause,A,太陰病，欲解時，從亥至丑上。,太陰病，欲解時，從亥至丑上。,False,[],[],[],[],[],"[""太陰病""]",[],[],[],[],"[""解"", ""欲解時""]",[],[],[],[],cde1d24e18b437a9528a3b432cc45624d37dabdd42e086ec7d17c49e16497ab7,pending,,text_match_multi
SHL_SONGBEN_0276,SHSRC0033,傷寒論（宋本）,songben,276.0,辨太陰病脈證並治,太陰病,original_clause,A,太陰病，脈浮者，可發汗，宜桂枝湯。,太陰病，脈浮者，可發汗，宜桂枝湯。,True,"[""桂枝湯""]",[],[],[],"[""浮""]","[""太陰病""]","[""可發汗""]",[],[],[],[],[],[],[],"[""宜""]",b77eb06b92a439c89e1ecc42739454040f48c403c076952429053185edc9fa2a,pending,,text_match_multi
SHL_SONGBEN_0277,SHSRC0033,傷寒論（宋本）,songben,277.0,辨太陰病脈證並治,太陰病,original_clause,A,自利不渴者，屬太陰，以其臟有寒故也，當溫之，宜服四逆輩。,自利不渴者，屬太陰，以其臟有寒故也，當溫之，宜服四逆輩。,False,[],[],"[""自利不渴"", ""四逆""]",[],[],[],"[""溫之""]",[],[],[],[],[],[],[],"[""屬"", ""宜""]",9c7ca21d55ba6bbc834824a37d98558cef70b2cdc859712aff3dd04e05fd96f3,pending,,text_match_multi
SHL_SONGBEN_0278,SHSRC0033,傷寒論（宋本）,songben,278.0,辨太陰病脈證並治,太陰病,original_clause,A,傷寒脈浮而緩，手足自溫者，繫在太陰。太陰當發身黃，若小便自利者，不能發黃；至七八日，雖暴煩下利，日十餘行，必自止，以脾家實，腐穢當去故也。,傷寒脈浮而緩，手足自溫者，繫在太陰。太陰當發身黃，若小便自利者，不能發黃；至七八日，雖暴煩下利，日十餘行，必自止，以脾家實，腐穢當去故也。,False,[],[],"[""手足自溫"", ""身黃"", ""小便自利"", ""發黃"", ""下利""]",[],"[""浮而緩"", ""浮緩""]","[""傷寒""]",[],[],[],"[""發黃""]",[],[],"[""七八日""]",[],"[""若"", ""必""]",b425db39e4ff1f32a8ece82ea461cca76a6cf3ca02fc3e4cd016e542f41ad291,pending,,text_match_multi
SHL_SONGBEN_0279,SHSRC0033,傷寒論（宋本）,songben,279.0,辨太陰病脈證並治,太陰病,original_clause,A,本太陽病，醫反下之，因爾腹滿時痛者，屬太陰也，桂枝加芍藥湯主之；大實痛者，桂枝加大黃湯主之。,本太陽病，醫反下之，因爾腹滿時痛者，屬太陰也，桂枝加芍藥湯主之；大實痛者，桂枝加大黃湯主之。,True,"[""桂枝加芍藥湯"", ""桂枝加大黃湯""]","[{""formula_name"": ""桂枝加芍藥湯"", ""composition"": [{""herb"": ""桂枝"", ""dose_processing"": ""三兩，去皮""}, {""herb"": ""芍藥"", ""dose_processing"": ""六兩""}, {""herb"": ""甘草"", ""dose_processing"": ""二兩，炙""}, {""herb"": ""大棗"", ""dose_processing"": ""十二枚，擘""}, {""herb"": ""生薑"", ""dose_processing"": ""三兩，切""}], ""preparation"": ""右五味，以水七升，煮取三升，去滓，溫分三服。本云：桂枝湯，今加芍藥。"", ""administration"": """", ""post_notes"": [], ""raw_text"": ""**桂枝加芍藥湯方**\n\n桂枝<l>三兩，去皮</l>　芍藥<l>六兩</l>　甘草<l>二兩，炙</l>　大棗<l>十二枚，擘</l>　生薑<l>三兩，切</l>\n\n右五味，以水七升，煮取三升，去滓，溫分三服。本云：桂枝湯，今加芍藥。""}, {""formula_name"": ""桂枝加大黃湯"", ""composition"": [{""herb"": ""桂枝"", ""dose_processing"": ""三兩，去皮""}, {""herb"": ""大黃"", ""dose_processing"": ""二兩""}, {""herb"": ""芍藥"", ""dose_processing"": ""六兩""}, {""herb"": ""生薑"", ""dose_processing"": ""三兩，切""}, {""herb"": ""甘草"", ""dose_processing"": ""二兩，炙""}, {""herb"": ""大棗"", ""dose_processing"": ""十二枚，擘""}], ""preparation"": ""右六味，以水七升，煮取三升，去滓，"", ""administration"": ""溫服一升，日三服。"", ""post_notes"": [], ""raw_text"": ""**桂枝加大黃湯方**\n\n桂枝<l>三兩，去皮</l>　大黃<l>二兩</l>　芍藥<l>六兩</l>　生薑<l>三兩，切</l>　甘草<l>二兩，炙</l>　大棗<l>十二枚，擘</l>\n\n右六味，以水七升，煮取三升，去滓，溫服一升，日三服。""}]","[""腹滿""]",[],[],"[""太陽病""]","[""下之""]",[],"[""醫反下之""]",[],[],"[""大棗"", ""大黃"", ""桂枝"", ""甘草"", ""生薑"", ""芍藥""]",[],[],"[""反"", ""屬"", ""主之""]",8b0f93369d1431747cc251fd4e6cf4f39b1dc85e04f513db4514c46cfa7045a9,pending,,text_match_multi
SHL_SONGBEN_0280,SHSRC0033,傷寒論（宋本）,songben,280.0,辨太陰病脈證並治,太陰病,original_clause,A,太陰為病，脈弱，其人續自便利，設當行大黃、芍藥者，宜減之，以其人胃氣弱，易動故也。,太陰為病，脈弱，其人續自便利，設當行大黃、芍藥者，宜減之，以其人胃氣弱，易動故也。,False,[],[],[],[],"[""弱""]",[],[],[],[],[],[],[],[],[],"[""宜""]",ae70d6236687857cf1362ef0a707313b91bc6ce8639ce3802291c74c4b0e01a6,pending,,text_match_multi
SHL_SONGBEN_0281,SHSRC0033,傷寒論（宋本）,songben,281.0,辨少陰病脈證並治,少陰病,original_clause,A,少陰之為病，脈微細，但欲寐也。,少陰之為病，脈微細，但欲寐也。,False,[],[],"[""但欲寐""]",[],"[""微細""]",[],[],[],[],[],[],[],[],[],"[""但""]",d0d2f02b0a5341d45a146082d1b477a811be8ced9da700034bf2ea5973d478b1,pending,,text_match_multi
SHL_SONGBEN_0282,SHSRC0033,傷寒論（宋本）,songben,282.0,辨少陰病脈證並治,少陰病,original_clause,A,少陰病，欲吐不吐，心煩，但欲寐，五六日自利而渴者，屬少陰也。虛故引水自救。若小便色白者，少陰病形悉具。小便白者，以下焦虛有寒，不能制水，故令色白也。,少陰病，欲吐不吐，心煩，但欲寐，五六日自利而渴者，屬少陰也。虛故引水自救。若小便色白者，少陰病形悉具。小便白者，以下焦虛有寒，不能制水，故令色白也。,False,[],[],"[""欲吐不吐"", ""心煩"", ""但欲寐"", ""自利"", ""渴"", ""小便色白""]",[],[],"[""少陰病""]",[],[],[],[],[],[],"[""五六日""]",[],"[""若"", ""但"", ""屬""]",df1285a50c963f986f4d45cc35aeb0181247c76a17cf20c5961db03de2827874,pending,,text_match_multi
SHL_SONGBEN_0283,SHSRC0033,傷寒論（宋本）,songben,283.0,辨少陰病脈證並治,少陰病,original_clause,A,病人脈陰陽俱緊，反汗出者，亡陽也，此屬少陰，法當咽痛而復吐利。,病人脈陰陽俱緊，反汗出者，亡陽也，此屬少陰，法當咽痛而復吐利。,False,[],[],"[""反汗出"", ""咽痛"", ""吐利""]",[],"[""陰陽俱緊""]",[],[],[],[],"[""亡陽""]",[],[],[],[],"[""反"", ""屬""]",88d261e867d27a8ea858714d4fca59a00526a4f0cefd0b0584ad29f6be55c14f,pending,,text_match_multi
SHL_SONGBEN_0284,SHSRC0033,傷寒論（宋本）,songben,284.0,辨少陰病脈證並治,少陰病,original_clause,A,少陰病，欬而下利，譫語者，被火氣劫故也。小便必難，以強責少陰汗也。,少陰病，欬而下利，譫語者，被火氣劫故也。小便必難，以強責少陰汗也。,False,[],[],"[""咳"", ""下利"", ""譫語""]",[],[],"[""少陰病""]",[],[],"[""被火""]","[""譫語""]",[],[],[],[],"[""必""]",32769a9b270594a63502b99649f6de3fad7501fca0588afea380f276995a017e,pending,,text_match_multi
SHL_SONGBEN_0285,SHSRC0033,傷寒論（宋本）,songben,285.0,辨少陰病脈證並治,少陰病,original_clause,A,少陰病，脈細沉數，病為在裏，不可發汗。,少陰病，脈細沉數，病為在裏，不可發汗。,False,[],[],[],[],"[""細"", ""沉數細""]","[""少陰病""]","[""可發汗""]","[""不可發汗""]",[],[],[],[],[],[],"[""不可""]",b827de2b85329cd1604b9524671eb9d3918bcc3653cf97cc59faee6a87b28cc8,pending,,text_match_multi
SHL_SONGBEN_0286,SHSRC0033,傷寒論（宋本）,songben,286.0,辨少陰病脈證並治,少陰病,original_clause,A,少陰病，脈微，不可發汗，亡陽故也。陽已虛，尺脈弱濇者，復不可下之。,少陰病，脈微，不可發汗，亡陽故也。陽已虛，尺脈弱濇者，復不可下之。,False,[],[],[],[],"[""微"", ""弱"", ""澀弱""]","[""少陰病""]","[""可發汗"", ""可下""]","[""不可發汗"", ""不可下""]","[""下之""]","[""亡陽""]",[],[],[],[],"[""不可""]",21c94262823a847ee74671749b582fe6dab11809919df2669a9501aaa305cbb3,pending,,text_match_multi
SHL_SONGBEN_0287,SHSRC0033,傷寒論（宋本）,songben,287.0,辨少陰病脈證並治,少陰病,original_clause,A,少陰病，脈緊，至七八日，自下利，脈暴微，手足反溫，脈緊反去者，為欲解也，雖煩下利，必自愈。,少陰病，脈緊，至七八日，自下利，脈暴微，手足反溫，脈緊反去者，為欲解也，雖煩下利，必自愈。,False,[],[],"[""自下利"", ""下利""]",[],"[""緊"", ""微""]","[""少陰病""]",[],[],[],[],"[""必自愈"", ""愈"", ""為欲解""]",[],"[""七八日""]",[],"[""反"", ""必""]",623bcc1df8b4498d29ee5f40283bdac5f32c30e8780a5147fa5eba29ce50a78b,pending,,text_match_multi
SHL_SONGBEN_0288,SHSRC0033,傷寒論（宋本）,songben,288.0,辨少陰病脈證並治,少陰病,original_clause,A,少陰病，下利，若利自止，惡寒而踡臥，手足溫者，可治。,少陰病，下利，若利自止，惡寒而踡臥，手足溫者，可治。,False,[],[],"[""下利"", ""惡寒"", ""踡臥"", ""手足溫""]",[],[],"[""少陰病""]",[],[],[],[],"[""可治""]",[],[],[],"[""若""]",3977d2358b09d8b4e76756491623cd6ac831cf1deb8b56cc875e45220b604eb2,pending,,text_match_multi
SHL_SONGBEN_0289,SHSRC0033,傷寒論（宋本）,songben,289.0,辨少陰病脈證並治,少陰病,original_clause,A,少陰病，惡寒而踡，時自煩，欲去衣被者，可治。,少陰病，惡寒而踡，時自煩，欲去衣被者，可治。,False,[],[],"[""惡寒""]",[],[],"[""少陰病""]",[],[],[],[],"[""可治""]",[],[],[],[],6aee99bd8261cc0b0394211d472da53e13d1e187d7d0790de0fdec36b3f8ca43,pending,,text_match_multi
SHL_SONGBEN_0290,SHSRC0033,傷寒論（宋本）,songben,290.0,辨少陰病脈證並治,少陰病,original_clause,A,少陰中風，脈陽微陰浮者，為欲愈。,少陰中風，脈陽微陰浮者，為欲愈。,False,[],[],[],[],"[""陽微陰浮"", ""浮微""]","[""少陰中風""]",[],[],[],[],"[""欲愈""]",[],[],[],[],58ebd3eaf75fe4ca3056bb3986a0e2da3f08149b377e174628ed094b5303600a,pending,,text_match_multi
SHL_SONGBEN_0291,SHSRC0033,傷寒論（宋本）,songben,291.0,辨少陰病脈證並治,少陰病,original_clause,A,少陰病，欲解時，從子至寅上。,少陰病，欲解時，從子至寅上。,False,[],[],[],[],[],"[""少陰病""]",[],[],[],[],"[""解"", ""欲解時""]",[],[],[],[],29b221b10f056e71556fc9901bb2fb9ba195652c3969b35fd93ec46cb5e5a015,pending,,text_match_multi
SHL_SONGBEN_0292,SHSRC0033,傷寒論（宋本）,songben,292.0,辨少陰病脈證並治,少陰病,original_clause,A,少陰病，吐、利，手足不逆冷，反發熱者，不死；脈不至者，灸少陰七壯。,少陰病，吐、利，手足不逆冷，反發熱者，不死；脈不至者，灸少陰七壯。,False,[],[],"[""反發熱""]",[],"[""不至""]","[""少陰病""]",[],[],[],[],[],[],[],[],"[""反""]",bcc58f7a801fcfbc84e67a3d1215669c41ccb63f2502f7bff5815c18130a5c8f,pending,,text_match_multi
SHL_SONGBEN_0293,SHSRC0033,傷寒論（宋本）,songben,293.0,辨少陰病脈證並治,少陰病,original_clause,A,少陰病，八九日，一身手足盡熱者，以熱在膀胱，必便血也。,少陰病，八九日，一身手足盡熱者，以熱在膀胱，必便血也。,False,[],[],[],[],[],"[""少陰病""]",[],[],[],[],[],[],"[""八九日""]",[],"[""必""]",47ab86bee1a3335fb8bea55ab28a9d63f86c30e944ca471ae9e06c4f7576099e,pending,,text_match_multi
SHL_SONGBEN_0294,SHSRC0033,傷寒論（宋本）,songben,294.0,辨少陰病脈證並治,少陰病,original_clause,A,少陰病，但厥，無汗，而強發之，必動其血。未知從何道出，或從口鼻，或從目出者，是名下厥上竭，為難治。,少陰病，但厥，無汗，而強發之，必動其血。未知從何道出，或從口鼻，或從目出者，是名下厥上竭，為難治。,False,[],[],"[""厥"", ""無汗""]",[],[],"[""少陰病""]",[],[],[],"[""厥""]","[""難治""]",[],[],[],"[""或"", ""必"", ""但""]",12bd35b2f4acd216f83d7aac75479b2b318a3acfc3783e02cbaf07372bb004a9,pending,,text_match_multi
SHL_SONGBEN_0295,SHSRC0033,傷寒論（宋本）,songben,295.0,辨少陰病脈證並治,少陰病,original_clause,A,少陰病，惡寒，身踡而利，手足逆冷者，不治。,少陰病，惡寒，身踡而利，手足逆冷者，不治。,False,[],[],"[""惡寒"", ""手足逆冷""]",[],[],"[""少陰病""]",[],[],[],[],"[""不治""]",[],[],[],[],8ec3adb0a6314458857a79d844c23aeb555c258faa14901254d3b40e9b2caa2b,pending,,text_match_multi
SHL_SONGBEN_0296,SHSRC0033,傷寒論（宋本）,songben,296.0,辨少陰病脈證並治,少陰病,original_clause,A,少陰病，吐、利、躁煩，四逆者，死。,少陰病，吐、利、躁煩，四逆者，死。,False,[],[],"[""躁煩"", ""四逆""]",[],[],"[""少陰病""]",[],[],[],[],"[""死""]",[],[],[],[],091d7143d6d77fe82f836f5d2f285ed5c2877139413ee967c9fd8a1409378b61,pending,,text_match_multi
SHL_SONGBEN_0297,SHSRC0033,傷寒論（宋本）,songben,297.0,辨少陰病脈證並治,少陰病,original_clause,A,少陰病，下利止而頭眩，時時自冒者，死。,少陰病，下利止而頭眩，時時自冒者，死。,False,[],[],"[""下利"", ""頭眩""]",[],[],"[""少陰病""]",[],[],[],[],"[""死""]",[],[],[],[],02991f466215df465b86c336a501db25fab85611b3b3551622e0e82b5e326453,pending,,text_match_multi
SHL_SONGBEN_0298,SHSRC0033,傷寒論（宋本）,songben,298.0,辨少陰病脈證並治,少陰病,original_clause,A,少陰病，四逆，惡寒而身踡，脈不至，不煩而躁者，死。,少陰病，四逆，惡寒而身踡，脈不至，不煩而躁者，死。,False,[],[],"[""四逆"", ""惡寒""]",[],"[""不至""]","[""少陰病""]",[],[],[],[],"[""死""]",[],[],[],[],13e6a8dd6b68d9d0e9b046902c641b878147b0ddeb06303979d63d4d6a304e50,pending,,text_match_multi
SHL_SONGBEN_0299,SHSRC0033,傷寒論（宋本）,songben,299.0,辨少陰病脈證並治,少陰病,original_clause,A,少陰病，六七日，息高者，死。,少陰病，六七日，息高者，死。,False,[],[],[],[],[],"[""少陰病""]",[],[],[],[],"[""死""]",[],"[""六七日""]",[],[],d802cd5ae83f1b0ff52250ec6ff980dadd02024af2192bde811a4e460de43969,pending,,text_match_multi
SHL_SONGBEN_0300,SHSRC0033,傷寒論（宋本）,songben,300.0,辨少陰病脈證並治,少陰病,original_clause,A,少陰病，脈微細沉，但欲臥，汗出不煩，自欲吐。至五六日，自利，復煩躁不得臥寐者，死。,少陰病，脈微細沉，但欲臥，汗出不煩，自欲吐。至五六日，自利，復煩躁不得臥寐者，死。,False,[],[],"[""汗出"", ""自利"", ""煩躁"", ""不得臥""]",[],"[""微細"", ""沉微細""]","[""少陰病""]",[],[],[],"[""煩躁""]","[""死""]",[],"[""五六日""]",[],"[""但""]",0733cd15f7ee0af8511c66e405be96621a1e78881c5b3d92c35e24b91c44f62d,pending,,text_match_multi
SHL_SONGBEN_0301,SHSRC0033,傷寒論（宋本）,songben,301.0,辨少陰病脈證並治,少陰病,original_clause,A,少陰病，始得之，反發熱，脈沉者，麻黃細辛附子湯主之。,少陰病，始得之，反發熱，脈沉者，麻黃細辛附子湯主之。,True,"[""麻黃細辛附子湯""]","[{""formula_name"": ""麻黃細辛附子湯"", ""composition"": [{""herb"": ""麻黃"", ""dose_processing"": ""二兩，去節""}, {""herb"": ""細辛"", ""dose_processing"": ""二兩""}, {""herb"": ""附子"", ""dose_processing"": ""一枚，炮，去皮，破八片""}], ""preparation"": ""右三味，以水一斗，先煮麻黃，減二升，去上沫，內諸藥，煮取三升，去滓，"", ""administration"": ""溫服一升，日三服。"", ""post_notes"": [], ""raw_text"": ""**麻黃細辛附子湯方**\n\n麻黃<l>二兩，去節</l>　細辛<l>二兩</l>　附子<l>一枚，炮，去皮，破八片</l>\n\n右三味，以水一斗，先煮麻黃，減二升，去上沫，內諸藥，煮取三升，去滓，溫服一升，日三服。""}]","[""反發熱""]",[],"[""沉""]","[""少陰病""]",[],[],[],[],[],"[""細辛"", ""附子"", ""麻黃""]",[],[],"[""反"", ""得之"", ""主之""]",de25d6b7f7c6698499e79654a65ed3f10a50ba2632ef7ac2962c648fc3a782fe,pending,,text_match_multi
SHL_SONGBEN_0302,SHSRC0033,傷寒論（宋本）,songben,302.0,辨少陰病脈證並治,少陰病,original_clause,A,少陰病，得之二三日，麻黃附子甘草湯微發汗，以二三日無證，故微發汗也。,少陰病，得之二三日，麻黃附子甘草湯微發汗，以二三日無證，故微發汗也。,True,"[""麻黃附子甘草湯""]","[{""formula_name"": ""麻黃附子甘草湯"", ""composition"": [{""herb"": ""麻黃"", ""dose_processing"": ""二兩，去節""}, {""herb"": ""甘草"", ""dose_processing"": ""二兩，炙""}, {""herb"": ""附子"", ""dose_processing"": ""一枚，炮，去皮，破八片""}], ""preparation"": ""右三味，以水七升，先煮麻黃一兩沸，去上沫，內諸藥，煮取三升，去滓，"", ""administration"": ""溫服一升，日三服。"", ""post_notes"": [], ""raw_text"": ""**麻黃附子甘草湯方**\n\n麻黃<l>二兩，去節</l>　甘草<l>二兩，炙</l>　附子<l>一枚，炮，去皮，破八片</l>\n\n右三味，以水七升，先煮麻黃一兩沸，去上沫，內諸藥，煮取三升，去滓，溫服一升，日三服。""}]",[],[],[],"[""少陰病""]","[""發汗""]",[],[],[],[],"[""甘草"", ""附子"", ""麻黃""]","[""二三日""]",[],"[""得之""]",186c2bcd6d7ba549ebffd84ac540c2ca5ec64247d728ff2080f5c2ccecb0c047,pending,,text_match_multi
SHL_SONGBEN_0303,SHSRC0033,傷寒論（宋本）,songben,303.0,辨少陰病脈證並治,少陰病,original_clause,A,少陰病，得之二三日以上，心中煩，不得臥，黃連阿膠湯主之。,少陰病，得之二三日以上，心中煩，不得臥，黃連阿膠湯主之。,True,"[""黃連阿膠湯""]","[{""formula_name"": ""黃連阿膠湯"", ""composition"": [{""herb"": ""黃連"", ""dose_processing"": ""四兩""}, {""herb"": ""黃芩"", ""dose_processing"": ""二兩""}, {""herb"": ""芍藥"", ""dose_processing"": ""二兩""}, {""herb"": ""雞子黃"", ""dose_processing"": ""二枚""}], ""preparation"": ""右五味，以水六升，先煮三物，取二升，去滓，內膠烊盡，小冷，內雞子黃，攪令相得，"", ""administration"": ""溫服七合，日三服。"", ""post_notes"": [], ""raw_text"": ""**黃連阿膠湯方**\n\n黃連<l>四兩</l>　黃芩<l>二兩</l>　芍藥<l>二兩</l>　雞子黃<l>二枚</l>　阿膠<l>三兩</l><z>一云三挺</z>\n\n右五味，以水六升，先煮三物，取二升，去滓，內膠烊盡，小冷，內雞子黃，攪令相得，溫服七合，日三服。""}]","[""不得臥""]",[],[],"[""少陰病""]",[],[],[],[],[],"[""芍藥"", ""雞子黃"", ""黃芩"", ""黃連""]","[""二三日""]",[],"[""得之"", ""主之""]",bcef3161b213f35ae52abd0bf5d179169fcec7b84be3f124acfd21758c97b353,pending,,text_match_multi
SHL_SONGBEN_0304,SHSRC0033,傷寒論（宋本）,songben,304.0,辨少陰病脈證並治,少陰病,original_clause,A,少陰病，得之一二日，口中和，其背惡寒者，當灸之，附子湯主之。,少陰病，得之一二日，口中和，其背惡寒者，當灸之，附子湯主之。,True,"[""附子湯""]","[{""formula_name"": ""附子湯"", ""composition"": [{""herb"": ""附子"", ""dose_processing"": ""二枚，炮，去皮，破八片""}, {""herb"": ""茯苓"", ""dose_processing"": ""三兩""}, {""herb"": ""人參"", ""dose_processing"": ""二兩""}, {""herb"": ""白朮"", ""dose_processing"": ""四兩""}, {""herb"": ""芍藥"", ""dose_processing"": ""三兩""}], ""preparation"": ""右五味，以水八升，煮取三升，去滓，"", ""administration"": ""溫服一升，日三服。"", ""post_notes"": [], ""raw_text"": ""**附子湯方**\n\n附子<l>二枚，炮，去皮，破八片</l>　茯苓<l>三兩</l>　人參<l>二兩</l>　白朮<l>四兩</l>　芍藥<l>三兩</l>\n\n右五味，以水八升，煮取三升，去滓，溫服一升，日三服。""}]","[""口中和"", ""背惡寒""]",[],[],"[""少陰病""]",[],[],"[""灸之""]",[],[],"[""人參"", ""白朮"", ""芍藥"", ""茯苓"", ""附子""]","[""一二日""]",[],"[""得之"", ""主之""]",33e3c366275cea01656eb24a0eb559435175f967aa27ed1fe98bf56f666e2592,pending,,text_match_multi
SHL_SONGBEN_0305,SHSRC0033,傷寒論（宋本）,songben,305.0,辨少陰病脈證並治,少陰病,original_clause,A,少陰病，身體痛，手足寒，骨節痛，脈沉者，附子湯主之。,少陰病，身體痛，手足寒，骨節痛，脈沉者，附子湯主之。,True,"[""附子湯""]",[],"[""體痛""]",[],"[""沉""]","[""少陰病""]",[],[],[],[],[],[],[],[],"[""主之""]",6bf7bb56c7d7cddfd6d3b861ab40a8f12f3bbe094247717b19f3ff3ded4f46b0,pending,,text_match_multi
SHL_SONGBEN_0306,SHSRC0033,傷寒論（宋本）,songben,306.0,辨少陰病脈證並治,少陰病,original_clause,A,少陰病，下利，便膿血者，桃花湯主之。,少陰病，下利，便膿血者，桃花湯主之。,True,"[""桃花湯""]","[{""formula_name"": ""桃花湯"", ""composition"": [{""herb"": ""赤石脂"", ""dose_processing"": ""一斤，一半全用，一半篩末""}, {""herb"": ""乾薑"", ""dose_processing"": ""一兩""}, {""herb"": ""粳米"", ""dose_processing"": ""一升""}], ""preparation"": ""右三味，以水七升，煮米令熟，去滓，"", ""administration"": ""溫服七合，內赤石脂末方寸匕，日三服。若一服愈，餘勿服。"", ""post_notes"": [], ""raw_text"": ""**桃花湯方**\n\n赤石脂<l>一斤，一半全用，一半篩末</l>　乾薑<l>一兩</l>　粳米<l>一升</l>\n\n右三味，以水七升，煮米令熟，去滓，溫服七合，內赤石脂末方寸匕，日三服。若一服愈，餘勿服。""}]","[""下利"", ""便膿血""]",[],[],"[""少陰病""]",[],[],[],[],[],"[""乾薑"", ""粳米"", ""赤石脂""]",[],[],"[""主之""]",f1a36f28e7210b457220ddcdb14519fb743236dedbc22b7d59df33a94509a566,pending,,text_match_multi
SHL_SONGBEN_0307,SHSRC0033,傷寒論（宋本）,songben,307.0,辨少陰病脈證並治,少陰病,original_clause,A,少陰病，二三日至四五日，腹痛，小便不利，下利不止，便膿血者，桃花湯主之。,少陰病，二三日至四五日，腹痛，小便不利，下利不止，便膿血者，桃花湯主之。,True,"[""桃花湯""]",[],"[""腹痛"", ""小便不利"", ""下利不止"", ""便膿血""]",[],[],"[""少陰病""]",[],[],[],"[""下利不止""]",[],[],"[""二三日"", ""四五日""]",[],"[""主之""]",86d6d0dd00a4d98a74957aa21953d98d49332842b59543c1cf20f29cfc12cc0e,pending,,text_match_multi
SHL_SONGBEN_0308,SHSRC0033,傷寒論（宋本）,songben,308.0,辨少陰病脈證並治,少陰病,original_clause,A,少陰病，下利，便膿血者，可刺。,少陰病，下利，便膿血者，可刺。,False,[],[],"[""下利"", ""便膿血""]",[],[],"[""少陰病""]",[],[],[],[],[],[],[],[],[],cd93f310b65c4243b24320647a7dda5f3063293f08eb42b9bbe4a521c6b0aefa,pending,,text_match_multi
SHL_SONGBEN_0309,SHSRC0033,傷寒論（宋本）,songben,309.0,辨少陰病脈證並治,少陰病,original_clause,A,少陰病，吐利，手足逆冷，煩躁欲死者，吳茱萸湯主之。,少陰病，吐利，手足逆冷，煩躁欲死者，吳茱萸湯主之。,True,"[""吳茱萸湯""]",[],"[""吐利"", ""手足逆冷"", ""煩躁""]",[],[],"[""少陰病""]",[],[],[],"[""煩躁""]","[""死""]",[],[],[],"[""主之""]",7c2f0696e4b028e1ef36d1fdcad5e4e203a4228faf5cc4a6bc26eeed5b186d3e,pending,,text_match_multi
SHL_SONGBEN_0310,SHSRC0033,傷寒論（宋本）,songben,310.0,辨少陰病脈證並治,少陰病,original_clause,A,少陰病，下利，咽痛，胸滿，心煩，豬膚湯主之。,少陰病，下利，咽痛，胸滿，心煩，豬膚湯主之。,True,"[""豬膚湯""]","[{""formula_name"": ""豬膚湯"", ""composition"": [{""herb"": ""豬膚"", ""dose_processing"": ""一斤""}], ""preparation"": ""右一味，以水一斗，煮取五升，去滓，加白蜜一升、白粉五合，熬香，和令相得，溫分六服。"", ""administration"": """", ""post_notes"": [], ""raw_text"": ""**豬膚湯方**\n\n豬膚<l>一斤</l>\n\n右一味，以水一斗，煮取五升，去滓，加白蜜一升、白粉五合，熬香，和令相得，溫分六服。""}]","[""下利"", ""咽痛"", ""胸滿"", ""心煩""]",[],[],"[""少陰病""]",[],[],[],[],[],"[""豬膚""]",[],[],"[""主之""]",676cd347507de9f56f739756829ab2613a203cb123d56ca732846842f1efa789,pending,,text_match_multi
SHL_SONGBEN_0311,SHSRC0033,傷寒論（宋本）,songben,311.0,辨少陰病脈證並治,少陰病,original_clause,A,少陰病，二三日，咽痛者，可與甘草湯；不差者，與桔梗湯。,少陰病，二三日，咽痛者，可與甘草湯；不差者，與桔梗湯。,True,"[""甘草湯"", ""桔梗湯""]","[{""formula_name"": ""甘草湯"", ""composition"": [{""herb"": ""甘草"", ""dose_processing"": ""二兩""}], ""preparation"": ""右一味，以水三升，煮取一升半，去滓，"", ""administration"": ""溫服七合，日二服。"", ""post_notes"": [], ""raw_text"": ""**甘草湯方**\n\n甘草<l>二兩</l>\n\n右一味，以水三升，煮取一升半，去滓，溫服七合，日二服。""}, {""formula_name"": ""桔梗湯"", ""composition"": [{""herb"": ""桔梗"", ""dose_processing"": ""一兩""}, {""herb"": ""甘草"", ""dose_processing"": ""二兩""}], ""preparation"": ""右二味，以水三升，煮取一升，去滓，溫分再服。"", ""administration"": """", ""post_notes"": [], ""raw_text"": ""**桔梗湯方**\n\n桔梗<l>一兩</l>　甘草<l>二兩</l>\n\n右二味，以水三升，煮取一升，去滓，溫分再服。""}]","[""咽痛""]",[],[],"[""少陰病""]",[],[],[],[],[],"[""桔梗"", ""甘草""]","[""二三日""]",[],"[""可與""]",946da65847f1658b3d37e05ffe4ea416bb2498ccdeef9f8082fe2df19595db55,pending,,text_match_multi
SHL_SONGBEN_0312,SHSRC0033,傷寒論（宋本）,songben,312.0,辨少陰病脈證並治,少陰病,original_clause,A,少陰病，咽中傷，生瘡，不能語言，聲不出者，苦酒湯主之。,少陰病，咽中傷，生瘡，不能語言，聲不出者，苦酒湯主之。,True,"[""苦酒湯""]","[{""formula_name"": ""苦酒湯"", ""composition"": [{""herb"": ""半夏"", ""dose_processing"": ""洗，破如棗核，十四枚""}, {""herb"": ""雞子"", ""dose_processing"": ""一枚，去黃，內上苦酒，著雞子殼中""}], ""preparation"": ""右二味，內半夏苦酒中，以雞子殼置刀環中，安火上，令三沸，去滓，少少含咽之。不差，更作三劑。"", ""administration"": """", ""post_notes"": [], ""raw_text"": ""**苦酒湯方**\n\n半夏<l>洗，破如棗核，十四枚</l>　雞子<l>一枚，去黃，內上苦酒，著雞子殼中</l>\n\n右二味，內半夏苦酒中，以雞子殼置刀環中，安火上，令三沸，去滓，少少含咽之。不差，更作三劑。""}]",[],[],[],"[""少陰病""]",[],[],[],[],[],"[""半夏"", ""雞子""]",[],[],"[""主之""]",b54ea565814508938d6d26cb9109e1fbc4226879ef56e0f703d8c4647353278a,pending,,text_match_multi
SHL_SONGBEN_0313,SHSRC0033,傷寒論（宋本）,songben,313.0,辨少陰病脈證並治,少陰病,original_clause,A,少陰病，咽中痛，半夏散及湯主之。,少陰病，咽中痛，半夏散及湯主之。,True,"[""半夏散及湯""]","[{""formula_name"": ""半夏散及湯"", ""composition"": [{""herb"": ""半夏"", ""dose_processing"": ""洗""}, {""herb"": ""桂枝"", ""dose_processing"": ""去皮""}, {""herb"": ""甘草"", ""dose_processing"": ""炙""}], ""preparation"": ""右三味，等分，各別搗篩已，合治之。白飲和，服方寸匕，日三服。若不能散服者，以水一升，煎七沸，內散兩方寸匕，更煮三沸，下火，令小冷，少少咽之。半夏有毒，不當散服。"", ""administration"": """", ""post_notes"": [], ""raw_text"": ""**半夏散及湯方**\n\n半夏<l>洗</l>　桂枝<l>去皮</l>　甘草<l>炙</l>\n\n右三味，等分，各別搗篩已，合治之。白飲和，服方寸匕，日三服。若不能散服者，以水一升，煎七沸，內散兩方寸匕，更煮三沸，下火，令小冷，少少咽之。半夏有毒，不當散服。""}]","[""咽中痛""]",[],[],"[""少陰病""]",[],[],[],[],[],"[""半夏"", ""桂枝"", ""甘草""]",[],[],"[""主之""]",bd06b6b44a4f5697f493b02f4c07dbb99bf3c99dc743f41226db707c85b4525f,pending,,text_match_multi
SHL_SONGBEN_0314,SHSRC0033,傷寒論（宋本）,songben,314.0,辨少陰病脈證並治,少陰病,original_clause,A,少陰病，下利，白通湯主之。,少陰病，下利，白通湯主之。,True,"[""白通湯""]","[{""formula_name"": ""白通湯"", ""composition"": [{""herb"": ""蔥白"", ""dose_processing"": ""四莖""}, {""herb"": ""乾薑"", ""dose_processing"": ""一兩""}, {""herb"": ""附子"", ""dose_processing"": ""一枚，生，去皮，破八片""}], ""preparation"": ""右三味，以水三升，煮取一升，去滓，"", ""administration"": ""分溫再服。"", ""post_notes"": [], ""raw_text"": ""**白通湯方**\n\n蔥白<l>四莖</l>　乾薑<l>一兩</l>　附子<l>一枚，生，去皮，破八片</l>\n\n右三味，以水三升，煮取一升，去滓，分溫再服。""}]","[""下利""]",[],[],"[""少陰病""]",[],[],[],[],[],"[""乾薑"", ""蔥白"", ""附子""]",[],[],"[""主之""]",e45ceb81520827e7db5659a0130d2332d30c35325046576f5429d21663c4bbf6,pending,,text_match_multi
SHL_SONGBEN_0315,SHSRC0033,傷寒論（宋本）,songben,315.0,辨少陰病脈證並治,少陰病,original_clause,A,少陰病，下利，脈微者，與白通湯。利不止，厥逆無脈，乾嘔煩者，白通加豬膽汁湯主之。服湯，脈暴出者死，微續者生。,少陰病，下利，脈微者，與白通湯。利不止，厥逆無脈，乾嘔煩者，白通加豬膽汁湯主之。服湯，脈暴出者死，微續者生。,True,"[""白通加豬膽汁湯"", ""白通湯""]","[{""formula_name"": ""白通加豬膽汁湯"", ""composition"": [{""herb"": ""蔥白"", ""dose_processing"": ""四莖""}, {""herb"": ""乾薑"", ""dose_processing"": ""一兩""}, {""herb"": ""附子"", ""dose_processing"": ""一枚，生，去皮，破八片""}, {""herb"": ""人尿"", ""dose_processing"": ""五合""}, {""herb"": ""豬膽汁"", ""dose_processing"": ""一合""}], ""preparation"": ""右五味，以水三升，煮取一升，去滓，內膽汁、人尿，和令相得，"", ""administration"": ""分溫再服。若無膽，亦可用。"", ""post_notes"": [], ""raw_text"": ""**白通加豬膽汁湯方**\n\n蔥白<l>四莖</l>　乾薑<l>一兩</l>　附子<l>一枚，生，去皮，破八片</l>　人尿<l>五合</l>　豬膽汁<l>一合</l>\n\n右五味，以水三升，煮取一升，去滓，內膽汁、人尿，和令相得，分溫再服。若無膽，亦可用。""}]","[""下利"", ""利不止"", ""厥逆"", ""乾嘔""]",[],"[""微"", ""暴出""]","[""少陰病""]",[],[],[],"[""厥逆"", ""厥""]","[""死""]","[""乾薑"", ""人尿"", ""蔥白"", ""豬膽汁"", ""附子""]",[],[],"[""主之""]",2a72245b241d74c0f69704d3f0ccf7860213a21b135da2e00f5d974202e99770,pending,,text_match_multi
SHL_SONGBEN_0316,SHSRC0033,傷寒論（宋本）,songben,316.0,辨少陰病脈證並治,少陰病,original_clause,A,少陰病，二三日不已，至四五日，腹痛，小便不利，四肢沉重疼痛，自下利者，此為有水氣。其人或欬，或小便利，或下利，或嘔者，真武湯主之。,少陰病，二三日不已，至四五日，腹痛，小便不利，四肢沉重疼痛，自下利者，此為有水氣。其人或欬，或小便利，或下利，或嘔者，真武湯主之。,True,"[""真武湯方（附加減法）"", ""真武湯""]","[{""formula_name"": ""真武湯方（附加減法）"", ""composition"": [{""herb"": ""茯苓"", ""dose_processing"": """"}, {""herb"": ""芍藥"", ""dose_processing"": """"}, {""herb"": ""生薑"", ""dose_processing"": ""切，各三兩""}, {""herb"": ""白朮"", ""dose_processing"": ""二兩""}, {""herb"": ""附子"", ""dose_processing"": ""一枚，炮，去皮，破八片""}], ""preparation"": ""右五味，以水八升，煮取三升，去滓，"", ""administration"": ""溫服七合，日三服。若欬者，加五味子半升，細辛、乾薑各一兩；若小便利者，去茯苓；若下利者，去芍藥，加乾薑二兩；若嘔者，去附子，加生薑，足前為半斤。"", ""post_notes"": [], ""raw_text"": ""**真武湯方（附加減法）**\n\n茯苓　芍藥　生薑<l>切，各三兩</l>　白朮<l>二兩</l>　附子<l>一枚，炮，去皮，破八片</l>\n\n右五味，以水八升，煮取三升，去滓，溫服七合，日三服。若欬者，加五味子半升，細辛、乾薑各一兩；若小便利者，去茯苓；若下利者，去芍藥，加乾薑二兩；若嘔者，去附子，加生薑，足前為半斤。""}]","[""腹痛"", ""小便不利"", ""四肢沉重疼痛"", ""自下利"", ""咳"", ""小便利"", ""下利"", ""嘔""]",[],[],"[""少陰病""]",[],[],[],[],[],"[""生薑"", ""白朮"", ""芍藥"", ""茯苓"", ""附子""]","[""二三日"", ""四五日""]",[],"[""或"", ""主之""]",6d14c94f9cfad459b8108cf8092b3e935b427507ae2fc133e98910a264ec29a3,pending,,text_match_multi
SHL_SONGBEN_0317,SHSRC0033,傷寒論（宋本）,songben,317.0,辨少陰病脈證並治,少陰病,original_clause,A,少陰病，下利清穀，裏寒外熱，手足厥逆，脈微欲絕，身反不惡寒。其人面色赤，或腹痛，或乾嘔，或咽痛，或利止脈不出者，通脈四逆湯主之。,少陰病，下利清穀，裏寒外熱，手足厥逆，脈微欲絕，身反不惡寒。其人面色赤，或腹痛，或乾嘔，或咽痛，或利止脈不出者，通脈四逆湯主之。,True,"[""通脈四逆湯""]","[{""formula_name"": ""通脈四逆湯"", ""composition"": [{""herb"": ""甘草"", ""dose_processing"": ""二兩，炙""}, {""herb"": ""附子"", ""dose_processing"": ""大者一枚，生用，去皮，破八片""}, {""herb"": ""乾薑"", ""dose_processing"": ""三兩，強人可四兩""}], ""preparation"": ""右三味，以水三升，煮取一升二合，去滓，"", ""administration"": ""分溫再服。其脈即出者愈。面色赤者，加蔥九莖；腹中痛者，去蔥，加芍藥二兩；嘔者，加生薑二兩；咽痛者，去芍藥，加桔梗一兩；利止、脈不出者，去桔梗，加人參二兩。病皆與方相應者，乃服之。"", ""post_notes"": [], ""raw_text"": ""**通脈四逆湯方**\n\n甘草<l>二兩，炙</l>　附子<l>大者一枚，生用，去皮，破八片</l>　乾薑<l>三兩，強人可四兩</l>\n\n右三味，以水三升，煮取一升二合，去滓，分溫再服。其脈即出者愈。面色赤者，加蔥九莖；腹中痛者，去蔥，加芍藥二兩；嘔者，加生薑二兩；咽痛者，去芍藥，加桔梗一兩；利止、脈不出者，去桔梗，加人參二兩。病皆與方相應者，乃服之。""}]","[""下利清穀"", ""手足厥逆"", ""反不惡寒"", ""面色赤"", ""腹痛"", ""乾嘔"", ""咽痛""]",[],"[""微欲絕"", ""不出""]","[""少陰病""]",[],[],[],"[""厥逆"", ""厥""]",[],"[""乾薑"", ""甘草"", ""附子""]",[],[],"[""反"", ""或"", ""主之""]",5a552aabdd5a0eb8b268269cbcc25562135502401463b9d87c5f8085c0fc0505,pending,,text_match_multi
SHL_SONGBEN_0318,SHSRC0033,傷寒論（宋本）,songben,318.0,辨少陰病脈證並治,少陰病,original_clause,A,少陰病，四逆，其人或欬，或悸，或小便不利，或腹中痛，或泄利下重者，四逆散主之。,少陰病，四逆，其人或欬，或悸，或小便不利，或腹中痛，或泄利下重者，四逆散主之。,True,"[""四逆散""]","[{""formula_name"": ""四逆散"", ""composition"": [{""herb"": ""甘草"", ""dose_processing"": ""炙""}, {""herb"": ""枳實"", ""dose_processing"": ""破，水漬，炙乾""}, {""herb"": ""柴胡"", ""dose_processing"": """"}, {""herb"": ""芍藥"", ""dose_processing"": """"}], ""preparation"": ""右四味，各十分，搗篩，白飲和，服方寸匕，日三服。欬者，加五味子、乾薑各五分，並主下利；悸者，加桂枝五分；小便不利者，加茯苓五分；腹中痛者，加附子一枚，炮令坼；泄利下重者，先以水五升，煮薤白三升，煮取三升，去滓，以散三方寸匕，內湯中，煮取一升半，"", ""administration"": ""分溫再服。"", ""post_notes"": [], ""raw_text"": ""**四逆散方**\n\n甘草<l>炙</l>　枳實<l>破，水漬，炙乾</l>　柴胡　芍藥\n\n右四味，各十分，搗篩，白飲和，服方寸匕，日三服。欬者，加五味子、乾薑各五分，並主下利；悸者，加桂枝五分；小便不利者，加茯苓五分；腹中痛者，加附子一枚，炮令坼；泄利下重者，先以水五升，煮薤白三升，煮取三升，去滓，以散三方寸匕，內湯中，煮取一升半，分溫再服。""}]","[""四逆"", ""咳"", ""小便不利"", ""腹中痛"", ""下重""]",[],[],"[""少陰病""]",[],[],[],[],[],"[""枳實"", ""柴胡"", ""甘草"", ""芍藥""]",[],[],"[""或"", ""主之""]",527424325bf44d68b57a5239da232a6892c0ad39f645ef6486fc4d3ac014397c,pending,,text_match_multi
SHL_SONGBEN_0319,SHSRC0033,傷寒論（宋本）,songben,319.0,辨少陰病脈證並治,少陰病,original_clause,A,少陰病，下利，六七日，欬而嘔渴，心煩不得眠者，豬苓湯主之。,少陰病，下利，六七日，欬而嘔渴，心煩不得眠者，豬苓湯主之。,True,"[""豬苓湯""]",[],"[""下利"", ""咳"", ""嘔"", ""渴"", ""心煩"", ""不得眠""]",[],[],"[""少陰病""]",[],[],[],[],[],[],"[""六七日""]",[],"[""主之""]",f18075fee5cc1656e310f0ca837802b0573218c220a5ba06a8b6e8ca1919b826,pending,,text_match_multi
SHL_SONGBEN_0320,SHSRC0033,傷寒論（宋本）,songben,320.0,辨少陰病脈證並治,少陰病,original_clause,A,少陰病，得之二三日，口燥，咽乾者，急下之，宜大承氣湯。,少陰病，得之二三日，口燥，咽乾者，急下之，宜大承氣湯。,True,"[""大承氣湯""]",[],"[""口燥"", ""咽乾""]",[],[],"[""少陰病""]","[""下之""]",[],"[""下之""]",[],[],[],"[""二三日""]",[],"[""急"", ""得之"", ""宜""]",3bacfd2516f5ef2a4a38d7a21aa412d6825dbac33187e40cbf65528a3a14000d,pending,,text_match_multi
SHL_SONGBEN_0321,SHSRC0033,傷寒論（宋本）,songben,321.0,辨少陰病脈證並治,少陰病,original_clause,A,少陰病，自利清水，色純青，心下必痛，口乾燥者，可下之，宜大承氣湯。,少陰病，自利清水，色純青，心下必痛，口乾燥者，可下之，宜大承氣湯。,True,"[""大承氣湯""]",[],"[""自利"", ""口乾""]",[],[],"[""少陰病""]","[""下之""]",[],"[""下之""]",[],[],[],[],[],"[""必"", ""宜""]",cf8a2f6dc8ed61d476a189d7677d41461f24783e31ae185119ac4b7e61167787,pending,,text_match_multi
SHL_SONGBEN_0322,SHSRC0033,傷寒論（宋本）,songben,322.0,辨少陰病脈證並治,少陰病,original_clause,A,少陰病，六七日，腹脹，不大便者，急下之，宜大承氣湯。,少陰病，六七日，腹脹，不大便者，急下之，宜大承氣湯。,True,"[""大承氣湯""]",[],"[""不大便""]",[],[],"[""少陰病""]","[""下之""]",[],"[""下之""]",[],[],[],"[""六七日""]",[],"[""急"", ""宜""]",cdfbce418265d69ea01e35650677c611cdd79a91b3c549cfcb4d9f9e597d56e4,pending,,text_match_multi
SHL_SONGBEN_0323,SHSRC0033,傷寒論（宋本）,songben,323.0,辨少陰病脈證並治,少陰病,original_clause,A,少陰病，脈沉者，急溫之，宜四逆湯。,少陰病，脈沉者，急溫之，宜四逆湯。,True,"[""四逆湯""]",[],[],[],"[""沉""]","[""少陰病""]","[""溫之""]",[],[],[],[],[],[],[],"[""急"", ""宜""]",ebf50e281a58ef25907d8a7d49d3ca74e095f1a26b72eb8b15e22daf8159e421,pending,,text_match_multi
SHL_SONGBEN_0324,SHSRC0033,傷寒論（宋本）,songben,324.0,辨少陰病脈證並治,少陰病,original_clause,A,少陰病，飲食入口則吐，心中溫溫欲吐，復不能吐，始得之，手足寒，脈弦遲者，此胸中實，不可下也，當吐之。若膈上有寒飲，乾嘔者，不可吐也，當溫之，宜四逆湯。,少陰病，飲食入口則吐，心中溫溫欲吐，復不能吐，始得之，手足寒，脈弦遲者，此胸中實，不可下也，當吐之。若膈上有寒飲，乾嘔者，不可吐也，當溫之，宜四逆湯。,True,"[""四逆湯""]",[],"[""溫溫欲吐"", ""乾嘔""]",[],"[""弦"", ""遲弦""]","[""少陰病""]","[""可下"", ""吐之"", ""溫之""]","[""不可下"", ""不可吐""]",[],[],[],[],[],[],"[""不可"", ""若"", ""得之"", ""宜""]",599c350f1ef759a8f75d3779115fde3cc37648d5a5bc8e4e77cd051b16bba1d5,pending,,text_match_multi
SHL_SONGBEN_0325,SHSRC0033,傷寒論（宋本）,songben,325.0,辨少陰病脈證並治,少陰病,original_clause,A,少陰病，下利，脈微濇，嘔而汗出，必數更衣，反少者，當溫其上，灸之。,少陰病，下利，脈微濇，嘔而汗出，必數更衣，反少者，當溫其上，灸之。,False,[],[],"[""下利"", ""嘔"", ""汗出""]",[],"[""微"", ""澀微""]","[""少陰病""]","[""當溫""]",[],"[""灸之""]",[],[],[],[],[],"[""反"", ""必""]",e02c726874d4a2b0a707bfacca4d0a86452fb6eb31c5ce001a5e4403d40f5cfa,pending,,text_match_multi
SHL_SONGBEN_0326,SHSRC0033,傷寒論（宋本）,songben,326.0,辨厥陰病脈證並治,厥陰病,original_clause,A,厥陰之為病，消渴，氣上撞心，心中疼熱，飢而不欲食，食則吐蚘。下之利不止。,厥陰之為病，消渴，氣上撞心，心中疼熱，飢而不欲食，食則吐蚘。下之利不止。,False,[],[],"[""厥"", ""消渴"", ""氣上撞心"", ""心中疼熱"", ""飢而不欲食"", ""吐蚘"", ""利不止""]",[],[],[],"[""下之""]",[],"[""下之""]","[""厥""]",[],[],[],[],[],3c5e10c0a7a641ca4daf5aeed3b9afb8dfb857a0f210b7dd2183b5f1276af4cf,pending,,text_match_multi
SHL_SONGBEN_0327,SHSRC0033,傷寒論（宋本）,songben,327.0,辨厥陰病脈證並治,厥陰病,original_clause,A,厥陰中風，脈微浮為欲愈，不浮為未愈。,厥陰中風，脈微浮為欲愈，不浮為未愈。,False,[],[],[],[],"[""微"", ""浮微""]","[""厥陰中風""]",[],[],[],"[""厥""]","[""欲愈""]",[],[],[],[],52ecfc7815f8fd7382b96226b71351e3ed7e6b030ff475f5e7d16c8c56394629,pending,,text_match_multi
SHL_SONGBEN_0328,SHSRC0033,傷寒論（宋本）,songben,328.0,辨厥陰病脈證並治,厥陰病,original_clause,A,厥陰病，欲解時，從丑至卯上。,厥陰病，欲解時，從丑至卯上。,False,[],[],[],[],[],"[""厥陰病""]",[],[],[],"[""厥""]","[""解"", ""欲解時""]",[],[],[],[],9ca6e57f8f05f7feee0744e4444fcfcce754d7f0082baaead38b4379d8800231,pending,,text_match_multi
SHL_SONGBEN_0329,SHSRC0033,傷寒論（宋本）,songben,329.0,辨厥陰病脈證並治,厥陰病,original_clause,A,厥陰病，渴欲飲水者，少少與之愈。,厥陰病，渴欲飲水者，少少與之愈。,False,[],[],"[""渴欲飲水""]",[],[],"[""厥陰病""]",[],[],[],"[""厥""]","[""愈""]",[],[],[],[],ec7644940f65e25a72723e6051f7d591f5d7754ec5fc882096229c842a050411,pending,,text_match_multi
SHL_SONGBEN_0330,SHSRC0033,傷寒論（宋本）,songben,330.0,辨厥陰病脈證並治,厥陰病,original_clause,A,諸四逆厥者，不可下之，虛家亦然。,諸四逆厥者，不可下之，虛家亦然。,False,[],[],"[""四逆"", ""厥""]",[],[],[],"[""可下""]","[""不可下""]","[""下之""]","[""厥""]",[],[],[],[],"[""不可""]",0db17769ec012b94a75b99221c329ff5d95af39023f9efe4b71c91bb80683665,pending,,text_match_multi
SHL_SONGBEN_0331,SHSRC0033,傷寒論（宋本）,songben,331.0,辨厥陰病脈證並治,厥陰病,original_clause,A,傷寒，先厥，後發熱而利者，必自止。見厥復利。,傷寒，先厥，後發熱而利者，必自止。見厥復利。,False,[],[],"[""厥"", ""發熱""]",[],[],"[""傷寒""]",[],[],[],"[""厥""]",[],[],[],[],"[""必""]",43c5e4a3156a24f4e2a76509bd822b048bb57a192c1fccb55ef53f0d308dfdd4,pending,,text_match_multi
SHL_SONGBEN_0332,SHSRC0033,傷寒論（宋本）,songben,332.0,辨厥陰病脈證並治,厥陰病,original_clause,A,傷寒，始發熱六日，厥反九日而利。凡厥利者，當不能食；今反能食者，恐為除中。食以索餅，不發熱者，知胃氣尚在，必愈。恐暴熱來出而復去也。後三日脈之，其熱續在者，期之旦日夜半愈。所以然者，本發熱六日，厥反九日，復發熱三日，并前六日，亦為九日，與厥相應，故期之旦日夜半愈。後三日脈之而脈數，其熱不罷者，此為熱氣有餘，必發癰膿也。,傷寒，始發熱六日，厥反九日而利。凡厥利者，當不能食；今反能食者，恐為除中。食以索餅，不發熱者，知胃氣尚在，必愈。恐暴熱來出而復去也。後三日脈之，其熱續在者，期之旦日夜半愈。所以然者，本發熱六日，厥反九日，復發熱三日，并前六日，亦為九日，與厥相應，故期之旦日夜半愈。後三日脈之而脈數，其熱不罷者，此為熱氣有餘，必發癰膿也。,False,[],[],"[""發熱"", ""厥"", ""不能食"", ""反能食"", ""不發熱""]",[],"[""數""]","[""傷寒"", ""除中""]",[],[],[],"[""除中"", ""厥""]","[""必愈""]",[],"[""六日"", ""九日"", ""三日""]",[],"[""反"", ""必""]",4cc3fc69d3fe04065d8f04d780c6503f0c70ec6e660397aa29130e56b781c17c,pending,,text_match_multi
SHL_SONGBEN_0333,SHSRC0033,傷寒論（宋本）,songben,333.0,辨厥陰病脈證並治,厥陰病,original_clause,A,傷寒脈遲，六七日，而反與黃芩湯徹其熱，脈遲為寒，今與黃芩湯復除其熱，腹中應冷，當不能食，今反能食，此名除中，必死。,傷寒脈遲，六七日，而反與黃芩湯徹其熱，脈遲為寒，今與黃芩湯復除其熱，腹中應冷，當不能食，今反能食，此名除中，必死。,True,"[""黃芩湯""]",[],"[""不能食"", ""反能食""]",[],"[""遲""]","[""傷寒"", ""除中""]",[],[],[],"[""除中""]","[""必死""]",[],"[""六七日""]",[],"[""反"", ""必""]",3ea5667417fe03552143835fc76793c1d768c83ba5c5e78976a1525efa316149,pending,,text_match_multi
SHL_SONGBEN_0334,SHSRC0033,傷寒論（宋本）,songben,334.0,辨厥陰病脈證並治,厥陰病,original_clause,A,傷寒，先厥後發熱，下利必自止。而反汗出，咽中痛者，其喉為痹。發熱無汗，而利必自止；若不止，必便膿血。便膿血者，其喉不痹。,傷寒，先厥後發熱，下利必自止。而反汗出，咽中痛者，其喉為痹。發熱無汗，而利必自止；若不止，必便膿血。便膿血者，其喉不痹。,False,[],[],"[""厥"", ""發熱"", ""下利"", ""反汗出"", ""咽中痛"", ""無汗"", ""便膿血""]",[],[],"[""傷寒""]",[],[],[],"[""厥""]",[],[],[],[],"[""若"", ""反"", ""必""]",14a6f265941162a45729a94a63662e0cf870afac2ffc7be61de436f47c52bce7,pending,,text_match_multi
SHL_SONGBEN_0335,SHSRC0033,傷寒論（宋本）,songben,335.0,辨厥陰病脈證並治,厥陰病,original_clause,A,傷寒，一二日至四五日厥者，必發熱，前熱者，後必厥。厥深者，熱亦深；厥微者，熱亦微。厥應下之，而反發汗者，必口傷爛赤。,傷寒，一二日至四五日厥者，必發熱，前熱者，後必厥。厥深者，熱亦深；厥微者，熱亦微。厥應下之，而反發汗者，必口傷爛赤。,False,[],[],"[""厥"", ""發熱""]",[],[],"[""傷寒""]","[""發汗"", ""下之""]",[],"[""下之"", ""反發汗""]","[""厥""]",[],[],"[""一二日"", ""四五日""]",[],"[""反"", ""必""]",b71f08a49f08049278ebfe56158eff4d067d52da8c74d6bbeaf963fb171bac9b,pending,,text_match_multi
SHL_SONGBEN_0336,SHSRC0033,傷寒論（宋本）,songben,336.0,辨厥陰病脈證並治,厥陰病,original_clause,A,傷寒病，厥五日，熱亦五日。設六日，當復厥，不厥者自愈。厥終不過五日，以熱五日，故知自愈。,傷寒病，厥五日，熱亦五日。設六日，當復厥，不厥者自愈。厥終不過五日，以熱五日，故知自愈。,False,[],[],"[""厥""]","[""不厥""]",[],"[""傷寒""]",[],[],[],"[""厥""]","[""自愈""]",[],"[""五日"", ""六日""]",[],[],3f5e7b031f391e447b6d671d8e5cae917602cd10fffeb195764e881eb28d4b06,pending,,text_match_multi
SHL_SONGBEN_0337,SHSRC0033,傷寒論（宋本）,songben,337.0,辨厥陰病脈證並治,厥陰病,original_clause,A,凡厥者，陰陽氣不相順接，便為厥。厥者，手足逆冷者是也。,凡厥者，陰陽氣不相順接，便為厥。厥者，手足逆冷者是也。,False,[],[],"[""厥"", ""手足逆冷""]",[],[],[],[],[],[],"[""厥""]",[],[],[],[],[],4a064174662d9766027b3ac777026b212fbee3d25b57806b62d9ec5b6235a308,pending,,text_match_multi
SHL_SONGBEN_0338,SHSRC0033,傷寒論（宋本）,songben,338.0,辨厥陰病脈證並治,厥陰病,original_clause,A,傷寒，脈微而厥，至七八日，膚冷，其人躁無暫安時者，此為藏厥，非蚘厥也。蚘厥者，其人當吐蚘，令病者靜而復時煩者，此為藏寒。蚘上入其膈故煩，須臾復止，得食而嘔，又煩者，蚘聞食臭出，其人常自吐蚘。蚘厥者，烏梅丸主之。又主久利。,傷寒，脈微而厥，至七八日，膚冷，其人躁無暫安時者，此為藏厥，非蚘厥也。蚘厥者，其人當吐蚘，令病者靜而復時煩者，此為藏寒。蚘上入其膈故煩，須臾復止，得食而嘔，又煩者，蚘聞食臭出，其人常自吐蚘。蚘厥者，烏梅丸主之。又主久利。,True,"[""烏梅丸""]","[{""formula_name"": ""烏梅丸"", ""composition"": [{""herb"": ""烏梅"", ""dose_processing"": ""三百枚""}, {""herb"": ""細辛"", ""dose_processing"": ""六兩""}, {""herb"": ""乾薑"", ""dose_processing"": ""十兩""}, {""herb"": ""黃連"", ""dose_processing"": ""十六兩""}, {""herb"": ""附子"", ""dose_processing"": ""六兩，炮，去皮""}, {""herb"": ""當歸"", ""dose_processing"": ""四兩""}, {""herb"": ""黃檗"", ""dose_processing"": ""六兩""}, {""herb"": ""桂枝"", ""dose_processing"": ""六兩，去皮""}, {""herb"": ""人參"", ""dose_processing"": ""六兩""}, {""herb"": ""蜀椒"", ""dose_processing"": ""四兩，出汗""}], ""preparation"": ""右十味，異搗篩，合治之，以苦酒漬烏梅一宿，去核，蒸之五斗米下，飯熟搗成泥，和藥令相得，內臼中，與蜜，杵二千下，丸如梧桐子大。先食"", ""administration"": ""飲服十丸，日三服，稍加至二十九。禁生冷、滑物、臭食等。"", ""post_notes"": [], ""raw_text"": ""**烏梅丸方**\n\n烏梅<l>三百枚</l>　細辛<l>六兩</l>　乾薑<l>十兩</l>　黃連<l>十六兩</l>　附子<l>六兩，炮，去皮</l>　當歸<l>四兩</l>　黃檗<l>六兩</l>　桂枝<l>六兩，去皮</l>　人參<l>六兩</l>　蜀椒<l>四兩，出汗</l>\n\n右十味，異搗篩，合治之，以苦酒漬烏梅一宿，去核，蒸之五斗米下，飯熟搗成泥，和藥令相得，內臼中，與蜜，杵二千下，丸如梧桐子大。先食飲服十丸，日三服，稍加至二十九。禁生冷、滑物、臭食等。""}]","[""厥"", ""吐蚘"", ""嘔""]",[],"[""微""]","[""傷寒"", ""藏厥"", ""蚘厥""]","[""當吐""]",[],[],"[""厥""]",[],"[""乾薑"", ""人參"", ""桂枝"", ""烏梅"", ""當歸"", ""細辛"", ""蜀椒"", ""附子"", ""黃檗"", ""黃連""]","[""七八日"", ""久""]",[],"[""主之""]",f7b038bf7c537a9e9b6a21f90b4bcfe2e8d69af69193ef13ec101ef9153714dc,pending,,text_match_multi
SHL_SONGBEN_0339,SHSRC0033,傷寒論（宋本）,songben,339.0,辨厥陰病脈證並治,厥陰病,original_clause,A,傷寒，熱少微厥，指頭寒，嘿嘿不欲食，煩躁。數日，小便利，色白者，此熱除也，欲得食，其病為愈。若厥而嘔，胸脇煩滿者，其後必便血。,傷寒，熱少微厥，指頭寒，嘿嘿不欲食，煩躁。數日，小便利，色白者，此熱除也，欲得食，其病為愈。若厥而嘔，胸脇煩滿者，其後必便血。,False,[],[],"[""厥"", ""煩躁"", ""小便利"", ""嘔"", ""煩滿""]",[],[],"[""傷寒""]",[],[],[],"[""煩躁"", ""厥""]","[""愈""]",[],"[""數日""]",[],"[""若"", ""必""]",b7f63c72cccb145afa7e61bcbc4d2716d5bbf48e780026b6e0d62a8aa03c262a,pending,,text_match_multi
SHL_SONGBEN_0340,SHSRC0033,傷寒論（宋本）,songben,340.0,辨厥陰病脈證並治,厥陰病,original_clause,A,病者手足厥冷，言我不結胸，小腹滿，按之痛者，此冷結在膀胱關元也。,病者手足厥冷，言我不結胸，小腹滿，按之痛者，此冷結在膀胱關元也。,False,[],[],"[""手足厥冷"", ""腹滿""]",[],[],[],[],[],[],"[""結胸"", ""厥""]",[],[],[],[],[],b679d454905bd7da2c6fb31865ddc18c2dde5bb3dd0ce62780d7e9dfd10bc5ba,pending,,text_match_multi
SHL_SONGBEN_0341,SHSRC0033,傷寒論（宋本）,songben,341.0,辨厥陰病脈證並治,厥陰病,original_clause,A,傷寒發熱四日，厥反三日，復熱四日，厥少熱多者，其病當愈。四日至七日，熱不除者，必便膿血。,傷寒發熱四日，厥反三日，復熱四日，厥少熱多者，其病當愈。四日至七日，熱不除者，必便膿血。,False,[],[],"[""發熱"", ""厥"", ""便膿血""]",[],[],"[""傷寒""]",[],[],[],"[""厥""]","[""愈""]",[],"[""四日"", ""三日"", ""七日""]",[],"[""反"", ""必""]",ec8029060784ea48224798038d034a2b70e8c26e4c7570bf4b88929846e1b030,pending,,text_match_multi
SHL_SONGBEN_0342,SHSRC0033,傷寒論（宋本）,songben,342.0,辨厥陰病脈證並治,厥陰病,original_clause,A,傷寒，厥四日，熱反三日，復厥五日，其病為進。寒多熱少，陽氣退，故為進也。,傷寒，厥四日，熱反三日，復厥五日，其病為進。寒多熱少，陽氣退，故為進也。,False,[],[],"[""厥""]",[],[],"[""傷寒""]",[],[],[],"[""厥""]",[],[],"[""四日"", ""三日"", ""五日""]",[],"[""反""]",69e6e2b1a30d9c111d91d33ec3dc9e08b05ed9a891cc6d6cfddbe8f4cfd19052,pending,,text_match_multi
SHL_SONGBEN_0343,SHSRC0033,傷寒論（宋本）,songben,343.0,辨厥陰病脈證並治,厥陰病,original_clause,A,傷寒六七日，脈微，手足厥冷，煩躁，灸厥陰，厥不還者，死。,傷寒六七日，脈微，手足厥冷，煩躁，灸厥陰，厥不還者，死。,False,[],[],"[""手足厥冷"", ""煩躁"", ""厥""]",[],"[""微""]","[""傷寒""]",[],[],[],"[""煩躁"", ""厥""]","[""死""]",[],"[""六七日""]",[],[],478aea3be982cece014e65abe532b6ee7614dfe7562cdae95e79d3e29847e5d4,pending,,text_match_multi
SHL_SONGBEN_0344,SHSRC0033,傷寒論（宋本）,songben,344.0,辨厥陰病脈證並治,厥陰病,original_clause,A,傷寒發熱，下利，厥逆，躁不得臥者，死。,傷寒發熱，下利，厥逆，躁不得臥者，死。,False,[],[],"[""發熱"", ""下利"", ""厥逆"", ""不得臥""]",[],[],"[""傷寒""]",[],[],[],"[""厥逆"", ""厥""]","[""死""]",[],[],[],[],66bd7e97125a3317551f82aa67ce4a2a2794a37f4614e84d4610c09a77bdc5cf,pending,,text_match_multi
SHL_SONGBEN_0345,SHSRC0033,傷寒論（宋本）,songben,345.0,辨厥陰病脈證並治,厥陰病,original_clause,A,傷寒發熱，下利至甚，厥不止者，死。,傷寒發熱，下利至甚，厥不止者，死。,False,[],[],"[""發熱"", ""下利"", ""厥""]",[],[],"[""傷寒""]",[],[],[],"[""厥""]","[""死""]",[],[],[],[],26f323cc30cb2f0c79b170cd4c8ac646aba325da54b0b354fd4815c606278c22,pending,,text_match_multi
SHL_SONGBEN_0346,SHSRC0033,傷寒論（宋本）,songben,346.0,辨厥陰病脈證並治,厥陰病,original_clause,A,傷寒六七日，不利，便發熱而利，其人汗出不止者，死。有陰無陽故也。,傷寒六七日，不利，便發熱而利，其人汗出不止者，死。有陰無陽故也。,False,[],[],"[""發熱"", ""汗出不止""]",[],[],"[""傷寒""]",[],[],[],[],"[""死""]",[],"[""六七日""]",[],[],4c9a5698806b8cf5b19be0eba6dc17c63f05f3f8424e2ff56edfc3bd6f056e28,pending,,text_match_multi
SHL_SONGBEN_0347,SHSRC0033,傷寒論（宋本）,songben,347.0,辨厥陰病脈證並治,厥陰病,original_clause,A,傷寒五六日，不結胸，腹濡，脈虛復厥者，不可下，此亡血，下之死。,傷寒五六日，不結胸，腹濡，脈虛復厥者，不可下，此亡血，下之死。,False,[],[],"[""厥""]",[],"[""虛""]","[""傷寒""]","[""下之""]","[""不可下""]","[""下之""]","[""結胸"", ""厥""]","[""死""]",[],"[""五六日""]",[],"[""不可""]",e8a2772de1f43d51fd80599fd4560856043e29e8e968b004b6fd896378c50220,pending,,text_match_multi
SHL_SONGBEN_0348,SHSRC0033,傷寒論（宋本）,songben,348.0,辨厥陰病脈證並治,厥陰病,original_clause,A,發熱而厥，七日下利者，為難治。,發熱而厥，七日下利者，為難治。,False,[],[],"[""發熱"", ""厥"", ""下利""]",[],[],[],[],[],[],"[""厥""]","[""難治""]",[],"[""七日""]",[],[],1fafcf93551f3ff8398fb6fab896dcf4e57195cf70d76b3ed96e9158a6e75a83,pending,,text_match_multi
SHL_SONGBEN_0349,SHSRC0033,傷寒論（宋本）,songben,349.0,辨厥陰病脈證並治,厥陰病,original_clause,A,傷寒脈促，手足厥逆，可灸之。,傷寒脈促，手足厥逆，可灸之。,False,[],[],"[""手足厥逆""]",[],"[""促""]","[""傷寒""]",[],[],"[""灸之""]","[""厥逆"", ""厥""]",[],[],[],[],[],917059c41a8f8afc2acb98359872de5179427e5569369b19631a401ed3fe14d1,pending,,text_match_multi
SHL_SONGBEN_0350,SHSRC0033,傷寒論（宋本）,songben,350.0,辨厥陰病脈證並治,厥陰病,original_clause,A,傷寒，脈滑而厥者，裏有熱，白虎湯主之。,傷寒，脈滑而厥者，裏有熱，白虎湯主之。,True,"[""白虎湯""]",[],"[""厥""]",[],"[""滑""]","[""傷寒""]",[],[],[],"[""厥""]",[],[],[],[],"[""主之""]",4380676a3bb5681d9ed5a5f6d21061f81dc471d8df400cc30c372bb0f66a6b33,pending,,text_match_multi
SHL_SONGBEN_0351,SHSRC0033,傷寒論（宋本）,songben,351.0,辨厥陰病脈證並治,厥陰病,original_clause,A,手足厥寒，脈細欲絕者，當歸四逆湯主之。,手足厥寒，脈細欲絕者，當歸四逆湯主之。,True,"[""當歸四逆湯""]",[],"[""手足厥寒""]",[],"[""細欲絕""]",[],[],[],[],"[""厥""]",[],[],[],[],"[""主之""]",893f5d28e611fe626af34f570ad43923636412c1a1acfb215a4c18a81581a2e9,pending,,text_match_multi
SHL_SONGBEN_0352,SHSRC0033,傷寒論（宋本）,songben,352.0,辨厥陰病脈證並治,厥陰病,original_clause,A,若其人內有久寒者，宜當歸四逆加吳茱萸生薑湯。,若其人內有久寒者，宜當歸四逆加吳茱萸生薑湯。,True,"[""當歸四逆湯"", ""當歸四逆加吳茱萸生薑湯""]","[{""formula_name"": ""當歸四逆湯"", ""composition"": [{""herb"": ""當歸"", ""dose_processing"": ""三兩""}, {""herb"": ""桂枝"", ""dose_processing"": ""三兩，去皮""}, {""herb"": ""芍藥"", ""dose_processing"": ""三兩""}, {""herb"": ""細辛"", ""dose_processing"": ""三兩""}, {""herb"": ""甘草"", ""dose_processing"": ""二兩，炙""}, {""herb"": ""通草"", ""dose_processing"": ""二兩""}, {""herb"": ""大棗"", ""dose_processing"": ""二十五枚，擘，一法十二枚""}], ""preparation"": ""右七味，以水八升。煮取三升，去滓，"", ""administration"": ""溫服一升，日三服。"", ""post_notes"": [], ""raw_text"": ""**當歸四逆湯方**\n\n當歸<l>三兩</l>　桂枝<l>三兩，去皮</l>　芍藥<l>三兩</l>　細辛<l>三兩</l>　甘草<l>二兩，炙</l>　通草<l>二兩</l>　大棗<l>二十五枚，擘，一法十二枚</l>\n\n右七味，以水八升。煮取三升，去滓，溫服一升，日三服。""}, {""formula_name"": ""當歸四逆加吳茱萸生薑湯"", ""composition"": [{""herb"": ""當歸"", ""dose_processing"": ""三兩""}, {""herb"": ""芍藥"", ""dose_processing"": ""三兩""}, {""herb"": ""甘草"", ""dose_processing"": ""二兩，炙""}, {""herb"": ""通草"", ""dose_processing"": ""二兩""}, {""herb"": ""大棗"", ""dose_processing"": ""二十五枚，擘""}, {""herb"": ""桂枝"", ""dose_processing"": ""三兩，去皮""}, {""herb"": ""細辛"", ""dose_processing"": ""三兩""}, {""herb"": ""生薑"", ""dose_processing"": ""半斤，切""}, {""herb"": ""吳茱萸"", ""dose_processing"": ""二升""}], ""preparation"": ""右九味，以水六升、清酒六升和，煮取五升，去滓，溫分五服。一方，水、酒各四升。"", ""administration"": """", ""post_notes"": [], ""raw_text"": ""**當歸四逆加吳茱萸生薑湯方**\n\n當歸<l>三兩</l>　芍藥<l>三兩</l>　甘草<l>二兩，炙</l>　通草<l>二兩</l>　大棗<l>二十五枚，擘</l>　桂枝<l>三兩，去皮</l>　細辛<l>三兩</l>　生薑<l>半斤，切</l>　吳茱萸<l>二升</l>\n\n右九味，以水六升、清酒六升和，煮取五升，去滓，溫分五服。一方，水、酒各四升。""}]",[],[],[],[],[],[],[],[],[],"[""吳茱萸"", ""大棗"", ""桂枝"", ""甘草"", ""生薑"", ""當歸"", ""細辛"", ""芍藥"", ""通草""]","[""久""]",[],"[""若"", ""宜""]",9ff2735bbd167844092d05302f6bdb9db5f6cfaaf9fac9eb879eca6c2be434ce,pending,,text_match_multi
SHL_SONGBEN_0353,SHSRC0033,傷寒論（宋本）,songben,353.0,辨厥陰病脈證並治,厥陰病,original_clause,A,大汗出，熱不去，內拘急，四肢疼，又下利厥逆而惡寒者，四逆湯主之。,大汗出，熱不去，內拘急，四肢疼，又下利厥逆而惡寒者，四逆湯主之。,True,"[""四逆湯""]",[],"[""大汗出"", ""四肢疼"", ""下利"", ""厥逆"", ""惡寒""]",[],[],[],[],[],[],"[""厥逆"", ""厥""]",[],[],[],[],"[""急"", ""主之""]",a0ef5b3da86b42700a5dd4fee927ca6b3ea450f9162813c3eb3ad60548d593b5,pending,,text_match_multi
SHL_SONGBEN_0354,SHSRC0033,傷寒論（宋本）,songben,354.0,辨厥陰病脈證並治,厥陰病,original_clause,A,大汗，若大下利而厥冷者，四逆湯主之。,大汗，若大下利而厥冷者，四逆湯主之。,True,"[""四逆湯""]",[],"[""下利"", ""厥冷""]",[],[],[],[],[],[],"[""厥""]",[],[],[],[],"[""若"", ""主之""]",f8e73ed62396086f28da5e7dc3d5f22761fcfa0d8cc1e7f615a25574efc49ab0,pending,,text_match_multi
SHL_SONGBEN_0355,SHSRC0033,傷寒論（宋本）,songben,355.0,辨厥陰病脈證並治,厥陰病,original_clause,A,病人手足厥冷，脈乍緊者，邪結在胸中，心下滿而煩，飢不能食者，病在胸中，當須吐之，宜瓜蒂散。,病人手足厥冷，脈乍緊者，邪結在胸中，心下滿而煩，飢不能食者，病在胸中，當須吐之，宜瓜蒂散。,True,"[""瓜蒂散""]",[],"[""手足厥冷"", ""不能食""]",[],"[""緊""]",[],"[""吐之""]",[],[],"[""飢不能食"", ""厥""]",[],[],[],[],"[""宜""]",db0a5dc9d93696ae1c69923ee9b47285288111a0a7cd9d42e28732d47fb25156,pending,,text_match_multi
SHL_SONGBEN_0356,SHSRC0033,傷寒論（宋本）,songben,356.0,辨厥陰病脈證並治,厥陰病,original_clause,A,傷寒，厥而心下悸，宜先治水，當服茯苓甘草湯，卻治其厥。不爾，水漬入胃，必作利也。,傷寒，厥而心下悸，宜先治水，當服茯苓甘草湯，卻治其厥。不爾，水漬入胃，必作利也。,True,"[""茯苓甘草湯""]",[],"[""厥"", ""心下悸""]",[],[],"[""傷寒""]",[],[],[],"[""厥""]",[],[],[],[],"[""必"", ""宜""]",79d87a32b4da1c6081a0305c1ac7851104bb7292cd74478834765be9b65be660,pending,,text_match_multi
SHL_SONGBEN_0357,SHSRC0033,傷寒論（宋本）,songben,357.0,辨厥陰病脈證並治,厥陰病,original_clause,A,傷寒六七日，大下後，寸脈沉而遲，手足厥逆，下部脈不至，喉咽不利，唾膿血，泄利不止者，為難治，麻黃升麻湯主之。,傷寒六七日，大下後，寸脈沉而遲，手足厥逆，下部脈不至，喉咽不利，唾膿血，泄利不止者，為難治，麻黃升麻湯主之。,True,"[""麻黃升麻湯""]","[{""formula_name"": ""麻黃升麻湯"", ""composition"": [{""herb"": ""麻黃"", ""dose_processing"": ""二兩半，去節""}, {""herb"": ""升麻"", ""dose_processing"": ""一兩一分""}, {""herb"": ""當歸"", ""dose_processing"": ""一兩一分""}, {""herb"": ""知母"", ""dose_processing"": ""十八株""}, {""herb"": ""黃芩"", ""dose_processing"": ""十八株""}, {""herb"": ""芍藥"", ""dose_processing"": ""六銖""}, {""herb"": ""天門冬"", ""dose_processing"": ""六銖，去心""}, {""herb"": ""桂枝"", ""dose_processing"": ""六銖，去皮""}, {""herb"": ""茯苓"", ""dose_processing"": ""六銖""}, {""herb"": ""甘草"", ""dose_processing"": ""六銖，炙""}, {""herb"": ""石膏"", ""dose_processing"": ""六銖，碎，綿裹""}, {""herb"": ""白朮"", ""dose_processing"": ""六銖""}, {""herb"": ""乾薑"", ""dose_processing"": ""六銖""}], ""preparation"": ""右十四味，以水一斗，先煮麻黃一兩沸，去上沫，內諸藥，煮取三升，去滓，"", ""administration"": ""分溫三服。相去如炊三斗米頃，令盡，汗出愈。"", ""post_notes"": [], ""raw_text"": ""**麻黃升麻湯方**\n\n麻黃<l>二兩半，去節</l>　升麻<l>一兩一分</l>　當歸<l>一兩一分</l>　知母<l>十八株</l>　黃芩<l>十八株</l>　萎蕤<l>十八銖</l><j>一作菖蒲</j>　芍藥<l>六銖</l>　天門冬<l>六銖，去心</l>　桂枝<l>六銖，去皮</l>　茯苓<l>六銖</l>　甘草<l>六銖，炙</l>　石膏<l>六銖，碎，綿裹</l>　白朮<l>六銖</l>　乾薑<l>六銖</l>\n\n右十四味，以水一斗，先煮麻黃一兩沸，去上沫，內諸藥，煮取三升，去滓，分溫三服。相去如炊三斗米頃，令盡，汗出愈。""}]","[""手足厥逆"", ""利不止""]",[],"[""沉"", ""不至"", ""沉遲""]","[""傷寒""]",[],[],"[""大下後""]","[""厥逆"", ""厥""]","[""難治""]","[""乾薑"", ""升麻"", ""天門冬"", ""桂枝"", ""甘草"", ""當歸"", ""白朮"", ""知母"", ""石膏"", ""芍藥"", ""茯苓"", ""麻黃"", ""黃芩""]","[""六七日""]",[],"[""主之""]",22ea80a1d1e634fdc0603db8df99f5ff099f9aa0cb8b8f835145366f677cb65e,pending,,text_match_multi
SHL_SONGBEN_0358,SHSRC0033,傷寒論（宋本）,songben,358.0,辨厥陰病脈證並治,厥陰病,original_clause,A,傷寒四五日，腹中痛，若轉氣下趣少腹者，此欲自利也。,傷寒四五日，腹中痛，若轉氣下趣少腹者，此欲自利也。,False,[],[],"[""腹中痛"", ""自利""]",[],[],"[""傷寒""]",[],[],[],[],[],[],"[""四五日""]",[],"[""若""]",26fbc113b92a4fd2d032078ce6854d261f54399f8312a01d397cdd99496d6806,pending,,text_match_multi
SHL_SONGBEN_0359,SHSRC0033,傷寒論（宋本）,songben,359.0,辨厥陰病脈證並治,厥陰病,original_clause,A,傷寒本自寒下，醫復吐下之，寒格，更逆吐下，若食入口即吐，乾薑黃芩黃連人參湯主之。,傷寒本自寒下，醫復吐下之，寒格，更逆吐下，若食入口即吐，乾薑黃芩黃連人參湯主之。,True,"[""乾薑黃芩黃連人參湯""]","[{""formula_name"": ""乾薑黃芩黃連人參湯"", ""composition"": [{""herb"": ""乾薑"", ""dose_processing"": """"}, {""herb"": ""黃芩"", ""dose_processing"": """"}, {""herb"": ""黃連"", ""dose_processing"": """"}, {""herb"": ""人參"", ""dose_processing"": ""各三兩""}], ""preparation"": ""右四味，以水六升，煮取二升，去滓，"", ""administration"": ""分溫再服。"", ""post_notes"": [], ""raw_text"": ""**乾薑黃芩黃連人參湯方**\n\n乾薑　黃芩　黃連　人參<l>各三兩</l>\n\n右四味，以水六升，煮取二升，去滓，分溫再服。""}]",[],[],[],"[""傷寒""]","[""下之""]",[],"[""下之""]",[],[],"[""乾薑"", ""人參"", ""黃芩"", ""黃連""]",[],[],"[""若"", ""主之""]",38ae56f30dff3eaf555adbb916953a1a349f78d7b8fa9574a6757718fb6b75d8,pending,,text_match_multi
SHL_SONGBEN_0360,SHSRC0033,傷寒論（宋本）,songben,360.0,辨厥陰病脈證並治,厥陰病,original_clause,A,下利，有微熱而渴，脈弱者，今自愈。,下利，有微熱而渴，脈弱者，今自愈。,False,[],[],"[""下利"", ""微熱"", ""渴""]",[],"[""弱""]",[],[],[],[],[],"[""自愈""]",[],[],[],[],fcc875b66f891dff8580e71a3bdcdeb115cd64a4c3628565652d052fd82a57c5,pending,,text_match_multi
SHL_SONGBEN_0361,SHSRC0033,傷寒論（宋本）,songben,361.0,辨厥陰病脈證並治,厥陰病,original_clause,A,下利脈數，有微熱汗出，今自愈。設復緊，為未解。,下利脈數，有微熱汗出，今自愈。設復緊，為未解。,False,[],[],"[""下利"", ""微熱"", ""汗出""]",[],"[""數""]",[],[],[],[],[],"[""自愈""]",[],[],[],[],2f9a3862be466907704e74062ed5e7617631ade4035b5189e3403d838477e1d7,pending,,text_match_multi
SHL_SONGBEN_0362,SHSRC0033,傷寒論（宋本）,songben,362.0,辨厥陰病脈證並治,厥陰病,original_clause,A,下利，手足厥冷，無脈者，灸之。不溫。若脈不還，反微喘者，死。少陰負趺陽者，為順也。,下利，手足厥冷，無脈者，灸之。不溫。若脈不還，反微喘者，死。少陰負趺陽者，為順也。,False,[],[],"[""下利"", ""手足厥冷"", ""反微喘""]",[],"[""不還""]",[],[],[],"[""灸之""]","[""厥""]","[""死""]",[],[],[],"[""若"", ""反""]",ca77a20e21bb9581bff18ac0bfe1f03f2679a24b1913f384ecd21e89efb0990e,pending,,text_match_multi
SHL_SONGBEN_0363,SHSRC0033,傷寒論（宋本）,songben,363.0,辨厥陰病脈證並治,厥陰病,original_clause,A,下利，寸脈反浮數，尺中自濇者，必清膿血。,下利，寸脈反浮數，尺中自濇者，必清膿血。,False,[],[],"[""下利""]",[],"[""浮數""]",[],[],[],[],[],[],[],[],[],"[""反"", ""必""]",3dc547a9a3212c8aacec18dca141e107b68ae85c7948731a2b9c43e289b8a64b,pending,,text_match_multi
SHL_SONGBEN_0364,SHSRC0033,傷寒論（宋本）,songben,364.0,辨厥陰病脈證並治,厥陰病,original_clause,A,下利清穀，不可攻表，汗出必脹滿。,下利清穀，不可攻表，汗出必脹滿。,False,[],[],"[""下利清穀"", ""汗出""]",[],[],[],[],"[""不可攻""]",[],[],[],[],[],[],"[""不可"", ""必""]",20ebf4a81295d9974d951d159d07a2789f4755a9c5dfd1a838f5adeda4b55524,pending,,text_match_multi
SHL_SONGBEN_0365,SHSRC0033,傷寒論（宋本）,songben,365.0,辨厥陰病脈證並治,厥陰病,original_clause,A,下利，脈沉弦者，下重也；脈大者，為未止；脈微弱數者，為欲自止，雖發熱，不死。,下利，脈沉弦者，下重也；脈大者，為未止；脈微弱數者，為欲自止，雖發熱，不死。,False,[],[],"[""下利"", ""下重"", ""發熱""]",[],"[""沉"", ""大"", ""微弱"", ""沉弦"", ""數微弱""]",[],[],[],[],[],[],[],[],[],[],a230ed567eb0821c9e404b58eeec02b14ccf477fb3bec8c44d8e1063e4002c55,pending,,text_match_multi
SHL_SONGBEN_0366,SHSRC0033,傷寒論（宋本）,songben,366.0,辨厥陰病脈證並治,厥陰病,original_clause,A,下利，脈沉而遲，其人面少赤，身有微熱，下利清穀者，必鬱冒汗出而解。病人必微厥。所以然者，其面戴陽，下虛故也。,下利，脈沉而遲，其人面少赤，身有微熱，下利清穀者，必鬱冒汗出而解。病人必微厥。所以然者，其面戴陽，下虛故也。,False,[],[],"[""下利"", ""微熱"", ""下利清穀"", ""鬱冒"", ""汗出"", ""厥""]",[],"[""沉"", ""沉遲""]",[],[],[],[],"[""厥""]","[""解""]",[],[],[],"[""必""]",408a08585a23b4f7608e77b16e956c723b0a83ccacb02438e5d7e7317c9ab7c8,pending,,text_match_multi
SHL_SONGBEN_0367,SHSRC0033,傷寒論（宋本）,songben,367.0,辨厥陰病脈證並治,厥陰病,original_clause,A,下利，脈數而渴者，今自愈。設不差，必清膿血，以有熱故也。,下利，脈數而渴者，今自愈。設不差，必清膿血，以有熱故也。,False,[],[],"[""下利"", ""渴""]",[],"[""數""]",[],[],[],[],[],"[""自愈""]",[],[],[],"[""必""]",171abf3b884bf689e1d3daedc7b66f3232e071cc3bc5662dd8e8d2bf42f48b8f,pending,,text_match_multi
SHL_SONGBEN_0368,SHSRC0033,傷寒論（宋本）,songben,368.0,辨厥陰病脈證並治,厥陰病,original_clause,A,下利後脈絕，手足厥冷，晬時脈還，手足溫者生，脈不還者死。,下利後脈絕，手足厥冷，晬時脈還，手足溫者生，脈不還者死。,False,[],[],"[""下利"", ""手足厥冷"", ""手足溫""]",[],"[""絕"", ""不還""]",[],[],[],[],"[""厥""]","[""死""]",[],[],[],[],3336aa8d40320749bdb075e5fe9d574cdedc8815fa192e7d693068624c125b80,pending,,text_match_multi
SHL_SONGBEN_0369,SHSRC0033,傷寒論（宋本）,songben,369.0,辨厥陰病脈證並治,厥陰病,original_clause,A,傷寒下利，日十餘行，脈反實者，死。,傷寒下利，日十餘行，脈反實者，死。,False,[],[],"[""下利""]",[],"[""實""]","[""傷寒""]",[],[],[],[],"[""死""]",[],[],[],"[""反""]",e572f85a073e717b25c644325b343b88b332533ecaeedf85ab942872c2052d05,pending,,text_match_multi
SHL_SONGBEN_0370,SHSRC0033,傷寒論（宋本）,songben,370.0,辨厥陰病脈證並治,厥陰病,original_clause,A,下利清穀，裏寒外熱，汗出而厥者，通脈四逆湯主之。,下利清穀，裏寒外熱，汗出而厥者，通脈四逆湯主之。,True,"[""通脈四逆湯""]",[],"[""下利清穀"", ""汗出"", ""厥""]",[],[],[],[],[],[],"[""厥""]",[],[],[],[],"[""主之""]",c56e0f939509cd7f9cb38807a0f3bc21e97aa6cdd0364cc422fcbcad544ea93d,pending,,text_match_multi
SHL_SONGBEN_0371,SHSRC0033,傷寒論（宋本）,songben,371.0,辨厥陰病脈證並治,厥陰病,original_clause,A,熱利下重者，白頭翁湯主之。,熱利下重者，白頭翁湯主之。,True,"[""白頭翁湯""]","[{""formula_name"": ""白頭翁湯"", ""composition"": [{""herb"": ""白頭翁"", ""dose_processing"": ""二兩""}, {""herb"": ""黃檗"", ""dose_processing"": ""三兩""}, {""herb"": ""黃連"", ""dose_processing"": ""三兩""}, {""herb"": ""秦皮"", ""dose_processing"": ""三兩""}], ""preparation"": ""右四味，以水七升，煮取二升，去滓，"", ""administration"": ""溫服一升。不愈，更服一升。"", ""post_notes"": [], ""raw_text"": ""**白頭翁湯方**\n\n白頭翁<l>二兩</l>　黃檗<l>三兩</l>　黃連<l>三兩</l>　秦皮<l>三兩</l>\n\n右四味，以水七升，煮取二升，去滓，溫服一升。不愈，更服一升。""}]","[""熱利下重""]",[],[],[],[],[],[],[],[],"[""白頭翁"", ""秦皮"", ""黃檗"", ""黃連""]",[],[],"[""主之""]",50d2044cfce785acd96f5120c1635881f1d35d3b51cf0550e276c3751f05778b,pending,,text_match_multi
SHL_SONGBEN_0372,SHSRC0033,傷寒論（宋本）,songben,372.0,辨厥陰病脈證並治,厥陰病,original_clause,A,下利腹脹滿，身體疼痛者，先溫其裏，乃攻其表。溫裏宜四逆湯，攻表宜桂枝湯。,下利腹脹滿，身體疼痛者，先溫其裏，乃攻其表。溫裏宜四逆湯，攻表宜桂枝湯。,True,"[""四逆湯"", ""桂枝湯""]",[],"[""下利"", ""腹脹滿""]",[],[],[],"[""攻表"", ""溫裏""]",[],[],[],[],[],[],[],"[""宜""]",e910b3ea3cfef54a588f016e06bfa713ea7b20ce6b6e2ac045babb935d83debd,pending,,text_match_multi
SHL_SONGBEN_0373,SHSRC0033,傷寒論（宋本）,songben,373.0,辨厥陰病脈證並治,厥陰病,original_clause,A,下利欲飲水者，以有熱故也，白頭翁湯主之。,下利欲飲水者，以有熱故也，白頭翁湯主之。,True,"[""白頭翁湯""]",[],"[""下利"", ""欲飲水""]",[],[],[],[],[],[],[],[],[],[],[],"[""主之""]",6699b1fe33a038fc8f79c8e615ee19e6f422a0ffb4a58b682533a45e971472df,pending,,text_match_multi
SHL_SONGBEN_0374,SHSRC0033,傷寒論（宋本）,songben,374.0,辨厥陰病脈證並治,厥陰病,original_clause,A,下利譫語者，有燥屎也，宜小承氣湯。,下利譫語者，有燥屎也，宜小承氣湯。,True,"[""小承氣湯""]",[],"[""下利"", ""譫語"", ""燥屎""]",[],[],[],[],[],[],"[""譫語""]",[],[],[],[],"[""宜""]",6b8b4708736a4ee153a2a43c2abfa3b1a2b001e023a1c4e8d81ac693dabe3166,pending,,text_match_multi
SHL_SONGBEN_0375,SHSRC0033,傷寒論（宋本）,songben,375.0,辨厥陰病脈證並治,厥陰病,original_clause,A,下利後，更煩，按之心下濡者，為虛煩也，宜梔子豉湯。,下利後，更煩，按之心下濡者，為虛煩也，宜梔子豉湯。,True,"[""梔子豉湯""]",[],"[""下利"", ""心下濡"", ""虛煩""]",[],[],[],[],[],[],"[""虛煩""]",[],[],[],[],"[""宜""]",cb775ff5d444f427f162fbdf74a3f1140441ed103968ce51ae859d0d8015625f,pending,,text_match_multi
SHL_SONGBEN_0376,SHSRC0033,傷寒論（宋本）,songben,376.0,辨厥陰病脈證並治,厥陰病,original_clause,A,嘔家有癰膿者，不可治嘔，膿盡自愈。,嘔家有癰膿者，不可治嘔，膿盡自愈。,False,[],[],"[""嘔""]",[],[],[],[],[],[],[],"[""自愈"", ""可治""]",[],[],[],"[""不可""]",2d9901f949bcc1bed2ec6f0daa5216a38a567b5f2205a0943ee9584801a23cbd,pending,,text_match_multi
SHL_SONGBEN_0377,SHSRC0033,傷寒論（宋本）,songben,377.0,辨厥陰病脈證並治,厥陰病,original_clause,A,嘔而脈弱，小便復利，身有微熱，見厥者難治，四逆湯主之。,嘔而脈弱，小便復利，身有微熱，見厥者難治，四逆湯主之。,True,"[""四逆湯""]",[],"[""嘔"", ""小便復利"", ""微熱"", ""厥""]",[],"[""弱""]",[],[],[],[],"[""厥""]","[""難治""]",[],[],[],"[""主之""]",675cc0803575feb1dcd176f4ae0b30d50774d8c5296cb205b6b31e2c32a6820f,pending,,text_match_multi
SHL_SONGBEN_0378,SHSRC0033,傷寒論（宋本）,songben,378.0,辨厥陰病脈證並治,厥陰病,original_clause,A,乾嘔，吐涎沫，頭痛者，吳茱萸湯主之。,乾嘔，吐涎沫，頭痛者，吳茱萸湯主之。,True,"[""吳茱萸湯""]",[],"[""乾嘔"", ""吐涎沫"", ""頭痛""]",[],[],[],[],[],[],[],[],[],[],[],"[""主之""]",6cad9539c293ea6baba8458bbf07fae8c150fa670f39bd24c266fcd06a0d9bd6,pending,,text_match_multi
SHL_SONGBEN_0379,SHSRC0033,傷寒論（宋本）,songben,379.0,辨厥陰病脈證並治,厥陰病,original_clause,A,嘔而發熱者，小柴胡湯主之。,嘔而發熱者，小柴胡湯主之。,True,"[""小柴胡湯""]",[],"[""嘔"", ""發熱""]",[],[],[],[],[],[],[],[],[],[],[],"[""主之""]",da6e3054be629c3b7ced9327a81424a31ee6d85e872939f9616c6591e3071c8c,pending,,text_match_multi
SHL_SONGBEN_0380,SHSRC0033,傷寒論（宋本）,songben,380.0,辨厥陰病脈證並治,厥陰病,original_clause,A,傷寒，大吐、大下之，極虛，復極汗者，其人外氣怫鬱，復與之水，以發其汗，因得噦。所以然者，胃中寒冷故也。,傷寒，大吐、大下之，極虛，復極汗者，其人外氣怫鬱，復與之水，以發其汗，因得噦。所以然者，胃中寒冷故也。,False,[],[],"[""噦""]",[],[],"[""傷寒""]","[""發其汗"", ""下之""]",[],"[""下之""]","[""噦""]",[],[],[],[],[],f4b7f8c0d91bfdf7f8e7a1c4b5f852ac5f31287342e5f5fdea020d5b773fd520,pending,,text_match_multi
SHL_SONGBEN_0381,SHSRC0033,傷寒論（宋本）,songben,381.0,辨厥陰病脈證並治,厥陰病,original_clause,A,傷寒，噦而腹滿，視其前後，知何部不利，利之即愈。,傷寒，噦而腹滿，視其前後，知何部不利，利之即愈。,False,[],[],"[""噦"", ""腹滿""]",[],[],"[""傷寒""]",[],[],[],"[""噦""]","[""即愈""]",[],[],[],[],87ffeefcf6aba996e59186944892ed634e7f32ceff5f4fa5706844ca318e861e,pending,,text_match_multi
SHL_SONGBEN_0382,SHSRC0033,傷寒論（宋本）,songben,382.0,辨霍亂病脈證並治,霍亂病,original_clause,A,問曰：病有霍亂者何？答曰：嘔吐而利，此名霍亂。,問曰：病有霍亂者何？答曰：嘔吐而利，此名霍亂。,False,[],[],"[""嘔吐""]",[],[],"[""霍亂""]",[],[],[],[],[],[],[],[],[],a0ed59d41c0ffd7997996699e7276201f2f8eff855f9205db51326e797ffaa1b,pending,,text_match_multi
SHL_SONGBEN_0383,SHSRC0033,傷寒論（宋本）,songben,383.0,辨霍亂病脈證並治,霍亂病,original_clause,A,問曰：病發熱、頭痛、身疼、惡寒、吐利者，此屬何病？答曰：此名霍亂。霍亂自吐下，又利止，復更發熱也。,問曰：病發熱、頭痛、身疼、惡寒、吐利者，此屬何病？答曰：此名霍亂。霍亂自吐下，又利止，復更發熱也。,False,[],[],"[""發熱"", ""頭痛"", ""身疼"", ""惡寒"", ""吐利""]",[],[],"[""霍亂""]",[],[],[],[],[],[],[],[],"[""屬""]",eaf2eb9cb44d6071f01930878727d8496fc96da9be28135d0dfb9a77ad766264,pending,,text_match_multi
SHL_SONGBEN_0384,SHSRC0033,傷寒論（宋本）,songben,384.0,辨霍亂病脈證並治,霍亂病,original_clause,A,傷寒，其脈微濇者，本是霍亂，今是傷寒，卻四五日，至陰經上，轉入陰必利；本嘔，下利者，不可治也。欲似大便，而反失氣，仍不利者，此屬陽明也，便必鞕，十三日愈。所以然者，經盡故也。下利後，當便鞕，鞕則能食者愈。今反不能食，到後經中，頗能食，復過一經能食，過之一日當愈；不愈者，不屬陽明也。,傷寒，其脈微濇者，本是霍亂，今是傷寒，卻四五日，至陰經上，轉入陰必利；本嘔，下利者，不可治也。欲似大便，而反失氣，仍不利者，此屬陽明也，便必鞕，十三日愈。所以然者，經盡故也。下利後，當便鞕，鞕則能食者愈。今反不能食，到後經中，頗能食，復過一經能食，過之一日當愈；不愈者，不屬陽明也。,False,[],[],"[""嘔"", ""下利"", ""能食"", ""反不能食""]",[],"[""微"", ""澀微""]","[""傷寒"", ""霍亂""]",[],[],[],[],"[""愈"", ""可治""]",[],"[""四五日"", ""十三日"", ""一日""]",[],"[""不可"", ""反"", ""必"", ""屬""]",e238fba032c4471d0aaa15ed7787e58639fe9aa71e20c68632f0440cbaf86973,pending,,text_match_multi
SHL_SONGBEN_0385,SHSRC0033,傷寒論（宋本）,songben,385.0,辨霍亂病脈證並治,霍亂病,original_clause,A,惡寒脈微而復利，利止，亡血也，四逆加人參湯主之。,惡寒脈微而復利，利止，亡血也，四逆加人參湯主之。,True,"[""四逆加人參湯""]","[{""formula_name"": ""四逆加人參湯"", ""composition"": [{""herb"": ""甘草"", ""dose_processing"": ""二兩，灸""}, {""herb"": ""附子"", ""dose_processing"": ""一枚，生，去皮，破八片""}, {""herb"": ""乾薑"", ""dose_processing"": ""一兩半""}, {""herb"": ""人參"", ""dose_processing"": ""一兩""}], ""preparation"": ""右四味，以水三升，煮取一升二合，去滓，"", ""administration"": ""分溫再服。"", ""post_notes"": [], ""raw_text"": ""**四逆加人參湯方**\n\n甘草<l>二兩，灸</l>　附子<l>一枚，生，去皮，破八片</l>　乾薑<l>一兩半</l>　人參<l>一兩</l>\n\n右四味，以水三升，煮取一升二合，去滓，分溫再服。""}]","[""惡寒""]",[],"[""微""]",[],[],[],[],[],[],"[""乾薑"", ""人參"", ""甘草"", ""附子""]",[],[],"[""主之""]",3b4b43abecaafae0ce7b741ec6cabdb88b328bf7800b2cc7987e58734dfd8b8d,pending,,text_match_multi
SHL_SONGBEN_0386,SHSRC0033,傷寒論（宋本）,songben,386.0,辨霍亂病脈證並治,霍亂病,original_clause,A,霍亂，頭痛，發熱，身疼痛，熱多欲飲水者，五苓散主之。寒多不用水者，理中丸主之。,霍亂，頭痛，發熱，身疼痛，熱多欲飲水者，五苓散主之。寒多不用水者，理中丸主之。,True,"[""理中丸"", ""五苓散""]","[{""formula_name"": ""理中丸"", ""composition"": [{""herb"": ""人參"", ""dose_processing"": """"}, {""herb"": ""乾薑"", ""dose_processing"": """"}, {""herb"": ""甘草"", ""dose_processing"": ""炙""}, {""herb"": ""白朮"", ""dose_processing"": ""各三兩""}], ""preparation"": ""右四味，搗篩，蜜和為丸，如雞子黃許大。以沸湯數合和一丸，研碎，"", ""administration"": ""溫服之，日三四、夜二服。腹中未熱，益至三四丸，然不及湯。湯法：以四物依兩數切，用水八升，煮取三升，去滓，溫服一升，日三服。若臍上築者，腎氣動也，去朮，加桂四兩；吐多者，去朮，加生薑三兩，下多者，還用朮；悸者，加茯苓二兩；渴欲得水者，加朮，足前成四兩半；腹中痛者，加人參，足前成四兩半；寒者，加乾薑，足前成四兩半；腹滿者，去朮，加附子一枚。服湯後，如食頃，飲熱粥一升許，微自溫，勿發揭衣被。"", ""post_notes"": [], ""raw_text"": ""**理中丸方**\n\n人參　乾薑　甘草<l>炙</l>　白朮<l>各三兩</l>\n\n右四味，搗篩，蜜和為丸，如雞子黃許大。以沸湯數合和一丸，研碎，溫服之，日三四、夜二服。腹中未熱，益至三四丸，然不及湯。湯法：以四物依兩數切，用水八升，煮取三升，去滓，溫服一升，日三服。若臍上築者，腎氣動也，去朮，加桂四兩；吐多者，去朮，加生薑三兩，下多者，還用朮；悸者，加茯苓二兩；渴欲得水者，加朮，足前成四兩半；腹中痛者，加人參，足前成四兩半；寒者，加乾薑，足前成四兩半；腹滿者，去朮，加附子一枚。服湯後，如食頃，飲熱粥一升許，微自溫，勿發揭衣被。""}]","[""頭痛"", ""發熱"", ""身疼痛"", ""欲飲水""]",[],[],"[""霍亂""]",[],[],[],[],[],"[""乾薑"", ""人參"", ""甘草"", ""白朮""]",[],[],"[""主之""]",2dc265a611e67c80ff74b94d05a3fcd41d06da8cd4a7e0cfc01b0c445d4035dd,pending,,text_match_multi
SHL_SONGBEN_0387,SHSRC0033,傷寒論（宋本）,songben,387.0,辨霍亂病脈證並治,霍亂病,original_clause,A,吐利止而身痛不休者，當消息和解其外，宜桂枝湯小和之。,吐利止而身痛不休者，當消息和解其外，宜桂枝湯小和之。,True,"[""桂枝湯""]",[],"[""吐利"", ""身痛""]",[],[],[],"[""和解""]",[],[],[],"[""解""]",[],[],[],"[""宜""]",eb3afb5d0b0a16ea824a77d430f18977dc3d42954072ee3db0731aabe70e64dc,pending,,text_match_multi
SHL_SONGBEN_0388,SHSRC0033,傷寒論（宋本）,songben,388.0,辨霍亂病脈證並治,霍亂病,original_clause,A,吐利，汗出，發熱，惡寒，四肢拘急，手足厥冷者，四逆湯主之。,吐利，汗出，發熱，惡寒，四肢拘急，手足厥冷者，四逆湯主之。,True,"[""四逆湯""]",[],"[""吐利"", ""汗出"", ""發熱"", ""惡寒"", ""手足厥冷""]",[],[],[],[],[],[],"[""厥""]",[],[],[],[],"[""急"", ""主之""]",667fbebd0925a0816e8e579263e1fe4a08903f8f02a38966b014de429d751115,pending,,text_match_multi
SHL_SONGBEN_0389,SHSRC0033,傷寒論（宋本）,songben,389.0,辨霍亂病脈證並治,霍亂病,original_clause,A,既吐且利，小便復利而大汗出，下利清穀，內寒外熱，脈微欲絕者，四逆湯主之。,既吐且利，小便復利而大汗出，下利清穀，內寒外熱，脈微欲絕者，四逆湯主之。,True,"[""四逆湯""]",[],"[""小便復利"", ""大汗出"", ""下利清穀""]",[],"[""微欲絕""]",[],[],[],[],[],[],[],[],[],"[""主之""]",5cea0a90caed29dd4e994a2d371aec61c2ecf659abff92b081a84d1ada1d466f,pending,,text_match_multi
SHL_SONGBEN_0390,SHSRC0033,傷寒論（宋本）,songben,390.0,辨霍亂病脈證並治,霍亂病,original_clause,A,吐已下斷，汗出而厥，四肢拘急不解，脈微欲絕者，通脈四逆加豬膽汁湯主之。,吐已下斷，汗出而厥，四肢拘急不解，脈微欲絕者，通脈四逆加豬膽汁湯主之。,True,"[""通脈四逆加豬膽汁湯""]","[{""formula_name"": ""通脈四逆加豬膽汁湯"", ""composition"": [{""herb"": ""甘草"", ""dose_processing"": ""二兩，炙""}, {""herb"": ""乾薑"", ""dose_processing"": ""三兩，強人可四兩""}, {""herb"": ""附子"", ""dose_processing"": ""大者一枚，生，去皮，破八片""}, {""herb"": ""豬膽汁"", ""dose_processing"": ""半合""}], ""preparation"": ""右四味，用水三升，煮取一升二合，去滓，內豬膽汁，"", ""administration"": ""分溫再服，其脈即來。無豬膽，以羊膽代之。"", ""post_notes"": [], ""raw_text"": ""**通脈四逆加豬膽汁湯方**\n\n甘草<l>二兩，炙</l>　乾薑<l>三兩，強人可四兩</l>　附子<l>大者一枚，生，去皮，破八片</l>　豬膽汁<l>半合</l>\n\n右四味，用水三升，煮取一升二合，去滓，內豬膽汁，分溫再服，其脈即來。無豬膽，以羊膽代之。""}]","[""汗出"", ""厥""]",[],"[""微欲絕""]",[],[],[],[],"[""厥""]","[""解""]","[""乾薑"", ""甘草"", ""豬膽汁"", ""附子""]",[],[],"[""急"", ""主之""]",d6bed4196488de026a912d29c5580e0c7292270fcf08240a757107d6fa4b4720,pending,,text_match_multi
SHL_SONGBEN_0391,SHSRC0033,傷寒論（宋本）,songben,391.0,辨霍亂病脈證並治,霍亂病,original_clause,A,吐利，發汗，脈平，小煩者，以新虛不勝穀氣故也。,吐利，發汗，脈平，小煩者，以新虛不勝穀氣故也。,False,[],[],"[""吐利""]",[],"[""平""]",[],"[""發汗""]",[],[],[],[],[],[],[],[],7e1d9ae7f6267cc51d31c4943e6e395cb5f9027b33da732568c0a2bda241d391,pending,,text_match_multi
SHL_SONGBEN_0392,SHSRC0033,傷寒論（宋本）,songben,392.0,辨陰陽易差後勞復病脈證並治,陰陽易差後勞復病,original_clause,A,傷寒陰陽易之為病，其人身體重，少氣，少腹裏急，或引陰中拘攣，熱上衝胸，頭重不欲舉，眼中生花，膝脛拘急者，燒褌散主之。,傷寒陰陽易之為病，其人身體重，少氣，少腹裏急，或引陰中拘攣，熱上衝胸，頭重不欲舉，眼中生花，膝脛拘急者，燒褌散主之。,True,"[""燒褌散""]","[{""formula_name"": ""燒褌散"", ""composition"": [], ""preparation"": ""右一味，水服方寸匕。日三服。小便即利，陰頭微腫，此為愈矣。婦人病，取男子褌燒服。"", ""administration"": """", ""post_notes"": [""婦人中褌，近隱處，取燒作灰。""], ""raw_text"": ""**燒褌散方**\n\n婦人中褌，近隱處，取燒作灰。\n\n右一味，水服方寸匕。日三服。小便即利，陰頭微腫，此為愈矣。婦人病，取男子褌燒服。""}]","[""少腹裏急"", ""頭重""]",[],[],"[""傷寒"", ""陰陽易""]",[],[],[],[],[],[],[],[],"[""或"", ""急"", ""主之""]",7036f2b6296f97558a799edfc8948f0e6485af55eb3981acc0b68eea9f010044,pending,,text_match_multi
SHL_SONGBEN_0393,SHSRC0033,傷寒論（宋本）,songben,393.0,辨陰陽易差後勞復病脈證並治,陰陽易差後勞復病,original_clause,A,大病差後，勞復者，枳實梔子豉湯主之。,大病差後，勞復者，枳實梔子豉湯主之。,True,"[""枳實梔子豉湯""]","[{""formula_name"": ""枳實梔子豉湯"", ""composition"": [{""herb"": ""枳實"", ""dose_processing"": ""三枚，炙""}, {""herb"": ""梔子"", ""dose_processing"": ""十四個，擘""}, {""herb"": ""香豉"", ""dose_processing"": ""一升，綿裹""}], ""preparation"": ""右三味，以清漿水七升，空煮取四升，內枳實、梔子，煮取二升，下豉，更煮五六沸，去滓，溫分再服。覆令微似汗。若有宿食者，內大黃如博棋子大五六枚，服之愈。"", ""administration"": """", ""post_notes"": [], ""raw_text"": ""**枳實梔子豉湯方**\n\n枳實<l>三枚，炙</l>　梔子<l>十四個，擘</l>　香豉<l>一升，綿裹</l>\n\n右三味，以清漿水七升，空煮取四升，內枳實、梔子，煮取二升，下豉，更煮五六沸，去滓，溫分再服。覆令微似汗。若有宿食者，內大黃如博棋子大五六枚，服之愈。""}]",[],[],[],"[""勞復""]",[],[],[],[],[],"[""枳實"", ""梔子"", ""香豉""]",[],[],"[""主之""]",0d810c3e867bcb35c1afe89bbc75aa69e06363106e8708f9f3c3fc9992623382,pending,,text_match_multi
SHL_SONGBEN_0394,SHSRC0033,傷寒論（宋本）,songben,394.0,辨陰陽易差後勞復病脈證並治,陰陽易差後勞復病,original_clause,A,傷寒差以後，更發熱，小柴胡湯主之。脈浮者，以汗解之；脈沉實者，以下解之。,傷寒差以後，更發熱，小柴胡湯主之。脈浮者，以汗解之；脈沉實者，以下解之。,True,"[""小柴胡湯""]",[],"[""發熱""]",[],"[""浮"", ""沉實""]","[""傷寒""]","[""汗解""]",[],[],[],"[""解""]",[],[],[],"[""主之""]",f009cd233c1be2efe4b662769eef13d902ed0e9f80a22b2cca7587dc1f9ad7f9,pending,,text_match_multi
SHL_SONGBEN_0395,SHSRC0033,傷寒論（宋本）,songben,395.0,辨陰陽易差後勞復病脈證並治,陰陽易差後勞復病,original_clause,A,大病差後，從腰以下有水氣者，牡蠣澤瀉散主之。,大病差後，從腰以下有水氣者，牡蠣澤瀉散主之。,True,"[""牡蠣澤瀉散""]","[{""formula_name"": ""牡蠣澤瀉散"", ""composition"": [{""herb"": ""牡蠣"", ""dose_processing"": ""熬""}, {""herb"": ""澤瀉"", ""dose_processing"": """"}, {""herb"": ""蜀漆"", ""dose_processing"": ""暖水洗去腥""}, {""herb"": ""葶藶子"", ""dose_processing"": ""熬""}, {""herb"": ""商陸根"", ""dose_processing"": ""熬""}, {""herb"": ""海藻"", ""dose_processing"": ""洗去鹹""}, {""herb"": ""栝蔞根"", ""dose_processing"": ""各等分""}], ""preparation"": ""右七味，異搗，下篩為散，更於臼中治之，白飲和，服方寸匕，日三服。小便利，止後服。"", ""administration"": """", ""post_notes"": [], ""raw_text"": ""**牡蠣澤瀉散方**\n\n牡蠣<l>熬</l>　澤瀉　蜀漆<l>暖水洗去腥</l>　葶藶子<l>熬</l>　商陸根<l>熬</l>　海藻<l>洗去鹹</l>　栝蔞根<l>各等分</l>\n\n右七味，異搗，下篩為散，更於臼中治之，白飲和，服方寸匕，日三服。小便利，止後服。""}]",[],[],[],[],[],[],[],[],[],"[""商陸根"", ""栝蔞根"", ""海藻"", ""澤瀉"", ""牡蠣"", ""葶藶子"", ""蜀漆""]",[],[],"[""主之""]",434dbb049eb4929af9b46d43022d541f7be06b74833ba9cc7c679f73da5b436c,pending,,text_match_multi
SHL_SONGBEN_0396,SHSRC0033,傷寒論（宋本）,songben,396.0,辨陰陽易差後勞復病脈證並治,陰陽易差後勞復病,original_clause,A,大病差後，喜唾，久不了了，胸上有寒，當以丸藥溫之，宜理中丸。,大病差後，喜唾，久不了了，胸上有寒，當以丸藥溫之，宜理中丸。,True,"[""理中丸""]",[],[],[],[],[],"[""溫之""]",[],[],[],[],[],"[""久""]",[],"[""宜""]",ab3c265a656d2b0c7b2e2739ca7f608ad8ed2e890c19c9b71986a0120c407fdf,pending,,text_match_multi
SHL_SONGBEN_0397,SHSRC0033,傷寒論（宋本）,songben,397.0,辨陰陽易差後勞復病脈證並治,陰陽易差後勞復病,original_clause,A,傷寒解後，虛羸少氣，氣逆欲吐，竹葉石膏湯主之。,傷寒解後，虛羸少氣，氣逆欲吐，竹葉石膏湯主之。,True,"[""竹葉石膏湯""]","[{""formula_name"": ""竹葉石膏湯"", ""composition"": [{""herb"": ""竹葉"", ""dose_processing"": ""二把""}, {""herb"": ""石膏"", ""dose_processing"": ""一斤""}, {""herb"": ""半夏"", ""dose_processing"": ""半斤，洗""}, {""herb"": ""麥門冬"", ""dose_processing"": ""一升，去心""}, {""herb"": ""人參"", ""dose_processing"": ""二兩""}, {""herb"": ""甘草"", ""dose_processing"": ""二兩，炙""}, {""herb"": ""粳米"", ""dose_processing"": ""半升""}], ""preparation"": ""右七味，以水一斗，煮取六升，去滓，內粳米，煮米熟，湯成，去米，"", ""administration"": ""溫服一升，日三服。"", ""post_notes"": [], ""raw_text"": ""**竹葉石膏湯方**\n\n竹葉<l>二把</l>　石膏<l>一斤</l>　半夏<l>半斤，洗</l>　麥門冬<l>一升，去心</l>　人參<l>二兩</l>　甘草<l>二兩，炙</l>　粳米<l>半升</l>\n\n右七味，以水一斗，煮取六升，去滓，內粳米，煮米熟，湯成，去米，溫服一升，日三服。""}]",[],[],[],"[""傷寒""]",[],[],[],[],"[""解""]","[""人參"", ""半夏"", ""甘草"", ""石膏"", ""竹葉"", ""粳米"", ""麥門冬""]",[],[],"[""主之""]",b02ed18eabeac89e78b0f1c8ea94d36a9425f3f74d2e0cac29f0570220c79cb8,pending,,text_match_multi
SHL_SONGBEN_0398,SHSRC0033,傷寒論（宋本）,songben,398.0,辨陰陽易差後勞復病脈證並治,陰陽易差後勞復病,original_clause,A,病人脈已解，而日暮微煩，以病新差，人強與穀，脾胃氣尚弱，不能消穀，故令微煩，損穀則愈。,病人脈已解，而日暮微煩，以病新差，人強與穀，脾胃氣尚弱，不能消穀，故令微煩，損穀則愈。,False,[],[],"[""微煩""]",[],[],[],[],[],[],[],"[""愈""]",[],[],[],[],e0714f52c5a7c7d4a6e5e7d9b66f39d28ff45e9f3ff97a16d342cf681cc208cf,pending,,text_match_multi
SHL_SONGBEN_AUX_0001,SHSRC0035,傷寒論（宋本）,songben,,辨脈法第一,,auxiliary_clause,A,問曰：脈有陰陽者，何謂也？答曰：凡脈大、浮、數、動、滑，此名陽也；脈沉、濇、弱、弦、微，此名陰也，凡陰病見陽脈者生，陽病見陰脈者死。,問曰：脈有陰陽者，何謂也？答曰：凡脈大、浮、數、動、滑，此名陽也；脈沉、濇、弱、弦、微，此名陰也，凡陰病見陽脈者生，陽病見陰脈者死。,False,[],[],[],[],"[""大"", ""沉"", ""浮數大動"", ""沉澀弦弱""]",[],[],[],[],[],"[""死""]",[],[],[],[],15e8eaee3b1783f4bed69d5b0f243bf466e73c2ab82e190b822e8755065e36c9,pending,,text_match
SHL_SONGBEN_AUX_0002,SHSRC0035,傷寒論（宋本）,songben,,辨脈法第一,,auxiliary_clause,A,問曰：脈有陽結陰結者，何以別之？答曰：其脈浮而數，能食，不大便者，此為實，名曰陽結也，期十七日當劇。其脈沉而遲，不能食，身體重，大便反鞕，名曰陰結也，期十四日當劇。,問曰：脈有陽結陰結者，何以別之？答曰：其脈浮而數，能食，不大便者，此為實，名曰陽結也，期十七日當劇。其脈沉而遲，不能食，身體重，大便反鞕，名曰陰結也，期十四日當劇。,False,[],[],"[""能食"", ""不大便"", ""不能食""]",[],"[""浮而數"", ""沉"", ""結"", ""浮數"", ""沉遲""]",[],[],[],[],[],[],[],"[""十七日"", ""十四日""]",[],"[""反""]",be1e71fbded29e7dd8f4fd3170d234655f6b3dfe236691e7158b6dc5a9aa5de0,pending,,text_match
SHL_SONGBEN_AUX_0003,SHSRC0035,傷寒論（宋本）,songben,,辨脈法第一,,auxiliary_clause,A,問曰：病有灑淅惡寒而復發熱者何？答曰：陰脈不足，陽往從之；陽脈不足，陰往乘之。曰：何謂陽不足？答曰：假令寸口脈微，名曰陽不足，陰氣上入陽中，則灑淅惡寒也。曰：何謂陰不足？答曰：假令尺脈弱，名曰陰不足，陽氣下陷入陰中，則發熱也。,問曰：病有灑淅惡寒而復發熱者何？答曰：陰脈不足，陽往從之；陽脈不足，陰往乘之。曰：何謂陽不足？答曰：假令寸口脈微，名曰陽不足，陰氣上入陽中，則灑淅惡寒也。曰：何謂陰不足？答曰：假令尺脈弱，名曰陰不足，陽氣下陷入陰中，則發熱也。,False,[],[],"[""惡寒"", ""發熱""]",[],"[""微"", ""弱""]",[],[],[],[],[],[],[],[],[],[],e89c73a7554b53c58619a177136f072f82bb1a625f43483be853cb22db13e859,pending,,text_match
SHL_SONGBEN_AUX_0004,SHSRC0035,傷寒論（宋本）,songben,,辨脈法第一,,auxiliary_clause,A,陽脈浮<j>一作微</j>陰脈弱者，則血虛。血虛則筋急也。,陽脈浮陰脈弱者，則血虛。血虛則筋急也。,False,[],[],[],[],"[""浮"", ""弱"", ""浮弱""]",[],[],[],[],[],[],[],[],"[""一作微""]","[""急""]",d6f3d5737ab8c1428cbdfcd2ed4c3953070054f54f319e716e7a734de134cdc0,pending,,text_match
SHL_SONGBEN_AUX_0005,SHSRC0035,傷寒論（宋本）,songben,,辨脈法第一,,auxiliary_clause,A,其脈沉者，榮氣微也。,其脈沉者，榮氣微也。,False,[],[],[],[],"[""沉""]",[],[],[],[],[],[],[],[],[],[],bcfcd11ec7b500bf9b5db84cffa4b3b477aac4fadaca2b4184939db28898ba00,pending,,text_match
SHL_SONGBEN_AUX_0006,SHSRC0035,傷寒論（宋本）,songben,,辨脈法第一,,auxiliary_clause,A,其脈浮，而汗出如流珠者，衛氣衰也。,其脈浮，而汗出如流珠者，衛氣衰也。,False,[],[],"[""汗出""]",[],"[""浮""]",[],[],[],[],[],[],[],[],[],[],94f11312db752539402d7de4b79b410fada9463a6e670f754862638bcf5fb864,pending,,text_match
SHL_SONGBEN_AUX_0007,SHSRC0035,傷寒論（宋本）,songben,,辨脈法第一,,auxiliary_clause,A,榮氣微者，加燒針，則血流不行，更發熱而躁煩也。,榮氣微者，加燒針，則血流不行，更發熱而躁煩也。,False,[],[],"[""發熱"", ""躁煩""]",[],[],[],[],[],"[""燒針""]",[],[],[],[],[],[],27dcd42a5822f7bb8e1c4d27baa3153e6fa331b8c0d7fe6cb734cf661e3b6b44,pending,,text_match
SHL_SONGBEN_AUX_0008,SHSRC0035,傷寒論（宋本）,songben,,辨脈法第一,,auxiliary_clause,A,脈<j>一云秋脈</j>藹藹，如車蓋者，名曰陽結也。,脈藹藹，如車蓋者，名曰陽結也。,False,[],[],[],[],[],[],[],[],[],[],[],[],[],"[""一云秋脈""]",[],50a919b29f1eb8cc617578191cbf641e6c8abbf0f586640b0de3b67e4cd5b4da,pending,,text_match
SHL_SONGBEN_AUX_0009,SHSRC0035,傷寒論（宋本）,songben,,辨脈法第一,,auxiliary_clause,A,脈<j>一云夏脈</j>纍纍，如循長竿者，名曰陰結也。,脈纍纍，如循長竿者，名曰陰結也。,False,[],[],[],[],[],[],[],[],[],[],[],[],[],"[""一云夏脈""]",[],d6a5b6bc7f811cffb887e959063591e86bcfb4f1dbc49ca3dc0b57182e9b852d,pending,,text_match
SHL_SONGBEN_AUX_0010,SHSRC0035,傷寒論（宋本）,songben,,辨脈法第一,,auxiliary_clause,A,脈瞥瞥，如羹上肥者，陽氣微也。,脈瞥瞥，如羹上肥者，陽氣微也。,False,[],[],[],[],[],[],[],[],[],[],[],[],[],[],[],09ab5e09eb6ab6608f165207e56a58055a487f7cf579bd6af67339eb7ea84481,pending,,text_match
SHL_SONGBEN_AUX_0011,SHSRC0035,傷寒論（宋本）,songben,,辨脈法第一,,auxiliary_clause,A,脈縈縈，如蜘蛛絲者，陽氣<j>一云陰氣</j>衰也。,脈縈縈，如蜘蛛絲者，陽氣衰也。,False,[],[],[],[],[],[],[],[],[],[],[],[],[],"[""一云陰氣""]",[],1f34cb91c8b96d08ccfcd35b628b6d74d85679be3a64bdb21510cadb1f2ad15c,pending,,text_match
SHL_SONGBEN_AUX_0012,SHSRC0035,傷寒論（宋本）,songben,,辨脈法第一,,auxiliary_clause,A,脈綿綿，如瀉漆之絕者，亡其血也。,脈綿綿，如瀉漆之絕者，亡其血也。,False,[],[],[],[],[],[],[],[],[],[],[],[],[],[],[],e8d749e2cc5467a5902b1f85f603ce5e6fb53ea6d4e4b98ee5f04c71fc3fc597,pending,,text_match
SHL_SONGBEN_AUX_0013,SHSRC0035,傷寒論（宋本）,songben,,辨脈法第一,,auxiliary_clause,A,脈來緩，時一止復來者，名曰結。脈來數，時一止復來者，名曰促<j>一作縱</j>。脈陽盛則促，陰盛則結，此皆病脈。,脈來緩，時一止復來者，名曰結。脈來數，時一止復來者，名曰促。脈陽盛則促，陰盛則結，此皆病脈。,False,[],[],[],[],"[""緩"", ""數"", ""促""]",[],[],[],[],[],[],[],[],"[""一作縱""]",[],f230acaa333daaa7cfaad0dff6ae9b2c11914ce6886b97fce183d3343e73c2c5,pending,,text_match
SHL_SONGBEN_AUX_0014,SHSRC0035,傷寒論（宋本）,songben,,辨脈法第一,,auxiliary_clause,A,陰陽相搏，名曰動。陽動則汗出，陰動則發熱。形冷惡寒者，此三焦傷也。,陰陽相搏，名曰動。陽動則汗出，陰動則發熱。形冷惡寒者，此三焦傷也。,False,[],[],"[""汗出"", ""發熱"", ""惡寒""]",[],[],[],[],[],[],[],[],[],[],[],[],b48717e176ea8198f222702a278d22441353aa683e918cda783fdd8d72c0e883,pending,,text_match
SHL_SONGBEN_AUX_0015,SHSRC0035,傷寒論（宋本）,songben,,辨脈法第一,,auxiliary_clause,A,若數脈見於關上，上下無頭尾，如豆大，厥厥動搖者，名曰動也。,若數脈見於關上，上下無頭尾，如豆大，厥厥動搖者，名曰動也。,False,[],[],"[""厥""]",[],[],[],[],[],[],"[""厥""]",[],[],[],[],"[""若""]",b5117e837c8dd502a02bc07989b263b630dc7206142843b2dd26af686fa13108,pending,,text_match
SHL_SONGBEN_AUX_0016,SHSRC0035,傷寒論（宋本）,songben,,辨脈法第一,,auxiliary_clause,A,陽脈浮大而濡，陰脈浮大而濡，陰脈與陽脈同等者，名曰緩也。,陽脈浮大而濡，陰脈浮大而濡，陰脈與陽脈同等者，名曰緩也。,False,[],[],[],[],"[""浮"", ""浮大濡""]",[],[],[],[],[],[],[],[],[],[],42e83ba07ad6aba7f2190312d1c7ebae25408b550768ec6069d1ffcdb8dace8e,pending,,text_match
SHL_SONGBEN_AUX_0017,SHSRC0035,傷寒論（宋本）,songben,,辨脈法第一,,auxiliary_clause,A,脈浮而緊者，名曰弦也。弦者狀如弓弦，按之不移也。脈緊者，如轉索無常也。,脈浮而緊者，名曰弦也。弦者狀如弓弦，按之不移也。脈緊者，如轉索無常也。,False,[],[],[],[],"[""浮而緊"", ""緊"", ""浮緊""]",[],[],[],[],[],[],[],[],[],[],25690a56c42c06ce6ba3b1b5b9fe1863a5998d232236d8a210581ec8922b9a44,pending,,text_match
SHL_SONGBEN_AUX_0018,SHSRC0035,傷寒論（宋本）,songben,,辨脈法第一,,auxiliary_clause,A,脈弦而大，弦則為減，大則為芤。減則為寒，芤則為虛。寒虛相搏，此名為革。婦人則半產、漏下，男子則亡血、失精。,脈弦而大，弦則為減，大則為芤。減則為寒，芤則為虛。寒虛相搏，此名為革。婦人則半產、漏下，男子則亡血、失精。,False,[],[],[],[],"[""弦"", ""弦大""]",[],[],[],[],[],[],[],[],[],[],8769e635dd861387845d7ae6d4347950a4674e71783eb3bc00d09c5010780ca1,pending,,text_match
SHL_SONGBEN_AUX_0019,SHSRC0035,傷寒論（宋本）,songben,,辨脈法第一,,auxiliary_clause,A,問曰：病有戰而汗出，因得解者，何也？答曰：脈浮而緊，按之反芤，此為本虛，故當戰而汗出也。其人本虛，是以發戰。以脈浮，故當汗出而解也。,問曰：病有戰而汗出，因得解者，何也？答曰：脈浮而緊，按之反芤，此為本虛，故當戰而汗出也。其人本虛，是以發戰。以脈浮，故當汗出而解也。,False,[],[],"[""汗出""]",[],"[""浮而緊"", ""浮"", ""浮緊""]",[],[],[],[],[],"[""解""]",[],[],[],"[""反""]",39f1873714633e6b690b007503df1b691efbfa8e21955105dd812da8e45d15f5,pending,,text_match
SHL_SONGBEN_AUX_0020,SHSRC0035,傷寒論（宋本）,songben,,辨脈法第一,,auxiliary_clause,A,若脈浮而數，按之不芤，此人本不虛；若欲自解，但汗出耳。不發戰也。,若脈浮而數，按之不芤，此人本不虛；若欲自解，但汗出耳。不發戰也。,False,[],[],"[""汗出""]",[],"[""浮而數"", ""浮數""]",[],[],[],[],[],"[""解""]",[],[],[],"[""若"", ""但""]",9866806601e649dc5ab4a2f6732d6adc77f0c1518ad641101e3c669aaaab8364,pending,,text_match
SHL_SONGBEN_AUX_0021,SHSRC0035,傷寒論（宋本）,songben,,辨脈法第一,,auxiliary_clause,A,問曰：病有不戰而汗出解者，何也？答曰：脈大而浮數，故知不戰，汗出而解也。,問曰：病有不戰而汗出解者，何也？答曰：脈大而浮數，故知不戰，汗出而解也。,False,[],[],"[""汗出""]",[],"[""大"", ""浮數大""]",[],[],[],[],[],"[""解""]",[],[],[],[],4bb3d678b7e658d91a606fb8d8beac6af8a91d7607d79c9473d17b59fef2f2bd,pending,,text_match
SHL_SONGBEN_AUX_0022,SHSRC0035,傷寒論（宋本）,songben,,辨脈法第一,,auxiliary_clause,A,問曰：病有不戰不汗出而解者，何也？答曰：其脈自微，此以曾經發汗、若吐、若下、若亡血，以內無津液，此陰陽自和，必自愈，故不戰不汗出而解也。,問曰：病有不戰不汗出而解者，何也？答曰：其脈自微，此以曾經發汗、若吐、若下、若亡血，以內無津液，此陰陽自和，必自愈，故不戰不汗出而解也。,False,[],[],[],"[""不汗出""]","[""微""]",[],"[""發汗""]",[],"[""若吐""]",[],"[""必自愈"", ""愈""]",[],[],[],"[""若"", ""必""]",1d3a5a9f160e74c0f034a72cfdfb7be9b3330510f238e29d414c2e9c68b20d8f,pending,,text_match
SHL_SONGBEN_AUX_0023,SHSRC0035,傷寒論（宋本）,songben,,辨脈法第一,,auxiliary_clause,A,問曰：傷寒三日，脈浮數而微，病人身涼和者，何也？答曰：此為欲解也，解以夜半。脈浮而解者，濈然汗出也；脈數而解者，必能食也；脈微而解者，必大汗出也。,問曰：傷寒三日，脈浮數而微，病人身涼和者，何也？答曰：此為欲解也，解以夜半。脈浮而解者，濈然汗出也；脈數而解者，必能食也；脈微而解者，必大汗出也。,False,[],[],"[""汗出"", ""能食"", ""大汗出""]",[],"[""浮數"", ""浮"", ""數"", ""微"", ""浮數微""]","[""傷寒""]",[],[],[],[],"[""解"", ""為欲解""]",[],"[""三日""]",[],"[""必""]",d248b5f4070af56c573396fa177ce018d63d0da68ccd86f0502c69c5fa42d912,pending,,text_match
SHL_SONGBEN_AUX_0024,SHSRC0035,傷寒論（宋本）,songben,,辨脈法第一,,auxiliary_clause,A,問曰：脈病，欲知愈未愈者，何以別之？答曰：寸口、關上、尺中三處，大小、浮沉、遲數同等，雖有寒熱不解者，此脈陰陽為和平，雖劇當愈。,問曰：脈病，欲知愈未愈者，何以別之？答曰：寸口、關上、尺中三處，大小、浮沉、遲數同等，雖有寒熱不解者，此脈陰陽為和平，雖劇當愈。,False,[],[],[],[],[],[],[],[],[],[],"[""愈""]",[],[],[],[],5cabf57cd1e2877d33d31006cc763e3f5f8c355eb1c0fb77c4dd425fa5e3798e,pending,,text_match
SHL_SONGBEN_AUX_0025,SHSRC0035,傷寒論（宋本）,songben,,辨脈法第一,,auxiliary_clause,A,立夏得洪<j>一作浮</j>大脈，是其本位。其人病身體苦疼重者，須發其汗。若明日身不疼不重者，不須發汗。若汗濈濈自出者，明日便解矣。何以言之？立夏得洪大脈，是其時脈，故使然也。四時倣此。,立夏得洪大脈，是其本位。其人病身體苦疼重者，須發其汗。若明日身不疼不重者，不須發汗。若汗濈濈自出者，明日便解矣。何以言之？立夏得洪大脈，是其時脈，故使然也。四時倣此。,False,[],[],[],[],[],[],"[""發其汗""]",[],[],[],"[""解""]",[],[],"[""一作浮""]","[""若""]",35bd800f53c903cda71b3870e8aeb9ea9092088acf327be45fd38d8bf7c830bc,pending,,text_match
SHL_SONGBEN_AUX_0026,SHSRC0035,傷寒論（宋本）,songben,,辨脈法第一,,auxiliary_clause,A,問曰：凡病欲知何時得，何時愈？答曰：假令夜半得病，明日日中愈；日中得病，夜半愈。何以言之？日中得病，夜半愈者，以陽得陰則解也；夜半得病，明日日中愈者，以陰得陽則解也。,問曰：凡病欲知何時得，何時愈？答曰：假令夜半得病，明日日中愈；日中得病，夜半愈。何以言之？日中得病，夜半愈者，以陽得陰則解也；夜半得病，明日日中愈者，以陰得陽則解也。,False,[],[],[],[],[],[],[],[],[],[],"[""愈""]",[],[],[],[],4ed4fa762b91982de88e4ff9fd9203009b2457e4dc4d55094d36179ccb37d673,pending,,text_match
SHL_SONGBEN_AUX_0027,SHSRC0035,傷寒論（宋本）,songben,,辨脈法第一,,auxiliary_clause,A,寸口脈浮為在表，沉為在裏，數為在府，遲為在藏。假令脈遲，此為在藏也。,寸口脈浮為在表，沉為在裏，數為在府，遲為在藏。假令脈遲，此為在藏也。,False,[],[],[],[],"[""浮"", ""遲""]",[],[],[],[],[],[],[],[],[],[],18b68f834d72282d96c4b819886870b555df243851275f136300d1e26bb70ab6,pending,,text_match
SHL_SONGBEN_AUX_0028,SHSRC0035,傷寒論（宋本）,songben,,辨脈法第一,,auxiliary_clause,A,趺陽脈浮而濇，少陰脈如經也，其病在脾，法當下利。何以知之？若脈浮大者，氣實血虛也。今趺陽脈浮而濇，故知脾氣不足，胃氣虛也。以少陰脈弦而浮<j>一作沉</j>，才見此為調脈，故稱如經也。若反滑而數者，故知當屎膿也。,趺陽脈浮而濇，少陰脈如經也，其病在脾，法當下利。何以知之？若脈浮大者，氣實血虛也。今趺陽脈浮而濇，故知脾氣不足，胃氣虛也。以少陰脈弦而浮，才見此為調脈，故稱如經也。若反滑而數者，故知當屎膿也。,False,[],[],"[""下利""]",[],"[""趺陽脈"", ""浮"", ""弦"", ""浮澀"", ""浮大"", ""浮弦""]",[],"[""當下""]",[],[],[],[],[],[],"[""一作沉""]","[""若"", ""反""]",1487cae3cf6d01211b63dd11e18d21f7c118e8c2076c41e91688c23bd9e6b16a,pending,,text_match
SHL_SONGBEN_AUX_0029,SHSRC0035,傷寒論（宋本）,songben,,辨脈法第一,,auxiliary_clause,A,寸口脈浮而緊，浮則為風，緊則為寒；風則傷衛，寒則傷榮。榮衛俱病，骨節煩疼，當發其汗也。,寸口脈浮而緊，浮則為風，緊則為寒；風則傷衛，寒則傷榮。榮衛俱病，骨節煩疼，當發其汗也。,False,[],[],"[""骨節煩疼""]",[],"[""浮而緊"", ""浮緊""]",[],"[""發其汗""]",[],[],[],[],[],[],[],[],76e3716fff37f03e626dddeddb73ac6d9d044c74fbf89fa70c34c6f41527885a,pending,,text_match
SHL_SONGBEN_AUX_0030,SHSRC0035,傷寒論（宋本）,songben,,辨脈法第一,,auxiliary_clause,A,趺陽脈遲而緩，胃氣如經也。趺陽脈浮而數，浮則傷胃，數則動脾，此非本病，醫特下之所為也。榮衛內陷，其數先微，脈反但浮，其人必大便鞕，氣噫而除。何以言之？本以數脈動脾，其數先微，故知脾氣不治，大便鞕，氣噫而除。今脈反浮，其數改微，邪氣獨留，心中則饑，邪熱不殺穀，潮熱發渴，數脈當遲緩，脈因前後度數如法，病者則饑。數脈不時，則生惡瘡也。,趺陽脈遲而緩，胃氣如經也。趺陽脈浮而數，浮則傷胃，數則動脾，此非本病，醫特下之所為也。榮衛內陷，其數先微，脈反但浮，其人必大便鞕，氣噫而除。何以言之？本以數脈動脾，其數先微，故知脾氣不治，大便鞕，氣噫而除。今脈反浮，其數改微，邪氣獨留，心中則饑，邪熱不殺穀，潮熱發渴，數脈當遲緩，脈因前後度數如法，病者則饑。數脈不時，則生惡瘡也。,False,[],[],"[""大便硬"", ""潮熱"", ""渴""]",[],"[""趺陽脈"", ""浮而數"", ""遲緩"", ""浮數"", ""動""]",[],"[""下之""]",[],"[""下之""]",[],"[""不治""]",[],[],[],"[""反"", ""必"", ""但""]",1c397c2d5b235607af843342caa9a405f3399c32c32c224a6fd2c7758db1035d,pending,,text_match
SHL_SONGBEN_AUX_0031,SHSRC0035,傷寒論（宋本）,songben,,辨脈法第一,,auxiliary_clause,A,師曰：病人脈微而濇者，此為醫所病也。大發其汗，又數大下之，其人亡血，病當惡寒，後乃發熱，無休止時，夏月盛熱，欲著複衣，冬月盛寒，欲裸其身。所以然者，陽微則惡寒，陰弱則發熱，此醫發其汗，令陽氣微，又大下之，令陰氣弱。五月之時，陽氣在表，胃中虛冷，以陽氣內微，不能勝冷，故欲著複衣；十一月之時，陽氣在裏，胃中煩熱，以陰氣內弱，不能勝熱，故欲裸其身。又陰脈遲濇，故知血亡也。,師曰：病人脈微而濇者，此為醫所病也。大發其汗，又數大下之，其人亡血，病當惡寒，後乃發熱，無休止時，夏月盛熱，欲著複衣，冬月盛寒，欲裸其身。所以然者，陽微則惡寒，陰弱則發熱，此醫發其汗，令陽氣微，又大下之，令陰氣弱。五月之時，陽氣在表，胃中虛冷，以陽氣內微，不能勝冷，故欲著複衣；十一月之時，陽氣在裏，胃中煩熱，以陰氣內弱，不能勝熱，故欲裸其身。又陰脈遲濇，故知血亡也。,False,[],[],"[""惡寒"", ""發熱""]",[],"[""微"", ""遲"", ""澀微"", ""遲澀""]",[],"[""發其汗"", ""下之""]",[],"[""下之""]",[],[],[],[],[],[],34add2ba389026eb7b9f8a61ce5cd976a3853eb37cf5cc5d637a513f3be79c3f,pending,,text_match
SHL_SONGBEN_AUX_0032,SHSRC0035,傷寒論（宋本）,songben,,辨脈法第一,,auxiliary_clause,A,脈浮而大，心下反鞕，有熱屬藏者，攻之，不令發汗。屬府者，不令溲數。溲數則大便鞕，汗多則熱愈，汗少則便難，脈遲，尚未可攻。,脈浮而大，心下反鞕，有熱屬藏者，攻之，不令發汗。屬府者，不令溲數。溲數則大便鞕，汗多則熱愈，汗少則便難，脈遲，尚未可攻。,False,[],[],"[""大便硬"", ""汗多""]",[],"[""浮"", ""遲"", ""浮大""]",[],"[""發汗"", ""攻之""]",[],[],[],"[""愈""]",[],[],[],"[""反"", ""屬""]",51bd4613b4a9085a01b879d135fb1bf2cf26d0eec73a36ba50827cdffc966336,pending,,text_match
SHL_SONGBEN_AUX_0033,SHSRC0035,傷寒論（宋本）,songben,,辨脈法第一,,auxiliary_clause,A,脈浮而洪，身汗如油，喘而不休，水漿不下，體形不仁，乍靜乍亂，此為命絕也。又未知何藏先受其災，若汗出、髮潤、喘不休者，此為肺先絕也。陽反獨留，形體如煙熏，直視搖頭，此心絕也。唇吻反青，四肢漐習者，此為肝絕也。環口黧黑，柔汗發黃者，此為脾絕也。溲便遺失，狂言，目反直視者，此為腎絕也。,脈浮而洪，身汗如油，喘而不休，水漿不下，體形不仁，乍靜乍亂，此為命絕也。又未知何藏先受其災，若汗出、髮潤、喘不休者，此為肺先絕也。陽反獨留，形體如煙熏，直視搖頭，此心絕也。唇吻反青，四肢漐習者，此為肝絕也。環口黧黑，柔汗發黃者，此為脾絕也。溲便遺失，狂言，目反直視者，此為腎絕也。,False,[],[],"[""喘"", ""汗出"", ""直視"", ""發黃""]",[],"[""浮"", ""浮洪""]",[],[],[],[],"[""發黃""]",[],[],[],[],"[""若"", ""反""]",72a7ee66efdc323fe5093f7e9ed1c7c14b915cd4103d2f62f605f55a2b47320b,pending,,text_match
SHL_SONGBEN_AUX_0034,SHSRC0035,傷寒論（宋本）,songben,,辨脈法第一,,auxiliary_clause,A,又未知何藏陰陽前絕，若陽氣前絕，陰氣後竭者，其人死，身色必青；陰氣前絕，陽氣後竭者，其人死，身色必赤，腋下溫，心下熱也。,又未知何藏陰陽前絕，若陽氣前絕，陰氣後竭者，其人死，身色必青；陰氣前絕，陽氣後竭者，其人死，身色必赤，腋下溫，心下熱也。,False,[],[],[],[],[],[],[],[],[],[],"[""死""]",[],[],[],"[""若"", ""必""]",68ee0afbf6cd1688ab537dd572b63286bdcdc7829c21cde27f928bedd3a48265,pending,,text_match
SHL_SONGBEN_AUX_0035,SHSRC0035,傷寒論（宋本）,songben,,辨脈法第一,,auxiliary_clause,A,寸口脈浮大，而醫反下之，此為大逆。浮則無血，大則為寒，寒氣相搏，則為腸鳴，醫乃不知，而反飲冷水，令汗大出，水得寒氣，冷必相搏，其人即䭇。趺陽脈浮，浮則為虛，浮虛相搏，故令氣䭇，言胃氣虛竭也，脈滑則為噦。此為醫咎，責虛取實，守空迫血。脈浮、鼻中燥者，必衄也。,寸口脈浮大，而醫反下之，此為大逆。浮則無血，大則為寒，寒氣相搏，則為腸鳴，醫乃不知，而反飲冷水，令汗大出，水得寒氣，冷必相搏，其人即䭇。趺陽脈浮，浮則為虛，浮虛相搏，故令氣䭇，言胃氣虛竭也，脈滑則為噦。此為醫咎，責虛取實，守空迫血。脈浮、鼻中燥者，必衄也。,False,[],[],"[""噦"", ""衄""]",[],"[""浮"", ""趺陽脈"", ""滑"", ""浮大""]",[],"[""下之""]",[],"[""醫反下之""]","[""噦"", ""衄""]",[],[],[],[],"[""反"", ""必""]",5a817669f09257672dfa49ede91e116414e7205e6eed6898e4f5fa014eb1ef5d,pending,,text_match
SHL_SONGBEN_AUX_0036,SHSRC0035,傷寒論（宋本）,songben,,辨脈法第一,,auxiliary_clause,A,諸脈浮數，當發熱，而灑淅惡寒，若有痛處，飲食如常者，畜積有膿也。脈浮而遲，面熱赤而戰惕者，六七日當汗出而解。反發熱者，差遲。遲為無陽，不能作汗，其身必癢也。,諸脈浮數，當發熱，而灑淅惡寒，若有痛處，飲食如常者，畜積有膿也。脈浮而遲，面熱赤而戰惕者，六七日當汗出而解。反發熱者，差遲。遲為無陽，不能作汗，其身必癢也。,False,[],[],"[""發熱"", ""惡寒"", ""汗出""]",[],"[""浮數"", ""浮而遲"", ""浮遲""]",[],[],[],[],[],"[""解""]",[],"[""六七日""]",[],"[""若"", ""反"", ""必""]",4637247c45332fdfa78d40e90fa0c76efe65eaa7c5a687c5cb86bcb1f9af2542,pending,,text_match
SHL_SONGBEN_AUX_0037,SHSRC0035,傷寒論（宋本）,songben,,辨脈法第一,,auxiliary_clause,A,寸口脈陰陽俱緊者，法當清邪中於上焦，濁邪中於下焦。清邪中上，名曰潔也；濁邪中下，名曰渾也。陰中於邪，必內慄也，表氣微虛，裏氣不守，故使邪中於陰也。陽中於邪，必發熱、頭痛、項強、頸攣、腰痛、脛酸。所為陽中霧露之氣，故曰清邪中上，濁邪中下。陰氣為慄，足膝逆冷，便溺妄出，表氣微虛，裏氣微急，三焦相溷，內外不通。上焦怫鬱，藏氣相熏，口爛食斷也。中焦不治，胃氣上衝，脾氣不轉，胃中為濁，榮衛不通，血凝不流。若衛氣前通者，小便赤黃，與熱相搏，因熱作使，遊於經絡，出入藏府，熱氣所過，則為癰膿。若陰氣前通者，陽氣厥微，陰無所使，客氣內入，嚏而出之，聲嗢咽塞，寒厥相逐，為熱所擁，血凝自下，狀如豚肝。陰陽俱厥，脾氣孤弱，五液注下，下焦不闔，清便下重，令便數難，臍築湫痛，命將難全。,寸口脈陰陽俱緊者，法當清邪中於上焦，濁邪中於下焦。清邪中上，名曰潔也；濁邪中下，名曰渾也。陰中於邪，必內慄也，表氣微虛，裏氣不守，故使邪中於陰也。陽中於邪，必發熱、頭痛、項強、頸攣、腰痛、脛酸。所為陽中霧露之氣，故曰清邪中上，濁邪中下。陰氣為慄，足膝逆冷，便溺妄出，表氣微虛，裏氣微急，三焦相溷，內外不通。上焦怫鬱，藏氣相熏，口爛食斷也。中焦不治，胃氣上衝，脾氣不轉，胃中為濁，榮衛不通，血凝不流。若衛氣前通者，小便赤黃，與熱相搏，因熱作使，遊於經絡，出入藏府，熱氣所過，則為癰膿。若陰氣前通者，陽氣厥微，陰無所使，客氣內入，嚏而出之，聲嗢咽塞，寒厥相逐，為熱所擁，血凝自下，狀如豚肝。陰陽俱厥，脾氣孤弱，五液注下，下焦不闔，清便下重，令便數難，臍築湫痛，命將難全。,False,[],[],"[""發熱"", ""頭痛"", ""項強"", ""腰痛"", ""氣上衝"", ""厥"", ""下重""]",[],"[""陰陽俱緊""]",[],[],[],[],"[""厥""]","[""不治""]",[],[],[],"[""若"", ""必"", ""急""]",043e698a2c389ff3d95cbcd41768dafc24f6c0438ef323243b1d43a42a76bb1d,pending,,text_match
SHL_SONGBEN_AUX_0038,SHSRC0035,傷寒論（宋本）,songben,,辨脈法第一,,auxiliary_clause,A,脈陰陽俱緊者，口中氣出，唇口乾燥，踡臥足冷，鼻中涕出，舌上胎滑，勿妄治也。到七日已來，其人微發熱，手足溫者，此為欲解；或到八日以上，反大發熱者，此為難治。設使惡寒者，必欲嘔也；腹內痛者，必欲利也。,脈陰陽俱緊者，口中氣出，唇口乾燥，踡臥足冷，鼻中涕出，舌上胎滑，勿妄治也。到七日已來，其人微發熱，手足溫者，此為欲解；或到八日以上，反大發熱者，此為難治。設使惡寒者，必欲嘔也；腹內痛者，必欲利也。,False,[],[],"[""口乾"", ""踡臥"", ""發熱"", ""手足溫"", ""惡寒"", ""欲嘔""]",[],"[""陰陽俱緊""]",[],[],[],[],[],"[""解"", ""為欲解"", ""難治""]",[],"[""七日"", ""八日""]",[],"[""勿"", ""反"", ""或"", ""必""]",d741f4229c2bdb0180ef28d1cef0fdba2602fbd55c307b2bbcf1397004ffe8a1,pending,,text_match
SHL_SONGBEN_AUX_0039,SHSRC0035,傷寒論（宋本）,songben,,辨脈法第一,,auxiliary_clause,A,脈陰陽俱緊，至於吐利，其脈獨不解，緊去人安，此為欲解。若脈遲至六七日，不欲食，此為晚發，水停故也，為未解；食自可者，為欲解。,脈陰陽俱緊，至於吐利，其脈獨不解，緊去人安，此為欲解。若脈遲至六七日，不欲食，此為晚發，水停故也，為未解；食自可者，為欲解。,False,[],[],"[""吐利""]",[],"[""陰陽俱緊"", ""遲""]",[],[],[],[],[],"[""解"", ""為欲解""]",[],"[""六七日""]",[],"[""若""]",697fe8bc0d886707c41233a996a92d5676b852eceb7594af1d6acf5ea956be40,pending,,text_match
SHL_SONGBEN_AUX_0040,SHSRC0035,傷寒論（宋本）,songben,,辨脈法第一,,auxiliary_clause,A,病六七日，手足三部脈皆至，大煩而口噤不能言，其人躁擾者，必欲解也。若脈和，其人大煩，目重，瞼內際黃者，此為欲解也。,病六七日，手足三部脈皆至，大煩而口噤不能言，其人躁擾者，必欲解也。若脈和，其人大煩，目重，瞼內際黃者，此為欲解也。,False,[],[],"[""口噤""]",[],"[""和""]",[],[],[],[],[],"[""解"", ""為欲解""]",[],"[""六七日""]",[],"[""若"", ""必""]",8d69aacc70956f8e7d0607c7e3a39100745b7ad137a03f38d16c2047014a45f3,pending,,text_match
SHL_SONGBEN_AUX_0041,SHSRC0035,傷寒論（宋本）,songben,,辨脈法第一,,auxiliary_clause,A,脈浮而數，浮為風，數為虛，風為熱，虛為寒，風虛相搏，則灑淅惡寒也。,脈浮而數，浮為風，數為虛，風為熱，虛為寒，風虛相搏，則灑淅惡寒也。,False,[],[],"[""惡寒""]",[],"[""浮而數"", ""浮數""]",[],[],[],[],[],[],[],[],[],[],55a612d6db269a84296dc5d87cc4188ce0a6aa13307f8912aa883c78de758701,pending,,text_match
SHL_SONGBEN_AUX_0042,SHSRC0035,傷寒論（宋本）,songben,,辨脈法第一,,auxiliary_clause,A,脈浮而滑，浮為陽，滑為實，陽實相搏，其脈數疾，衛氣失度，浮滑之脈數疾，發熱汗出者，此為不治。,脈浮而滑，浮為陽，滑為實，陽實相搏，其脈數疾，衛氣失度，浮滑之脈數疾，發熱汗出者，此為不治。,False,[],[],"[""發熱"", ""汗出""]",[],"[""浮"", ""數"", ""浮滑"", ""數疾""]",[],[],[],[],[],"[""不治""]",[],[],[],[],8dac4e0181eb514f0db069d394dee4ea89cc62d618807a187e548a0d088a287f,pending,,text_match
SHL_SONGBEN_AUX_0043,SHSRC0035,傷寒論（宋本）,songben,,辨脈法第一,,auxiliary_clause,A,傷寒欬逆上氣，其脈散者死，謂其形損故也。,傷寒欬逆上氣，其脈散者死，謂其形損故也。,False,[],[],"[""咳""]",[],"[""散""]","[""傷寒""]",[],[],[],[],"[""死""]",[],[],[],[],2719119e99182fb82d8d8cae234c5e7c965b79a0a69cccd308595867e14f397e,pending,,text_match
SHL_SONGBEN_AUX_0044,SHSRC0035,傷寒論（宋本）,songben,,平脈法第二,,auxiliary_clause,A,問曰：脈有三部，陰陽相乘；榮衛血氣，在人體躬；呼吸出入，上下於中；因息遊布，津液流通；隨時動作，效象形容，春弦秋浮，冬沉夏洪；察色觀脈，大小不同；一時之間，變無經常；尺寸參差，或短或長；上下乖錯，或存或亡；病輒改易，進退低昂；心迷意惑，動失紀綱；願為具陳，令得分明。,問曰：脈有三部，陰陽相乘；榮衛血氣，在人體躬；呼吸出入，上下於中；因息遊布，津液流通；隨時動作，效象形容，春弦秋浮，冬沉夏洪；察色觀脈，大小不同；一時之間，變無經常；尺寸參差，或短或長；上下乖錯，或存或亡；病輒改易，進退低昂；心迷意惑，動失紀綱；願為具陳，令得分明。,False,[],[],[],[],[],[],[],[],[],[],[],[],[],[],"[""或""]",0495301c9580912649be43fe5039c1d6c845a7b5d5922b92782cfb2bcd29a171,pending,,text_match
SHL_SONGBEN_AUX_0045,SHSRC0035,傷寒論（宋本）,songben,,平脈法第二,,auxiliary_clause,A,師曰：子之所問，道之根源。脈有三部，尺寸及關；榮衛流行，不失衡銓；腎沉心洪，肺浮肝弦；此自經常，不失銖分；出入升降，漏刻周旋；水下二刻，一周循環；當復寸口，虛實見焉；變化相乘，陰陽相干；風則浮虛，寒則牢堅；沉潛水畜，支飲急弦；動則為痛，數則熱煩；設有不應，知變所緣；三部不同，病各異端；太過可怪，不及亦然；邪不空見，中必有奸；審察表裏，三焦別焉；知其所舍，消息診看；料度府藏，獨見若神。為子條記，傳與賢人。,師曰：子之所問，道之根源。脈有三部，尺寸及關；榮衛流行，不失衡銓；腎沉心洪，肺浮肝弦；此自經常，不失銖分；出入升降，漏刻周旋；水下二刻，一周循環；當復寸口，虛實見焉；變化相乘，陰陽相干；風則浮虛，寒則牢堅；沉潛水畜，支飲急弦；動則為痛，數則熱煩；設有不應，知變所緣；三部不同，病各異端；太過可怪，不及亦然；邪不空見，中必有奸；審察表裏，三焦別焉；知其所舍，消息診看；料度府藏，獨見若神。為子條記，傳與賢人。,False,[],[],[],[],[],[],[],[],[],[],[],[],[],[],"[""若"", ""必"", ""急""]",6342dda6d77d208738435d0753d3007eb46a2b4d092c13446fd982f50d11b912,pending,,text_match
SHL_SONGBEN_AUX_0046,SHSRC0035,傷寒論（宋本）,songben,,平脈法第二,,auxiliary_clause,A,師曰：呼吸者，脈之頭也。初持脈，來疾去遲，此出疾入遲，名曰內虛外實也。初持脈，來遲去疾，此出遲入疾，名曰內實外虛也。,師曰：呼吸者，脈之頭也。初持脈，來疾去遲，此出疾入遲，名曰內虛外實也。初持脈，來遲去疾，此出遲入疾，名曰內實外虛也。,False,[],[],[],[],[],[],[],[],[],[],[],[],[],[],[],c7de24b277e4a260d3b3cbf5ff889a1c4441c653de7cd0268ea6ee07444f1efd,pending,,text_match
SHL_SONGBEN_AUX_0047,SHSRC0035,傷寒論（宋本）,songben,,平脈法第二,,auxiliary_clause,A,問曰：上工望而知之，中工問而知之，下工脈而知之，願聞其說。師曰：病家人請云，病人若發熱，身體疼，病人自臥。師到，診其脈，沉而遲者，知其差也。何以知之？表有病者，脈當浮大，今脈反沉遲，故知愈也。,問曰：上工望而知之，中工問而知之，下工脈而知之，願聞其說。師曰：病家人請云，病人若發熱，身體疼，病人自臥。師到，診其脈，沉而遲者，知其差也。何以知之？表有病者，脈當浮大，今脈反沉遲，故知愈也。,False,[],[],"[""發熱""]",[],"[""反沉"", ""浮大"", ""沉遲""]",[],[],[],[],[],"[""愈""]",[],[],[],"[""若"", ""反""]",ae239e6d179e1533c1709f7a79658ec805d0a157e779be47ecde354230fee699,pending,,text_match
SHL_SONGBEN_AUX_0048,SHSRC0035,傷寒論（宋本）,songben,,平脈法第二,,auxiliary_clause,A,假令病人云，腹內卒痛，病人自坐。師到，脈之，浮而大者，知其差也。何以知之？若裏有病者，脈當沉而細，今脈浮大，故知愈也。,假令病人云，腹內卒痛，病人自坐。師到，脈之，浮而大者，知其差也。何以知之？若裏有病者，脈當沉而細，今脈浮大，故知愈也。,False,[],[],[],[],"[""浮"", ""沉細"", ""浮大""]",[],[],[],[],[],"[""愈""]",[],[],[],"[""若""]",5ffa90c2d4428f783c005c5ab6cbdc184c28e55af5c03e7be8eaeca6db4e7ade,pending,,text_match
SHL_SONGBEN_AUX_0049,SHSRC0035,傷寒論（宋本）,songben,,平脈法第二,,auxiliary_clause,A,師曰：病家人來請云，病人發熱煩極。明日師到，病人向壁臥，此熱已去也。設令脈不和，處言已愈。設令向壁臥，聞師到，不驚起而盼視，若三言三止，脈之嚥唾者，此詐病也。設令脈自和，處言汝病大重，當須服吐下藥，針灸數十百處乃愈。,師曰：病家人來請云，病人發熱煩極。明日師到，病人向壁臥，此熱已去也。設令脈不和，處言已愈。設令向壁臥，聞師到，不驚起而盼視，若三言三止，脈之嚥唾者，此詐病也。設令脈自和，處言汝病大重，當須服吐下藥，針灸數十百處乃愈。,False,[],[],"[""發熱""]",[],[],[],[],[],[],[],"[""愈""]",[],[],[],"[""若""]",5b3713b78bd8aee93b8229f8a909edb4770dc33bdc20bb0575ebf6f0082d49d2,pending,,text_match
SHL_SONGBEN_AUX_0050,SHSRC0035,傷寒論（宋本）,songben,,平脈法第二,,auxiliary_clause,A,師持脈，病人欠者，無病也；脈之呻者，病也；言遲者，風也；搖頭言者，裏痛也；行遲者，表強也；坐而伏者，短氣也；坐而下一腳者，腰痛也；裏實護腹，如懷卵物者，心痛也。,師持脈，病人欠者，無病也；脈之呻者，病也；言遲者，風也；搖頭言者，裏痛也；行遲者，表強也；坐而伏者，短氣也；坐而下一腳者，腰痛也；裏實護腹，如懷卵物者，心痛也。,False,[],[],"[""短氣"", ""腰痛""]",[],[],[],[],[],[],[],[],[],[],[],[],d56fdfbabe97cc20723b075ef0381263b2851af0de8b1ee0a21ddf5e1961e5cd,pending,,text_match
SHL_SONGBEN_AUX_0051,SHSRC0035,傷寒論（宋本）,songben,,平脈法第二,,auxiliary_clause,A,師曰：伏氣之病，以意候之。今月之內，欲有伏氣，假令舊有伏氣，當須脈之。若脈微弱者，當喉中痛似傷，非喉痹也。病人云：實咽中痛。雖爾，今復欲下利。,師曰：伏氣之病，以意候之。今月之內，欲有伏氣，假令舊有伏氣，當須脈之。若脈微弱者，當喉中痛似傷，非喉痹也。病人云：實咽中痛。雖爾，今復欲下利。,False,[],[],"[""咽中痛"", ""下利""]",[],"[""微弱""]",[],[],[],[],[],[],[],[],[],"[""若""]",84820b2746debd8c88f15bccf13a331085e83613c64f5d9027340a9ce3441d3d,pending,,text_match
SHL_SONGBEN_AUX_0052,SHSRC0035,傷寒論（宋本）,songben,,平脈法第二,,auxiliary_clause,A,問曰：人病恐怖者，其脈何狀？師曰：脈形如循絲，纍纍然，其面白脫色也。,問曰：人病恐怖者，其脈何狀？師曰：脈形如循絲，纍纍然，其面白脫色也。,False,[],[],[],[],[],[],[],[],[],[],[],[],[],[],[],a6151aef0cd596ae869faaecb5ce9ec3fb9cfbbb65ac25eb7bd9a5f8bf03af64,pending,,text_match
SHL_SONGBEN_AUX_0053,SHSRC0035,傷寒論（宋本）,songben,,平脈法第二,,auxiliary_clause,A,問曰：人不飲，其脈何類？師曰：其脈自濇，唇口乾燥也。,問曰：人不飲，其脈何類？師曰：其脈自濇，唇口乾燥也。,False,[],[],"[""口乾""]",[],"[""澀""]",[],[],[],[],[],[],[],[],[],[],9aeb373eb1d739bc2d416bd3129ec6753075c40797f19a1f00253b4361a7a532,pending,,text_match
SHL_SONGBEN_AUX_0054,SHSRC0035,傷寒論（宋本）,songben,,平脈法第二,,auxiliary_clause,A,問曰：人愧者，其脈何類？師曰：脈浮，而面色乍白乍赤。,問曰：人愧者，其脈何類？師曰：脈浮，而面色乍白乍赤。,False,[],[],[],[],"[""浮""]",[],[],[],[],[],[],[],[],[],[],1e1f8f8782d5af6f4d4d45f82df0cb95e3db7a7b6eb4c51d429a6cca95e2c90c,pending,,text_match
SHL_SONGBEN_AUX_0055,SHSRC0035,傷寒論（宋本）,songben,,平脈法第二,,auxiliary_clause,A,問曰：經說脈有三菽、六菽重者，何謂也？師曰：脈者，人以指按之，如三菽之重者，肺氣也；如六菽之重者，心氣也；如九菽之重者，脾氣也；如十二菽之重者，肝氣也；按之至骨者，腎氣也。,問曰：經說脈有三菽、六菽重者，何謂也？師曰：脈者，人以指按之，如三菽之重者，肺氣也；如六菽之重者，心氣也；如九菽之重者，脾氣也；如十二菽之重者，肝氣也；按之至骨者，腎氣也。,False,[],[],[],[],[],[],[],[],[],[],[],[],[],[],[],60f16a01af7dcf06e669a433174a63461f99b56bac41d6c7d199c03193837dba,pending,,text_match
SHL_SONGBEN_AUX_0056,SHSRC0035,傷寒論（宋本）,songben,,平脈法第二,,auxiliary_clause,A,假令下利，寸口、關上、尺中悉不見脈，然尺中時一小見，脈再舉頭者，腎氣也。若見損脈來至，為難治。,假令下利，寸口、關上、尺中悉不見脈，然尺中時一小見，脈再舉頭者，腎氣也。若見損脈來至，為難治。,False,[],[],"[""下利""]",[],[],[],[],[],[],[],"[""難治""]",[],[],[],"[""若""]",35a73425d43b2ddea1e51de7a120cf736b8760ecc90eb42de528485c8fde83a3,pending,,text_match
SHL_SONGBEN_AUX_0057,SHSRC0035,傷寒論（宋本）,songben,,平脈法第二,,auxiliary_clause,A,問曰：脈有相乘，有縱有橫，有逆有順，何也？師曰：水行乘火，金行乘木，名曰縱；火行乘水，木行乘金，名曰橫；水行乘金，火行乘木，名曰逆；金行乘水，木行乘火，名曰順也。,問曰：脈有相乘，有縱有橫，有逆有順，何也？師曰：水行乘火，金行乘木，名曰縱；火行乘水，木行乘金，名曰橫；水行乘金，火行乘木，名曰逆；金行乘水，木行乘火，名曰順也。,False,[],[],[],[],[],[],[],[],[],[],[],[],[],[],[],d0534ec00f9fd39a11bb4725ca4fb77970d3fa7ae07418d61da1d5cd063d273b,pending,,text_match
SHL_SONGBEN_AUX_0058,SHSRC0035,傷寒論（宋本）,songben,,平脈法第二,,auxiliary_clause,A,問曰：脈有殘賊，何謂也？師曰：脈有弦、緊、浮、滑、沉、濇，此六者名曰殘賊，能為諸脈作病也。,問曰：脈有殘賊，何謂也？師曰：脈有弦、緊、浮、滑、沉、濇，此六者名曰殘賊，能為諸脈作病也。,False,[],[],[],[],"[""浮緊弦""]",[],[],[],[],[],[],[],[],[],[],0fae3a96278d8646933021ca8dc522e3673386357f3784a33a4535a698b48670,pending,,text_match
SHL_SONGBEN_AUX_0059,SHSRC0035,傷寒論（宋本）,songben,,平脈法第二,,auxiliary_clause,A,問曰：脈有災怪，何謂也？師曰：假令人病，脈得太陽，與形證相應，因為作湯。比還送湯如食頃，病人乃大吐，若下利，腹中痛。師曰：我前來不見此證，今乃變異，是名災怪。又問曰：何緣作此吐利？答曰：或有舊時服藥，今乃發作，故名災怪耳。,問曰：脈有災怪，何謂也？師曰：假令人病，脈得太陽，與形證相應，因為作湯。比還送湯如食頃，病人乃大吐，若下利，腹中痛。師曰：我前來不見此證，今乃變異，是名災怪。又問曰：何緣作此吐利？答曰：或有舊時服藥，今乃發作，故名災怪耳。,False,[],[],"[""下利"", ""腹中痛"", ""吐利""]",[],[],[],[],[],[],[],[],[],[],[],"[""若"", ""或""]",9b6db227b4a38f59464e3f35987cbf0ffe3ca45a9ad22952a7d8a422de80c4dc,pending,,text_match
SHL_SONGBEN_AUX_0060,SHSRC0035,傷寒論（宋本）,songben,,平脈法第二,,auxiliary_clause,A,問曰：東方肝脈，其形何似？師曰：肝者木也，名厥陰，其脈微弦，濡弱而長，是肝脈也。肝病自得濡弱者，愈也。假令得純弦脈者，死。何以知之？以其脈如弦直，是肝藏傷，故知死也。,問曰：東方肝脈，其形何似？師曰：肝者木也，名厥陰，其脈微弦，濡弱而長，是肝脈也。肝病自得濡弱者，愈也。假令得純弦脈者，死。何以知之？以其脈如弦直，是肝藏傷，故知死也。,False,[],[],"[""厥""]",[],"[""微"", ""弦微""]",[],[],[],[],"[""厥""]","[""愈"", ""死""]",[],[],[],[],5d255465cf16e756d13eb9d973ca8c23001fe159c068e20f399ad7bf372255d2,pending,,text_match
SHL_SONGBEN_AUX_0061,SHSRC0035,傷寒論（宋本）,songben,,平脈法第二,,auxiliary_clause,A,南方心脈，其形何似？師曰：心者火也，名少陰，其脈洪大而長，是心脈也。心病自得洪大者，愈也。假令脈來微去大，故名反，病在裏也；脈來頭小本大者，故名覆，病在表也。上微頭小者，則汗出；下微本大者，則為關格不通，不得尿，頭無汗者可治，有汗者死。,南方心脈，其形何似？師曰：心者火也，名少陰，其脈洪大而長，是心脈也。心病自得洪大者，愈也。假令脈來微去大，故名反，病在裏也；脈來頭小本大者，故名覆，病在表也。上微頭小者，則汗出；下微本大者，則為關格不通，不得尿，頭無汗者可治，有汗者死。,False,[],[],"[""汗出"", ""無汗""]",[],"[""洪大"", ""洪大長"", ""微大""]",[],[],[],[],[],"[""愈"", ""死"", ""可治""]",[],[],[],"[""反""]",f143717add5dd03847d24d2c5d2f4eeff568a98352e0936b920c9450faca6725,pending,,text_match
SHL_SONGBEN_AUX_0062,SHSRC0035,傷寒論（宋本）,songben,,平脈法第二,,auxiliary_clause,A,西方肺脈，其形何似？師曰：肺者金也，名大陰，其脈毛浮也，肺病自得此脈。若得緩遲者，皆愈；若得數者，則劇。何以知之？數者南方火，火剋西方金，法當癰腫，為難治也。,西方肺脈，其形何似？師曰：肺者金也，名大陰，其脈毛浮也，肺病自得此脈。若得緩遲者，皆愈；若得數者，則劇。何以知之？數者南方火，火剋西方金，法當癰腫，為難治也。,False,[],[],[],[],"[""浮""]",[],[],[],[],[],"[""愈"", ""難治""]",[],[],[],"[""若""]",3dbbd55d89819d1e59bb06ce5c76dff8cedc364abe61cc14e660c3d3c38a1f4a,pending,,text_match
SHL_SONGBEN_AUX_0063,SHSRC0035,傷寒論（宋本）,songben,,平脈法第二,,auxiliary_clause,A,問曰：二月得毛浮脈，何以處言至秋當死？師曰：二月之時，脈當濡弱，反得毛浮者，故知至秋死。二月肝用事，肝脈屬木，應濡弱，反得毛浮者，是肺脈也。肺屬金，金來剋木，故知至秋死。他皆倣此。,問曰：二月得毛浮脈，何以處言至秋當死？師曰：二月之時，脈當濡弱，反得毛浮者，故知至秋死。二月肝用事，肝脈屬木，應濡弱，反得毛浮者，是肺脈也。肺屬金，金來剋木，故知至秋死。他皆倣此。,False,[],[],[],[],"[""弱濡""]",[],[],[],[],[],"[""死""]",[],[],[],"[""反"", ""屬""]",6973599424cca76614efc21397719180f495f646a2c3ee707e0bd2409cbf2a43,pending,,text_match
SHL_SONGBEN_AUX_0064,SHSRC0035,傷寒論（宋本）,songben,,平脈法第二,,auxiliary_clause,A,師曰：脈肥人責浮，瘦人責沉。肥人當沉，今反浮；瘦人當浮，今反沉，故責之。,師曰：脈肥人責浮，瘦人責沉。肥人當沉，今反浮；瘦人當浮，今反沉，故責之。,False,[],[],[],[],"[""浮""]",[],[],[],[],[],[],[],[],[],"[""反""]",78ac5994acf5acc6b82bd8bb565e4347c3362e4beb5d62da55031a52a6dfdaab,pending,,text_match
SHL_SONGBEN_AUX_0065,SHSRC0035,傷寒論（宋本）,songben,,平脈法第二,,auxiliary_clause,A,師曰：寸脈下不至關，為陽絕；尺脈上不至關，為陰絕。此皆不治，決死也。若計其餘命死生之期，期以月節剋之也。,師曰：寸脈下不至關，為陽絕；尺脈上不至關，為陰絕。此皆不治，決死也。若計其餘命死生之期，期以月節剋之也。,False,[],[],[],[],[],[],[],[],[],[],"[""不治""]",[],[],[],"[""若""]",52a8db2f58dbd1bdb4e8e7fa71c885f5039e8ceec4805dd56de4a932610b26db,pending,,text_match
SHL_SONGBEN_AUX_0066,SHSRC0035,傷寒論（宋本）,songben,,平脈法第二,,auxiliary_clause,A,師曰：脈病人不病，名曰行尸，以無王氣，卒眩僕不識人者，短命則死。人病脈不病，名曰內虛，以無穀神，雖困無苦。,師曰：脈病人不病，名曰行尸，以無王氣，卒眩僕不識人者，短命則死。人病脈不病，名曰內虛，以無穀神，雖困無苦。,False,[],[],"[""不識人""]",[],[],[],[],[],[],[],"[""死""]",[],[],[],[],9d7aa8bee7c7836fd119a3d30fcc92ab139aa21894350599182b5118e956e19c,pending,,text_match
SHL_SONGBEN_AUX_0067,SHSRC0035,傷寒論（宋本）,songben,,平脈法第二,,auxiliary_clause,A,問曰：翕奄沉，名曰滑，何謂也？沉為純陰，翕為正陽，陰陽和合，故令脈滑。關尺自平，陽明脈微沉，食飲自可。少陰脈微滑，滑者緊之浮名也，此為陰實，其人必股內汗出，陰下濕也。,問曰：翕奄沉，名曰滑，何謂也？沉為純陰，翕為正陽，陰陽和合，故令脈滑。關尺自平，陽明脈微沉，食飲自可。少陰脈微滑，滑者緊之浮名也，此為陰實，其人必股內汗出，陰下濕也。,False,[],[],"[""汗出""]",[],"[""滑"", ""微"", ""沉微"", ""滑微""]",[],[],[],[],[],[],[],[],[],"[""必""]",38a1e24fb0d28c7f3bf9bab11e174ed22ab79a6dd385d0c83027fc2740abd471,pending,,text_match
SHL_SONGBEN_AUX_0068,SHSRC0035,傷寒論（宋本）,songben,,平脈法第二,,auxiliary_clause,A,問曰：曾為人所難，緊脈從何而來？師曰：假令亡汗、若吐，以肺裏寒，故令脈緊也。假令欬者，坐飲冷水，故令脈緊也。假令下利，以胃中虛冷，故令脈緊也。,問曰：曾為人所難，緊脈從何而來？師曰：假令亡汗、若吐，以肺裏寒，故令脈緊也。假令欬者，坐飲冷水，故令脈緊也。假令下利，以胃中虛冷，故令脈緊也。,False,[],[],"[""咳"", ""下利""]",[],"[""緊""]",[],[],[],"[""若吐""]",[],[],[],[],[],"[""若""]",bde9019c29c36907c3b69d7199b841859344274db20d82e3e9f05a4f5ad35560,pending,,text_match
SHL_SONGBEN_AUX_0069,SHSRC0035,傷寒論（宋本）,songben,,平脈法第二,,auxiliary_clause,A,寸口衛氣盛，名曰高；榮氣盛，名曰章；高章相搏，名曰綱。衛氣弱，名曰惵；榮氣弱，名曰卑；惵卑相搏，名曰損。衛氣和，名曰緩；榮氣和，名曰遲；遲緩相搏，名曰沉。,寸口衛氣盛，名曰高；榮氣盛，名曰章；高章相搏，名曰綱。衛氣弱，名曰惵；榮氣弱，名曰卑；惵卑相搏，名曰損。衛氣和，名曰緩；榮氣和，名曰遲；遲緩相搏，名曰沉。,False,[],[],[],[],[],[],[],[],[],[],[],[],[],[],[],c213590ba7ae43ad60104be287b87465bd35f4688125c4f29747147335c677ac,pending,,text_match
SHL_SONGBEN_AUX_0070,SHSRC0035,傷寒論（宋本）,songben,,平脈法第二,,auxiliary_clause,A,寸口脈緩而遲，緩則陽氣長，其色鮮，其顏光，其聲商，毛髮長；遲則陰氣盛，骨髓生，血滿，肌肉緊薄鮮鞕。陰陽相抱，榮衛俱行，剛柔相搏，名曰強也。,寸口脈緩而遲，緩則陽氣長，其色鮮，其顏光，其聲商，毛髮長；遲則陰氣盛，骨髓生，血滿，肌肉緊薄鮮鞕。陰陽相抱，榮衛俱行，剛柔相搏，名曰強也。,False,[],[],[],[],"[""緩"", ""遲緩""]",[],[],[],[],[],[],[],[],[],[],8cfc0d34ee9e8d6e8ee299481852623b7d2e13aa6bd92d9fcc224f81ef6eee02,pending,,text_match
SHL_SONGBEN_AUX_0071,SHSRC0035,傷寒論（宋本）,songben,,平脈法第二,,auxiliary_clause,A,趺陽脈滑而緊，滑者胃氣實，緊者脾氣強。持實擊強，痛還自傷，以手把刃，坐作瘡也。,趺陽脈滑而緊，滑者胃氣實，緊者脾氣強。持實擊強，痛還自傷，以手把刃，坐作瘡也。,False,[],[],[],[],"[""趺陽脈"", ""緊滑""]",[],[],[],[],[],[],[],[],[],[],9d78fc1278c3a0fbe8d34adc6105b4d6050ecdc0f97896b6ecf4e0e168862d79,pending,,text_match
SHL_SONGBEN_AUX_0072,SHSRC0035,傷寒論（宋本）,songben,,平脈法第二,,auxiliary_clause,A,寸口脈浮而大，浮為虛，大為實。在尺為關，在寸為格。關則不得小便，格則吐逆。,寸口脈浮而大，浮為虛，大為實。在尺為關，在寸為格。關則不得小便，格則吐逆。,False,[],[],[],[],"[""浮"", ""浮大""]",[],[],[],[],"[""吐逆""]",[],[],[],[],[],94b1d66028e21a248a16057731663bbe840b5977afef02c4368eb742ee56d821,pending,,text_match
SHL_SONGBEN_AUX_0073,SHSRC0035,傷寒論（宋本）,songben,,平脈法第二,,auxiliary_clause,A,趺陽脈伏而濇，伏則吐逆，水穀不化，濇則食不得入，名曰關格。,趺陽脈伏而濇，伏則吐逆，水穀不化，濇則食不得入，名曰關格。,False,[],[],"[""穀不化""]",[],"[""趺陽脈"", ""澀伏""]",[],[],[],[],"[""吐逆""]",[],[],[],[],[],e596c47197b472d6e8a392cbcb86f27400c429bd6d2405c641f676e2d9973f33,pending,,text_match
SHL_SONGBEN_AUX_0074,SHSRC0035,傷寒論（宋本）,songben,,平脈法第二,,auxiliary_clause,A,脈浮而大，浮為風虛，大為氣強；風氣相搏，必成癮疹，身體為癢，癢者名泄風，久久為痂癩。,脈浮而大，浮為風虛，大為氣強；風氣相搏，必成癮疹，身體為癢，癢者名泄風，久久為痂癩。,False,[],[],[],[],"[""浮"", ""浮大""]",[],[],[],[],[],[],[],"[""久""]",[],"[""必""]",061793e6a5600b897de3e8c4c0857173cf9a2a2b4f8af339844ff036eaaf444c,pending,,text_match
SHL_SONGBEN_AUX_0075,SHSRC0035,傷寒論（宋本）,songben,,平脈法第二,,auxiliary_clause,A,寸口脈弱而遲，弱者衛氣微，遲者榮中寒。榮為血，血寒則發熱；衛為氣，氣微者心內饑，饑而虛滿不能食也。,寸口脈弱而遲，弱者衛氣微，遲者榮中寒。榮為血，血寒則發熱；衛為氣，氣微者心內饑，饑而虛滿不能食也。,False,[],[],"[""發熱"", ""不能食""]",[],"[""弱"", ""遲弱""]",[],[],[],[],[],[],[],[],[],[],066936a6a50460844b40fd6aa192a34220089b3f48196f733ce79635d9bb4113,pending,,text_match
SHL_SONGBEN_AUX_0076,SHSRC0035,傷寒論（宋本）,songben,,平脈法第二,,auxiliary_clause,A,趺陽脈大而緊者，當即下利，為難治。,趺陽脈大而緊者，當即下利，為難治。,False,[],[],"[""下利""]",[],"[""趺陽脈"", ""緊大""]",[],[],[],[],[],"[""難治""]",[],[],[],[],bc2505a462fc0e7e0f27165a1b735636df14d22dfbc9cc5ef0818d2044b23cfd,pending,,text_match
SHL_SONGBEN_AUX_0077,SHSRC0035,傷寒論（宋本）,songben,,平脈法第二,,auxiliary_clause,A,寸口脈弱而緩，弱者陽氣不足，緩者胃氣有餘，噫而吞酸，食卒不下，氣填於膈上<j>一作下</j>也。,寸口脈弱而緩，弱者陽氣不足，緩者胃氣有餘，噫而吞酸，食卒不下，氣填於膈上也。,False,[],[],[],[],"[""弱"", ""緩弱""]",[],[],[],[],[],[],[],[],"[""一作下""]",[],1643dd4dc853541bb78544c6c03a47e3485191839655f66749100f4415a3d93d,pending,,text_match
SHL_SONGBEN_AUX_0078,SHSRC0035,傷寒論（宋本）,songben,,平脈法第二,,auxiliary_clause,A,趺陽脈緊而浮，浮為氣，緊為寒；浮為腹滿，緊為絞痛。浮緊相搏，腸鳴而轉，轉即氣動，隔氣乃下，少陰脈不出，其陰腫大而虛也。,趺陽脈緊而浮，浮為氣，緊為寒；浮為腹滿，緊為絞痛。浮緊相搏，腸鳴而轉，轉即氣動，隔氣乃下，少陰脈不出，其陰腫大而虛也。,False,[],[],"[""腹滿""]",[],"[""趺陽脈"", ""不出"", ""浮緊""]",[],[],[],[],[],[],[],[],[],[],336c175e938b5e82db5d2f9300fd2c4efebd42bb9f7ec439c61e72211257ec90,pending,,text_match
SHL_SONGBEN_AUX_0079,SHSRC0035,傷寒論（宋本）,songben,,平脈法第二,,auxiliary_clause,A,寸口脈微而濇，微者衛氣不行，濇者榮氣不足。榮衛不能相將，三焦無所仰，身體痹不仁。榮氣不足，則煩疼，口難言；衛氣虛，則惡寒數欠。三焦不歸其部，上焦不歸者，噫而酢吞；中焦不歸者，不能消穀引食；下焦不歸者，則遺溲。,寸口脈微而濇，微者衛氣不行，濇者榮氣不足。榮衛不能相將，三焦無所仰，身體痹不仁。榮氣不足，則煩疼，口難言；衛氣虛，則惡寒數欠。三焦不歸其部，上焦不歸者，噫而酢吞；中焦不歸者，不能消穀引食；下焦不歸者，則遺溲。,False,[],[],"[""惡寒""]",[],"[""微"", ""澀微""]",[],[],[],[],[],[],[],[],[],[],20bfec1fc5fc05dabee544ba8c6df647dacf5784f3e20bdd913ab433b5601480,pending,,text_match
SHL_SONGBEN_AUX_0080,SHSRC0035,傷寒論（宋本）,songben,,平脈法第二,,auxiliary_clause,A,趺陽脈沉而數，沉為實，數消穀。緊者，病難治。,趺陽脈沉而數，沉為實，數消穀。緊者，病難治。,False,[],[],[],[],"[""趺陽脈"", ""沉數""]",[],[],[],[],[],"[""難治""]",[],[],[],[],af9e03ec084e694453125d1627c1f0701438a5846517400b82803b9c8a86c1cb,pending,,text_match
SHL_SONGBEN_AUX_0081,SHSRC0035,傷寒論（宋本）,songben,,平脈法第二,,auxiliary_clause,A,寸口脈微而濇，微者衛氣衰，濇者榮氣不足。衛氣衰，面色黃；榮氣不足，面色青。榮為根，衛為葉，榮衛俱微，則根葉枯槁，而寒慄、欬逆唾腥、吐涎沫也。,寸口脈微而濇，微者衛氣衰，濇者榮氣不足。衛氣衰，面色黃；榮氣不足，面色青。榮為根，衛為葉，榮衛俱微，則根葉枯槁，而寒慄、欬逆唾腥、吐涎沫也。,False,[],[],"[""咳"", ""吐涎沫""]",[],"[""微"", ""澀微""]",[],[],[],[],[],[],[],[],[],[],9c4e36e58ab83783bed9334f114fe892fe067e19384bb44ff8c79ab06b0d7893,pending,,text_match
SHL_SONGBEN_AUX_0082,SHSRC0035,傷寒論（宋本）,songben,,平脈法第二,,auxiliary_clause,A,趺陽脈浮而芤，浮者衛氣衰，芤者榮氣傷。其身體瘦，肌肉甲錯，浮芤相搏，宗氣衰微，四屬斷絕。,趺陽脈浮而芤，浮者衛氣衰，芤者榮氣傷。其身體瘦，肌肉甲錯，浮芤相搏，宗氣衰微，四屬斷絕。,False,[],[],[],[],"[""趺陽脈"", ""浮芤""]",[],[],[],[],[],[],[],[],[],"[""屬""]",39577e46080d146922a55e280b94ddc1acd85e7d756d9025099bbb9ce0777c7e,pending,,text_match
SHL_SONGBEN_AUX_0083,SHSRC0035,傷寒論（宋本）,songben,,平脈法第二,,auxiliary_clause,A,寸口脈微而緩，微者衛氣疏，疏則其膚空；緩者胃氣實，實則穀消而水化也。穀入於胃，脈道乃行，而入於經，其血乃成。榮盛則其膚必疏，三焦絕經，名曰血崩。,寸口脈微而緩，微者衛氣疏，疏則其膚空；緩者胃氣實，實則穀消而水化也。穀入於胃，脈道乃行，而入於經，其血乃成。榮盛則其膚必疏，三焦絕經，名曰血崩。,False,[],[],[],[],"[""微"", ""緩微""]",[],[],[],[],[],[],[],[],[],"[""必""]",756cc9ab39c8be98851be25ac0e712f86444763e1824aa2c8045f26f4259467c,pending,,text_match
SHL_SONGBEN_AUX_0084,SHSRC0035,傷寒論（宋本）,songben,,平脈法第二,,auxiliary_clause,A,趺陽脈微而緊，緊則為寒，微則為虛，微緊相搏，則為短氣。,趺陽脈微而緊，緊則為寒，微則為虛，微緊相搏，則為短氣。,False,[],[],"[""短氣""]",[],"[""趺陽脈"", ""緊微""]",[],[],[],[],[],[],[],[],[],[],dff97365f8258fa7a637abd22ab609a73007f9326feb33e986d1004c51d4ccd8,pending,,text_match
SHL_SONGBEN_AUX_0085,SHSRC0035,傷寒論（宋本）,songben,,平脈法第二,,auxiliary_clause,A,少陰脈弱而濇，弱者微煩，濇者厥逆。,少陰脈弱而濇，弱者微煩，濇者厥逆。,False,[],[],"[""微煩"", ""厥逆""]",[],"[""弱"", ""澀弱""]",[],[],[],[],"[""厥逆"", ""厥""]",[],[],[],[],[],97e54c298aedb0ef6af6c6bd27a73352fc3081d620ba23e7a2b7e8ce6536bb5f,pending,,text_match
SHL_SONGBEN_AUX_0086,SHSRC0035,傷寒論（宋本）,songben,,平脈法第二,,auxiliary_clause,A,趺陽脈不出，脾不上下，身冷膚鞕。,趺陽脈不出，脾不上下，身冷膚鞕。,False,[],[],[],[],"[""不出""]",[],[],[],[],[],[],[],[],[],[],0da2205296604f42c1fac90019f9cd8917496b42c41c431b270793d0e876bec2,pending,,text_match
SHL_SONGBEN_AUX_0087,SHSRC0035,傷寒論（宋本）,songben,,平脈法第二,,auxiliary_clause,A,少陰脈不至，腎氣微，少精血，奔氣促迫，上入胸隔，宗氣反聚，血結心下，陽氣退下，熱歸陰股，與陰相動，令身不仁，此為尸厥，當刺期門、巨闕。,少陰脈不至，腎氣微，少精血，奔氣促迫，上入胸隔，宗氣反聚，血結心下，陽氣退下，熱歸陰股，與陰相動，令身不仁，此為尸厥，當刺期門、巨闕。,False,[],[],"[""厥""]",[],"[""不至""]",[],[],[],[],"[""厥""]",[],[],[],[],"[""反""]",d96624a9175d5d7fbb04a973e46661e49b0c47eb8cb3e75f137d4df6f5be7761,pending,,text_match
SHL_SONGBEN_AUX_0088,SHSRC0035,傷寒論（宋本）,songben,,平脈法第二,,auxiliary_clause,A,寸口脈微，尺脈緊，其人虛損多汗，知陰常在，絕不見陽也。,寸口脈微，尺脈緊，其人虛損多汗，知陰常在，絕不見陽也。,False,[],[],[],[],"[""微"", ""緊""]",[],[],[],[],[],[],[],[],[],[],63e5da30fea1e14691d960821e422c7420b3cdbd2a75ad17e6074d1e6e83c28f,pending,,text_match
SHL_SONGBEN_AUX_0089,SHSRC0035,傷寒論（宋本）,songben,,平脈法第二,,auxiliary_clause,A,寸口諸微亡陽，諸濡亡血，諸弱發熱，諸緊為寒。諸乘寒者，則為厥，鬱冒不仁，以胃無穀氣，脾濇不通，口急不能言，戰而慄也。,寸口諸微亡陽，諸濡亡血，諸弱發熱，諸緊為寒。諸乘寒者，則為厥，鬱冒不仁，以胃無穀氣，脾濇不通，口急不能言，戰而慄也。,False,[],[],"[""發熱"", ""厥"", ""鬱冒""]",[],[],[],[],[],[],"[""亡陽"", ""厥""]",[],[],[],[],"[""急""]",27e2b6febb48c7d3bc6cf8bd0dc714f9a5c02b064eb8def11461b9b35d0b3e7b,pending,,text_match
SHL_SONGBEN_AUX_0090,SHSRC0035,傷寒論（宋本）,songben,,平脈法第二,,auxiliary_clause,A,問曰：濡弱何以反適十一頭？師曰：五藏六府相乘，故令十一。,問曰：濡弱何以反適十一頭？師曰：五藏六府相乘，故令十一。,False,[],[],[],[],[],[],[],[],[],[],[],[],[],[],"[""反""]",cd02dc7bbce0aeb3fa928ab019ea130e3b506bf3229c547a1614e8f4f921e55a,pending,,text_match
SHL_SONGBEN_AUX_0091,SHSRC0035,傷寒論（宋本）,songben,,平脈法第二,,auxiliary_clause,A,問曰：何以知乘府，何以知乘藏？師曰：諸陽浮數為乘府，諸陰遲濇為乘藏也。,問曰：何以知乘府，何以知乘藏？師曰：諸陽浮數為乘府，諸陰遲濇為乘藏也。,False,[],[],[],[],[],[],[],[],[],[],[],[],[],[],[],123aa3558820c8b82f9361c904a00556e4b48be3aa91d139ce54532125aedcdb,pending,,text_match
SHL_SONGBEN_AUX_0092,SHSRC0035,傷寒論（宋本）,songben,,傷寒例第三,,auxiliary_clause,A,陰陽大論云：春氣溫和，夏氣暑熱，秋氣清涼，冬氣冷冽，此則四時正氣之序也。冬時嚴寒，萬類深藏，君子固密，則不傷於寒。觸冒之者，乃名傷寒耳。其傷於四時之氣，皆能為病。以傷寒為毒者，以其最成殺厲之氣也。中而即病者，名曰傷寒；不即病者，寒毒藏於肌膚，至春變為溫病，至夏變為暑病。暑病者，熱極重於溫也。是以辛苦之人，春夏多溫熱病，皆由冬時觸寒所致，非時行之氣也。凡時行者，春時應暖，而復大寒；夏時應大熱，而反大涼；秋時應涼，而反大熱；冬時應寒，而反大溫。此非其時而有其氣，是以一歲之中，長幼之病多相似者，此則時行之氣也。,陰陽大論云：春氣溫和，夏氣暑熱，秋氣清涼，冬氣冷冽，此則四時正氣之序也。冬時嚴寒，萬類深藏，君子固密，則不傷於寒。觸冒之者，乃名傷寒耳。其傷於四時之氣，皆能為病。以傷寒為毒者，以其最成殺厲之氣也。中而即病者，名曰傷寒；不即病者，寒毒藏於肌膚，至春變為溫病，至夏變為暑病。暑病者，熱極重於溫也。是以辛苦之人，春夏多溫熱病，皆由冬時觸寒所致，非時行之氣也。凡時行者，春時應暖，而復大寒；夏時應大熱，而反大涼；秋時應涼，而反大熱；冬時應寒，而反大溫。此非其時而有其氣，是以一歲之中，長幼之病多相似者，此則時行之氣也。,False,[],[],[],[],[],"[""傷寒"", ""溫病""]",[],[],[],[],[],[],[],[],"[""反""]",31e12dd5549a4cda9cd9067644e53fd48e6e912d82252fb7c0a447af063b4a5d,pending,,text_match
SHL_SONGBEN_AUX_0093,SHSRC0035,傷寒論（宋本）,songben,,傷寒例第三,,auxiliary_clause,A,夫欲候知四時正氣為病，及時行疫氣之法，皆當按斗曆占之。九月霜降節後，宜漸寒，向冬大寒，至正月雨水節後，宜解也。所以謂之雨水者，以冰雪解而為雨水故也。至驚蟄二月節後，氣漸和暖，向夏大熱，至秋便涼。,夫欲候知四時正氣為病，及時行疫氣之法，皆當按斗曆占之。九月霜降節後，宜漸寒，向冬大寒，至正月雨水節後，宜解也。所以謂之雨水者，以冰雪解而為雨水故也。至驚蟄二月節後，氣漸和暖，向夏大熱，至秋便涼。,False,[],[],[],[],[],[],[],[],[],[],"[""解""]",[],[],[],"[""宜""]",f8080853dc0b0a23dfdfa73626744e362fce7ea358d677e063660c98d1eef750,pending,,text_match
SHL_SONGBEN_AUX_0094,SHSRC0035,傷寒論（宋本）,songben,,傷寒例第三,,auxiliary_clause,A,從霜降以後，至春分以前，凡有觸冒霜露，體中寒即病者，謂之傷寒也。其冬有非節之暖者，名曰冬溫。冬溫之毒，與傷寒大異。冬溫復有先後，更相重沓，亦有輕重，為治不同，證如後章。,從霜降以後，至春分以前，凡有觸冒霜露，體中寒即病者，謂之傷寒也。其冬有非節之暖者，名曰冬溫。冬溫之毒，與傷寒大異。冬溫復有先後，更相重沓，亦有輕重，為治不同，證如後章。,False,[],[],[],[],[],"[""傷寒""]","[""溫之""]",[],[],[],[],[],[],[],[],d9f36f42d379f047394d557ec4093e210cc07c3edbc779780e88d03563ba4994,pending,,text_match
SHL_SONGBEN_AUX_0095,SHSRC0035,傷寒論（宋本）,songben,,傷寒例第三,,auxiliary_clause,A,從立春節後，其中無暴大寒，又不冰雪；而有人壯熱為病者，此屬春時陽氣，發於冬時伏寒，變為溫病。,從立春節後，其中無暴大寒，又不冰雪；而有人壯熱為病者，此屬春時陽氣，發於冬時伏寒，變為溫病。,False,[],[],"[""壯熱""]",[],[],"[""溫病""]",[],[],[],[],[],[],[],[],"[""屬""]",198b4eab657f7243dac0bc8f261b0f2aa309b9091452c1bccb2e9a621c1ebc29,pending,,text_match
SHL_SONGBEN_AUX_0096,SHSRC0035,傷寒論（宋本）,songben,,傷寒例第三,,auxiliary_clause,A,從春分以後，至秋分節前，天有暴寒者，皆為時行寒疫也。三月四月，或有暴寒，其時陽氣尚弱，為寒所折，病熱猶輕；五月六月，陽氣已盛，為寒所折，病熱則重；七月八月，陽氣已衰，為寒所折，病熱亦微。其病與溫及暑病相似，但治有殊耳。,從春分以後，至秋分節前，天有暴寒者，皆為時行寒疫也。三月四月，或有暴寒，其時陽氣尚弱，為寒所折，病熱猶輕；五月六月，陽氣已盛，為寒所折，病熱則重；七月八月，陽氣已衰，為寒所折，病熱亦微。其病與溫及暑病相似，但治有殊耳。,False,[],[],[],[],[],[],[],[],[],[],[],[],[],[],"[""或"", ""但""]",e48ab0220e5a0a2b498cd96d247e7906b7b23f59047c5da9eb5b0030a57cdca5,pending,,text_match
SHL_SONGBEN_AUX_0097,SHSRC0035,傷寒論（宋本）,songben,,傷寒例第三,,auxiliary_clause,A,十五日得一氣，於四時之中，一時有六氣，四六名為二十四氣也。然氣候亦有應至而不至，或有未應至而至者，或有至而太過者，皆成病氣也。但天地動靜，陰陽鼓擊者，各正一氣耳。是以彼春之暖，為夏之暑；彼秋之忿，為冬之怒。,十五日得一氣，於四時之中，一時有六氣，四六名為二十四氣也。然氣候亦有應至而不至，或有未應至而至者，或有至而太過者，皆成病氣也。但天地動靜，陰陽鼓擊者，各正一氣耳。是以彼春之暖，為夏之暑；彼秋之忿，為冬之怒。,False,[],[],[],[],[],[],[],[],[],[],[],[],"[""十五日""]",[],"[""或"", ""但""]",076c77c86c0c2beff2f247fa93a33f994d5e61b92be56eaaefd01e22138fa273,pending,,text_match
SHL_SONGBEN_AUX_0098,SHSRC0035,傷寒論（宋本）,songben,,傷寒例第三,,auxiliary_clause,A,是故冬至之後，一陽爻升，一陰爻降也。夏至之後，一陽氣下，一陰氣上也。斯則冬夏二至，陰陽合也；春秋二分，陰陽離也。陰陽交易，人變病焉。此君子春夏養陽，秋冬養陰，順天地之剛柔也。小人觸冒，必嬰暴疹。須知毒烈之氣，留在何經，而發何病，詳而取之。,是故冬至之後，一陽爻升，一陰爻降也。夏至之後，一陽氣下，一陰氣上也。斯則冬夏二至，陰陽合也；春秋二分，陰陽離也。陰陽交易，人變病焉。此君子春夏養陽，秋冬養陰，順天地之剛柔也。小人觸冒，必嬰暴疹。須知毒烈之氣，留在何經，而發何病，詳而取之。,False,[],[],[],[],[],[],[],[],[],[],[],[],[],[],"[""必""]",717c1ec2b3cdddb116d54c5c2299c43da765b113cd6b74275946da159cca3630,pending,,text_match
SHL_SONGBEN_AUX_0099,SHSRC0035,傷寒論（宋本）,songben,,傷寒例第三,,auxiliary_clause,A,是以春傷於風，夏必飧泄；夏傷於暑，秋必病瘧；秋傷於濕，冬必欬嗽；冬傷於寒，春必病溫。此必然之道，可不審明之。,是以春傷於風，夏必飧泄；夏傷於暑，秋必病瘧；秋傷於濕，冬必欬嗽；冬傷於寒，春必病溫。此必然之道，可不審明之。,False,[],[],"[""咳""]",[],[],[],[],[],[],[],[],[],[],[],"[""必""]",582f4f4eefbbbbd5e909cd883d0e6fdcd5fd7f0684d32d7ab5e76c1aabe6adfc,pending,,text_match
SHL_SONGBEN_AUX_0100,SHSRC0035,傷寒論（宋本）,songben,,傷寒例第三,,auxiliary_clause,A,傷寒之病，逐日淺深，以施方治。今世人傷寒，或始不早治，或治不對病，或日數久淹，困乃告醫。醫人又不依次第而治之，則不中病。皆宜臨時消息制方，無不效也。今搜採仲景舊論，錄其證候、診脈、聲色，對病真方，有神驗者，擬防世急也。,傷寒之病，逐日淺深，以施方治。今世人傷寒，或始不早治，或治不對病，或日數久淹，困乃告醫。醫人又不依次第而治之，則不中病。皆宜臨時消息制方，無不效也。今搜採仲景舊論，錄其證候、診脈、聲色，對病真方，有神驗者，擬防世急也。,False,[],[],[],[],[],"[""傷寒""]",[],[],[],[],[],[],"[""久""]",[],"[""或"", ""急"", ""宜""]",ad64461ed52b551f8478ee79aae82385a178f15f2b446307658d057601fb39d6,pending,,text_match
SHL_SONGBEN_AUX_0101,SHSRC0035,傷寒論（宋本）,songben,,傷寒例第三,,auxiliary_clause,A,又土地溫涼，高下不同；物性剛柔，餐居亦異。是黃帝興四方之問，岐伯舉四治之能，以訓後賢，開其未悟者。臨病之工，宜須兩審也。,又土地溫涼，高下不同；物性剛柔，餐居亦異。是黃帝興四方之問，岐伯舉四治之能，以訓後賢，開其未悟者。臨病之工，宜須兩審也。,False,[],[],[],[],[],[],[],[],[],[],[],[],[],[],"[""宜""]",c70bd199ae80751d9f5a5ece22c804e416325dee626c5b77d40ec440e62faad3,pending,,text_match
SHL_SONGBEN_AUX_0102,SHSRC0035,傷寒論（宋本）,songben,,傷寒例第三,,auxiliary_clause,A,凡傷於寒，則為病熱，熱雖甚，不死。若兩感於寒而病者，必死。,凡傷於寒，則為病熱，熱雖甚，不死。若兩感於寒而病者，必死。,False,[],[],[],[],[],[],[],[],[],[],"[""必死""]",[],[],[],"[""若"", ""必""]",78459502053441260b115d94da8d833030a9b17d87f16092be7803c31871a3fb,pending,,text_match
SHL_SONGBEN_AUX_0103,SHSRC0035,傷寒論（宋本）,songben,,傷寒例第三,,auxiliary_clause,A,尺寸俱浮者，太陽受病也，當一二日發。以其脈上連風府，故頭項痛，腰脊強。,尺寸俱浮者，太陽受病也，當一二日發。以其脈上連風府，故頭項痛，腰脊強。,False,[],[],[],[],[],[],[],[],[],[],[],[],"[""一二日""]",[],[],a861d55b7ca03ba1d6c67356aa641b91d79cc32d3ee04b8b2be00d3fe1c4df1e,pending,,text_match
SHL_SONGBEN_AUX_0104,SHSRC0035,傷寒論（宋本）,songben,,傷寒例第三,,auxiliary_clause,A,尺寸俱長者，陽明受病也，當二三日發。以其脈俠鼻，絡於目，故身熱、目疼、鼻乾、不得臥。,尺寸俱長者，陽明受病也，當二三日發。以其脈俠鼻，絡於目，故身熱、目疼、鼻乾、不得臥。,False,[],[],"[""身熱"", ""鼻乾"", ""不得臥""]",[],[],[],[],[],[],[],[],[],"[""二三日""]",[],[],11b5a9ef473c61ab8dbda46e52623c64781e06e1f22141f7502b9540b9f7c42e,pending,,text_match
SHL_SONGBEN_AUX_0105,SHSRC0035,傷寒論（宋本）,songben,,傷寒例第三,,auxiliary_clause,A,尺寸俱弦者，少陽受病也，當三四日發。以其脈循脅，絡於耳，故胸脅痛而耳聾。,尺寸俱弦者，少陽受病也，當三四日發。以其脈循脅，絡於耳，故胸脅痛而耳聾。,False,[],[],"[""脅痛"", ""耳聾""]",[],[],[],[],[],[],[],[],[],"[""三四日""]",[],[],f52db21c17a7b34680937bf165d8d5f8ad59741731cf1d0214633cfde70da0fd,pending,,text_match
SHL_SONGBEN_AUX_0106,SHSRC0035,傷寒論（宋本）,songben,,傷寒例第三,,auxiliary_clause,A,此三經皆受病，未入於府者，可汗而已。,此三經皆受病，未入於府者，可汗而已。,False,[],[],[],[],[],[],[],[],[],[],[],[],[],[],[],91e3a2acbabcf1d5bf9838695e02868957cdf849326a867b3078a068aea3f21d,pending,,text_match
SHL_SONGBEN_AUX_0107,SHSRC0035,傷寒論（宋本）,songben,,傷寒例第三,,auxiliary_clause,A,尺寸俱沉細者，太陰受病也，當四五日發。以其脈布胃中，絡於嗌，故腹滿而嗌乾。,尺寸俱沉細者，太陰受病也，當四五日發。以其脈布胃中，絡於嗌，故腹滿而嗌乾。,False,[],[],"[""腹滿""]",[],[],[],[],[],[],[],[],[],"[""四五日""]",[],[],f6743d4e1a65a0fb714842cd178cdd08747ebefa74f55f6e1450783da700176f,pending,,text_match
SHL_SONGBEN_AUX_0108,SHSRC0035,傷寒論（宋本）,songben,,傷寒例第三,,auxiliary_clause,A,尺寸俱沉者，少陰受病也，當五六日發。以其脈貫腎、絡於肺、繫舌本，故口燥舌乾而渴。,尺寸俱沉者，少陰受病也，當五六日發。以其脈貫腎、絡於肺、繫舌本，故口燥舌乾而渴。,False,[],[],"[""口燥"", ""渴""]",[],[],[],[],[],[],[],[],[],"[""五六日""]",[],[],c27b905f7db8436356271a0a20c6540859b2523eee22b0d9fb280a07227038c7,pending,,text_match
SHL_SONGBEN_AUX_0109,SHSRC0035,傷寒論（宋本）,songben,,傷寒例第三,,auxiliary_clause,A,尺寸俱微緩者，厥陰受病也，當六七日發。以其脈循陰器、絡於肝，故煩滿而囊縮。,尺寸俱微緩者，厥陰受病也，當六七日發。以其脈循陰器、絡於肝，故煩滿而囊縮。,False,[],[],"[""厥"", ""煩滿""]",[],[],[],[],[],[],"[""厥""]",[],[],"[""六七日""]",[],[],9fb29f12e0556f03f57300f0ea9533186f4f59fc3eb55d67a948edafd4ad9e5f,pending,,text_match
SHL_SONGBEN_AUX_0110,SHSRC0035,傷寒論（宋本）,songben,,傷寒例第三,,auxiliary_clause,A,此三經皆受病，已入於府，可下而已。,此三經皆受病，已入於府，可下而已。,False,[],[],[],[],[],[],"[""可下""]",[],[],[],[],[],[],[],[],fd041144ba431f35b4993d2662913a9d22348c727ccf10e639a1272369e4b8fe,pending,,text_match
SHL_SONGBEN_AUX_0111,SHSRC0035,傷寒論（宋本）,songben,,傷寒例第三,,auxiliary_clause,A,若兩感於寒者，一日太陽受之，即與少陰俱病，則頭痛口乾、煩滿而渴；二日陽明受之，即與太陰俱病，則腹滿身熱、不欲食、譫語；三日少陽受之，即與厥陰俱病，則耳聾，囊縮而厥，水漿不入，不知人者，六日死。若三陰三陽、五藏六府皆受病，則榮衛不行，府藏不通，則死矣。,若兩感於寒者，一日太陽受之，即與少陰俱病，則頭痛口乾、煩滿而渴；二日陽明受之，即與太陰俱病，則腹滿身熱、不欲食、譫語；三日少陽受之，即與厥陰俱病，則耳聾，囊縮而厥，水漿不入，不知人者，六日死。若三陰三陽、五藏六府皆受病，則榮衛不行，府藏不通，則死矣。,False,[],[],"[""頭痛"", ""口乾"", ""煩滿"", ""渴"", ""腹滿"", ""身熱"", ""譫語"", ""厥"", ""耳聾""]",[],[],[],[],[],[],"[""譫語"", ""厥""]","[""死""]",[],"[""一日"", ""二日"", ""三日"", ""六日""]",[],"[""若""]",b441167c67e56ad062bab3fe43ae85a23ad967b7fead414cdc7c25aacdd0d27d,pending,,text_match
SHL_SONGBEN_AUX_0112,SHSRC0035,傷寒論（宋本）,songben,,傷寒例第三,,auxiliary_clause,A,其不兩感於寒，更不傳經，不加異氣者，至七日太陽病衰，頭痛少愈也；八日陽明病衰，身熱少歇也；九日少陽病衰，耳聾微聞也；十日太陰病衰，腹減如故，則思飲食；十一日少陰病衰，渴止舌乾，已而嚏也；十二日厥陰病衰，囊縱，少腹微下，大氣皆去，病人精神爽慧也。,其不兩感於寒，更不傳經，不加異氣者，至七日太陽病衰，頭痛少愈也；八日陽明病衰，身熱少歇也；九日少陽病衰，耳聾微聞也；十日太陰病衰，腹減如故，則思飲食；十一日少陰病衰，渴止舌乾，已而嚏也；十二日厥陰病衰，囊縱，少腹微下，大氣皆去，病人精神爽慧也。,False,[],[],"[""頭痛"", ""身熱"", ""耳聾"", ""渴""]",[],[],"[""太陽病"", ""陽明病"", ""少陽病"", ""太陰病"", ""少陰病"", ""厥陰病""]",[],[],[],"[""厥""]","[""愈""]",[],"[""七日"", ""八日"", ""九日"", ""十日"", ""十一日"", ""十二日""]",[],[],05cbba473caac6a89d9c785544b0e9362befd81102caa714277efa84e0ada225,pending,,text_match
SHL_SONGBEN_AUX_0113,SHSRC0035,傷寒論（宋本）,songben,,傷寒例第三,,auxiliary_clause,A,若過十三日以上不間，尺寸陷者，大危。,若過十三日以上不間，尺寸陷者，大危。,False,[],[],[],[],[],[],[],[],[],[],[],[],"[""十三日""]",[],"[""若""]",3c38a27ed22902eba0adcf29e770663ac0dc32821f42b16acf14dedff685f7e4,pending,,text_match
SHL_SONGBEN_AUX_0114,SHSRC0035,傷寒論（宋本）,songben,,傷寒例第三,,auxiliary_clause,A,若更感異氣，變為他病者，當依舊壞證病而治之。,若更感異氣，變為他病者，當依舊壞證病而治之。,False,[],[],[],[],[],[],[],[],[],[],[],[],[],[],"[""若""]",e32cd8bdaa7e87c6bc001f29f0286b7de219400c9d307aaa86f85c9bdae5d6ed,pending,,text_match
SHL_SONGBEN_AUX_0115,SHSRC0035,傷寒論（宋本）,songben,,傷寒例第三,,auxiliary_clause,A,若脈陰陽俱盛，重感於寒者，變為溫瘧。,若脈陰陽俱盛，重感於寒者，變為溫瘧。,False,[],[],[],[],[],[],[],[],[],[],[],[],[],[],"[""若""]",49c81dff8e5c20372dad554ef6f04f182ad38daa0c4c7ec0532d61e85f9384ff,pending,,text_match
SHL_SONGBEN_AUX_0116,SHSRC0035,傷寒論（宋本）,songben,,傷寒例第三,,auxiliary_clause,A,陽脈浮滑，陰脈濡弱者，更遇於風，變為風溫。,陽脈浮滑，陰脈濡弱者，更遇於風，變為風溫。,False,[],[],[],[],"[""浮滑"", ""弱濡""]","[""風溫""]",[],[],[],[],[],[],[],[],[],8bced0f49a61af2b23609ac5f94b5bc727a0238fedc3d9b75ca66875a5b881b8,pending,,text_match
SHL_SONGBEN_AUX_0117,SHSRC0035,傷寒論（宋本）,songben,,傷寒例第三,,auxiliary_clause,A,陽脈洪數，陰脈實大者，遇溫熱，變為溫毒，溫毒為病最重也。,陽脈洪數，陰脈實大者，遇溫熱，變為溫毒，溫毒為病最重也。,False,[],[],[],[],"[""洪"", ""實"", ""數洪"", ""大實""]",[],[],[],[],[],[],[],[],[],[],b36d46923c8b364949eaf956d500c7498e837ced6c04f6f96af82bedcc9bfeef,pending,,text_match
SHL_SONGBEN_AUX_0118,SHSRC0035,傷寒論（宋本）,songben,,傷寒例第三,,auxiliary_clause,A,陽脈濡弱，陰脈弦緊者，更遇溫氣，變為溫疫<j>一本作瘧</j>。以此冬傷於寒，發為溫病，脈之變證，方治如說。,陽脈濡弱，陰脈弦緊者，更遇溫氣，變為溫疫。以此冬傷於寒，發為溫病，脈之變證，方治如說。,False,[],[],[],[],"[""弦"", ""弱濡"", ""緊弦""]","[""溫病""]",[],[],[],[],[],[],[],"[""一本作瘧""]",[],174e006878b0ed98b33eea40d3f707a6a38c3c8fb84718b44a3373a5a2c08228,pending,,text_match
SHL_SONGBEN_AUX_0119,SHSRC0035,傷寒論（宋本）,songben,,傷寒例第三,,auxiliary_clause,A,凡人有疾，不時即治，隱忍冀差，以成痼疾。小兒女子，益以滋甚。時氣不和，便當早言，尋其邪由，及在腠理，以時治之，罕有不愈者。患人忍之，數日乃說，邪氣入藏，則難可制，此為家有患，備慮之要。,凡人有疾，不時即治，隱忍冀差，以成痼疾。小兒女子，益以滋甚。時氣不和，便當早言，尋其邪由，及在腠理，以時治之，罕有不愈者。患人忍之，數日乃說，邪氣入藏，則難可制，此為家有患，備慮之要。,False,[],[],[],[],[],[],[],[],[],[],"[""愈""]",[],"[""數日""]",[],[],ec2171a238132ef7f98a4cafc47955eff4c85ae33e5975decc42b4e8c0fc7560,pending,,text_match
SHL_SONGBEN_AUX_0120,SHSRC0035,傷寒論（宋本）,songben,,傷寒例第三,,auxiliary_clause,A,凡作湯藥，不可避晨夜，覺病須臾，即宜便治，不等早晚，則易愈矣。若或差遲，病即傳變，雖欲除治，必難為力。服藥不如方法，縱意違師，不須治之。,凡作湯藥，不可避晨夜，覺病須臾，即宜便治，不等早晚，則易愈矣。若或差遲，病即傳變，雖欲除治，必難為力。服藥不如方法，縱意違師，不須治之。,False,[],[],[],[],[],[],[],[],[],[],"[""愈""]",[],[],[],"[""不可"", ""若"", ""或"", ""必"", ""宜""]",5d645933e0caba7167a4a7472b574e8db635daff66e1dbf2c04cd212ab4d7be6,pending,,text_match
SHL_SONGBEN_AUX_0121,SHSRC0035,傷寒論（宋本）,songben,,傷寒例第三,,auxiliary_clause,A,凡傷寒之病，多從風寒得之。始表中風寒，入裏則不消矣。未有溫覆而當不消散者。不在證治，擬欲攻之，猶當先解表，乃可下之。若表已解，而內不消，非大滿，猶生寒熱，則病不除。若表已解，而內不消，大滿大實，堅有燥屎，自可除下之，雖四五日，不能為禍也。若不宜下，而便攻之，內虛熱入，協熱遂利，煩躁諸變，不可勝數，輕者困篤，重者必死矣。,凡傷寒之病，多從風寒得之。始表中風寒，入裏則不消矣。未有溫覆而當不消散者。不在證治，擬欲攻之，猶當先解表，乃可下之。若表已解，而內不消，非大滿，猶生寒熱，則病不除。若表已解，而內不消，大滿大實，堅有燥屎，自可除下之，雖四五日，不能為禍也。若不宜下，而便攻之，內虛熱入，協熱遂利，煩躁諸變，不可勝數，輕者困篤，重者必死矣。,False,[],[],"[""燥屎"", ""煩躁""]",[],[],"[""傷寒"", ""中風""]","[""解表"", ""下之""]",[],"[""下之""]","[""煩躁""]","[""解"", ""必死""]",[],"[""四五日""]",[],"[""不可"", ""若"", ""必"", ""得之"", ""宜""]",f446a5c1470e456fcd5f30c69363a4e44d6f7b23899ed8901621f1a66f1154ff,pending,,text_match
SHL_SONGBEN_AUX_0122,SHSRC0035,傷寒論（宋本）,songben,,傷寒例第三,,auxiliary_clause,A,夫陽盛陰虛，汗之則死，下之則愈；陽虛陰盛，汗之則愈，下之則死。夫如是，則神丹安可以誤發？甘遂何可以妄攻？虛盛之治，相背千里，吉凶之機，應若影響，豈容易哉！況桂枝下咽，陽盛則斃；承氣入胃，陰盛以亡，死生之要，在乎須臾，視身之盡，不暇計日。,夫陽盛陰虛，汗之則死，下之則愈；陽虛陰盛，汗之則愈，下之則死。夫如是，則神丹安可以誤發？甘遂何可以妄攻？虛盛之治，相背千里，吉凶之機，應若影響，豈容易哉！況桂枝下咽，陽盛則斃；承氣入胃，陰盛以亡，死生之要，在乎須臾，視身之盡，不暇計日。,False,[],[],[],[],[],[],"[""下之""]",[],"[""下之""]",[],"[""愈"", ""死""]",[],[],[],"[""若"", ""誤""]",05e9a00101523bb2a6c50c5e1965d15114138e500474a0ad1de96d3882894f5d,pending,,text_match
SHL_SONGBEN_AUX_0123,SHSRC0035,傷寒論（宋本）,songben,,傷寒例第三,,auxiliary_clause,A,此陰陽虛實之交錯，其候至微；發汗吐下之相反，其禍至速，而醫術淺狹，懵然不知病源，為治乃誤，使病者殞歿，自謂其分，至今冤魂塞于冥路，死屍盈於曠野，仁者鑒此，豈不痛歟！,此陰陽虛實之交錯，其候至微；發汗吐下之相反，其禍至速，而醫術淺狹，懵然不知病源，為治乃誤，使病者殞歿，自謂其分，至今冤魂塞于冥路，死屍盈於曠野，仁者鑒此，豈不痛歟！,False,[],[],[],[],[],[],"[""發汗"", ""下之""]",[],"[""下之""]",[],"[""死""]",[],[],[],"[""反"", ""誤""]",4e1a55b75f86cf440dae70698dcdc06d284f4692dc9ce8e8e90708386bbc093b,pending,,text_match
SHL_SONGBEN_AUX_0124,SHSRC0035,傷寒論（宋本）,songben,,傷寒例第三,,auxiliary_clause,A,凡兩感病俱作，治有先後，發表攻裏，本自不同，而執迷妄意者，乃云神丹、甘遂，合而飲之，且解其表，又除其裏，言巧似是，其理實違。夫智者之舉錯也，常審以慎；愚者之動作也，必果而速。安危之變，豈可詭哉！世上之士，但務彼翕習之榮，而莫見此傾危之敗，惟明者，居然能護其本，近取諸身，夫何遠之有焉。,凡兩感病俱作，治有先後，發表攻裏，本自不同，而執迷妄意者，乃云神丹、甘遂，合而飲之，且解其表，又除其裏，言巧似是，其理實違。夫智者之舉錯也，常審以慎；愚者之動作也，必果而速。安危之變，豈可詭哉！世上之士，但務彼翕習之榮，而莫見此傾危之敗，惟明者，居然能護其本，近取諸身，夫何遠之有焉。,False,[],[],[],[],[],[],"[""攻裏""]",[],[],[],"[""解""]",[],[],[],"[""必"", ""但"", ""慎"", ""莫""]",826e8658c3092e57842a070e2bcd8260a8416e363ab2e85bdf456e3f3cd1890c,pending,,text_match
SHL_SONGBEN_AUX_0125,SHSRC0035,傷寒論（宋本）,songben,,傷寒例第三,,auxiliary_clause,A,凡發汗溫服湯藥，其方雖言日三服，若病劇不解，當促其間，可半日中盡三服。若與病相阻，即便有所覺，重病者，一日一夜，當晬時觀之，如服一劑，病證猶在，故當復作本湯服之。至有不肯汗出，服三劑乃解；若汗不出者，死病也。,凡發汗溫服湯藥，其方雖言日三服，若病劇不解，當促其間，可半日中盡三服。若與病相阻，即便有所覺，重病者，一日一夜，當晬時觀之，如服一劑，病證猶在，故當復作本湯服之。至有不肯汗出，服三劑乃解；若汗不出者，死病也。,False,[],[],"[""汗出"", ""汗不出""]",[],[],[],"[""發汗""]",[],[],[],"[""解"", ""死""]",[],"[""一日""]",[],"[""若""]",5174a3ca7f2d04eb44ad7a3aae4fa5063ba6ea21e9a47354ecafb36a3b60c795,pending,,text_match
SHL_SONGBEN_AUX_0126,SHSRC0035,傷寒論（宋本）,songben,,傷寒例第三,,auxiliary_clause,A,凡得時氣病，至五六日，而渴欲飲水，飲不能多，不當與也，何者？以腹中熱尚少，不能消之，便更與人作病也。至七八日，大渴，欲飲水者，猶當依證與之，與之常令不足，勿極意也，言能飲一斗，與五升。若飲而腹滿，小便不利，若喘若噦，不可與之。忽然大汗出，是為自愈也。,凡得時氣病，至五六日，而渴欲飲水，飲不能多，不當與也，何者？以腹中熱尚少，不能消之，便更與人作病也。至七八日，大渴，欲飲水者，猶當依證與之，與之常令不足，勿極意也，言能飲一斗，與五升。若飲而腹滿，小便不利，若喘若噦，不可與之。忽然大汗出，是為自愈也。,False,[],[],"[""渴欲飲水"", ""大渴"", ""欲飲水"", ""腹滿"", ""小便不利"", ""喘"", ""噦"", ""大汗出""]",[],[],[],[],"[""不可與""]",[],"[""噦""]","[""自愈""]",[],"[""五六日"", ""七八日""]",[],"[""不可"", ""可與"", ""勿"", ""若""]",68887b0192b35d58e2210393f3c025a5cec7051d4dac3fa70b87b3665ef81b43,pending,,text_match
SHL_SONGBEN_AUX_0127,SHSRC0035,傷寒論（宋本）,songben,,傷寒例第三,,auxiliary_clause,A,凡得病，反能飲水，此為欲愈之病。其不曉病者，但聞病飲水自愈，小渴者，乃強與飲之，因成其禍，不可復數。,凡得病，反能飲水，此為欲愈之病。其不曉病者，但聞病飲水自愈，小渴者，乃強與飲之，因成其禍，不可復數。,False,[],[],"[""渴""]",[],[],[],[],[],[],[],"[""自愈""]",[],[],[],"[""不可"", ""反"", ""但""]",3d061934cacdc697f3cadd4c985e16fa45a8d375a5a716b07f198a36b9069f73,pending,,text_match
SHL_SONGBEN_AUX_0128,SHSRC0035,傷寒論（宋本）,songben,,傷寒例第三,,auxiliary_clause,A,凡得病厥，脈動數，服湯藥更遲；脈浮大減小；初躁後靜，此皆愈證也。,凡得病厥，脈動數，服湯藥更遲；脈浮大減小；初躁後靜，此皆愈證也。,False,[],[],"[""厥""]",[],"[""浮"", ""數動"", ""浮大""]",[],[],[],[],"[""厥""]","[""愈""]",[],[],[],[],1ca13edf247c61490b772eaaf5a2776a960656ece8ce1a55a6a8c93d8a31d911,pending,,text_match
SHL_SONGBEN_AUX_0129,SHSRC0035,傷寒論（宋本）,songben,,傷寒例第三,,auxiliary_clause,A,凡治溫病，可刺五十九穴。又身之穴，三百六十有五，其三十九穴，灸之有害；七十九穴，刺之為災，並中髓也。,凡治溫病，可刺五十九穴。又身之穴，三百六十有五，其三十九穴，灸之有害；七十九穴，刺之為災，並中髓也。,False,[],[],[],[],[],"[""溫病""]",[],[],"[""灸之""]",[],[],[],[],[],[],a8e2d41de4042584c1378d8b8dd97b656b056704769d99e7f6e90c825e931e0c,pending,,text_match
SHL_SONGBEN_AUX_0130,SHSRC0035,傷寒論（宋本）,songben,,傷寒例第三,,auxiliary_clause,A,凡脈四損，三日死；平人四息，病人脈一至，名曰四損。,凡脈四損，三日死；平人四息，病人脈一至，名曰四損。,False,[],[],[],[],[],[],[],[],[],[],"[""死""]",[],"[""三日""]",[],[],b627573becff1a4b0c258066766e2e893203f124ea4d05d544f118b6e6d0b996,pending,,text_match
SHL_SONGBEN_AUX_0131,SHSRC0035,傷寒論（宋本）,songben,,傷寒例第三,,auxiliary_clause,A,脈五損，一日死；平人五息，病人脈一至，名曰五損。,脈五損，一日死；平人五息，病人脈一至，名曰五損。,False,[],[],[],[],[],[],[],[],[],[],"[""死""]",[],"[""一日""]",[],[],86cff51d1aed30e8b9799a177555858a634683d1ed088530aa24dae09b3d4990,pending,,text_match
SHL_SONGBEN_AUX_0132,SHSRC0035,傷寒論（宋本）,songben,,傷寒例第三,,auxiliary_clause,A,脈六損，一時死；平人六息，病人脈一至，名曰六損。,脈六損，一時死；平人六息，病人脈一至，名曰六損。,False,[],[],[],[],[],[],[],[],[],[],"[""死""]",[],[],[],[],67a00c3e7ed953fc35fb6970c5f28c08336960fb4049e26f74b82db0017d9c42,pending,,text_match
SHL_SONGBEN_AUX_0133,SHSRC0035,傷寒論（宋本）,songben,,傷寒例第三,,auxiliary_clause,A,脈盛身寒，得之傷寒；脈虛身熱，得之傷暑。,脈盛身寒，得之傷寒；脈虛身熱，得之傷暑。,False,[],[],"[""身熱""]",[],"[""虛""]","[""傷寒""]",[],[],[],[],[],[],[],[],"[""得之""]",0f9e7d02c51599232690259f1175aee0c04344f00952bfc77a14435cebde3931,pending,,text_match
SHL_SONGBEN_AUX_0134,SHSRC0035,傷寒論（宋本）,songben,,傷寒例第三,,auxiliary_clause,A,脈陰陽俱盛，大汗出，不解者，死。,脈陰陽俱盛，大汗出，不解者，死。,False,[],[],"[""大汗出""]",[],[],[],[],[],[],[],"[""解"", ""死""]",[],[],[],[],9120a5458a30ceb1a57ca66838cc8cd67d8d15226c15dc753d8095a3ff214a43,pending,,text_match
SHL_SONGBEN_AUX_0135,SHSRC0035,傷寒論（宋本）,songben,,傷寒例第三,,auxiliary_clause,A,脈陰陽俱虛，熱不止者，死。,脈陰陽俱虛，熱不止者，死。,False,[],[],[],[],"[""陰陽俱虛""]",[],[],[],[],[],"[""死""]",[],[],[],[],c67694b4322dea7b2d522c37db6571b8a2a96897b18801be92345b8b896345bd,pending,,text_match
SHL_SONGBEN_AUX_0136,SHSRC0035,傷寒論（宋本）,songben,,傷寒例第三,,auxiliary_clause,A,脈至乍疏乍數者，死。,脈至乍疏乍數者，死。,False,[],[],[],[],"[""數""]",[],[],[],[],[],"[""死""]",[],[],[],[],9584596def7a0df723aaab6895264f15221878b875c6f418728c3475da82d3ca,pending,,text_match
SHL_SONGBEN_AUX_0137,SHSRC0035,傷寒論（宋本）,songben,,傷寒例第三,,auxiliary_clause,A,脈至如轉索者，其日死。,脈至如轉索者，其日死。,False,[],[],[],[],[],[],[],[],[],[],"[""死""]",[],[],[],[],1b205a4d8ecdb1328780d5b42a06d0b7dc3055cabb89f44a335a2ce69d16005b,pending,,text_match
SHL_SONGBEN_AUX_0138,SHSRC0035,傷寒論（宋本）,songben,,傷寒例第三,,auxiliary_clause,A,譫言妄語，身微熱，脈浮大，手足溫者，生。逆冷，脈沉細者，不過一日，死矣。,譫言妄語，身微熱，脈浮大，手足溫者，生。逆冷，脈沉細者，不過一日，死矣。,False,[],[],"[""微熱"", ""手足溫""]",[],"[""浮"", ""沉細"", ""浮大""]",[],[],[],[],[],"[""死""]",[],"[""一日""]",[],[],7bc6ff99ad1b6a8b50f691226a55c4231ebf11063652b3448ae1afba0de02576,pending,,text_match
SHL_SONGBEN_AUX_0139,SHSRC0035,傷寒論（宋本）,songben,,傷寒例第三,,auxiliary_clause,A,此以前是傷寒熱病證候也。,此以前是傷寒熱病證候也。,False,[],[],[],[],[],"[""傷寒""]",[],[],[],[],[],[],[],[],[],f35ab3eac2dfa74fda265cf92aa966a818cf6998d932549370759725af306d7c,pending,,text_match
SHL_SONGBEN_AUX_0140,SHSRC0035,傷寒論（宋本）,songben,,辨痙濕暍脈證第四,,auxiliary_clause,A,傷寒所致太陽，痙、濕、暍三種，宜應別論，以為與傷寒相似，故此見之。,傷寒所致太陽，痙、濕、暍三種，宜應別論，以為與傷寒相似，故此見之。,False,[],[],[],[],[],"[""傷寒"", ""痙""]",[],[],[],"[""痙""]",[],[],[],[],"[""宜""]",12cf555d656c8e9c46c5bc65f55580cf6edba962df4331565eca7b57f4867665,pending,,text_match
SHL_SONGBEN_AUX_0141,SHSRC0035,傷寒論（宋本）,songben,,辨痙濕暍脈證第四,,auxiliary_clause,A,太陽病，發熱無汗，反惡寒者，名曰剛痙。,太陽病，發熱無汗，反惡寒者，名曰剛痙。,False,[],[],"[""發熱"", ""無汗"", ""反惡寒""]",[],[],"[""太陽病"", ""剛痙""]",[],[],[],"[""痙""]",[],[],[],[],"[""反""]",f41f2e894234fed4c7e2b7af9793bda286a166ac03f4f98a15043a4325f282d6,pending,,text_match
SHL_SONGBEN_AUX_0142,SHSRC0035,傷寒論（宋本）,songben,,辨痙濕暍脈證第四,,auxiliary_clause,A,太陽病，發熱汗出，不惡寒者，名曰柔痙。,太陽病，發熱汗出，不惡寒者，名曰柔痙。,False,[],[],"[""發熱"", ""汗出"", ""不惡寒""]",[],[],"[""太陽病"", ""柔痙""]",[],[],[],"[""痙""]",[],[],[],[],[],1532276747d34f8081d8e8281e9f73ee9466c12fdcc4a5612665097b16405e76,pending,,text_match
SHL_SONGBEN_AUX_0143,SHSRC0035,傷寒論（宋本）,songben,,辨痙濕暍脈證第四,,auxiliary_clause,A,太陽病，發熱，脈沉而細者，名曰痙。,太陽病，發熱，脈沉而細者，名曰痙。,False,[],[],"[""發熱""]",[],"[""沉"", ""沉細""]","[""太陽病"", ""痙""]",[],[],[],"[""痙""]",[],[],[],[],[],154704680c468da7303f006a16b40d3d1af651bcfe58590efbc91ebfeb6cac7b,pending,,text_match
SHL_SONGBEN_AUX_0144,SHSRC0035,傷寒論（宋本）,songben,,辨痙濕暍脈證第四,,auxiliary_clause,A,太陽病，發汗太多，因致痙。,太陽病，發汗太多，因致痙。,False,[],[],[],[],[],"[""太陽病"", ""痙""]","[""發汗""]",[],"[""發汗太多""]","[""痙""]",[],[],[],[],[],9255e66d0c82018adce165786a4a2a31f07e2a1307a353b823a97e23bd80c204,pending,,text_match
SHL_SONGBEN_AUX_0145,SHSRC0035,傷寒論（宋本）,songben,,辨痙濕暍脈證第四,,auxiliary_clause,A,病身熱足寒，頸項強急，惡寒，時頭熱面赤，目脈赤，獨頭面搖，卒口噤，背反張者，痙病也。,病身熱足寒，頸項強急，惡寒，時頭熱面赤，目脈赤，獨頭面搖，卒口噤，背反張者，痙病也。,False,[],[],"[""身熱"", ""頸項強"", ""惡寒"", ""面赤"", ""口噤"", ""背反張""]",[],[],"[""痙""]",[],[],[],"[""痙""]",[],[],[],[],"[""反"", ""急""]",6d88bfec06e5917e7bc9c202d5bd17e4a7459720ce5224381037bb56ae220e4b,pending,,text_match
SHL_SONGBEN_AUX_0146,SHSRC0035,傷寒論（宋本）,songben,,辨痙濕暍脈證第四,,auxiliary_clause,A,太陽病，關節疼痛而煩，脈沉而細<j>一作緩</j>者，此名濕痹<j>一云中濕</j>。濕痹之候，其人小便不利，大便反快，但當利其小便。,太陽病，關節疼痛而煩，脈沉而細者，此名濕痹。濕痹之候，其人小便不利，大便反快，但當利其小便。,False,[],[],"[""小便不利""]",[],"[""沉"", ""沉細""]","[""太陽病"", ""濕痹""]","[""利其小便""]",[],[],[],[],[],[],"[""一作緩"", ""一云中濕""]","[""反"", ""但""]",7161a65c47619c7ba2ed98a46f6e88cda7df12976954e114fdc8ef86560b2adf,pending,,text_match
SHL_SONGBEN_AUX_0147,SHSRC0035,傷寒論（宋本）,songben,,辨痙濕暍脈證第四,,auxiliary_clause,A,濕家之為病，一身盡疼，發熱，身色如似熏黃。,濕家之為病，一身盡疼，發熱，身色如似熏黃。,False,[],[],"[""發熱""]",[],[],[],[],[],[],[],[],[],[],[],[],c9b48064b38bcc0826a714fc17fa6c3e8b610e0ef9ac80e08b05283f694e5f4c,pending,,text_match
SHL_SONGBEN_AUX_0148,SHSRC0035,傷寒論（宋本）,songben,,辨痙濕暍脈證第四,,auxiliary_clause,A,濕家，其人但頭汗出，背強，欲得被覆向火。若下之早則噦，胸滿，小便不利，舌上如胎者，以丹田有熱，胸中有寒，渴欲得水而不能飲，則口燥煩也。,濕家，其人但頭汗出，背強，欲得被覆向火。若下之早則噦，胸滿，小便不利，舌上如胎者，以丹田有熱，胸中有寒，渴欲得水而不能飲，則口燥煩也。,False,[],[],"[""頭汗出"", ""噦"", ""胸滿"", ""小便不利"", ""渴"", ""口燥""]",[],[],[],"[""下之""]",[],"[""若下之""]","[""噦""]",[],[],[],[],"[""若"", ""但""]",bdc04b86c48f9aa8c6a5630f8fef108946023bb43af6f8b74d3544597c792b50,pending,,text_match
SHL_SONGBEN_AUX_0149,SHSRC0035,傷寒論（宋本）,songben,,辨痙濕暍脈證第四,,auxiliary_clause,A,濕家下之，額上汗出，微喘，小便利<j>一云不利</j>者死。若下利不止者，亦死。,濕家下之，額上汗出，微喘，小便利者死。若下利不止者，亦死。,False,[],[],"[""汗出"", ""微喘"", ""小便利"", ""下利不止""]",[],[],[],"[""下之""]",[],"[""下之""]","[""下利不止""]","[""死""]",[],[],"[""一云不利""]","[""若""]",11910386c92e0b2ec0c312da7a79cafbc3533c7f730b4d93a8b07c097708d11d,pending,,text_match
SHL_SONGBEN_AUX_0150,SHSRC0035,傷寒論（宋本）,songben,,辨痙濕暍脈證第四,,auxiliary_clause,A,問曰：風濕相搏，一身盡疼痛，法當汗出而解，值天陰雨不止，醫云此可發汗，汗之病不愈者，何也？答曰：發其汗，汗大出者，但風氣去，濕氣在，是故不愈也。若治風濕者，發其汗，但微微似欲汗出者，風濕俱去也。,問曰：風濕相搏，一身盡疼痛，法當汗出而解，值天陰雨不止，醫云此可發汗，汗之病不愈者，何也？答曰：發其汗，汗大出者，但風氣去，濕氣在，是故不愈也。若治風濕者，發其汗，但微微似欲汗出者，風濕俱去也。,False,[],[],"[""汗出""]",[],[],"[""風濕相搏"", ""風濕""]","[""發其汗""]",[],[],[],"[""愈""]",[],[],[],"[""若"", ""但""]",6af5fbe0144d6d183f9d5c80d5ec5dcd2f904eb0d01153a5827e404d0f13f868,pending,,text_match
SHL_SONGBEN_AUX_0151,SHSRC0035,傷寒論（宋本）,songben,,辨痙濕暍脈證第四,,auxiliary_clause,A,濕家病身上疼痛，發熱面黃而喘，頭痛鼻塞而煩，其脈大，自能飲食，腹中和無病，病在頭中寒濕，故鼻塞，內藥鼻中則愈。,濕家病身上疼痛，發熱面黃而喘，頭痛鼻塞而煩，其脈大，自能飲食，腹中和無病，病在頭中寒濕，故鼻塞，內藥鼻中則愈。,False,[],[],"[""發熱"", ""喘"", ""頭痛""]",[],"[""大""]",[],[],[],[],[],"[""愈""]",[],[],[],[],2712433a53865cf8219dc4d31480bad8368cc077e7ac2425ff48e777bc74940c,pending,,text_match
SHL_SONGBEN_AUX_0152,SHSRC0035,傷寒論（宋本）,songben,,辨痙濕暍脈證第四,,auxiliary_clause,A,病者一身盡疼，發熱，日晡所劇者，此名風濕。此病傷於汗出當風，或久傷取冷所致也。,病者一身盡疼，發熱，日晡所劇者，此名風濕。此病傷於汗出當風，或久傷取冷所致也。,False,[],[],"[""發熱"", ""汗出""]",[],[],"[""風濕""]",[],[],[],[],[],[],"[""久""]",[],"[""或""]",6015c54b210d9336293dccc76f12c33930294e56b9bea246058f56484f5f7736,pending,,text_match
SHL_SONGBEN_AUX_0153,SHSRC0035,傷寒論（宋本）,songben,,辨痙濕暍脈證第四,,auxiliary_clause,A,太陽中熱者，暍是也，其人汗出惡寒，身熱而渴也。,太陽中熱者，暍是也，其人汗出惡寒，身熱而渴也。,False,[],[],"[""汗出"", ""惡寒"", ""身熱"", ""渴""]",[],[],[],[],[],[],[],[],[],[],[],[],5d5296259ac823d255b7d8215d4581b7353881b5816ff79dd8e11140bb87acf1,pending,,text_match
SHL_SONGBEN_AUX_0154,SHSRC0035,傷寒論（宋本）,songben,,辨痙濕暍脈證第四,,auxiliary_clause,A,太陽中暍者，身熱疼重，而脈微弱，此亦夏月傷冷水，水行皮中所致也。,太陽中暍者，身熱疼重，而脈微弱，此亦夏月傷冷水，水行皮中所致也。,False,[],[],"[""身熱""]",[],"[""微弱""]","[""中暍""]",[],[],[],[],[],[],[],[],[],caf3161b023be10df512e578ec28e68040c2730f8919a06b515e6f069b3fa1b7,pending,,text_match
SHL_SONGBEN_AUX_0155,SHSRC0035,傷寒論（宋本）,songben,,辨痙濕暍脈證第四,,auxiliary_clause,A,太陽中暍者，發熱惡寒，身重而疼痛，其脈弦細芤遲，小便已，灑灑然毛聳，手足逆冷，小有勞，身即熱，口開，前板齒燥。若發汗，則惡寒甚；加溫針，則發熱甚；數下之，則淋甚。,太陽中暍者，發熱惡寒，身重而疼痛，其脈弦細芤遲，小便已，灑灑然毛聳，手足逆冷，小有勞，身即熱，口開，前板齒燥。若發汗，則惡寒甚；加溫針，則發熱甚；數下之，則淋甚。,False,[],[],"[""發熱"", ""惡寒"", ""身重"", ""手足逆冷""]",[],"[""弦細"", ""遲弦細芤""]","[""中暍""]","[""發汗"", ""下之""]",[],"[""數下之"", ""加溫針""]",[],[],[],[],[],"[""若""]",f09bc0539f98aab6c3c6ac293bb86e97e6cb1bca4cddf088d6d49a0fcdcf51d3,pending,,text_match
SHL_SONGBEN_AUX_0156,SHSRC0035,傷寒論（宋本）,songben,,辨不可發汗病脈證並治第十五,,auxiliary_clause,A,夫以為疾病至急，倉卒尋按，要者難得，故重集諸可與不可方治，比之三陰三陽篇中，此易見也。又時有不止是三陰三陽，出在諸可與不可中也。,夫以為疾病至急，倉卒尋按，要者難得，故重集諸可與不可方治，比之三陰三陽篇中，此易見也。又時有不止是三陰三陽，出在諸可與不可中也。,False,[],[],[],[],[],[],[],[],[],[],[],[],[],[],"[""不可"", ""可與"", ""急""]",6b671ff5680dfd23cd0c6c9d2215b3bef0740f26d2be87c97266dc375174ba4c,pending,,text_match
SHL_SONGBEN_AUX_0157,SHSRC0035,傷寒論（宋本）,songben,,辨不可發汗病脈證並治第十五,,auxiliary_clause,A,脈濡而弱，弱反在關，濡反在巔，微反在上，濇反在下。微則陽氣不足，濇則無血。陽氣反微，中風汗出而反躁煩。濇則無血，厥而且寒。陽微發汗，躁不得眠。,脈濡而弱，弱反在關，濡反在巔，微反在上，濇反在下。微則陽氣不足，濇則無血。陽氣反微，中風汗出而反躁煩。濇則無血，厥而且寒。陽微發汗，躁不得眠。,False,[],[],"[""汗出"", ""反躁煩"", ""厥"", ""不得眠""]",[],"[""弱濡""]","[""中風""]","[""發汗""]",[],[],"[""厥""]",[],[],[],[],"[""反""]",b863dbef1953032189e9608f578aa11f32525b44e5763a58374574efc3135348,pending,,text_match
SHL_SONGBEN_AUX_0158,SHSRC0035,傷寒論（宋本）,songben,,辨不可發汗病脈證並治第十五,,auxiliary_clause,A,動氣在右，不可發汗，發汗則衄而渴，心苦煩，飲即吐水。,動氣在右，不可發汗，發汗則衄而渴，心苦煩，飲即吐水。,False,[],[],"[""衄"", ""渴""]",[],[],[],"[""可發汗""]","[""不可發汗""]",[],"[""衄""]",[],[],[],[],"[""不可""]",46d8d10b5a03d296e50f783779fe77044693e3c2651b68374849a78514193b84,pending,,text_match
SHL_SONGBEN_AUX_0159,SHSRC0035,傷寒論（宋本）,songben,,辨不可發汗病脈證並治第十五,,auxiliary_clause,A,動氣在左，不可發汗，發汗則頭眩，汗不止，筋惕肉瞤。,動氣在左，不可發汗，發汗則頭眩，汗不止，筋惕肉瞤。,False,[],[],"[""頭眩"", ""筋惕肉瞤""]",[],[],[],"[""可發汗""]","[""不可發汗""]",[],"[""筋惕肉瞤""]",[],[],[],[],"[""不可""]",949e8ffd8eaa7f3db2534bcff929e2ab59700b790e9323e63d28be32381cc962,pending,,text_match
SHL_SONGBEN_AUX_0160,SHSRC0035,傷寒論（宋本）,songben,,辨不可發汗病脈證並治第十五,,auxiliary_clause,A,動氣在上，不可發汗，發汗則氣上衝，正在心端。,動氣在上，不可發汗，發汗則氣上衝，正在心端。,False,[],[],"[""氣上衝""]",[],[],[],"[""可發汗""]","[""不可發汗""]",[],[],[],[],[],[],"[""不可""]",27756205ea63a2fd3db4e67247f0c413634dd060b61f2f5f4950b9e3af3682f8,pending,,text_match
SHL_SONGBEN_AUX_0161,SHSRC0035,傷寒論（宋本）,songben,,辨不可發汗病脈證並治第十五,,auxiliary_clause,A,動氣在下，不可發汗，發汗則無汗，心中大煩，骨節苦疼，目運，惡寒，食則反吐，穀不得前。,動氣在下，不可發汗，發汗則無汗，心中大煩，骨節苦疼，目運，惡寒，食則反吐，穀不得前。,False,[],[],"[""無汗"", ""惡寒""]",[],[],[],"[""可發汗""]","[""不可發汗""]",[],[],[],[],[],[],"[""不可"", ""反""]",ad1d124fc10601f7bea7c68bb91346627a64f36cb281ef4596c4775d9b198f93,pending,,text_match
SHL_SONGBEN_AUX_0162,SHSRC0035,傷寒論（宋本）,songben,,辨不可發汗病脈證並治第十五,,auxiliary_clause,A,咽中閉塞，不可發汗，發汗則吐，血氣欲絕，手足厥冷，欲得踡臥，不能自溫。,咽中閉塞，不可發汗，發汗則吐，血氣欲絕，手足厥冷，欲得踡臥，不能自溫。,False,[],[],"[""手足厥冷"", ""踡臥""]",[],[],[],"[""可發汗""]","[""不可發汗""]",[],"[""厥""]",[],[],[],[],"[""不可""]",46f5f9e14f44a47c35c6206607bdf6ae64cc8eace2c332f15ce546c93a8d86eb,pending,,text_match
SHL_SONGBEN_AUX_0163,SHSRC0035,傷寒論（宋本）,songben,,辨不可發汗病脈證並治第十五,,auxiliary_clause,A,諸脈得數動微弱者，不可發汗，發汗則大便難，腹中乾，胃燥而煩，其形相象，根本異源。,諸脈得數動微弱者，不可發汗，發汗則大便難，腹中乾，胃燥而煩，其形相象，根本異源。,False,[],[],"[""大便難""]",[],"[""數微弱動""]",[],"[""可發汗""]","[""不可發汗""]",[],[],[],[],[],[],"[""不可""]",80640dac54d4d0b03031609c3f8db724eea06cffe59d51205c73ce5b890e9435,pending,,text_match
SHL_SONGBEN_AUX_0164,SHSRC0035,傷寒論（宋本）,songben,,辨不可發汗病脈證並治第十五,,auxiliary_clause,A,脈微而弱，弱反在關，濡反在巔，弦反在上，微反在下。弦為陽運，微為陰寒。上實下虛，意欲得溫。微弦為虛，不可發汗，發汗則寒慄，不能自還。,脈微而弱，弱反在關，濡反在巔，弦反在上，微反在下。弦為陽運，微為陰寒。上實下虛，意欲得溫。微弦為虛，不可發汗，發汗則寒慄，不能自還。,False,[],[],[],[],"[""微"", ""微弱""]",[],"[""可發汗""]","[""不可發汗""]",[],[],[],[],[],[],"[""不可"", ""反""]",1294b1e4ed152ee6425ec4c3e99cd3d7068581f2ca17dcc1ef2fa5e72465247d,pending,,text_match
SHL_SONGBEN_AUX_0165,SHSRC0035,傷寒論（宋本）,songben,,辨不可發汗病脈證並治第十五,,auxiliary_clause,A,欬者則劇，數吐涎沫，咽中必乾，小便不利，心中饑煩，晬時而發，其形似瘧，有寒無熱，虛而寒慄，欬而發汗，踡而苦滿，腹中復堅。,欬者則劇，數吐涎沫，咽中必乾，小便不利，心中饑煩，晬時而發，其形似瘧，有寒無熱，虛而寒慄，欬而發汗，踡而苦滿，腹中復堅。,False,[],[],"[""咳"", ""吐涎沫"", ""小便不利""]",[],[],[],"[""發汗""]",[],[],[],[],[],[],[],"[""必""]",c2f0e6bd39e4d750fa925cb576151aadf1b179efda0c72f2cdded962ac2e5964,pending,,text_match
SHL_SONGBEN_AUX_0166,SHSRC0035,傷寒論（宋本）,songben,,辨不可發汗病脈證並治第十五,,auxiliary_clause,A,厥，脈緊，不可發汗，發汗則聲亂，咽嘶舌萎，聲不得前。,厥，脈緊，不可發汗，發汗則聲亂，咽嘶舌萎，聲不得前。,False,[],[],"[""厥""]",[],"[""緊""]",[],"[""可發汗""]","[""不可發汗""]",[],"[""厥""]",[],[],[],[],"[""不可""]",836f1adc97460877129361c9fc09db3fe540341b782c1731dc0b173a3ef418d7,pending,,text_match
SHL_SONGBEN_AUX_0167,SHSRC0035,傷寒論（宋本）,songben,,辨不可發汗病脈證並治第十五,,auxiliary_clause,A,諸逆發汗，病微者難差，劇者言亂、目眩者死，命將難全。,諸逆發汗，病微者難差，劇者言亂、目眩者死，命將難全。,False,[],[],"[""目眩""]",[],[],[],"[""發汗""]",[],[],[],"[""死""]",[],[],[],[],705702b621621d602e02df9b59346b6dfa0246928b2d39d8546c044a51708c30,pending,,text_match
SHL_SONGBEN_AUX_0168,SHSRC0035,傷寒論（宋本）,songben,,辨不可發汗病脈證並治第十五,,auxiliary_clause,A,欬而小便利，若失小便者，不可發汗，汗出則四肢厥逆冷。,欬而小便利，若失小便者，不可發汗，汗出則四肢厥逆冷。,False,[],[],"[""咳"", ""小便利"", ""汗出"", ""厥逆""]",[],[],[],"[""可發汗""]","[""不可發汗""]",[],"[""厥逆"", ""厥""]",[],[],[],[],"[""不可"", ""若""]",aae38521c97643ed1d735ef34d16f10c3c33b80b679545a5dc1156df46b7b0d5,pending,,text_match
SHL_SONGBEN_AUX_0169,SHSRC0035,傷寒論（宋本）,songben,,辨不可發汗病脈證並治第十五,,auxiliary_clause,A,傷寒頭痛，翕翕發熱，形象中風，常微汗出。自嘔者，下之益煩，心中懊憹如饑；發汗則致痙，身強，難以屈伸；熏之則發黃，不得小便；灸則發欬唾。,傷寒頭痛，翕翕發熱，形象中風，常微汗出。自嘔者，下之益煩，心中懊憹如饑；發汗則致痙，身強，難以屈伸；熏之則發黃，不得小便；灸則發欬唾。,False,[],[],"[""頭痛"", ""翕翕發熱"", ""汗出"", ""嘔"", ""心中懊憹"", ""發黃"", ""咳""]",[],[],"[""傷寒"", ""中風"", ""痙""]","[""發汗"", ""下之""]",[],"[""下之""]","[""心中懊憹"", ""懊憹"", ""發黃"", ""痙""]",[],[],[],[],[],ea5a61c72ba2c54e11a8d06fc8c1f11b625c3037bd48ccb207271ddc836f89f4,pending,,text_match
SHL_SONGBEN_AUX_0170,SHSRC0035,傷寒論（宋本）,songben,,辨可發汗脈證並治第十六,,auxiliary_clause,A,大法，春夏宜發汗。,大法，春夏宜發汗。,False,[],[],[],[],[],[],"[""發汗""]",[],[],[],[],[],[],[],"[""宜""]",cafa98ed4c9ee0684a195cdbb93fd72d01f919c89a1fdfde3acb601a40e3b281,pending,,text_match_short_12
SHL_SONGBEN_AUX_0171,SHSRC0035,傷寒論（宋本）,songben,,辨可發汗脈證並治第十六,,auxiliary_clause,A,凡發汗，欲令手足俱周，時出以漐漐然，一時間許亦佳，不可令如水流漓。若病不解，當重發汗。汗多必亡陽，陽虛不得重發汗也。,凡發汗，欲令手足俱周，時出以漐漐然，一時間許亦佳，不可令如水流漓。若病不解，當重發汗。汗多必亡陽，陽虛不得重發汗也。,False,[],[],"[""汗多""]",[],[],[],"[""發汗""]",[],"[""重發汗""]","[""亡陽""]","[""解""]",[],[],[],"[""不可"", ""若"", ""必""]",025dfd9c537417a8c308d5e6086cb9c985d85dc66544ed89f99690053932787d,pending,,text_match
SHL_SONGBEN_AUX_0172,SHSRC0035,傷寒論（宋本）,songben,,辨可發汗脈證並治第十六,,auxiliary_clause,A,凡服湯發汗，中病便止，不必盡劑。,凡服湯發汗，中病便止，不必盡劑。,False,[],[],[],[],[],[],"[""發汗""]",[],[],[],[],[],[],[],"[""必""]",a985401ca77f15e701b364db95616da0ff68bab0c946d636d5c1c596ecc546b8,pending,,text_match
SHL_SONGBEN_AUX_0173,SHSRC0035,傷寒論（宋本）,songben,,辨可發汗脈證並治第十六,,auxiliary_clause,A,凡云可發汗，無湯者，丸散亦可用。要以汗出為解，然不如湯，隨證良驗。,凡云可發汗，無湯者，丸散亦可用。要以汗出為解，然不如湯，隨證良驗。,False,[],[],"[""汗出""]",[],[],[],"[""可發汗""]",[],[],[],"[""解""]",[],[],[],[],c15b5d45811ec5e9161693b6f817f84d58f8666390ff9e164bd83d6db866bfe3,pending,,text_match
SHL_SONGBEN_AUX_0174,SHSRC0035,傷寒論（宋本）,songben,,辨可發汗脈證並治第十六,,auxiliary_clause,A,夫病脈浮大，問病者，言但便鞕爾，設利者，為大逆。鞕為實，汗出而解。何以故？脈浮，當以汗解。,夫病脈浮大，問病者，言但便鞕爾，設利者，為大逆。鞕為實，汗出而解。何以故？脈浮，當以汗解。,False,[],[],"[""汗出""]",[],"[""浮"", ""浮大""]",[],"[""汗解""]",[],[],[],"[""解""]",[],[],[],"[""但""]",41600a352528da400bec8585064407a45b830dfcf05985d0f99537539fa232d2,pending,,text_match
SHL_SONGBEN_AUX_0175,SHSRC0035,傷寒論（宋本）,songben,,辨可發汗脈證並治第十六,,auxiliary_clause,A,下利後，身疼痛，清便自調者，急當救表，宜桂枝湯發汗。,下利後，身疼痛，清便自調者，急當救表，宜桂枝湯發汗。,True,"[""桂枝湯""]",[],"[""下利"", ""身疼痛""]",[],[],[],"[""發汗""]",[],[],[],[],[],[],[],"[""急"", ""宜""]",03a7ee88c182fec886547bf520e3affa7ea80a9fb6413d3bc455789bff8aa427,pending,,text_match
SHL_SONGBEN_AUX_0176,SHSRC0035,傷寒論（宋本）,songben,,辨發汗後病脈證並治第十七,,auxiliary_clause,A,發汗多亡陽，譫語者，不可下，與柴胡桂枝湯。和其榮衛，以通津液，後自愈。,發汗多亡陽，譫語者，不可下，與柴胡桂枝湯。和其榮衛，以通津液，後自愈。,True,"[""柴胡桂枝湯""]",[],"[""汗多"", ""譫語""]",[],[],[],"[""發汗"", ""可下""]","[""不可下""]",[],"[""亡陽"", ""譫語""]","[""自愈""]",[],[],[],"[""不可""]",5559393653a554b93d3431b5342198bd77e52a4e75b1189b361b7240d7b23c49,pending,,text_match
SHL_SONGBEN_AUX_0177,SHSRC0035,傷寒論（宋本）,songben,,辨發汗後病脈證並治第十七,,auxiliary_clause,A,此一卷，第十七篇，凡三十一證，前有詳說。,此一卷，第十七篇，凡三十一證，前有詳說。,False,[],[],[],[],[],[],[],[],[],[],[],[],[],[],[],c554f1e226c326b45aa70087d18e3b78931f8b6a578fb629c15bea1c41073a4a,pending,,text_match
SHL_SONGBEN_AUX_0178,SHSRC0035,傷寒論（宋本）,songben,,辨不可吐第十八,,auxiliary_clause,A,合四證，已具太陽篇中。,合四證，已具太陽篇中。,False,[],[],[],[],[],[],[],[],[],[],[],[],[],[],[],e197f9b1bae91de6a421266337978460b611fb4f3a316ece6ef6f1707312e090,pending,,text_match
SHL_SONGBEN_AUX_0179,SHSRC0035,傷寒論（宋本）,songben,,辨可吐第十九,,auxiliary_clause,A,大法，春宜吐。,大法，春宜吐。,False,[],[],[],[],[],[],[],[],[],[],[],[],[],[],"[""宜""]",d4b540791aba82703b4843a05de6c98d1f8687f6c3cdb4ef4774c0326ea527fb,pending,,text_match_short_12
SHL_SONGBEN_AUX_0180,SHSRC0035,傷寒論（宋本）,songben,,辨可吐第十九,,auxiliary_clause,A,凡用吐湯，中病即止，不必盡劑也。,凡用吐湯，中病即止，不必盡劑也。,False,[],[],[],[],[],[],[],[],[],[],[],[],[],[],"[""必""]",2e2b739967053ce6afb3aece8553fe725823ce6cc3991c84a8cd8153643cf2e6,pending,,text_match
SHL_SONGBEN_AUX_0181,SHSRC0035,傷寒論（宋本）,songben,,辨可吐第十九,,auxiliary_clause,A,病胸上諸實，胸中鬱鬱而痛，不能食，欲使人按之，而反有涎唾，下利日十餘行，其脈反遲，寸口脈微滑，此可吐之，吐之利則止。,病胸上諸實，胸中鬱鬱而痛，不能食，欲使人按之，而反有涎唾，下利日十餘行，其脈反遲，寸口脈微滑，此可吐之，吐之利則止。,False,[],[],"[""不能食"", ""下利""]",[],"[""微"", ""遲"", ""滑微""]",[],"[""吐之""]",[],[],[],[],[],[],[],"[""反""]",663803df809a0dbf8bfe63e3fe45ae549623a4c4d1c150010682bb0f2f49f0bf,pending,,text_match
SHL_SONGBEN_AUX_0182,SHSRC0035,傷寒論（宋本）,songben,,辨可吐第十九,,auxiliary_clause,A,宿食在上脘者，當吐之。,宿食在上脘者，當吐之。,False,[],[],[],[],[],[],"[""吐之""]",[],[],[],[],[],[],[],[],f989789c979a19de494260885239d0661b6a250cfdc16ba4945f2ebd8074abde,pending,,text_match
SHL_SONGBEN_AUX_0183,SHSRC0035,傷寒論（宋本）,songben,,辨可吐第十九,,auxiliary_clause,A,病人手足厥冷，脈乍結，以客氣在胸中。心下滿而煩，欲食不能食者，病在胸中，當吐之。,病人手足厥冷，脈乍結，以客氣在胸中。心下滿而煩，欲食不能食者，病在胸中，當吐之。,False,[],[],"[""手足厥冷"", ""不能食""]",[],"[""結""]",[],"[""吐之""]",[],[],"[""厥""]",[],[],[],[],[],311806ef8023123d726e1879fc3afd08c84dc59820c6111a3f4fa008613ccab4,pending,,text_match
SHL_SONGBEN_AUX_0184,SHSRC0035,傷寒論（宋本）,songben,,辨不可下病脈證並治第二十,,auxiliary_clause,A,脈濡而弱，弱反在關，濡反在巔，微反在上，濇反在下。微則陽氣不足，濇則無血。陽氣反微，中風、汗出而反躁煩；濇則無血，厥而且寒。陽微不可下，下之則心下痞鞕。,脈濡而弱，弱反在關，濡反在巔，微反在上，濇反在下。微則陽氣不足，濇則無血。陽氣反微，中風、汗出而反躁煩；濇則無血，厥而且寒。陽微不可下，下之則心下痞鞕。,False,[],[],"[""汗出"", ""反躁煩"", ""厥"", ""心下痞硬""]",[],"[""弱濡""]","[""中風""]","[""下之""]","[""不可下""]","[""下之""]","[""心下痞"", ""厥"", ""痞""]",[],[],[],[],"[""不可"", ""反""]",eb2f6f95b989cdeb13dd1ac488c733d72642a0d3fb3f605f4a02802fb8890d0c,pending,,text_match
SHL_SONGBEN_AUX_0185,SHSRC0035,傷寒論（宋本）,songben,,辨不可下病脈證並治第二十,,auxiliary_clause,A,動氣在右，不可下。下之則津液內竭，咽燥、鼻乾、頭眩、心悸也。,動氣在右，不可下。下之則津液內竭，咽燥、鼻乾、頭眩、心悸也。,False,[],[],"[""鼻乾"", ""頭眩""]",[],[],[],"[""下之""]","[""不可下""]","[""下之""]",[],[],[],[],[],"[""不可""]",9258ad6901279071b236d526468dcbf806a84b5aa5d13fc38c792cad0eb8772f,pending,,text_match
SHL_SONGBEN_AUX_0186,SHSRC0035,傷寒論（宋本）,songben,,辨不可下病脈證並治第二十,,auxiliary_clause,A,動氣在左，不可下。下之則腹內拘急，食不下，動氣更劇。雖有身熱，臥則欲踡。,動氣在左，不可下。下之則腹內拘急，食不下，動氣更劇。雖有身熱，臥則欲踡。,False,[],[],"[""身熱""]",[],[],[],"[""下之""]","[""不可下""]","[""下之""]",[],[],[],[],[],"[""不可"", ""急""]",331852325a4b7f68cd459c53da7f5c65daf03a948f3ae1519f9aeffe691059b0,pending,,text_match
SHL_SONGBEN_AUX_0187,SHSRC0035,傷寒論（宋本）,songben,,辨不可下病脈證並治第二十,,auxiliary_clause,A,動氣在上，不可下。下之則掌握熱煩，身上浮冷，熱汗自泄，欲得水自灌。,動氣在上，不可下。下之則掌握熱煩，身上浮冷，熱汗自泄，欲得水自灌。,False,[],[],[],[],[],[],"[""下之""]","[""不可下""]","[""下之""]",[],[],[],[],[],"[""不可""]",47b264bdfd1b56acbce2bb603250bd466852c1ca2155b293d9d89e59160a8ecf,pending,,text_match
SHL_SONGBEN_AUX_0188,SHSRC0035,傷寒論（宋本）,songben,,辨不可下病脈證並治第二十,,auxiliary_clause,A,動氣在下，不可下。下之則腹脹滿，卒起頭眩，食則下清穀，心下痞也。,動氣在下，不可下。下之則腹脹滿，卒起頭眩，食則下清穀，心下痞也。,False,[],[],"[""腹脹滿"", ""頭眩"", ""心下痞""]",[],[],[],"[""下之""]","[""不可下""]","[""下之""]","[""心下痞"", ""痞""]",[],[],[],[],"[""不可""]",d831e9c375711b39874f5439f8e1993dbc9b314434398b847cea44daae0c93d7,pending,,text_match
SHL_SONGBEN_AUX_0189,SHSRC0035,傷寒論（宋本）,songben,,辨不可下病脈證並治第二十,,auxiliary_clause,A,咽中閉寒，不可下。下之則上輕下重，水漿不下，臥則欲踡，身急痛，下利日數十行。,咽中閉寒，不可下。下之則上輕下重，水漿不下，臥則欲踡，身急痛，下利日數十行。,False,[],[],"[""下重"", ""下利""]",[],[],[],"[""下之""]","[""不可下""]","[""下之""]",[],[],[],[],[],"[""不可"", ""急""]",85171ff263b604a822a0a0e35958f1fad5b14faa6639ce7649ab8115f50700c0,pending,,text_match
SHL_SONGBEN_AUX_0190,SHSRC0035,傷寒論（宋本）,songben,,辨不可下病脈證並治第二十,,auxiliary_clause,A,諸外實者，不可下。下之則發微熱，亡脈厥者，當臍握熱。,諸外實者，不可下。下之則發微熱，亡脈厥者，當臍握熱。,False,[],[],"[""微熱"", ""厥""]",[],[],[],"[""下之""]","[""不可下""]","[""下之""]","[""厥""]",[],[],[],[],"[""不可""]",1c250b85ce4fae5924d9edc25e13fe59976f5ada77f6df4e638fa5ff27eaba7e,pending,,text_match
SHL_SONGBEN_AUX_0191,SHSRC0035,傷寒論（宋本）,songben,,辨不可下病脈證並治第二十,,auxiliary_clause,A,諸虛者，不可下。下之則大渴，求水者易愈，惡水者劇。,諸虛者，不可下。下之則大渴，求水者易愈，惡水者劇。,False,[],[],"[""大渴""]",[],[],[],"[""下之""]","[""不可下""]","[""下之""]",[],"[""愈""]",[],[],[],"[""不可""]",8a124f07bdfd622335c137e176f0f4b245fbc572c6b7ba72507c0d888d339b5a,pending,,text_match
SHL_SONGBEN_AUX_0192,SHSRC0035,傷寒論（宋本）,songben,,辨不可下病脈證並治第二十,,auxiliary_clause,A,脈濡而弱，弱反在關，濡反在巔，弦反在上，微反在下。弦為陽運，微為陰寒。上實下虛，意欲得溫。微弦為虛，虛者不可下也。,脈濡而弱，弱反在關，濡反在巔，弦反在上，微反在下。弦為陽運，微為陰寒。上實下虛，意欲得溫。微弦為虛，虛者不可下也。,False,[],[],[],[],"[""弱濡""]",[],"[""可下""]","[""不可下""]",[],[],[],[],[],[],"[""不可"", ""反""]",f36e93e296cc6bf164f5f4b80e8f9f9171deb48a92f86eaecb42647d151d8f94,pending,,text_match
SHL_SONGBEN_AUX_0193,SHSRC0035,傷寒論（宋本）,songben,,辨不可下病脈證並治第二十,,auxiliary_clause,A,微則為欬，欬則吐涎，下之則欬止，而利因不休。利不休，則胸中如蟲齧，粥入則出，小便不利，兩脅拘急，喘息為難，頸背相引，臂則不仁，極寒，反汗出，身冷若冰，眼睛不慧，語言不休，而穀氣多入，此為除中，口雖欲言，舌不得前。,微則為欬，欬則吐涎，下之則欬止，而利因不休。利不休，則胸中如蟲齧，粥入則出，小便不利，兩脅拘急，喘息為難，頸背相引，臂則不仁，極寒，反汗出，身冷若冰，眼睛不慧，語言不休，而穀氣多入，此為除中，口雖欲言，舌不得前。,False,[],[],"[""咳"", ""小便不利"", ""喘"", ""反汗出""]",[],[],"[""除中""]","[""下之""]",[],"[""下之""]","[""除中""]",[],[],[],[],"[""若"", ""反"", ""急""]",a07e72610b20c13664859b2873e5e9a6cf9cfb01150420f5cbecb510788d97db,pending,,text_match
SHL_SONGBEN_AUX_0194,SHSRC0035,傷寒論（宋本）,songben,,辨不可下病脈證並治第二十,,auxiliary_clause,A,脈濡而弱，弱反在關，濡反在巔，浮反在上，數反在下。浮為陽虛，數為無血，浮為虛，數為熱。浮為虛，自汗出而惡寒；數為痛，振寒而慄。微弱在關，胸下為急，喘汗而不得呼吸，呼吸之中，痛在於脅，振寒相搏，形如瘧狀，醫反下之，故令脈數、發熱，狂走見鬼，心下為痞，小便淋瀝，小腹甚鞕，小便則尿血也。,脈濡而弱，弱反在關，濡反在巔，浮反在上，數反在下。浮為陽虛，數為無血，浮為虛，數為熱。浮為虛，自汗出而惡寒；數為痛，振寒而慄。微弱在關，胸下為急，喘汗而不得呼吸，呼吸之中，痛在於脅，振寒相搏，形如瘧狀，醫反下之，故令脈數、發熱，狂走見鬼，心下為痞，小便淋瀝，小腹甚鞕，小便則尿血也。,False,[],[],"[""自汗出"", ""惡寒"", ""振寒"", ""喘"", ""如瘧狀"", ""發熱""]",[],"[""數"", ""弱濡""]","[""痞""]","[""下之""]",[],"[""醫反下之""]","[""痞""]",[],[],[],[],"[""反"", ""急""]",e319af2bf69935e347f42b163e1dde3a2ff72b9df05017afc03ffa8ad09b9287,pending,,text_match
SHL_SONGBEN_AUX_0195,SHSRC0035,傷寒論（宋本）,songben,,辨不可下病脈證並治第二十,,auxiliary_clause,A,脈濡而緊，濡則衛氣微，緊則榮中寒。陽微衛中風，發熱而惡寒；榮緊胃氣冷，微嘔心內煩。醫為有大熱，解肌而發汗，亡陽虛煩躁，心下苦痞堅。表裏俱虛竭，卒起而頭眩。客熱在皮膚，悵怏不得眠。不知胃氣冷，緊寒在關元。技巧無所施，汲水灌其身。客熱應時罷，慄慄而振寒。重被而覆之，汗出而冒巔。體惕而又振，小便為微難。寒氣因水發，清穀不容間。嘔變反腸出，顛倒不得安。手足為微逆，身冷而內煩。遲欲從後救，安可復追還。,脈濡而緊，濡則衛氣微，緊則榮中寒。陽微衛中風，發熱而惡寒；榮緊胃氣冷，微嘔心內煩。醫為有大熱，解肌而發汗，亡陽虛煩躁，心下苦痞堅。表裏俱虛竭，卒起而頭眩。客熱在皮膚，悵怏不得眠。不知胃氣冷，緊寒在關元。技巧無所施，汲水灌其身。客熱應時罷，慄慄而振寒。重被而覆之，汗出而冒巔。體惕而又振，小便為微難。寒氣因水發，清穀不容間。嘔變反腸出，顛倒不得安。手足為微逆，身冷而內煩。遲欲從後救，安可復追還。,False,[],[],"[""發熱"", ""惡寒"", ""嘔"", ""煩躁"", ""頭眩"", ""不得眠"", ""振寒"", ""汗出""]",[],"[""緊濡""]","[""中風"", ""痞""]","[""發汗""]",[],[],"[""亡陽"", ""煩躁"", ""虛煩"", ""痞""]","[""解""]",[],[],[],"[""反""]",4ecadbadc37f0e8de3837a247dcc357801f9d4ccb700853e53f53a8068c3a178,pending,,text_match
SHL_SONGBEN_AUX_0196,SHSRC0035,傷寒論（宋本）,songben,,辨不可下病脈證並治第二十,,auxiliary_clause,A,脈浮而大，浮為氣實，大為血虛。血虛為無陰，孤陽獨下陰部者，小便當赤而難，胞中當虛，今反小便利而大汗出，法應衛家當微，今反更實，津液四射，榮竭血盡，乾煩而不得眠，血薄肉消，而成暴液。醫復以毒藥攻其胃，此為重虛，客陽去有期，必下如污埿而死。,脈浮而大，浮為氣實，大為血虛。血虛為無陰，孤陽獨下陰部者，小便當赤而難，胞中當虛，今反小便利而大汗出，法應衛家當微，今反更實，津液四射，榮竭血盡，乾煩而不得眠，血薄肉消，而成暴液。醫復以毒藥攻其胃，此為重虛，客陽去有期，必下如污埿而死。,False,[],[],"[""反小便利"", ""大汗出"", ""不得眠""]",[],"[""浮"", ""浮大""]",[],[],[],[],[],"[""死""]",[],[],[],"[""反"", ""必""]",f376faa95dd08afd74845444574904ead88d306b1d37030878faceb6139e2c54,pending,,text_match
SHL_SONGBEN_AUX_0197,SHSRC0035,傷寒論（宋本）,songben,,辨不可下病脈證並治第二十,,auxiliary_clause,A,脈數者，久數不止，止則邪結正氣不能復，正氣卻結於藏，故邪氣浮之，與皮毛相得。脈數者，不可下，下之則必煩，利不止。,脈數者，久數不止，止則邪結正氣不能復，正氣卻結於藏，故邪氣浮之，與皮毛相得。脈數者，不可下，下之則必煩，利不止。,False,[],[],"[""利不止""]",[],"[""數""]",[],"[""下之""]","[""不可下""]","[""下之""]",[],[],[],"[""久""]",[],"[""不可"", ""必""]",393714bebffe79184518c169bf9ba644616fd3970c98ce3f66d1c336715fc851,pending,,text_match
SHL_SONGBEN_AUX_0198,SHSRC0035,傷寒論（宋本）,songben,,辨不可下病脈證並治第二十,,auxiliary_clause,A,脈浮大，應發汗，醫反下之，此為大逆。,脈浮大，應發汗，醫反下之，此為大逆。,False,[],[],[],[],"[""浮"", ""浮大""]",[],"[""發汗"", ""下之""]",[],"[""醫反下之""]",[],[],[],[],[],"[""反""]",1051e312cd2852dab8e25b64da87d610eae631879fa54c3cb95185e0f8069a80,pending,,text_match
SHL_SONGBEN_AUX_0199,SHSRC0033,傷寒論（宋本）,songben,,辨不可下病脈證並治第二十,,auxiliary_clause,A,嘔多，雖有陽明證，不可攻之。,嘔多，雖有陽明證，不可攻之。,False,[],[],"[""嘔""]",[],[],[],[],"[""不可攻之""]",[],[],[],[],[],[],"[""不可""]",92e7690d6c5acc8c89f9a8f0644df9467b73e2fa7d2d6b84e272862727f31ad4,pending,,text_match_multi
SHL_SONGBEN_AUX_0200,SHSRC0035,傷寒論（宋本）,songben,,辨不可下病脈證並治第二十,,auxiliary_clause,A,太陽病，外證未解，不可下，下之為逆。,太陽病，外證未解，不可下，下之為逆。,False,[],[],[],[],[],"[""太陽病""]","[""下之""]","[""不可下""]","[""下之""]",[],"[""解""]",[],[],[],"[""不可""]",5126842c283364069efa63c453ea608ee8dd84ab06ac2fa82c1138c1cba64f09,pending,,text_match
SHL_SONGBEN_AUX_0201,SHSRC0035,傷寒論（宋本）,songben,,辨不可下病脈證並治第二十,,auxiliary_clause,A,夫病陽多者熱，下之則鞕。,夫病陽多者熱，下之則鞕。,False,[],[],[],[],[],[],"[""下之""]",[],"[""下之""]",[],[],[],[],[],[],d25358dd09ba7de9870d65364c73d57241789434d4207b60ce559baf01427442,pending,,text_match
SHL_SONGBEN_AUX_0202,SHSRC0035,傷寒論（宋本）,songben,,辨不可下病脈證並治第二十,,auxiliary_clause,A,無陽陰強，大便鞕者，下之則必清穀腹滿。,無陽陰強，大便鞕者，下之則必清穀腹滿。,False,[],[],"[""大便硬"", ""腹滿""]",[],[],[],"[""下之""]",[],"[""下之""]",[],[],[],[],[],"[""必""]",5460cc2de9213d0e5f2320ba966b4e2c52ee8843d32e908c5f863c839cea6921,pending,,text_match
SHL_SONGBEN_AUX_0203,SHSRC0035,傷寒論（宋本）,songben,,辨不可下病脈證並治第二十,,auxiliary_clause,A,傷寒發熱，頭痛，微汗出。發汗則不識人；熏之則喘，不得小便，心腹滿；下之則短氣，小便難，頭痛，背強；加溫針則衄。,傷寒發熱，頭痛，微汗出。發汗則不識人；熏之則喘，不得小便，心腹滿；下之則短氣，小便難，頭痛，背強；加溫針則衄。,False,[],[],"[""發熱"", ""頭痛"", ""汗出"", ""不識人"", ""喘"", ""腹滿"", ""短氣"", ""小便難"", ""衄""]",[],[],"[""傷寒""]","[""發汗"", ""下之""]",[],"[""下之"", ""加溫針""]","[""衄""]",[],[],[],[],[],19b53f329f4853b057b0d1d585fa582a1a34b1830076c4cac91474b68d860059,pending,,text_match
SHL_SONGBEN_AUX_0204,SHSRC0035,傷寒論（宋本）,songben,,辨不可下病脈證並治第二十,,auxiliary_clause,A,傷寒，脈陰陽俱緊，惡寒發熱，則脈欲厥。厥者，脈初來大，漸漸小，更來漸漸大，是其候也。如此者惡寒，甚者翕翕汗出，喉中痛；熱多者，目赤脈多，睛不慧，醫復發之，咽中則傷；若復下之，則兩目閉，寒多者便清穀，熱多者便膿血；若熏之，則身發黃；若熨之，則咽燥。若小便利者，可救之；小便難者，為危殆。,傷寒，脈陰陽俱緊，惡寒發熱，則脈欲厥。厥者，脈初來大，漸漸小，更來漸漸大，是其候也。如此者惡寒，甚者翕翕汗出，喉中痛；熱多者，目赤脈多，睛不慧，醫復發之，咽中則傷；若復下之，則兩目閉，寒多者便清穀，熱多者便膿血；若熏之，則身發黃；若熨之，則咽燥。若小便利者，可救之；小便難者，為危殆。,False,[],[],"[""惡寒"", ""發熱"", ""厥"", ""汗出"", ""目赤"", ""便膿血"", ""發黃"", ""小便利"", ""小便難""]",[],"[""陰陽俱緊"", ""大""]","[""傷寒""]","[""下之""]",[],"[""復下之""]","[""發黃"", ""厥""]",[],[],[],[],"[""若""]",843f85db98e181295028b0cbd047ac719fd17962246170d59de10327c158e117,pending,,text_match
SHL_SONGBEN_AUX_0205,SHSRC0035,傷寒論（宋本）,songben,,辨不可下病脈證並治第二十,,auxiliary_clause,A,傷寒發熱，口中勃勃氣出，頭痛目黃，衄不可制，貪水者必嘔，惡水者厥。若下之，咽中生瘡，假令手足溫者，必下重便膿血。頭痛目黃者，若下之，則兩目閉。貪水者，脈必厥，其聲嚶，咽喉塞；若發汗，則戰慄，陰陽俱虛。惡水者，若下之，則裏冷不嗜食，大便完穀出；若發汗，則口中傷，舌上白胎，煩躁，脈數實，不大便，六七日後必便血；若發汗，則小便自利也。,傷寒發熱，口中勃勃氣出，頭痛目黃，衄不可制，貪水者必嘔，惡水者厥。若下之，咽中生瘡，假令手足溫者，必下重便膿血。頭痛目黃者，若下之，則兩目閉。貪水者，脈必厥，其聲嚶，咽喉塞；若發汗，則戰慄，陰陽俱虛。惡水者，若下之，則裏冷不嗜食，大便完穀出；若發汗，則口中傷，舌上白胎，煩躁，脈數實，不大便，六七日後必便血；若發汗，則小便自利也。,False,[],[],"[""發熱"", ""頭痛"", ""目黃"", ""衄"", ""嘔"", ""厥"", ""手足溫"", ""下重"", ""便膿血"", ""戰慄"", ""煩躁"", ""不大便"", ""小便自利""]",[],"[""陰陽俱虛"", ""數"", ""數實""]","[""傷寒""]","[""發汗"", ""下之""]",[],"[""若下之""]","[""煩躁"", ""厥"", ""衄""]",[],[],"[""六七日""]",[],"[""不可"", ""若"", ""必""]",ac2d8aa4458b30cfbcbbff94bc82ab1895e808b115d905fa380c0c4dbc71ea2b,pending,,text_match
SHL_SONGBEN_AUX_0206,SHSRC0035,傷寒論（宋本）,songben,,辨不可下病脈證並治第二十,,auxiliary_clause,A,下利脈大者，虛也，以其強下之故也。設脈浮革，因爾腸鳴者，屬當歸四逆湯主之。,下利脈大者，虛也，以其強下之故也。設脈浮革，因爾腸鳴者，屬當歸四逆湯主之。,True,"[""當歸四逆湯""]",[],"[""下利""]",[],"[""大"", ""浮"", ""浮革""]",[],"[""下之""]",[],"[""下之""]",[],[],[],[],[],"[""屬"", ""主之""]",156f618df34212568a43bcaff41bfafa14f1c1600cdcae0d8fca642deb0456c0,pending,,text_match
SHL_SONGBEN_AUX_0207,SHSRC0035,傷寒論（宋本）,songben,,辨可下病脈證並治第二十一,,auxiliary_clause,A,大法，秋宜下。,大法，秋宜下。,False,[],[],[],[],[],[],[],[],[],[],[],[],[],[],"[""宜""]",2f301388d1ac1e83d352b2b9fb25d4c53da11acd418c2e2c7a06c0c05479a916,pending,,text_match_short_12
SHL_SONGBEN_AUX_0208,SHSRC0035,傷寒論（宋本）,songben,,辨可下病脈證並治第二十一,,auxiliary_clause,A,凡服下藥，用湯勝丸，中病即止，不必盡劑也。,凡服下藥，用湯勝丸，中病即止，不必盡劑也。,False,[],[],[],[],[],[],[],[],[],[],[],[],[],[],"[""必""]",d363960ea2514e006304e89a354a7a8c9140a824a03f58e530a034e5ef62550e,pending,,text_match
SHL_SONGBEN_AUX_0209,SHSRC0035,傷寒論（宋本）,songben,,辨可下病脈證並治第二十一,,auxiliary_clause,A,下利，三部脈皆平，按之心下鞕者，急下之，宜大承氣湯。,下利，三部脈皆平，按之心下鞕者，急下之，宜大承氣湯。,True,"[""大承氣湯""]",[],"[""下利"", ""心下硬""]",[],[],[],"[""下之""]",[],"[""下之""]",[],[],[],[],[],"[""急"", ""宜""]",147c517072d1ff36dd49ab646eb94e916c5a808b99d1ad1dd1f06fc6c63c8096,pending,,text_match
SHL_SONGBEN_AUX_0210,SHSRC0035,傷寒論（宋本）,songben,,辨可下病脈證並治第二十一,,auxiliary_clause,A,下利，脈遲而滑者，內實也。利未欲止，當下之，宜大承氣湯。,下利，脈遲而滑者，內實也。利未欲止，當下之，宜大承氣湯。,True,"[""大承氣湯""]",[],"[""下利""]",[],"[""遲"", ""遲滑""]",[],"[""下之""]",[],"[""下之""]",[],[],[],[],[],"[""宜""]",d4ad8ff3b852d64a6ea59b25e245aa40fc24732a7ce2c769827606943008c655,pending,,text_match
SHL_SONGBEN_AUX_0211,SHSRC0035,傷寒論（宋本）,songben,,辨可下病脈證並治第二十一,,auxiliary_clause,A,問曰：人病有宿食，何以別之？師曰：寸口脈浮而大，按之反濇，尺中亦微而濇，故知有宿食，當下之，宜大承氣湯。,問曰：人病有宿食，何以別之？師曰：寸口脈浮而大，按之反濇，尺中亦微而濇，故知有宿食，當下之，宜大承氣湯。,True,"[""大承氣湯""]",[],[],[],"[""浮"", ""浮大""]",[],"[""下之""]",[],"[""下之""]",[],[],[],[],[],"[""反"", ""宜""]",7a519b658134803479c8ffc039f45b16786514377d94ac269fc046ce6fcd9ad0,pending,,text_match
SHL_SONGBEN_AUX_0212,SHSRC0035,傷寒論（宋本）,songben,,辨可下病脈證並治第二十一,,auxiliary_clause,A,下利，不欲食者，以有宿食故也，當宜下之，與大承氣湯。,下利，不欲食者，以有宿食故也，當宜下之，與大承氣湯。,True,"[""大承氣湯""]",[],"[""下利""]",[],[],[],"[""下之""]",[],"[""下之""]",[],[],[],[],[],"[""宜""]",bfc88200f49ad914d5c213b209aa045d481cede7960f00a73f1d5fd9da030319,pending,,text_match
SHL_SONGBEN_AUX_0213,SHSRC0035,傷寒論（宋本）,songben,,辨可下病脈證並治第二十一,,auxiliary_clause,A,下利差後，至其年月日復發者，以病不盡故也，當下之，宜大承氣湯。,下利差後，至其年月日復發者，以病不盡故也，當下之，宜大承氣湯。,True,"[""大承氣湯""]",[],"[""下利""]",[],[],[],"[""下之""]",[],"[""下之""]",[],[],[],[],[],"[""宜""]",0b9574777d51dbae334e193dc3a6299c75fedcb63ee911ce65e5056c8dec73ce,pending,,text_match
SHL_SONGBEN_AUX_0214,SHSRC0035,傷寒論（宋本）,songben,,辨可下病脈證並治第二十一,,auxiliary_clause,A,下利，脈反滑，當有所去，下之乃愈，宜大承氣湯。,下利，脈反滑，當有所去，下之乃愈，宜大承氣湯。,True,"[""大承氣湯""]",[],"[""下利""]",[],"[""滑""]",[],"[""下之""]",[],"[""下之""]",[],"[""愈""]",[],[],[],"[""反"", ""宜""]",aa0e7d8d61118f34772c83f7f24e5fa48c69bc8af6a12dc2102c4cbaba6e8b16,pending,,text_match
SHL_SONGBEN_AUX_0215,SHSRC0035,傷寒論（宋本）,songben,,辨可下病脈證並治第二十一,,auxiliary_clause,A,病腹中滿痛者，此為實也，當下之，宜大承氣湯。,病腹中滿痛者，此為實也，當下之，宜大承氣湯。,True,"[""大承氣湯""]",[],[],[],[],[],"[""下之""]",[],"[""下之""]",[],[],[],[],[],"[""宜""]",1a5f57c3c57ace9766e30c19336bcd2c0c96a4555cd3469115e60b09ceaac6bd,pending,,text_match
SHL_SONGBEN_AUX_0216,SHSRC0035,傷寒論（宋本）,songben,,辨可下病脈證並治第二十一,,auxiliary_clause,A,傷寒後脈沉，沉者，內實也，下解之，宜大柴胡湯。,傷寒後脈沉，沉者，內實也，下解之，宜大柴胡湯。,True,"[""大柴胡湯""]",[],[],[],"[""沉""]","[""傷寒""]",[],[],[],[],"[""解""]",[],[],[],"[""宜""]",a7d55237d28c2fdec9c6818b100259aa142e54fc885c6b7ff12e15e221762bf2,pending,,text_match
SHL_SONGBEN_AUX_0217,SHSRC0035,傷寒論（宋本）,songben,,辨可下病脈證並治第二十一,,auxiliary_clause,A,脈雙弦而遲者，必心下鞕。脈大而緊者，陽中有陰也，可以下之，宜大承氣湯。,脈雙弦而遲者，必心下鞕。脈大而緊者，陽中有陰也，可以下之，宜大承氣湯。,True,"[""大承氣湯""]",[],"[""心下硬""]",[],"[""大"", ""遲弦"", ""緊大""]",[],"[""下之""]",[],"[""下之""]",[],[],[],[],[],"[""必"", ""宜""]",1d2678cf45a6ceb17aac6d13216a7711520f3ee92dc3a06b943b6faab3031739,pending,,text_match
SHL_SONGBEN_AUX_0218,SHSRC0035,傷寒論（宋本）,songben,,辨發汗吐下後脈證並治第二十二,,auxiliary_clause,A,此第十卷，第二十二篇，凡四十八證，前三陰三陽篇中，悉具載之。,此第十卷，第二十二篇，凡四十八證，前三陰三陽篇中，悉具載之。,False,[],[],[],[],[],[],[],[],[],[],[],[],[],[],[],14c09c339f63fa6eace71dfd70801723f53af2b5196c3b9770794e57ed6f65e3,pending,,text_match
SHL_SONGBEN_AUX_0219,SHSRC0035,傷寒論（宋本）,songben,,辨發汗吐下後脈證並治第二十二,,auxiliary_clause,A,此以下諸方，於隨卷本證下雖已有，緣止以加減言之，未甚明白，似於覽者檢閱未便，今復校勘，備列於後：,此以下諸方，於隨卷本證下雖已有，緣止以加減言之，未甚明白，似於覽者檢閱未便，今復校勘，備列於後：,False,[],[],[],[],[],[],[],[],[],[],[],[],[],[],[],20a7a49f111589bbca6a84450b751008105662e525954729e51c110633c48d20,pending,,text_match
SHL_SONGBEN_AUX_0220,SHSRC0035,傷寒論（宋本）,songben,,辨發汗吐下後脈證並治第二十二,,auxiliary_clause,A,**桂枝加葛根湯主之方**,桂枝加葛根湯主之方,True,"[""桂枝加葛根湯""]",[],[],[],[],[],[],[],[],[],[],[],[],[],"[""主之""]",81772d56807cf1935e539e1d5a6ddfea21f2281ea1f1f46b641282d71bd45193,pending,,text_match
SHL_SONGBEN_AUX_0221,SHSRC0035,傷寒論（宋本）,songben,,辨發汗吐下後脈證並治第二十二,,auxiliary_clause,A,葛根<l>四兩</l>　芍藥<l>二兩</l>　甘草<l>二兩</l>　生薑<l>三兩，切</l>　大棗<l>十二枚，擘</l>　桂枝<l>二兩，去皮</l>　麻黃<l>三兩，去節</l>,葛根（四兩）　芍藥（二兩）　甘草（二兩）　生薑（三兩，切）　大棗（十二枚，擘）　桂枝（二兩，去皮）　麻黃（三兩，去節）,False,[],[],[],[],[],[],[],[],[],[],[],[],[],[],[],98936db184ca8b14c2881eec8e2a96721d230dd8ef189376d7fc23179f3c1d58,pending,,text_match
SHL_SONGBEN_AUX_0222,SHSRC0033,傷寒論（宋本）,songben,,辨發汗吐下後脈證並治第二十二,,auxiliary_clause,A,右七味，以水一斗，先煮麻黃、葛根，減二升，去上沫，內諸藥，煮取三升，去滓，溫服一升，覆取微似汗，不須啜粥，餘如桂枝法。,右七味，以水一斗，先煮麻黃、葛根，減二升，去上沫，內諸藥，煮取三升，去滓，溫服一升，覆取微似汗，不須啜粥，餘如桂枝法。,False,[],[],[],[],[],[],"[""取微似汗""]",[],[],[],[],[],[],[],[],ba2c2ede8bc6f6c145309b7ace1f1a32fa6d7843df2bdb5985c2f0c514ae060b,pending,,text_match_multi
SHL_SONGBEN_AUX_0223,SHSRC0033,傷寒論（宋本）,songben,,辨發汗吐下後脈證並治第二十二,,auxiliary_clause,A,**桂枝加厚朴杏子湯方**,桂枝加厚朴杏子湯方,True,"[""桂枝加厚朴杏子湯""]",[],[],[],[],[],[],[],[],[],[],[],[],[],[],5460ed79f220534f8573532dd8fcba327fe624a0eb0357a3b3cadfd065459196,pending,,text_match_multi
SHL_SONGBEN_AUX_0224,SHSRC0035,傷寒論（宋本）,songben,,辨發汗吐下後脈證並治第二十二,,auxiliary_clause,A,於桂枝湯方內，加厚朴二兩，杏仁五十個，去皮尖，餘依前法。,於桂枝湯方內，加厚朴二兩，杏仁五十個，去皮尖，餘依前法。,True,"[""桂枝湯""]",[],[],[],[],[],[],[],[],[],[],[],[],[],[],56cf151917843c6b78c4a9a6ff58152725f0d09f68cf5e03cb566219c617ca53,pending,,text_match
SHL_SONGBEN_AUX_0225,SHSRC0033,傷寒論（宋本）,songben,,辨發汗吐下後脈證並治第二十二,,auxiliary_clause,A,**桂枝加附子湯方**,桂枝加附子湯方,True,"[""桂枝加附子湯""]",[],[],[],[],[],[],[],[],[],[],[],[],[],[],ab9ea6570b29cef9a325a4f8ef2ae0e16f84cb907fb5b286430222d45f6c305b,pending,,text_match_multi
SHL_SONGBEN_AUX_0226,SHSRC0035,傷寒論（宋本）,songben,,辨發汗吐下後脈證並治第二十二,,auxiliary_clause,A,於桂枝湯方內，加附子一枚，炮，去皮，破八片，餘依前法。朮附湯方，附於此方內，去桂枝，加白朮四兩，依前法。,於桂枝湯方內，加附子一枚，炮，去皮，破八片，餘依前法。朮附湯方，附於此方內，去桂枝，加白朮四兩，依前法。,True,"[""桂枝湯""]",[],[],[],[],[],[],[],[],[],[],[],[],[],[],72eee3153dd1b8ef25dc1db52132a0368b6bee6b68865c735520fb0a015219cf,pending,,text_match
SHL_SONGBEN_AUX_0227,SHSRC0033,傷寒論（宋本）,songben,,辨發汗吐下後脈證並治第二十二,,auxiliary_clause,A,**桂枝去芍藥湯方**,桂枝去芍藥湯方,True,"[""桂枝去芍藥湯""]",[],[],[],[],[],[],[],[],[],[],[],[],[],[],109aa6a3a5d019b8013e3e6446ac6f700f115ad6f3e4a036e2c765c51a7f161c,pending,,text_match_multi
SHL_SONGBEN_AUX_0228,SHSRC0035,傷寒論（宋本）,songben,,辨發汗吐下後脈證並治第二十二,,auxiliary_clause,A,於桂枝湯方內，去芍藥，餘依前法。,於桂枝湯方內，去芍藥，餘依前法。,True,"[""桂枝湯""]",[],[],[],[],[],[],[],[],[],[],[],[],[],[],84c285e7305d3fb4bec5b26284339a44000a430bd9fc5a3e0a2d0038d64f2bc5,pending,,text_match
SHL_SONGBEN_AUX_0229,SHSRC0033,傷寒論（宋本）,songben,,辨發汗吐下後脈證並治第二十二,,auxiliary_clause,A,**桂枝去芍藥加附子湯方**,桂枝去芍藥加附子湯方,True,"[""桂枝去芍藥加附子湯""]",[],[],[],[],[],[],[],[],[],[],[],[],[],[],10ba0c1b440b3888053c38ae7eda95428f5ee86531fba75f6391437bf0b0e903,pending,,text_match_multi
SHL_SONGBEN_AUX_0230,SHSRC0035,傷寒論（宋本）,songben,,辨發汗吐下後脈證並治第二十二,,auxiliary_clause,A,於桂枝湯方內，去芍藥，加附子一枚，炮，去皮，破八片，餘依前法。,於桂枝湯方內，去芍藥，加附子一枚，炮，去皮，破八片，餘依前法。,True,"[""桂枝湯""]",[],[],[],[],[],[],[],[],[],[],[],[],[],[],1c3cf765d0f447437fb19982cf1c078351efc9892df761aed181e5258bf7c566,pending,,text_match
SHL_SONGBEN_AUX_0231,SHSRC0033,傷寒論（宋本）,songben,,辨發汗吐下後脈證並治第二十二,,auxiliary_clause,A,**桂枝麻黃各半湯方**,桂枝麻黃各半湯方,True,"[""桂枝麻黃各半湯""]",[],[],[],[],[],[],[],[],[],[],[],[],[],[],abeca4fe8785b98a1c9ea37c9964c4ef259d04eec6d7eb75f722b9055d9b63ad,pending,,text_match_multi
SHL_SONGBEN_AUX_0232,SHSRC0033,傷寒論（宋本）,songben,,辨發汗吐下後脈證並治第二十二,,auxiliary_clause,A,桂枝<l>一兩十六銖，去皮</l>　芍藥　生薑<l>切</l>　甘草<l>炙</l>　麻黃<l>各一兩，去節</l>　大棗<l>四枚，擘</l>　杏仁<l>二十四個，湯浸，去皮尖及兩仁者</l>,桂枝（一兩十六銖，去皮）　芍藥　生薑（切）　甘草（炙）　麻黃（各一兩，去節）　大棗（四枚，擘）　杏仁（二十四個，湯浸，去皮尖及兩仁者）,False,[],[],[],[],[],[],[],[],[],[],[],[],[],[],[],362a75e7ad9d86dc00a168ec53a470d585939313f4ead81f3a7d23463de1111d,pending,,text_match_multi
SHL_SONGBEN_AUX_0233,SHSRC0033,傷寒論（宋本）,songben,,辨發汗吐下後脈證並治第二十二,,auxiliary_clause,A,右七味，以水五升，先煮麻黃一二沸，去上沫，內諸藥，煮取一升八合，去滓，溫服六合。,右七味，以水五升，先煮麻黃一二沸，去上沫，內諸藥，煮取一升八合，去滓，溫服六合。,False,[],[],[],[],[],[],[],[],[],[],[],[],[],[],[],1d24c7334fc4c8e8275fb2d57b8c969adf57329a424426578efb1a7a57f67d9a,pending,,text_match_multi
SHL_SONGBEN_AUX_0234,SHSRC0033,傷寒論（宋本）,songben,,辨發汗吐下後脈證並治第二十二,,auxiliary_clause,A,**桂枝二麻黃一湯方**,桂枝二麻黃一湯方,True,"[""桂枝二麻黃一湯""]",[],[],[],[],[],[],[],[],[],[],[],[],[],[],05036579db0d4e7d24672c2c7de402891c1bac9bb73a636eb4053c5a90d73d1e,pending,,text_match_multi
SHL_SONGBEN_AUX_0235,SHSRC0033,傷寒論（宋本）,songben,,辨發汗吐下後脈證並治第二十二,,auxiliary_clause,A,桂枝<l>一兩十七銖，去皮</l>　芍藥<l>一兩六銖</l>　麻黃<l>十六銖，去節</l>　生薑<l>一兩六銖，切</l>　杏仁<l>十六個，去皮尖</l>　甘草<l>一兩二銖，炙</l>　大棗<l>五枚，擘</l>,桂枝（一兩十七銖，去皮）　芍藥（一兩六銖）　麻黃（十六銖，去節）　生薑（一兩六銖，切）　杏仁（十六個，去皮尖）　甘草（一兩二銖，炙）　大棗（五枚，擘）,False,[],[],[],[],[],[],[],[],[],[],[],[],[],[],[],dd844be037d1eb579c39cb0b8ff91ddea891df3d1e8413521053ae62114627fc,pending,,text_match_multi
SHL_SONGBEN_AUX_0236,SHSRC0033,傷寒論（宋本）,songben,,辨發汗吐下後脈證並治第二十二,,auxiliary_clause,A,右七味，以水五升，先煮麻黃一二沸，去上沫，內諸藥，煮取二升，去滓，溫服一升，日再服。,右七味，以水五升，先煮麻黃一二沸，去上沫，內諸藥，煮取二升，去滓，溫服一升，日再服。,False,[],[],[],[],[],[],[],[],[],[],[],[],[],[],[],e1748ad4e6ad116f8ad499b377f7d651e84724e40402cd721f518007bc7b217f,pending,,text_match_multi
SHL_SONGBEN_AUX_0237,SHSRC0033,傷寒論（宋本）,songben,,辨發汗吐下後脈證並治第二十二,,auxiliary_clause,A,**白虎加人參湯方**,白虎加人參湯方,True,"[""白虎加人參湯""]",[],[],[],[],[],[],[],[],[],[],[],[],[],[],33c411920acbbc20f1f0b00438a7e60db53505c826face595d66b1d17f74aeab,pending,,text_match_multi
SHL_SONGBEN_AUX_0238,SHSRC0035,傷寒論（宋本）,songben,,辨發汗吐下後脈證並治第二十二,,auxiliary_clause,A,於白虎湯方內，加人參三兩，餘依白虎湯法。,於白虎湯方內，加人參三兩，餘依白虎湯法。,True,"[""白虎湯""]",[],[],[],[],[],[],[],[],[],[],[],[],[],[],f482bf7a130da5d662f9362aff321b8d395eddc3187e6f1579943fba39ab368a,pending,,text_match
SHL_SONGBEN_AUX_0239,SHSRC0033,傷寒論（宋本）,songben,,辨發汗吐下後脈證並治第二十二,,auxiliary_clause,A,**桂枝去桂加茯苓白朮湯方**,桂枝去桂加茯苓白朮湯方,True,"[""桂枝去桂加茯苓白朮湯""]",[],[],[],[],[],[],[],[],[],[],[],[],[],[],9ece7dd8ad6bfdc2b7dfdf870d2964503fac79915a4a6e9ccd0f80ad56d505cc,pending,,text_match_multi
SHL_SONGBEN_AUX_0240,SHSRC0035,傷寒論（宋本）,songben,,辨發汗吐下後脈證並治第二十二,,auxiliary_clause,A,於桂枝湯方內，去桂枝，加茯苓、白朮各三兩，餘依前法煎服。小便利則愈。,於桂枝湯方內，去桂枝，加茯苓、白朮各三兩，餘依前法煎服。小便利則愈。,True,"[""桂枝湯""]",[],"[""小便利""]",[],[],[],[],[],[],[],"[""愈""]",[],[],[],[],44e6faaaf1a179af4ee6a82562f2288d59710edd9516740a3e25ba5d8cda9799,pending,,text_match
SHL_SONGBEN_AUX_0241,SHSRC0035,傷寒論（宋本）,songben,,辨發汗吐下後脈證並治第二十二,,auxiliary_clause,A,已上九方，病證並在第二卷內。,已上九方，病證並在第二卷內。,False,[],[],[],[],[],[],[],[],[],[],[],[],[],[],[],2638830927bc2e307757065464d0cedff7f15f006dfbd959f8cbd28ba7970d27,pending,,text_match
SHL_SONGBEN_AUX_0242,SHSRC0033,傷寒論（宋本）,songben,,辨發汗吐下後脈證並治第二十二,,auxiliary_clause,A,**葛根加半夏湯方**,葛根加半夏湯方,True,"[""葛根加半夏湯""]",[],[],[],[],[],[],[],[],[],[],[],[],[],[],dfdf3ca9b39c146dc2a7fdf7471533f477627bf93e8f5d216dc90e3228bcb3ba,pending,,text_match_multi
SHL_SONGBEN_AUX_0243,SHSRC0035,傷寒論（宋本）,songben,,辨發汗吐下後脈證並治第二十二,,auxiliary_clause,A,於葛根湯方內，加入半夏半升，餘依葛根湯法。,於葛根湯方內，加入半夏半升，餘依葛根湯法。,True,"[""葛根湯""]",[],[],[],[],[],[],[],[],[],[],[],[],[],[],58e3c05af056c787ac3f0d1ad1faa8c926671f015d7816b4d882436b999b1686,pending,,text_match
SHL_SONGBEN_AUX_0244,SHSRC0035,傷寒論（宋本）,songben,,辨發汗吐下後脈證並治第二十二,,auxiliary_clause,A,**桂枝加芍藥生薑人參新加湯方**,桂枝加芍藥生薑人參新加湯方,True,"[""桂枝加芍藥生薑各一兩人參三兩新加湯""]",[],[],[],[],[],[],[],[],[],[],[],[],[],[],30cec6fe55ae76894c4cd29ebe3ed8a6fe62a1d207f6ddeedfc1c81200959147,pending,,text_match
SHL_SONGBEN_AUX_0245,SHSRC0035,傷寒論（宋本）,songben,,辨發汗吐下後脈證並治第二十二,,auxiliary_clause,A,於第二卷桂枝湯方內，更加芍藥、生薑各一兩，人參三兩，餘依桂枝湯法服。,於第二卷桂枝湯方內，更加芍藥、生薑各一兩，人參三兩，餘依桂枝湯法服。,True,"[""桂枝湯""]",[],[],[],[],[],[],[],[],[],[],[],[],[],[],58a4199f2d7fb41f6b7daff1131a2228fd65131ea715eaa54299458941b9048f,pending,,text_match
SHL_SONGBEN_AUX_0246,SHSRC0033,傷寒論（宋本）,songben,,辨發汗吐下後脈證並治第二十二,,auxiliary_clause,A,**梔子甘草豉湯方**,梔子甘草豉湯方,True,"[""梔子甘草豉湯""]",[],[],[],[],[],[],[],[],[],[],[],[],[],[],7ace045ac1c11e95f00d664994789d13a3965913ca95294bbddd7e428c1afc79,pending,,text_match_multi
SHL_SONGBEN_AUX_0247,SHSRC0035,傷寒論（宋本）,songben,,辨發汗吐下後脈證並治第二十二,,auxiliary_clause,A,於梔子豉湯方內，加入甘草二兩，餘依前法。得吐，止後服。,於梔子豉湯方內，加入甘草二兩，餘依前法。得吐，止後服。,True,"[""梔子豉湯""]",[],[],[],[],[],[],[],[],[],[],[],[],[],[],793ea91b2dcb88d6e44e5f066c51d0dd3c999746fc6467d7732f6c9716e3644b,pending,,text_match
SHL_SONGBEN_AUX_0248,SHSRC0033,傷寒論（宋本）,songben,,辨發汗吐下後脈證並治第二十二,,auxiliary_clause,A,**梔子生薑豉湯方**,梔子生薑豉湯方,True,"[""梔子生薑豉湯""]",[],[],[],[],[],[],[],[],[],[],[],[],[],[],3288b96440fe38d475757fb6c1ea971705ee35e1896c3379da946f76875da289,pending,,text_match_multi
SHL_SONGBEN_AUX_0249,SHSRC0035,傷寒論（宋本）,songben,,辨發汗吐下後脈證並治第二十二,,auxiliary_clause,A,於梔子豉湯方內，加生薑五兩，餘依前法。得吐，止後服。,於梔子豉湯方內，加生薑五兩，餘依前法。得吐，止後服。,True,"[""梔子豉湯""]",[],[],[],[],[],[],[],[],[],[],[],[],[],[],e434435607456ddb111e0c1dd5249e06d1d581bc619e38c1ff934ebc5520160e,pending,,text_match
SHL_SONGBEN_AUX_0250,SHSRC0033,傷寒論（宋本）,songben,,辨發汗吐下後脈證並治第二十二,,auxiliary_clause,A,**柴胡加芒硝湯方**,柴胡加芒硝湯方,True,"[""柴胡加芒消湯""]",[],[],[],[],[],[],[],[],[],[],[],[],[],[],8ae89a14c8bef801b10956ea31ac4ace094aa83849d41c631dd0b991ad9dd892,pending,,text_match_multi
SHL_SONGBEN_AUX_0251,SHSRC0035,傷寒論（宋本）,songben,,辨發汗吐下後脈證並治第二十二,,auxiliary_clause,A,於小柴胡湯方內，加芒硝六兩，餘依前法。服不解，更服。,於小柴胡湯方內，加芒硝六兩，餘依前法。服不解，更服。,True,"[""小柴胡湯""]",[],[],[],[],[],[],[],[],[],"[""解""]",[],[],[],[],20e722edc7963f8480845a4c8002992959ea207f18a5a012ef6dfc70dd8a7734,pending,,text_match
SHL_SONGBEN_AUX_0252,SHSRC0033,傷寒論（宋本）,songben,,辨發汗吐下後脈證並治第二十二,,auxiliary_clause,A,**桂枝加桂湯方**,桂枝加桂湯方,True,"[""桂枝加桂湯""]",[],[],[],[],[],[],[],[],[],[],[],[],[],[],9bf84b73563272267afacea4f6c2d1b9d2fc99a5c75adc1b5dff27053f3ee8f9,pending,,text_match_multi
SHL_SONGBEN_AUX_0253,SHSRC0035,傷寒論（宋本）,songben,,辨發汗吐下後脈證並治第二十二,,auxiliary_clause,A,於第二卷桂枝湯方內，更加桂二兩，共五兩，餘依前法。,於第二卷桂枝湯方內，更加桂二兩，共五兩，餘依前法。,True,"[""桂枝湯""]",[],[],[],[],[],[],[],[],[],[],[],[],[],[],ee3c505443fe1a6a4239d78003f1d37fc53d0846103be570c01cad028819ca7e,pending,,text_match
SHL_SONGBEN_AUX_0254,SHSRC0035,傷寒論（宋本）,songben,,辨發汗吐下後脈證並治第二十二,,auxiliary_clause,A,已上六方，病證並在第三卷內。,已上六方，病證並在第三卷內。,False,[],[],[],[],[],[],[],[],[],[],[],[],[],[],[],a8113ab3186cfdbdffa69944066356be282a36974ae44bb4c866b952e3351adc,pending,,text_match
SHL_SONGBEN_AUX_0255,SHSRC0033,傷寒論（宋本）,songben,,辨發汗吐下後脈證並治第二十二,,auxiliary_clause,A,**柴胡桂枝湯方**,柴胡桂枝湯方,True,"[""柴胡桂枝湯""]",[],[],[],[],[],[],[],[],[],[],[],[],[],[],4ebbf9c44382cd988f46831c67764afa59f6e78569806d410e13dd8d47711b1f,pending,,text_match_multi
SHL_SONGBEN_AUX_0256,SHSRC0035,傷寒論（宋本）,songben,,辨發汗吐下後脈證並治第二十二,,auxiliary_clause,A,桂枝<l>去皮</l>　黃芩　人參<l>各一兩半</l>　甘草<l>一兩，炙</l>　半夏<l>二合半</l>　芍藥<l>一兩半</l>　大棗<l>六枚，擘</l>　生薑<l>一兩半，切</l>　柴胡<l>四兩</l>,桂枝（去皮）　黃芩　人參（各一兩半）　甘草（一兩，炙）　半夏（二合半）　芍藥（一兩半）　大棗（六枚，擘）　生薑（一兩半，切）　柴胡（四兩）,False,[],[],[],[],[],[],[],[],[],[],[],[],[],[],[],c66e142f513aca933c9b3089688c54661b31ffedfa869d3490b7bdce50dea7fc,pending,,text_match
SHL_SONGBEN_AUX_0257,SHSRC0035,傷寒論（宋本）,songben,,辨發汗吐下後脈證並治第二十二,,auxiliary_clause,A,右九味，以水七升，煮取三升，去滓，溫服。,右九味，以水七升，煮取三升，去滓，溫服。,False,[],[],[],[],[],[],[],[],[],[],[],[],[],[],[],7f02034262b89e8d11f184e91793e53941fa41f13909dc2baf776b359b266ae8,pending,,text_match
SHL_SONGBEN_AUX_0258,SHSRC0033,傷寒論（宋本）,songben,,辨發汗吐下後脈證並治第二十二,,auxiliary_clause,A,**附子瀉心湯方**,附子瀉心湯方,True,"[""附子瀉心湯""]",[],[],[],[],[],[],[],[],[],[],[],[],[],[],9f03debdc8a8a8f1375964b0b60df11080d5204bd6db4c885752f82ca9c4e899,pending,,text_match_multi
SHL_SONGBEN_AUX_0259,SHSRC0035,傷寒論（宋本）,songben,,辨發汗吐下後脈證並治第二十二,,auxiliary_clause,A,大黃<l>二兩</l>　黃連　黃芩<l>各一兩</l>　附子<l>一枚，炮，去皮，破，別煮取汁</l>,大黃（二兩）　黃連　黃芩（各一兩）　附子（一枚，炮，去皮，破，別煮取汁）,False,[],[],[],[],[],[],[],[],[],[],[],[],[],[],[],afd9802bc9b86b2a93294a46adbcbd9e5c5f591509ac47c41712af32b556d489,pending,,text_match
SHL_SONGBEN_AUX_0260,SHSRC0033,傷寒論（宋本）,songben,,辨發汗吐下後脈證並治第二十二,,auxiliary_clause,A,右四味，切三味，以麻沸湯二升漬之，須臾，絞去滓，內附子汁，分溫再服。,右四味，切三味，以麻沸湯二升漬之，須臾，絞去滓，內附子汁，分溫再服。,False,[],[],[],[],[],[],[],[],[],[],[],[],[],[],[],816310d3b9c4f5e7fad6b2ea9d9d63db4edad6cc70d549513e306e1bf92a90f9,pending,,text_match_multi
SHL_SONGBEN_AUX_0261,SHSRC0033,傷寒論（宋本）,songben,,辨發汗吐下後脈證並治第二十二,,auxiliary_clause,A,**生薑瀉心湯方**,生薑瀉心湯方,True,"[""生薑瀉心湯""]",[],[],[],[],[],[],[],[],[],[],[],[],[],[],5ed09aeca8b4ce8d93b4e5982ba8b0e80521501a84128551151996a0cf38fb5f,pending,,text_match_multi
SHL_SONGBEN_AUX_0262,SHSRC0033,傷寒論（宋本）,songben,,辨發汗吐下後脈證並治第二十二,,auxiliary_clause,A,生薑<l>四兩，切</l>　甘草<l>三兩，炙</l>　人參<l>三兩</l>　乾薑<l>一兩</l>　黃芩<l>三兩</l>　半夏<l>半升，洗</l>　黃連<l>一兩</l>　大棗<l>十二枚</l>,生薑（四兩，切）　甘草（三兩，炙）　人參（三兩）　乾薑（一兩）　黃芩（三兩）　半夏（半升，洗）　黃連（一兩）　大棗（十二枚）,False,[],[],[],[],[],[],[],[],[],[],[],[],[],[],[],4981083bf99d0fbd4936358c1c4afcf115eed4e6a620f641907c5fa6ebf0e8cd,pending,,text_match_multi
SHL_SONGBEN_AUX_0263,SHSRC0035,傷寒論（宋本）,songben,,辨發汗吐下後脈證並治第二十二,,auxiliary_clause,A,右八味，以水一斗，煮取六升，去滓，再煎，取三升，溫服一升，日三服。,右八味，以水一斗，煮取六升，去滓，再煎，取三升，溫服一升，日三服。,False,[],[],[],[],[],[],[],[],[],[],[],[],[],[],[],91284f48d113c4e9cef42d0d50ea8971e1b9beaabff9d9d18e3d83c644727dba,pending,,text_match
SHL_SONGBEN_AUX_0264,SHSRC0033,傷寒論（宋本）,songben,,辨發汗吐下後脈證並治第二十二,,auxiliary_clause,A,**甘草瀉心湯方**,甘草瀉心湯方,True,"[""甘草瀉心湯""]",[],[],[],[],[],[],[],[],[],[],[],[],[],[],a08373142ed315af15d9347eaf00857aa44d48a3901a26572dbad8c96ac5971c,pending,,text_match_multi
SHL_SONGBEN_AUX_0265,SHSRC0035,傷寒論（宋本）,songben,,辨發汗吐下後脈證並治第二十二,,auxiliary_clause,A,甘草<l>四兩</l>　黃芩<l>三兩</l>　乾薑<l>三兩</l>　半夏<l>半升，洗</l>　黃連<l>一兩</l>　大棗<l>十二枚，擘</l>,甘草（四兩）　黃芩（三兩）　乾薑（三兩）　半夏（半升，洗）　黃連（一兩）　大棗（十二枚，擘）,False,[],[],[],[],[],[],[],[],[],[],[],[],[],[],[],d57474c8cbe0d5169e19e186570f6f6b8d9bed9b24f53c16d2fbc049a83517c7,pending,,text_match
SHL_SONGBEN_AUX_0266,SHSRC0033,傷寒論（宋本）,songben,,辨發汗吐下後脈證並治第二十二,,auxiliary_clause,A,右六味，以水一斗，煮取六升，去滓，再煎取三升，溫服一升，日三服。,右六味，以水一斗，煮取六升，去滓，再煎取三升，溫服一升，日三服。,False,[],[],[],[],[],[],[],[],[],[],[],[],[],[],[],ec5672cef2e9a511b73de912a3251f4e2f077629b5a59e1bc9abddfac84b52d7,pending,,text_match_multi
SHL_SONGBEN_AUX_0267,SHSRC0033,傷寒論（宋本）,songben,,辨發汗吐下後脈證並治第二十二,,auxiliary_clause,A,**黃芩加半夏生薑湯方**,黃芩加半夏生薑湯方,True,"[""黃芩加半夏生薑湯""]",[],[],[],[],[],[],[],[],[],[],[],[],[],[],d40cc9a181a7f04a3092e236a068e32141f64a318dd96139a8bb489805dca65b,pending,,text_match_multi
SHL_SONGBEN_AUX_0268,SHSRC0035,傷寒論（宋本）,songben,,辨發汗吐下後脈證並治第二十二,,auxiliary_clause,A,於黃芩湯方內，加半夏半升，生薑一兩半，餘依黃芩湯法服。,於黃芩湯方內，加半夏半升，生薑一兩半，餘依黃芩湯法服。,True,"[""黃芩湯""]",[],[],[],[],[],[],[],[],[],[],[],[],[],[],01e5315c176fd1a36e36c1c906fa560dd887f8caf9c4b0c9c628ba4b01593875,pending,,text_match
SHL_SONGBEN_AUX_0269,SHSRC0035,傷寒論（宋本）,songben,,辨發汗吐下後脈證並治第二十二,,auxiliary_clause,A,已上五方，病證並在第四卷內。,已上五方，病證並在第四卷內。,False,[],[],[],[],[],[],[],[],[],[],[],[],[],[],[],c4180fe6eed02c909a807c848bc46b90cbb8ac75fd4828afcc8ee702ba5c6d19,pending,,text_match
SHL_SONGBEN_AUX_0270,SHSRC0033,傷寒論（宋本）,songben,,辨發汗吐下後脈證並治第二十二,,auxiliary_clause,A,**桂枝加大黃湯方**,桂枝加大黃湯方,True,"[""桂枝加大黃湯""]",[],[],[],[],[],[],[],[],[],[],[],[],[],[],b8890a6272b98badb521cfdc9bda43311f79c498abcb136b7227ba83b258feaa,pending,,text_match_multi
SHL_SONGBEN_AUX_0271,SHSRC0035,傷寒論（宋本）,songben,,辨發汗吐下後脈證並治第二十二,,auxiliary_clause,A,桂枝<l>三兩，去皮</l>　大黃<l>一兩</l>　芍藥<l>六兩</l>　生薑<l>三兩，切</l>　甘草<l>二兩，炙</l>　大棗<l>十二枚，擘</l>,桂枝（三兩，去皮）　大黃（一兩）　芍藥（六兩）　生薑（三兩，切）　甘草（二兩，炙）　大棗（十二枚，擘）,False,[],[],[],[],[],[],[],[],[],[],[],[],[],[],[],144170fb89784b4a096ad97e88a880a9bd23ffc6ffc5f020dd3b55a0df9ea110,pending,,text_match
SHL_SONGBEN_AUX_0272,SHSRC0033,傷寒論（宋本）,songben,,辨發汗吐下後脈證並治第二十二,,auxiliary_clause,A,右六味，以水七升，煮取三升，去滓，溫服一升，日三服。,右六味，以水七升，煮取三升，去滓，溫服一升，日三服。,False,[],[],[],[],[],[],[],[],[],[],[],[],[],[],[],2bc847bea0426b58d7d7ce2b9f2d1eb3c63535dae92b741c9c3957870f5ab8a9,pending,,text_match_multi
SHL_SONGBEN_AUX_0273,SHSRC0033,傷寒論（宋本）,songben,,辨發汗吐下後脈證並治第二十二,,auxiliary_clause,A,**桂枝加芍藥湯方**,桂枝加芍藥湯方,True,"[""桂枝加芍藥湯""]",[],[],[],[],[],[],[],[],[],[],[],[],[],[],a31decae3048f2c69f0e1c62d319a5e98c5c435c5317220d46002176c359dd87,pending,,text_match_multi
SHL_SONGBEN_AUX_0274,SHSRC0035,傷寒論（宋本）,songben,,辨發汗吐下後脈證並治第二十二,,auxiliary_clause,A,於第二卷桂枝湯方內，更加芍藥三兩，隨前共六兩，餘依桂枝湯法。,於第二卷桂枝湯方內，更加芍藥三兩，隨前共六兩，餘依桂枝湯法。,True,"[""桂枝湯""]",[],[],[],[],[],[],[],[],[],[],[],[],[],[],10ddbe513324d0b526bdd89b3f229b07066282b391e2355d94925e570fe64557,pending,,text_match
SHL_SONGBEN_AUX_0275,SHSRC0035,傷寒論（宋本）,songben,,辨發汗吐下後脈證並治第二十二,,auxiliary_clause,A,**四逆加吳茱萸生薑湯方**,四逆加吳茱萸生薑湯方,False,[],[],"[""四逆""]",[],[],[],[],[],[],[],[],[],[],[],[],191cb221b748b2d550a2090bc75194b53e04576333caf0f743184a0e7d02dd1b,pending,,text_match
SHL_SONGBEN_AUX_0276,SHSRC0035,傷寒論（宋本）,songben,,辨發汗吐下後脈證並治第二十二,,auxiliary_clause,A,當歸<l>二兩</l>　芍藥<l>三兩</l>　甘草<l>二兩，炙</l>　通草<l>二兩</l>　桂枝<l>三兩，去皮</l>　細辛<l>三兩</l>　生薑<l>半斤，切</l>　大棗<l>二十五枚，擘</l>　吳茱萸<l>二升</l>,當歸（二兩）　芍藥（三兩）　甘草（二兩，炙）　通草（二兩）　桂枝（三兩，去皮）　細辛（三兩）　生薑（半斤，切）　大棗（二十五枚，擘）　吳茱萸（二升）,False,[],[],[],[],[],[],[],[],[],[],[],[],[],[],[],ac7aa7359828b14f1b76347b739394f8d6386660d829c0528caf807295bcb941,pending,,text_match
SHL_SONGBEN_AUX_0277,SHSRC0035,傷寒論（宋本）,songben,,辨發汗吐下後脈證並治第二十二,,auxiliary_clause,A,右九味，以水六升，清酒六升，和煮，取五升，去滓，溫分五服。一方水酒各四升。,右九味，以水六升，清酒六升，和煮，取五升，去滓，溫分五服。一方水酒各四升。,False,[],[],[],[],[],[],[],[],[],[],[],[],[],[],[],01042cb31375068dc9e14686f46cf2aca550757625d87ef90e30cadb88204ffb,pending,,text_match
SHL_SONGBEN_AUX_0278,SHSRC0035,傷寒論（宋本）,songben,,辨發汗吐下後脈證並治第二十二,,auxiliary_clause,A,已上三方，病證並在第六卷內。,已上三方，病證並在第六卷內。,False,[],[],[],[],[],[],[],[],[],[],[],[],[],[],[],c5f3b32009a1f2cd4a9da5a8ca351134812248dafe38f3cbc511004e394c53f1,pending,,text_match
SHL_SONGBEN_AUX_0279,SHSRC0033,傷寒論（宋本）,songben,,辨發汗吐下後脈證並治第二十二,,auxiliary_clause,A,**四逆加人參湯方**,四逆加人參湯方,True,"[""四逆加人參湯""]",[],[],[],[],[],[],[],[],[],[],[],[],[],[],10d18a8c6f57bf9b1e2e6dec6f9beb293b0da9a6a2b1a8871c098783b81cdfa3,pending,,text_match_multi
SHL_SONGBEN_AUX_0280,SHSRC0035,傷寒論（宋本）,songben,,辨發汗吐下後脈證並治第二十二,,auxiliary_clause,A,於四逆湯方內，加人參一兩，餘依四逆湯法服。,於四逆湯方內，加人參一兩，餘依四逆湯法服。,True,"[""四逆湯""]",[],[],[],[],[],[],[],[],[],[],[],[],[],[],538c107924447d6af8d7b863326f455cd18ad8d10108ced4ddd1ae1b0f372407,pending,,text_match
SHL_SONGBEN_AUX_0281,SHSRC0035,傷寒論（宋本）,songben,,辨發汗吐下後脈證並治第二十二,,auxiliary_clause,A,**四逆加豬膽汁湯方**,四逆加豬膽汁湯方,True,"[""豬膽汁""]",[],"[""四逆""]",[],[],[],[],[],[],[],[],[],[],[],[],c3d9fe310756b9d8c1d2f43a9b4a709a16405eac70f0b1e3f5462399203c783f,pending,,text_match
SHL_SONGBEN_AUX_0282,SHSRC0035,傷寒論（宋本）,songben,,辨發汗吐下後脈證並治第二十二,,auxiliary_clause,A,於四逆湯方內，加入豬膽汁半合，餘依前法服；如無豬膽，以羊膽代之。,於四逆湯方內，加入豬膽汁半合，餘依前法服；如無豬膽，以羊膽代之。,True,"[""四逆湯"", ""豬膽汁""]",[],[],[],[],[],[],[],[],[],[],[],[],[],[],4c64dbb5baff3bb698d02e35e5e062d85828251c2039c7f11563e911624b99f0,pending,,text_match
SHL_SONGBEN_AUX_0283,SHSRC0035,傷寒論（宋本）,songben,,辨發汗吐下後脈證並治第二十二,,auxiliary_clause,A,已上二方，病證並在第七卷內。,已上二方，病證並在第七卷內。,False,[],[],[],[],[],[],[],[],[],[],[],[],[],[],[],c7fce99aa5b534da124617f9c2f77855e1a7c2da5d9601c2fd6aa4c1b7f224b7,pending,,text_match
